material_id,material_type,tensile_strength_mpa,weight_capacity_kg,biodegradability_score,co2_emission_score,recyclability_percent,moisture_barrier_grade,cost_per_unit,heat_resistance_c,flexibility_score
M00001,Mushroom Mycelium,23.66,7.38,98.1,0.29,99.74,4,10.82,103,5
M00002,Mushroom Mycelium,15.73,8.25,96.28,0.27,98.54,4,9.37,90,6
M00003,Mushroom Mycelium,24.51,6.94,98.31,0.38,98.89,2,8.85,70,6
M00004,Mushroom Mycelium,20.73,7.04,98.63,0.32,99.37,3,10.07,98,7
M00005,Mushroom Mycelium,19.97,6.66,97.03,0.32,97.18,3,9.65,91,6
M00006,Mushroom Mycelium,23.45,9.17,97.4,0.36,96.88,2,9.5,85,6
M00007,Mushroom Mycelium,17.46,8.69,95.0,0.33,95.27,2,9.4,95,6
M00008,Mushroom Mycelium,13.47,8.51,98.1,0.23,96.31,4,9.15,90,7
M00009,Mushroom Mycelium,21.5,5.06,95.0,0.38,97.88,5,10.35,94,7
M00010,Mushroom Mycelium,13.55,9.37,97.41,0.33,98.2,3,9.4,99,8
M00011,Mushroom Mycelium,22.15,7.31,97.61,0.4,95.74,5,11.02,106,6
M00012,Mushroom Mycelium,27.32,6.62,98.06,0.49,100.0,3,10.08,85,6
M00013,Mushroom Mycelium,15.72,6.56,98.78,0.3,100.0,4,9.27,88,4
M00014,Mushroom Mycelium,21.5,8.91,97.53,0.36,98.43,6,10.25,88,5
M00015,Mushroom Mycelium,16.4,10.0,98.23,0.35,100.0,3,9.84,102,5
M00016,Mushroom Mycelium,20.5,8.47,96.64,0.28,97.81,4,9.75,88,6
M00017,Mushroom Mycelium,17.42,8.87,98.63,0.3,98.06,3,8.94,82,5
M00018,Mushroom Mycelium,18.01,6.97,97.4,0.35,99.83,3,9.55,93,7
M00019,Mushroom Mycelium,21.4,6.04,97.8,0.38,99.87,3,10.19,99,5
M00020,Mushroom Mycelium,15.68,8.06,97.6,0.28,98.95,3,9.02,87,4
M00021,Mushroom Mycelium,18.66,8.53,96.73,0.36,97.57,3,8.82,77,6
M00022,Mushroom Mycelium,12.49,8.25,98.42,0.29,100.0,2,8.6,89,8
M00023,Mushroom Mycelium,14.78,6.26,97.92,0.26,98.94,4,9.18,88,6
M00024,Mushroom Mycelium,15.54,7.32,99.22,0.27,100.0,4,9.2,87,5
M00025,Mushroom Mycelium,20.45,7.77,100.0,0.31,98.25,5,9.1,71,6
M00026,Mushroom Mycelium,17.46,9.02,98.92,0.35,95.0,3,10.0,103,7
M00027,Mushroom Mycelium,19.15,6.66,95.33,0.32,95.06,2,9.37,91,8
M00028,Mushroom Mycelium,19.66,6.62,96.89,0.27,96.63,5,9.82,87,4
M00029,Mushroom Mycelium,26.74,7.21,99.02,0.42,95.0,5,11.57,108,4
M00030,Mushroom Mycelium,21.2,7.56,99.46,0.29,99.02,2,9.67,93,5
M00031,Mushroom Mycelium,21.78,7.62,98.35,0.38,96.89,4,9.83,87,5
M00032,Mushroom Mycelium,28.36,7.07,97.89,0.41,98.83,3,10.79,97,6
M00033,Mushroom Mycelium,14.66,9.78,98.27,0.37,98.92,3,9.57,100,4
M00034,Mushroom Mycelium,18.5,7.78,98.63,0.35,97.42,3,9.8,97,5
M00035,Mushroom Mycelium,23.49,7.51,97.45,0.37,100.0,2,9.6,87,5
M00036,Mushroom Mycelium,21.0,7.03,98.93,0.46,97.42,4,10.5,102,6
M00037,Mushroom Mycelium,17.68,6.2,100.0,0.3,95.0,4,10.42,107,5
M00038,Mushroom Mycelium,19.55,7.43,96.8,0.37,98.19,3,10.3,105,6
M00039,Mushroom Mycelium,11.45,7.33,98.36,0.23,95.06,3,8.89,93,5
M00040,Mushroom Mycelium,16.72,10.0,100.0,0.37,97.04,2,9.07,90,6
M00041,Mushroom Mycelium,20.25,8.03,96.72,0.32,98.53,3,10.18,101,7
M00042,Mushroom Mycelium,23.84,8.24,98.52,0.29,97.9,4,9.98,86,6
M00043,Mushroom Mycelium,22.37,9.56,97.69,0.35,99.65,4,10.14,92,4
M00044,Mushroom Mycelium,24.24,6.09,97.43,0.41,99.37,4,9.87,83,5
M00045,Mushroom Mycelium,21.05,8.57,96.79,0.36,98.46,6,10.36,91,6
M00046,Mushroom Mycelium,22.74,9.84,97.09,0.38,97.87,3,11.32,119,5
M00047,Mushroom Mycelium,22.68,7.14,99.27,0.38,97.38,3,9.67,86,6
M00048,Mushroom Mycelium,20.77,9.94,97.8,0.33,97.42,3,10.63,109,6
M00049,Mushroom Mycelium,25.32,5.28,98.58,0.35,96.92,4,10.18,87,5
M00050,Mushroom Mycelium,18.64,9.43,98.42,0.3,98.01,3,9.51,91,5
M00051,Mushroom Mycelium,21.16,7.58,96.41,0.37,99.28,4,8.92,70,4
M00052,Mushroom Mycelium,18.63,6.45,98.83,0.38,98.46,4,10.56,108,6
M00053,Mushroom Mycelium,14.83,6.9,97.13,0.26,97.67,5,10.08,102,6
M00054,Mushroom Mycelium,24.39,5.48,99.43,0.38,98.46,3,10.54,100,6
M00055,Mushroom Mycelium,17.33,6.24,96.88,0.38,98.66,5,9.73,90,8
M00056,Mushroom Mycelium,18.86,7.57,100.0,0.44,100.0,3,8.89,78,6
M00057,Mushroom Mycelium,11.28,7.91,96.67,0.28,99.54,4,8.48,81,6
M00058,Mushroom Mycelium,16.63,7.95,98.22,0.36,95.18,4,10.06,102,5
M00059,Mushroom Mycelium,20.9,5.0,98.63,0.34,98.5,3,9.49,86,5
M00060,Mushroom Mycelium,17.55,5.51,97.32,0.35,98.49,3,9.3,89,5
M00061,Mushroom Mycelium,19.03,5.0,96.39,0.33,99.62,3,10.05,101,6
M00062,Mushroom Mycelium,16.67,5.85,96.84,0.33,100.0,4,9.12,83,6
M00063,Mushroom Mycelium,23.47,7.32,97.85,0.42,99.76,4,9.2,71,6
M00064,Mushroom Mycelium,20.72,8.28,98.18,0.44,97.94,3,8.72,71,4
M00065,Mushroom Mycelium,21.75,8.22,97.35,0.43,98.78,2,9.68,92,5
M00066,Mushroom Mycelium,19.4,8.76,99.78,0.38,97.91,3,9.79,95,6
M00067,Mushroom Mycelium,23.86,7.97,96.73,0.37,98.32,3,10.49,100,4
M00068,Mushroom Mycelium,21.16,7.51,98.6,0.33,99.04,4,9.42,80,8
M00069,Mushroom Mycelium,27.85,7.14,98.04,0.33,100.0,3,10.04,83,6
M00070,Mushroom Mycelium,14.42,6.89,100.0,0.24,97.64,5,9.64,94,4
M00071,Mushroom Mycelium,21.76,9.97,97.07,0.36,97.75,4,9.93,89,4
M00072,Mushroom Mycelium,22.34,8.3,97.49,0.44,98.51,4,9.48,79,4
M00073,Mushroom Mycelium,28.74,6.96,95.59,0.45,96.52,4,10.27,82,5
M00074,Mushroom Mycelium,15.23,7.77,98.54,0.32,97.98,4,9.77,99,6
M00075,Mushroom Mycelium,16.06,6.77,98.36,0.38,100.0,3,8.71,80,6
M00076,Mushroom Mycelium,14.98,8.46,97.2,0.27,98.65,2,8.8,88,5
M00077,Mushroom Mycelium,16.58,7.24,98.71,0.25,96.86,4,9.31,87,4
M00078,Mushroom Mycelium,22.87,8.23,95.5,0.34,97.67,2,10.89,114,6
M00079,Mushroom Mycelium,19.52,7.75,98.69,0.34,99.9,4,8.75,70,5
M00080,Mushroom Mycelium,17.9,8.53,97.42,0.31,96.82,4,9.74,93,6
M00081,Mushroom Mycelium,18.6,9.69,97.81,0.35,97.68,4,9.06,78,6
M00082,Mushroom Mycelium,19.24,7.44,98.66,0.47,97.88,2,9.52,94,4
M00083,Mushroom Mycelium,17.19,6.52,99.33,0.33,97.54,4,9.67,93,6
M00084,Mushroom Mycelium,19.18,8.16,96.83,0.33,97.12,4,10.32,102,7
M00085,Mushroom Mycelium,21.58,9.6,97.23,0.37,98.38,3,9.36,82,4
M00086,Mushroom Mycelium,18.3,6.77,96.5,0.3,96.6,4,9.23,82,5
M00087,Mushroom Mycelium,25.12,8.0,98.58,0.36,96.21,3,10.66,101,8
M00088,Mushroom Mycelium,16.7,8.28,100.0,0.36,95.63,5,9.07,78,6
M00089,Mushroom Mycelium,17.9,8.16,98.3,0.32,97.43,3,8.59,74,5
M00090,Mushroom Mycelium,24.12,8.69,100.0,0.46,96.88,5,10.31,88,6
M00091,Mushroom Mycelium,24.62,8.9,95.92,0.41,97.88,2,9.51,83,4
M00092,Mushroom Mycelium,14.55,9.51,100.0,0.31,98.34,3,8.65,82,4
M00093,Mushroom Mycelium,12.38,8.45,98.61,0.24,96.88,2,9.14,100,6
M00094,Mushroom Mycelium,17.07,5.27,98.73,0.35,99.86,4,9.16,83,7
M00095,Mushroom Mycelium,17.18,5.0,98.27,0.3,100.0,3,8.82,80,5
M00096,Mushroom Mycelium,13.31,6.17,100.0,0.32,99.85,4,9.53,98,5
M00097,Mushroom Mycelium,10.0,7.3,95.5,0.21,96.61,3,8.75,93,5
M00098,Mushroom Mycelium,23.32,7.92,100.0,0.32,96.19,4,10.53,98,6
M00099,Mushroom Mycelium,27.4,8.48,95.53,0.32,98.93,2,10.34,94,6
M00100,Mushroom Mycelium,16.37,8.16,95.69,0.28,100.0,3,10.44,114,6
M00101,Mushroom Mycelium,19.2,8.2,98.64,0.26,99.05,4,9.12,78,5
M00102,Mushroom Mycelium,24.03,7.24,98.92,0.31,96.8,4,11.0,106,7
M00103,Mushroom Mycelium,24.21,8.49,96.66,0.41,96.38,2,10.02,94,7
M00104,Mushroom Mycelium,24.61,8.81,96.76,0.5,96.43,4,9.96,84,4
M00105,Mushroom Mycelium,19.09,6.98,97.94,0.33,100.0,3,8.91,78,5
M00106,Mushroom Mycelium,24.82,6.75,100.0,0.44,97.66,2,9.73,87,6
M00107,Mushroom Mycelium,14.21,8.2,96.9,0.26,95.65,4,9.77,101,8
M00108,Mushroom Mycelium,25.81,6.64,97.97,0.4,98.64,3,9.93,85,5
M00109,Mushroom Mycelium,23.03,9.95,99.89,0.38,96.84,4,9.9,86,6
M00110,Mushroom Mycelium,24.15,9.92,99.38,0.42,97.84,3,10.62,102,7
M00111,Mushroom Mycelium,20.81,7.36,95.0,0.42,97.02,3,9.18,80,6
M00112,Mushroom Mycelium,26.27,9.17,100.0,0.36,97.85,5,10.08,79,4
M00113,Mushroom Mycelium,18.9,7.67,98.1,0.35,98.88,4,9.79,92,6
M00114,Mushroom Mycelium,25.02,6.06,97.68,0.36,96.21,3,9.25,73,4
M00115,Mushroom Mycelium,19.23,8.61,100.0,0.31,97.65,3,9.17,83,4
M00116,Mushroom Mycelium,21.18,8.63,100.0,0.38,96.51,4,9.02,72,6
M00117,Mushroom Mycelium,17.82,9.19,98.59,0.33,97.49,5,10.33,101,7
M00118,Mushroom Mycelium,20.58,8.15,95.0,0.35,99.04,3,9.61,89,6
M00119,Mushroom Mycelium,10.0,6.9,98.54,0.26,100.0,3,7.95,77,6
M00120,Mushroom Mycelium,16.36,7.31,98.44,0.36,99.64,4,9.79,97,5
M00121,Mushroom Mycelium,20.19,6.26,96.75,0.31,97.31,3,10.07,99,8
M00122,Mushroom Mycelium,16.33,5.0,97.07,0.34,96.66,2,8.63,82,6
M00123,Mushroom Mycelium,22.79,9.06,95.58,0.41,98.65,2,9.58,88,6
M00124,Mushroom Mycelium,25.76,8.52,100.0,0.5,97.87,4,10.18,86,6
M00125,Mushroom Mycelium,20.89,7.04,96.85,0.3,96.33,4,11.09,114,5
M00126,Mushroom Mycelium,17.95,7.05,95.77,0.39,98.43,5,9.7,88,6
M00127,Mushroom Mycelium,22.77,9.77,99.72,0.46,99.98,4,9.93,87,6
M00128,Mushroom Mycelium,17.1,6.03,97.85,0.25,98.15,2,9.21,92,6
M00129,Mushroom Mycelium,21.99,8.53,97.62,0.32,99.56,4,9.7,84,5
M00130,Mushroom Mycelium,21.62,7.24,97.88,0.37,99.0,5,10.51,97,5
M00131,Mushroom Mycelium,18.31,7.96,100.0,0.31,95.75,4,9.83,94,6
M00132,Mushroom Mycelium,23.9,5.87,96.44,0.42,96.51,4,10.49,96,4
M00133,Mushroom Mycelium,20.01,7.73,97.7,0.32,98.08,2,9.6,94,6
M00134,Mushroom Mycelium,22.74,7.6,96.53,0.33,95.0,4,9.97,88,4
M00135,Mushroom Mycelium,17.97,8.29,99.35,0.32,96.9,4,9.85,95,6
M00136,Mushroom Mycelium,21.4,7.87,97.68,0.34,95.75,4,9.54,82,7
M00137,Mushroom Mycelium,17.86,7.36,98.36,0.2,95.76,5,9.69,88,4
M00138,Mushroom Mycelium,14.77,6.36,97.63,0.35,98.24,4,9.48,94,4
M00139,Mushroom Mycelium,20.03,5.0,97.91,0.3,97.11,3,10.2,102,6
M00140,Mushroom Mycelium,27.87,7.65,98.53,0.44,97.39,3,10.44,91,6
M00141,Mushroom Mycelium,10.0,7.21,96.22,0.24,97.48,4,8.55,85,5
M00142,Mushroom Mycelium,15.8,8.78,96.32,0.32,97.23,4,9.93,101,6
M00143,Mushroom Mycelium,17.07,7.2,98.88,0.41,97.12,4,9.46,89,6
M00144,Mushroom Mycelium,21.93,7.85,98.89,0.29,95.57,5,9.94,85,6
M00145,Mushroom Mycelium,21.67,7.88,97.39,0.31,100.0,6,9.37,70,6
M00146,Mushroom Mycelium,24.36,5.19,98.91,0.31,99.03,4,10.74,100,6
M00147,Mushroom Mycelium,20.58,7.43,98.94,0.43,96.27,3,9.81,93,6
M00148,Mushroom Mycelium,20.02,8.4,99.21,0.37,97.4,5,9.6,82,4
M00149,Mushroom Mycelium,20.49,5.59,97.08,0.37,97.19,2,10.05,102,4
M00150,Mushroom Mycelium,22.35,8.69,100.0,0.4,97.54,2,9.34,84,7
M00151,Mushroom Mycelium,19.41,7.86,97.02,0.33,98.64,3,10.44,108,4
M00152,Mushroom Mycelium,24.52,7.15,97.64,0.43,99.06,3,10.95,108,6
M00153,Mushroom Mycelium,27.09,6.23,97.37,0.42,97.16,3,10.51,94,5
M00154,Mushroom Mycelium,17.64,6.25,96.04,0.32,98.14,4,8.91,77,4
M00155,Mushroom Mycelium,19.86,7.99,95.93,0.3,95.58,5,9.79,86,4
M00156,Mushroom Mycelium,20.69,6.47,99.3,0.42,98.02,3,9.82,93,5
M00157,Mushroom Mycelium,19.84,5.63,98.13,0.33,100.0,4,10.18,98,6
M00158,Mushroom Mycelium,24.1,7.17,98.67,0.39,99.15,5,10.41,90,5
M00159,Mushroom Mycelium,20.62,7.52,98.55,0.33,99.22,6,9.86,82,6
M00160,Mushroom Mycelium,20.5,5.66,98.87,0.27,96.42,4,8.85,70,4
M00161,Mushroom Mycelium,20.78,7.82,98.94,0.33,99.32,3,9.48,86,6
M00162,Mushroom Mycelium,13.9,7.84,97.93,0.24,98.15,5,9.89,100,6
M00163,Mushroom Mycelium,21.13,7.87,100.0,0.34,98.83,3,10.16,99,5
M00164,Mushroom Mycelium,19.32,9.33,98.78,0.35,98.03,4,9.68,89,5
M00165,Mushroom Mycelium,18.67,6.41,95.95,0.32,97.13,4,8.92,75,5
M00166,Mushroom Mycelium,17.22,9.09,98.89,0.3,96.59,3,9.02,84,6
M00167,Mushroom Mycelium,18.89,7.14,97.08,0.34,100.0,4,9.79,92,6
M00168,Mushroom Mycelium,17.88,8.11,97.67,0.32,100.0,3,9.04,83,6
M00169,Mushroom Mycelium,21.19,8.71,95.36,0.43,98.86,2,8.77,75,5
M00170,Mushroom Mycelium,21.52,6.51,95.55,0.36,98.15,2,9.4,87,6
M00171,Mushroom Mycelium,21.48,7.14,95.35,0.37,98.74,2,10.15,102,5
M00172,Mushroom Mycelium,17.14,8.32,98.5,0.28,97.72,6,10.46,101,5
M00173,Mushroom Mycelium,26.14,6.26,98.19,0.37,97.22,3,10.76,101,5
M00174,Mushroom Mycelium,18.14,8.27,96.48,0.22,98.0,4,9.11,80,6
M00175,Mushroom Mycelium,15.64,6.89,98.85,0.4,99.82,3,10.21,111,5
M00176,Mushroom Mycelium,13.74,7.29,96.33,0.26,99.16,4,8.77,82,4
M00177,Mushroom Mycelium,17.78,10.0,95.64,0.34,99.46,5,9.53,85,7
M00178,Mushroom Mycelium,18.99,6.77,97.22,0.36,99.88,2,8.9,82,6
M00179,Mushroom Mycelium,24.53,5.58,96.3,0.41,96.33,4,9.7,79,6
M00180,Mushroom Mycelium,20.4,8.64,98.8,0.39,97.94,2,10.04,102,5
M00181,Mushroom Mycelium,19.95,5.0,99.86,0.36,95.28,3,10.2,102,6
M00182,Mushroom Mycelium,19.85,7.51,95.57,0.31,98.12,3,10.08,100,5
M00183,Mushroom Mycelium,22.47,6.56,99.13,0.37,99.6,3,10.35,100,5
M00184,Mushroom Mycelium,20.95,6.36,96.43,0.36,98.86,4,10.15,95,4
M00185,Mushroom Mycelium,16.18,8.15,100.0,0.28,95.96,3,8.92,84,6
M00186,Mushroom Mycelium,23.65,7.54,97.25,0.38,98.77,3,9.37,78,5
M00187,Mushroom Mycelium,13.22,6.56,97.4,0.3,98.42,4,8.57,79,6
M00188,Mushroom Mycelium,24.7,8.35,97.74,0.42,99.28,3,9.77,84,4
M00189,Mushroom Mycelium,23.56,7.82,95.0,0.35,96.64,4,9.81,83,6
M00190,Mushroom Mycelium,22.33,7.95,98.73,0.4,99.66,2,9.43,86,6
M00191,Mushroom Mycelium,24.61,8.84,95.38,0.39,99.68,3,11.11,111,5
M00192,Mushroom Mycelium,19.25,7.94,98.85,0.4,100.0,3,9.47,89,6
M00193,Mushroom Mycelium,21.07,7.05,99.25,0.38,97.16,3,9.26,81,5
M00194,Mushroom Mycelium,21.15,7.17,100.0,0.41,96.88,4,10.27,97,5
M00195,Mushroom Mycelium,21.18,7.23,97.46,0.26,99.34,3,9.22,80,5
M00196,Mushroom Mycelium,13.12,9.58,99.46,0.35,96.19,3,9.41,100,4
M00197,Mushroom Mycelium,22.93,9.8,98.84,0.44,98.24,2,9.84,93,6
M00198,Mushroom Mycelium,26.87,7.8,100.0,0.46,96.28,4,10.89,98,7
M00199,Mushroom Mycelium,18.98,7.08,96.24,0.34,99.28,3,9.55,91,5
M00200,Mushroom Mycelium,26.78,10.0,97.29,0.41,97.09,4,9.98,80,5
M00201,Mushroom Mycelium,21.81,6.86,99.27,0.38,100.0,4,10.33,97,4
M00202,Mushroom Mycelium,30.0,6.01,98.42,0.36,97.28,4,10.85,91,7
M00203,Mushroom Mycelium,25.68,6.18,97.54,0.29,98.77,4,11.42,111,5
M00204,Mushroom Mycelium,17.4,6.18,98.61,0.28,99.71,4,9.24,84,5
M00205,Mushroom Mycelium,22.31,7.09,99.3,0.36,98.24,6,9.93,80,6
M00206,Mushroom Mycelium,17.36,8.31,98.63,0.31,97.29,2,8.49,77,6
M00207,Mushroom Mycelium,22.66,8.24,100.0,0.42,97.74,4,9.92,87,7
M00208,Mushroom Mycelium,21.93,6.51,97.06,0.33,99.32,4,10.64,103,6
M00209,Mushroom Mycelium,20.06,6.97,96.55,0.36,98.39,5,9.56,81,7
M00210,Mushroom Mycelium,25.3,7.8,95.49,0.28,97.72,4,10.68,97,6
M00211,Mushroom Mycelium,16.31,8.82,97.67,0.35,95.0,2,9.58,101,5
M00212,Mushroom Mycelium,16.31,8.79,100.0,0.33,99.16,2,9.03,90,5
M00213,Mushroom Mycelium,17.35,9.72,100.0,0.31,98.64,2,8.94,86,6
M00214,Mushroom Mycelium,22.49,9.2,97.24,0.39,99.29,2,9.25,82,5
M00215,Mushroom Mycelium,20.4,7.48,96.91,0.37,98.74,3,9.59,89,4
M00216,Mushroom Mycelium,22.29,6.17,96.88,0.4,96.53,4,9.03,70,5
M00217,Mushroom Mycelium,16.72,7.94,99.7,0.28,97.23,5,9.52,87,5
M00218,Mushroom Mycelium,16.33,8.0,95.4,0.26,99.71,5,8.63,70,6
M00219,Mushroom Mycelium,17.65,8.44,96.59,0.41,100.0,2,9.56,98,5
M00220,Mushroom Mycelium,17.53,6.22,98.04,0.33,97.07,2,9.5,97,6
M00221,Mushroom Mycelium,22.41,8.67,99.27,0.36,99.94,2,10.29,103,6
M00222,Mushroom Mycelium,21.65,8.08,98.96,0.36,99.23,4,10.42,99,5
M00223,Mushroom Mycelium,14.81,8.37,97.37,0.28,98.3,3,8.63,81,6
M00224,Mushroom Mycelium,24.52,6.41,99.36,0.41,97.43,3,9.9,87,5
M00225,Mushroom Mycelium,22.57,7.71,96.79,0.4,96.89,3,9.66,86,5
M00226,Mushroom Mycelium,19.08,9.93,96.89,0.33,98.84,4,10.41,104,4
M00227,Mushroom Mycelium,17.5,6.55,95.2,0.42,99.37,2,9.75,102,7
M00228,Mushroom Mycelium,20.26,7.1,97.47,0.34,98.8,4,9.33,80,7
M00229,Mushroom Mycelium,20.35,5.9,99.69,0.31,97.12,4,9.99,93,5
M00230,Mushroom Mycelium,23.14,6.8,99.9,0.43,97.2,2,9.81,92,6
M00231,Mushroom Mycelium,16.08,9.18,97.25,0.41,97.34,2,8.76,85,5
M00232,Mushroom Mycelium,21.48,6.57,98.34,0.28,100.0,3,9.8,91,6
M00233,Mushroom Mycelium,26.69,8.82,96.52,0.49,99.04,4,11.02,101,5
M00234,Mushroom Mycelium,17.89,7.25,100.0,0.34,99.75,5,8.99,74,5
M00235,Mushroom Mycelium,22.11,7.24,99.35,0.38,95.94,2,9.51,88,5
M00236,Mushroom Mycelium,19.33,8.52,100.0,0.36,98.22,5,9.98,91,5
M00237,Mushroom Mycelium,16.1,7.52,98.37,0.21,99.06,2,8.61,82,6
M00238,Mushroom Mycelium,21.41,8.74,100.0,0.38,99.98,4,9.74,86,5
M00239,Mushroom Mycelium,25.29,5.63,99.16,0.46,95.0,2,8.93,70,5
M00240,Mushroom Mycelium,26.54,9.21,98.12,0.42,97.41,4,9.6,73,4
M00241,Mushroom Mycelium,20.17,6.43,98.81,0.37,97.83,3,9.97,97,5
M00242,Mushroom Mycelium,23.44,6.39,96.59,0.29,97.76,4,10.64,100,7
M00243,Mushroom Mycelium,29.71,8.99,97.18,0.45,96.93,3,10.97,98,4
M00244,Mushroom Mycelium,21.56,8.51,97.15,0.38,99.72,4,10.11,93,6
M00245,Mushroom Mycelium,25.79,7.12,100.0,0.35,99.65,4,11.03,103,6
M00246,Mushroom Mycelium,19.73,7.52,100.0,0.29,98.86,4,10.22,99,7
M00247,Mushroom Mycelium,20.67,6.17,97.27,0.38,99.4,4,10.42,101,6
M00248,Mushroom Mycelium,23.55,7.62,99.71,0.4,96.5,4,9.76,82,4
M00249,Mushroom Mycelium,12.15,6.11,96.66,0.29,97.12,4,9.32,96,7
M00250,Mushroom Mycelium,23.67,8.35,99.12,0.32,97.66,3,9.72,85,6
M00251,Mushroom Mycelium,20.35,9.21,98.15,0.38,96.41,3,9.69,91,6
M00252,Mushroom Mycelium,26.61,7.82,99.07,0.41,98.23,4,10.76,96,5
M00253,Mushroom Mycelium,20.37,5.83,98.22,0.32,98.06,5,10.54,100,5
M00254,Mushroom Mycelium,21.5,7.8,95.28,0.4,98.4,5,9.9,85,5
M00255,Mushroom Mycelium,26.03,8.0,97.28,0.46,99.75,3,11.2,110,5
M00256,Mushroom Mycelium,24.95,6.12,98.58,0.48,97.6,2,9.75,87,5
M00257,Mushroom Mycelium,22.34,5.82,97.79,0.37,96.84,2,10.03,98,7
M00258,Mushroom Mycelium,22.11,6.88,96.98,0.36,97.87,2,10.56,109,6
M00259,Mushroom Mycelium,18.81,8.74,97.13,0.38,96.77,5,9.83,89,4
M00260,Mushroom Mycelium,25.19,6.21,95.0,0.44,95.0,5,10.52,90,6
M00261,Mushroom Mycelium,17.78,7.97,100.0,0.31,99.37,3,9.93,101,6
M00262,Mushroom Mycelium,25.34,7.81,96.76,0.44,97.54,3,10.53,98,5
M00263,Mushroom Mycelium,19.4,5.68,99.18,0.35,96.17,2,8.64,76,5
M00264,Mushroom Mycelium,21.88,7.68,97.89,0.32,98.74,3,9.64,87,5
M00265,Mushroom Mycelium,15.87,8.08,96.74,0.28,97.53,4,9.79,98,7
M00266,Mushroom Mycelium,23.65,8.1,99.24,0.37,100.0,6,11.37,106,5
M00267,Mushroom Mycelium,26.87,7.86,97.63,0.42,96.45,5,10.39,84,5
M00268,Mushroom Mycelium,13.17,8.82,98.46,0.3,97.64,2,8.17,79,6
M00269,Mushroom Mycelium,22.39,8.37,99.87,0.23,97.88,6,9.44,70,6
M00270,Mushroom Mycelium,20.47,5.71,95.74,0.33,97.72,2,9.9,99,5
M00271,Mushroom Mycelium,28.46,5.0,97.86,0.47,95.0,3,11.2,105,6
M00272,Mushroom Mycelium,14.94,6.8,99.5,0.35,97.21,5,9.64,93,8
M00273,Mushroom Mycelium,19.07,7.61,100.0,0.23,100.0,2,9.21,88,6
M00274,Mushroom Mycelium,13.35,6.98,99.03,0.28,100.0,5,9.38,91,6
M00275,Mushroom Mycelium,28.29,7.63,97.6,0.44,95.15,3,10.93,100,7
M00276,Mushroom Mycelium,22.26,8.1,98.45,0.45,96.13,3,9.48,83,7
M00277,Mushroom Mycelium,21.08,7.2,99.43,0.38,98.77,3,9.66,89,5
M00278,Mushroom Mycelium,19.02,8.31,99.38,0.22,98.97,2,9.45,93,6
M00279,Mushroom Mycelium,19.7,7.92,97.54,0.39,96.48,4,9.92,93,4
M00280,Mushroom Mycelium,29.21,7.62,99.63,0.36,97.07,3,10.67,93,5
M00281,Mushroom Mycelium,26.4,8.92,99.01,0.4,97.88,5,10.29,83,5
M00282,Mushroom Mycelium,22.56,7.1,96.44,0.35,98.72,2,10.01,97,6
M00283,Mushroom Mycelium,19.16,6.34,98.42,0.39,99.35,2,9.42,92,5
M00284,Mushroom Mycelium,17.41,7.61,96.6,0.4,98.34,3,9.19,87,5
M00285,Mushroom Mycelium,10.0,7.78,99.43,0.35,100.0,3,8.5,88,6
M00286,Mushroom Mycelium,15.72,7.92,97.79,0.33,96.76,4,9.82,99,6
M00287,Mushroom Mycelium,23.31,8.08,98.98,0.34,97.23,4,10.18,91,5
M00288,Mushroom Mycelium,10.7,6.75,98.99,0.27,98.19,4,8.32,79,6
M00289,Mushroom Mycelium,23.12,5.32,98.32,0.38,99.0,3,9.86,89,4
M00290,Mushroom Mycelium,18.26,7.13,99.64,0.27,98.67,2,9.03,86,4
M00291,Mushroom Mycelium,19.89,7.6,96.4,0.28,96.9,4,10.44,103,5
M00292,Mushroom Mycelium,17.42,7.02,97.45,0.39,96.95,5,9.59,87,6
M00293,Mushroom Mycelium,13.73,6.87,99.74,0.25,96.82,3,8.77,86,5
M00294,Mushroom Mycelium,19.52,9.04,99.72,0.29,99.1,2,9.3,89,6
M00295,Mushroom Mycelium,19.16,6.59,97.93,0.36,97.52,4,10.42,104,4
M00296,Mushroom Mycelium,22.32,7.8,97.6,0.41,98.54,3,9.98,93,7
M00297,Mushroom Mycelium,19.99,7.62,97.41,0.34,96.16,3,9.3,84,7
M00298,Mushroom Mycelium,16.73,8.87,96.23,0.32,99.64,2,9.67,102,5
M00299,Mushroom Mycelium,16.07,7.21,98.96,0.35,98.27,5,9.61,90,5
M00300,Mushroom Mycelium,20.4,8.57,98.76,0.37,98.2,3,9.49,87,7
M00301,Mushroom Mycelium,18.07,5.3,95.99,0.25,100.0,5,9.91,92,4
M00302,Mushroom Mycelium,17.99,9.21,96.37,0.32,98.5,4,9.15,81,6
M00303,Mushroom Mycelium,14.47,8.98,97.88,0.28,99.63,4,9.35,92,6
M00304,Mushroom Mycelium,13.33,8.64,96.39,0.3,98.31,4,8.88,85,6
M00305,Mushroom Mycelium,19.03,6.93,97.06,0.28,96.84,6,9.75,83,6
M00306,Mushroom Mycelium,14.95,6.21,99.56,0.29,96.89,3,9.35,95,5
M00307,Mushroom Mycelium,22.33,8.8,97.05,0.38,97.26,4,10.68,103,6
M00308,Mushroom Mycelium,25.38,9.39,96.24,0.42,96.95,4,10.44,92,6
M00309,Mushroom Mycelium,17.81,6.91,96.38,0.28,97.56,4,9.68,92,6
M00310,Mushroom Mycelium,22.1,6.97,95.6,0.44,97.05,3,8.96,73,4
M00311,Mushroom Mycelium,13.58,7.79,95.59,0.24,97.59,4,9.81,103,6
M00312,Mushroom Mycelium,20.1,6.47,95.29,0.46,98.25,3,9.81,94,8
M00313,Mushroom Mycelium,18.85,7.13,100.0,0.36,98.54,3,9.28,86,6
M00314,Mushroom Mycelium,22.69,6.15,97.11,0.41,96.0,2,8.97,76,5
M00315,Mushroom Mycelium,19.95,5.23,97.69,0.4,98.41,3,9.54,89,5
M00316,Mushroom Mycelium,28.22,6.78,100.0,0.28,97.08,3,10.22,86,6
M00317,Mushroom Mycelium,16.88,7.98,96.13,0.32,96.7,3,8.29,70,6
M00318,Mushroom Mycelium,20.13,8.59,96.05,0.41,97.17,4,9.26,79,4
M00319,Mushroom Mycelium,21.64,6.55,99.02,0.39,99.59,2,10.36,106,4
M00320,Mushroom Mycelium,23.77,8.54,97.36,0.34,98.93,4,9.98,86,6
M00321,Mushroom Mycelium,17.97,8.33,95.0,0.29,99.9,5,10.1,96,5
M00322,Mushroom Mycelium,18.74,8.1,98.87,0.36,97.84,4,9.22,81,6
M00323,Mushroom Mycelium,20.01,7.5,99.86,0.4,98.92,3,9.45,87,5
M00324,Mushroom Mycelium,22.6,9.17,95.0,0.34,98.91,3,9.96,92,4
M00325,Mushroom Mycelium,21.14,5.05,100.0,0.36,97.96,5,10.06,89,6
M00326,Mushroom Mycelium,21.51,9.08,99.07,0.3,98.92,2,10.15,102,6
M00327,Mushroom Mycelium,23.02,7.29,98.81,0.34,97.77,2,8.7,70,5
M00328,Mushroom Mycelium,20.84,7.53,97.11,0.36,99.09,2,9.78,96,6
M00329,Mushroom Mycelium,19.39,7.49,98.9,0.35,97.37,2,9.74,98,5
M00330,Mushroom Mycelium,13.9,7.86,96.83,0.21,98.87,2,9.09,96,6
M00331,Mushroom Mycelium,16.15,8.46,97.9,0.24,99.56,5,9.82,94,6
M00332,Mushroom Mycelium,25.38,7.21,97.48,0.37,97.58,3,10.39,95,6
M00333,Mushroom Mycelium,20.12,8.32,99.27,0.35,95.0,3,8.61,70,4
M00334,Mushroom Mycelium,25.66,7.02,97.3,0.43,96.97,4,11.42,111,6
M00335,Mushroom Mycelium,18.78,10.0,96.11,0.41,100.0,3,9.18,84,4
M00336,Mushroom Mycelium,17.97,6.21,97.34,0.32,99.93,2,10.15,109,6
M00337,Mushroom Mycelium,25.13,7.77,98.55,0.38,96.43,3,9.86,85,5
M00338,Mushroom Mycelium,12.5,7.91,99.42,0.32,98.19,5,9.45,94,6
M00339,Mushroom Mycelium,13.44,6.34,99.86,0.31,99.32,5,9.49,93,4
M00340,Mushroom Mycelium,22.29,7.06,97.01,0.38,98.74,4,9.78,85,5
M00341,Mushroom Mycelium,15.14,7.69,96.18,0.29,96.44,4,9.01,84,7
M00342,Mushroom Mycelium,21.58,8.5,97.39,0.44,98.62,4,9.71,85,5
M00343,Mushroom Mycelium,20.48,10.0,99.6,0.3,95.71,3,10.1,99,5
M00344,Mushroom Mycelium,22.42,6.24,98.02,0.39,97.12,4,9.74,84,6
M00345,Mushroom Mycelium,16.32,8.1,95.29,0.22,95.3,3,8.83,82,6
M00346,Mushroom Mycelium,19.72,9.05,99.16,0.43,97.82,4,9.67,88,6
M00347,Mushroom Mycelium,20.99,9.34,98.38,0.42,96.63,4,10.2,96,6
M00348,Mushroom Mycelium,10.3,6.95,95.0,0.32,98.06,4,8.73,88,6
M00349,Mushroom Mycelium,23.14,5.0,98.72,0.37,97.6,4,10.16,91,8
M00350,Mushroom Mycelium,26.03,7.45,97.13,0.43,96.19,5,10.8,94,7
M00351,Mushroom Mycelium,22.48,7.43,97.78,0.45,98.21,2,9.35,84,7
M00352,Mushroom Mycelium,20.47,6.03,95.18,0.44,98.06,4,9.9,91,6
M00353,Mushroom Mycelium,20.78,5.09,99.5,0.44,99.03,3,9.58,88,5
M00354,Mushroom Mycelium,21.71,8.17,98.54,0.41,98.04,3,9.32,81,5
M00355,Mushroom Mycelium,14.18,7.39,98.72,0.24,98.49,4,9.92,104,5
M00356,Mushroom Mycelium,19.76,6.37,95.65,0.39,98.22,5,9.63,83,5
M00357,Mushroom Mycelium,24.06,6.49,100.0,0.4,98.64,5,9.86,79,6
M00358,Mushroom Mycelium,19.69,8.84,100.0,0.33,98.22,2,10.62,115,7
M00359,Mushroom Mycelium,16.99,9.13,96.14,0.34,100.0,3,9.1,86,6
M00360,Mushroom Mycelium,16.2,7.61,99.4,0.34,98.7,2,8.42,78,6
M00361,Mushroom Mycelium,18.33,9.86,96.2,0.37,96.87,3,9.43,90,4
M00362,Mushroom Mycelium,15.85,7.25,99.43,0.32,100.0,3,9.88,104,6
M00363,Mushroom Mycelium,18.05,6.5,98.91,0.32,98.13,4,10.01,98,7
M00364,Mushroom Mycelium,22.59,7.29,97.47,0.35,98.11,3,10.46,102,4
M00365,Mushroom Mycelium,19.43,7.8,98.42,0.38,97.78,3,9.54,90,6
M00366,Mushroom Mycelium,18.9,7.08,97.29,0.33,98.84,3,9.34,87,7
M00367,Mushroom Mycelium,21.05,6.78,99.94,0.23,98.99,4,10.41,100,5
M00368,Mushroom Mycelium,20.49,5.0,95.4,0.32,100.0,4,10.2,97,6
M00369,Mushroom Mycelium,14.4,7.81,98.65,0.31,96.47,6,9.89,95,6
M00370,Mushroom Mycelium,11.67,8.49,98.42,0.27,98.31,3,8.47,84,4
M00371,Mushroom Mycelium,15.97,7.32,97.39,0.28,99.04,3,10.35,113,5
M00372,Mushroom Mycelium,20.86,9.32,99.72,0.38,96.19,5,10.29,94,5
M00373,Mushroom Mycelium,21.19,7.76,96.53,0.43,100.0,4,10.52,102,4
M00374,Mushroom Mycelium,23.85,8.23,98.19,0.4,97.49,3,9.78,86,7
M00375,Mushroom Mycelium,18.18,9.66,100.0,0.25,100.0,2,9.12,88,5
M00376,Mushroom Mycelium,17.81,6.52,95.22,0.26,98.6,3,9.98,102,6
M00377,Mushroom Mycelium,20.36,7.97,99.59,0.32,98.01,4,10.09,95,7
M00378,Mushroom Mycelium,25.49,8.67,96.35,0.41,95.9,4,10.2,87,6
M00379,Mushroom Mycelium,18.32,8.77,97.87,0.31,99.99,5,10.08,95,5
M00380,Mushroom Mycelium,14.66,5.64,100.0,0.3,100.0,3,8.42,77,6
M00381,Mushroom Mycelium,30.0,8.29,97.54,0.48,97.33,4,11.85,111,6
M00382,Mushroom Mycelium,21.71,8.28,96.82,0.38,98.45,2,8.82,75,5
M00383,Mushroom Mycelium,17.92,8.59,98.09,0.34,96.98,5,10.19,98,6
M00384,Mushroom Mycelium,23.84,9.53,96.19,0.42,96.44,4,10.98,106,6
M00385,Mushroom Mycelium,17.87,5.0,99.56,0.36,98.08,2,9.44,95,4
M00386,Mushroom Mycelium,22.21,6.6,100.0,0.3,98.77,3,9.67,87,4
M00387,Mushroom Mycelium,13.53,8.83,98.98,0.31,99.17,2,9.0,95,5
M00388,Mushroom Mycelium,19.1,10.0,96.63,0.34,95.74,5,9.56,83,6
M00389,Mushroom Mycelium,10.0,5.72,97.06,0.21,97.94,2,7.5,72,5
M00390,Mushroom Mycelium,22.71,8.93,95.0,0.32,97.61,3,10.62,105,5
M00391,Mushroom Mycelium,18.68,5.27,96.19,0.3,100.0,5,9.77,88,6
M00392,Mushroom Mycelium,25.66,6.96,96.91,0.44,99.94,3,10.62,99,6
M00393,Mushroom Mycelium,17.67,7.12,96.32,0.31,98.93,4,9.17,82,6
M00394,Mushroom Mycelium,20.72,7.65,98.88,0.31,100.0,4,9.72,87,5
M00395,Mushroom Mycelium,19.96,7.0,98.82,0.34,99.53,2,9.6,94,7
M00396,Mushroom Mycelium,21.65,6.1,98.33,0.46,97.94,3,9.06,76,6
M00397,Mushroom Mycelium,20.27,9.0,97.76,0.36,97.6,6,9.98,85,6
M00398,Mushroom Mycelium,12.11,7.96,97.4,0.2,99.92,3,8.61,86,7
M00399,Mushroom Mycelium,22.97,6.3,97.31,0.48,95.24,4,10.15,91,5
M00400,Mushroom Mycelium,19.82,8.35,100.0,0.31,99.52,5,9.78,86,7
M00401,Mushroom Mycelium,25.26,6.99,97.01,0.41,98.67,3,9.48,77,5
M00402,Mushroom Mycelium,21.26,7.95,98.84,0.42,98.62,3,9.18,79,7
M00403,Mushroom Mycelium,13.43,9.03,97.16,0.37,97.69,4,10.19,111,6
M00404,Mushroom Mycelium,19.33,9.67,96.18,0.36,97.15,2,9.18,87,6
M00405,Mushroom Mycelium,23.65,7.32,98.19,0.45,100.0,2,9.87,92,5
M00406,Mushroom Mycelium,22.75,7.04,98.1,0.35,95.6,3,10.33,99,7
M00407,Mushroom Mycelium,19.4,8.03,97.94,0.39,95.0,4,9.64,88,4
M00408,Mushroom Mycelium,14.42,8.44,98.57,0.29,98.58,2,9.14,96,6
M00409,Mushroom Mycelium,26.07,7.21,100.0,0.43,99.98,3,10.61,98,5
M00410,Mushroom Mycelium,18.89,7.87,97.54,0.29,98.53,3,9.09,82,6
M00411,Mushroom Mycelium,20.65,8.62,96.61,0.33,99.56,3,9.96,96,5
M00412,Mushroom Mycelium,30.0,8.32,95.98,0.5,98.85,2,10.75,97,4
M00413,Mushroom Mycelium,20.94,6.92,98.49,0.31,97.11,2,9.34,87,6
M00414,Mushroom Mycelium,20.22,7.88,95.0,0.37,99.5,2,9.87,99,5
M00415,Mushroom Mycelium,23.76,7.54,95.0,0.34,96.59,2,9.33,81,7
M00416,Mushroom Mycelium,19.62,9.78,100.0,0.33,100.0,4,9.16,78,4
M00417,Mushroom Mycelium,23.0,8.06,100.0,0.41,96.66,6,10.8,96,7
M00418,Mushroom Mycelium,21.05,8.34,96.25,0.43,98.36,4,10.11,94,6
M00419,Mushroom Mycelium,24.43,9.34,97.57,0.25,96.94,3,10.29,95,4
M00420,Mushroom Mycelium,20.61,7.22,98.62,0.32,96.69,3,9.41,85,6
M00421,Mushroom Mycelium,16.83,8.13,98.03,0.24,100.0,4,9.48,90,6
M00422,Mushroom Mycelium,19.73,7.93,99.36,0.36,97.18,2,8.62,75,7
M00423,Mushroom Mycelium,17.76,7.71,96.46,0.26,98.38,4,9.28,84,6
M00424,Mushroom Mycelium,26.71,6.81,98.88,0.35,100.0,4,10.57,92,7
M00425,Mushroom Mycelium,22.69,6.66,98.74,0.34,98.68,4,11.22,113,6
M00426,Mushroom Mycelium,17.73,6.35,96.51,0.38,95.54,4,8.77,74,5
M00427,Mushroom Mycelium,11.71,8.46,95.74,0.32,96.85,4,9.17,94,6
M00428,Mushroom Mycelium,18.37,8.4,97.21,0.32,95.38,4,9.44,86,5
M00429,Mushroom Mycelium,19.64,6.96,97.68,0.41,98.34,3,9.66,92,4
M00430,Mushroom Mycelium,20.76,6.46,96.87,0.39,98.5,4,9.58,84,5
M00431,Mushroom Mycelium,16.37,5.42,98.26,0.38,97.42,4,9.24,86,5
M00432,Mushroom Mycelium,16.72,9.06,99.08,0.3,96.85,2,8.77,84,4
M00433,Mushroom Mycelium,14.52,7.73,97.64,0.34,95.5,3,8.3,75,7
M00434,Mushroom Mycelium,16.48,6.28,95.0,0.25,95.42,4,9.25,86,6
M00435,Mushroom Mycelium,19.58,7.11,98.36,0.36,97.23,5,9.86,88,4
M00436,Mushroom Mycelium,12.76,6.06,95.97,0.25,98.04,3,9.13,95,4
M00437,Mushroom Mycelium,20.12,6.72,99.44,0.35,98.98,2,10.66,115,5
M00438,Mushroom Mycelium,26.14,9.02,97.25,0.44,96.69,5,10.91,96,4
M00439,Mushroom Mycelium,21.94,8.58,97.86,0.31,100.0,3,9.94,93,6
M00440,Mushroom Mycelium,17.86,6.81,95.0,0.28,98.8,5,9.79,90,4
M00441,Mushroom Mycelium,21.54,8.06,98.43,0.29,98.36,2,10.1,101,6
M00442,Mushroom Mycelium,18.68,8.4,98.17,0.31,96.05,2,9.32,91,6
M00443,Mushroom Mycelium,15.19,7.34,99.43,0.24,97.92,3,9.67,101,5
M00444,Mushroom Mycelium,16.81,10.0,96.93,0.36,98.47,4,9.18,84,6
M00445,Mushroom Mycelium,22.93,6.15,96.63,0.47,97.96,5,9.84,81,8
M00446,Mushroom Mycelium,19.63,7.72,99.31,0.42,97.55,3,9.76,94,6
M00447,Mushroom Mycelium,19.14,7.21,97.93,0.33,99.68,5,9.71,86,6
M00448,Mushroom Mycelium,20.77,8.72,99.57,0.43,96.18,3,9.73,91,6
M00449,Mushroom Mycelium,20.08,6.67,96.0,0.34,99.1,3,9.41,86,4
M00450,Mushroom Mycelium,16.62,9.74,98.35,0.33,97.23,4,8.76,76,6
M00451,Mushroom Mycelium,23.88,7.52,98.15,0.36,97.52,4,11.04,107,4
M00452,Mushroom Mycelium,25.42,6.55,96.69,0.41,99.76,4,10.79,99,6
M00453,Mushroom Mycelium,15.74,8.22,97.49,0.31,98.24,2,8.22,75,5
M00454,Mushroom Mycelium,16.48,9.1,97.31,0.33,99.07,2,8.55,80,5
M00455,Mushroom Mycelium,26.35,8.74,99.66,0.38,100.0,3,10.38,93,5
M00456,Mushroom Mycelium,22.39,7.04,98.9,0.33,96.31,4,9.14,72,6
M00457,Mushroom Mycelium,14.51,7.75,98.27,0.29,97.19,4,9.45,94,4
M00458,Mushroom Mycelium,21.43,8.36,97.73,0.39,100.0,2,9.24,84,6
M00459,Mushroom Mycelium,22.72,8.58,98.46,0.41,97.5,2,9.57,88,4
M00460,Mushroom Mycelium,22.41,6.5,100.0,0.28,97.02,4,10.39,97,4
M00461,Mushroom Mycelium,15.27,7.03,99.11,0.31,98.74,5,8.83,76,6
M00462,Mushroom Mycelium,15.09,6.17,98.42,0.29,99.06,2,8.06,73,5
M00463,Mushroom Mycelium,28.44,8.55,97.97,0.4,98.32,4,10.64,90,5
M00464,Mushroom Mycelium,25.29,6.19,99.43,0.41,97.84,3,9.48,77,7
M00465,Mushroom Mycelium,18.45,7.94,100.0,0.4,96.29,3,9.35,88,7
M00466,Mushroom Mycelium,24.87,5.02,99.83,0.43,97.47,4,10.34,91,5
M00467,Mushroom Mycelium,22.2,6.02,99.7,0.38,96.58,2,9.97,97,7
M00468,Mushroom Mycelium,22.84,8.25,100.0,0.32,95.0,5,10.63,97,5
M00469,Mushroom Mycelium,22.15,8.22,98.01,0.3,96.7,4,9.07,71,6
M00470,Mushroom Mycelium,26.37,7.63,99.61,0.44,99.76,4,10.44,90,4
M00471,Mushroom Mycelium,14.05,9.94,97.43,0.24,99.49,4,8.36,73,6
M00472,Mushroom Mycelium,23.11,6.06,96.69,0.35,99.61,4,9.41,76,6
M00473,Mushroom Mycelium,16.31,8.04,99.11,0.36,97.68,5,9.38,85,5
M00474,Mushroom Mycelium,20.78,7.77,97.08,0.31,99.85,4,10.08,94,6
M00475,Mushroom Mycelium,18.89,7.57,97.78,0.38,98.97,4,10.04,97,7
M00476,Mushroom Mycelium,18.21,8.43,100.0,0.38,99.07,3,8.72,76,6
M00477,Mushroom Mycelium,19.78,6.33,97.9,0.37,96.51,3,9.78,94,7
M00478,Mushroom Mycelium,28.07,6.27,97.48,0.4,96.56,3,9.56,73,6
M00479,Mushroom Mycelium,15.65,7.06,99.05,0.39,97.01,4,9.02,83,6
M00480,Mushroom Mycelium,19.86,7.15,98.85,0.26,97.27,4,9.44,83,4
M00481,Mushroom Mycelium,20.76,8.72,95.0,0.33,98.2,4,10.63,105,6
M00482,Mushroom Mycelium,24.96,5.78,97.51,0.44,98.52,3,10.6,100,5
M00483,Mushroom Mycelium,22.35,8.73,99.85,0.4,97.96,5,9.84,82,5
M00484,Mushroom Mycelium,22.58,5.93,97.8,0.3,96.19,3,8.86,70,6
M00485,Mushroom Mycelium,15.82,7.34,98.0,0.22,100.0,4,9.18,86,6
M00486,Mushroom Mycelium,18.21,6.33,98.29,0.31,95.0,4,9.57,89,6
M00487,Mushroom Mycelium,16.33,7.88,100.0,0.37,98.11,5,9.98,97,8
M00488,Mushroom Mycelium,18.34,6.83,98.95,0.34,95.93,3,8.68,75,6
M00489,Mushroom Mycelium,14.69,7.26,96.47,0.38,98.68,2,9.92,111,7
M00490,Mushroom Mycelium,21.28,6.08,99.64,0.33,96.31,4,10.58,103,7
M00491,Mushroom Mycelium,21.95,5.52,95.38,0.43,99.25,4,10.15,93,7
M00492,Mushroom Mycelium,21.48,7.68,99.74,0.3,97.0,3,8.75,70,6
M00493,Mushroom Mycelium,24.64,8.56,96.74,0.36,97.48,3,10.21,93,6
M00494,Mushroom Mycelium,20.38,7.79,98.96,0.39,95.38,3,9.24,82,6
M00495,Mushroom Mycelium,22.87,7.4,96.53,0.33,100.0,2,9.29,82,6
M00496,Mushroom Mycelium,28.44,6.68,98.62,0.39,96.77,3,9.64,74,6
M00497,Mushroom Mycelium,14.92,7.71,96.12,0.29,98.29,4,9.14,87,5
M00498,Mushroom Mycelium,19.54,5.0,98.45,0.39,98.22,3,9.65,92,4
M00499,Mushroom Mycelium,14.35,7.56,97.55,0.26,98.27,3,8.34,76,5
M00500,Mushroom Mycelium,22.52,5.63,98.4,0.49,100.0,3,9.25,78,5
M00501,Mushroom Mycelium,20.62,8.29,95.79,0.39,97.32,3,9.46,86,6
M00502,Mushroom Mycelium,19.04,7.62,98.45,0.33,97.41,2,10.15,107,6
M00503,Mushroom Mycelium,19.6,8.22,95.89,0.26,98.58,4,8.76,70,6
M00504,Mushroom Mycelium,22.44,8.5,97.16,0.37,100.0,5,10.59,97,4
M00505,Mushroom Mycelium,25.51,9.27,96.48,0.44,96.95,5,10.9,97,5
M00506,Mushroom Mycelium,20.58,5.0,98.2,0.39,98.61,3,9.76,92,5
M00507,Mushroom Mycelium,21.12,5.94,98.08,0.39,100.0,5,9.86,85,6
M00508,Mushroom Mycelium,20.67,6.93,97.07,0.4,97.49,4,9.27,78,5
M00509,Mushroom Mycelium,15.91,9.38,98.56,0.36,98.89,4,9.49,92,4
M00510,Mushroom Mycelium,10.62,6.36,98.45,0.2,97.0,2,8.31,87,8
M00511,Mushroom Mycelium,23.37,6.05,96.84,0.35,99.69,3,9.59,83,7
M00512,Mushroom Mycelium,22.72,6.93,96.94,0.42,97.08,4,10.27,94,4
M00513,Mushroom Mycelium,19.1,7.09,99.18,0.37,97.42,3,9.51,90,5
M00514,Mushroom Mycelium,24.45,7.36,97.73,0.42,99.73,3,9.85,86,6
M00515,Mushroom Mycelium,20.26,7.17,98.24,0.33,97.76,4,9.63,86,5
M00516,Mushroom Mycelium,20.24,9.82,97.73,0.31,100.0,4,9.77,89,5
M00517,Mushroom Mycelium,19.97,8.45,96.16,0.32,97.7,4,10.15,97,5
M00518,Mushroom Mycelium,18.22,6.1,98.08,0.32,97.87,2,8.67,79,5
M00519,Mushroom Mycelium,18.87,7.49,97.07,0.41,97.42,5,9.79,88,4
M00520,Mushroom Mycelium,18.39,6.67,96.76,0.24,97.11,5,8.84,70,6
M00521,Mushroom Mycelium,14.2,8.06,99.62,0.24,97.86,2,9.17,97,6
M00522,Mushroom Mycelium,17.47,6.52,97.64,0.29,99.24,3,8.85,80,5
M00523,Mushroom Mycelium,16.12,6.88,99.75,0.3,98.26,3,9.31,92,6
M00524,Mushroom Mycelium,23.53,6.47,100.0,0.42,96.58,5,10.65,96,6
M00525,Mushroom Mycelium,23.58,5.0,99.73,0.34,100.0,5,10.36,90,6
M00526,Mushroom Mycelium,15.84,6.78,99.36,0.35,97.61,3,8.68,80,7
M00527,Mushroom Mycelium,21.47,6.72,97.4,0.35,100.0,4,10.35,98,7
M00528,Mushroom Mycelium,22.7,8.58,98.34,0.46,98.81,4,11.12,111,7
M00529,Mushroom Mycelium,28.12,7.56,96.23,0.5,96.48,2,10.36,93,6
M00530,Mushroom Mycelium,16.29,5.19,97.02,0.3,98.12,5,8.63,70,4
M00531,Mushroom Mycelium,24.41,5.89,96.5,0.38,98.44,5,11.49,111,6
M00532,Mushroom Mycelium,17.59,7.51,100.0,0.34,100.0,3,9.16,86,7
M00533,Mushroom Mycelium,19.97,7.12,98.83,0.34,98.31,3,9.0,78,6
M00534,Mushroom Mycelium,19.41,6.74,97.27,0.4,97.68,2,9.89,101,5
M00535,Mushroom Mycelium,18.58,9.52,97.62,0.35,98.4,4,9.71,91,7
M00536,Mushroom Mycelium,25.36,6.41,95.31,0.3,97.86,3,9.64,80,4
M00537,Mushroom Mycelium,23.61,10.0,98.33,0.3,97.08,5,11.26,108,5
M00538,Mushroom Mycelium,17.0,6.6,98.41,0.26,98.13,3,9.55,95,6
M00539,Mushroom Mycelium,19.73,8.63,99.64,0.37,98.59,5,8.97,70,4
M00540,Mushroom Mycelium,20.47,7.11,100.0,0.36,97.87,3,9.6,89,5
M00541,Mushroom Mycelium,20.77,8.98,97.24,0.39,97.69,5,9.78,84,6
M00542,Mushroom Mycelium,22.38,7.31,98.28,0.3,97.19,3,9.39,81,6
M00543,Mushroom Mycelium,17.06,7.99,98.38,0.34,100.0,2,8.91,86,7
M00544,Mushroom Mycelium,15.46,6.33,100.0,0.28,95.0,4,9.6,95,6
M00545,Mushroom Mycelium,20.23,8.62,98.13,0.28,99.39,3,9.57,89,7
M00546,Mushroom Mycelium,18.98,7.73,96.66,0.31,97.05,3,10.0,100,5
M00547,Mushroom Mycelium,11.66,6.45,98.66,0.3,98.32,4,8.87,88,4
M00548,Mushroom Mycelium,24.26,6.98,96.91,0.42,98.82,3,9.98,89,7
M00549,Mushroom Mycelium,14.8,8.57,96.17,0.32,97.23,2,8.98,92,5
M00550,Mushroom Mycelium,21.07,5.96,98.97,0.39,96.14,4,9.96,91,7
M00551,Mushroom Mycelium,20.42,6.78,100.0,0.31,95.78,3,10.54,108,4
M00552,Mushroom Mycelium,24.49,8.19,97.6,0.28,97.85,4,10.3,91,6
M00553,Mushroom Mycelium,18.24,8.58,96.84,0.27,98.91,3,9.02,82,6
M00554,Mushroom Mycelium,23.49,7.89,98.59,0.39,96.87,5,10.2,87,6
M00555,Mushroom Mycelium,17.82,5.91,100.0,0.35,96.94,4,9.28,84,5
M00556,Mushroom Mycelium,19.35,7.4,98.85,0.31,97.35,5,9.54,82,5
M00557,Mushroom Mycelium,21.54,8.53,99.46,0.31,100.0,4,10.35,98,6
M00558,Mushroom Mycelium,15.51,6.32,99.56,0.4,97.24,3,9.1,89,6
M00559,Mushroom Mycelium,21.85,8.02,99.62,0.36,98.23,4,9.64,83,6
M00560,Mushroom Mycelium,19.57,9.04,98.46,0.28,97.36,5,10.11,93,5
M00561,Mushroom Mycelium,21.96,7.86,100.0,0.4,99.24,3,9.1,76,5
M00562,Mushroom Mycelium,29.42,5.32,97.19,0.5,97.11,4,10.84,92,4
M00563,Mushroom Mycelium,25.13,8.85,98.38,0.5,99.76,4,10.31,90,4
M00564,Mushroom Mycelium,24.81,8.09,98.37,0.4,99.51,2,10.18,96,7
M00565,Mushroom Mycelium,18.05,7.84,99.88,0.34,96.78,3,10.46,111,7
M00566,Mushroom Mycelium,23.01,6.66,97.05,0.39,95.72,5,10.95,103,6
M00567,Mushroom Mycelium,12.07,7.96,98.16,0.27,98.97,6,9.56,93,7
M00568,Mushroom Mycelium,17.1,7.93,98.54,0.32,99.32,4,8.86,77,6
M00569,Mushroom Mycelium,19.37,7.29,95.11,0.35,97.47,2,9.14,86,5
M00570,Mushroom Mycelium,11.99,5.7,98.13,0.32,99.62,4,8.5,80,7
M00571,Mushroom Mycelium,15.76,6.32,99.31,0.33,100.0,4,8.93,81,5
M00572,Mushroom Mycelium,18.86,6.93,95.14,0.3,98.73,4,9.54,87,5
M00573,Mushroom Mycelium,28.21,7.42,97.9,0.48,96.19,6,11.57,101,5
M00574,Mushroom Mycelium,18.74,8.85,99.14,0.39,97.83,4,9.47,86,5
M00575,Mushroom Mycelium,17.98,7.72,97.46,0.35,97.75,3,9.6,94,5
M00576,Mushroom Mycelium,18.41,5.02,97.73,0.36,97.76,3,9.49,91,6
M00577,Mushroom Mycelium,17.17,7.03,98.58,0.34,97.41,5,10.02,96,6
M00578,Mushroom Mycelium,27.52,5.73,96.25,0.29,99.82,3,10.4,91,5
M00579,Mushroom Mycelium,25.82,7.44,95.68,0.41,97.12,2,9.98,90,7
M00580,Mushroom Mycelium,22.81,6.84,100.0,0.47,98.23,4,9.98,88,4
M00581,Mushroom Mycelium,14.97,6.94,96.82,0.32,96.8,3,9.2,92,5
M00582,Mushroom Mycelium,26.87,6.31,96.5,0.45,98.49,3,9.79,80,5
M00583,Mushroom Mycelium,24.92,7.55,98.21,0.43,98.4,5,10.59,92,4
M00584,Mushroom Mycelium,27.68,6.79,96.88,0.43,99.02,4,10.42,87,7
M00585,Mushroom Mycelium,18.94,7.9,99.38,0.31,100.0,3,10.09,102,5
M00586,Mushroom Mycelium,17.11,8.35,97.57,0.28,97.53,3,8.61,76,5
M00587,Mushroom Mycelium,23.18,7.99,99.02,0.38,97.23,2,9.32,82,4
M00588,Mushroom Mycelium,19.66,8.66,97.61,0.34,98.57,4,10.17,98,8
M00589,Mushroom Mycelium,19.02,7.09,100.0,0.38,98.09,4,9.9,94,7
M00590,Mushroom Mycelium,20.06,8.97,98.25,0.25,99.91,4,9.91,92,5
M00591,Mushroom Mycelium,19.26,8.44,97.14,0.34,99.78,2,8.93,82,6
M00592,Mushroom Mycelium,28.99,8.29,96.86,0.4,97.93,6,11.05,89,6
M00593,Mushroom Mycelium,28.61,6.49,97.55,0.35,98.64,3,10.16,84,5
M00594,Mushroom Mycelium,20.67,8.3,98.59,0.3,99.57,4,9.77,88,6
M00595,Mushroom Mycelium,21.39,8.28,98.67,0.43,98.98,3,10.54,106,7
M00596,Mushroom Mycelium,17.97,10.0,97.29,0.36,96.42,4,9.8,94,5
M00597,Mushroom Mycelium,21.53,7.77,95.77,0.36,99.95,4,9.65,84,4
M00598,Mushroom Mycelium,23.91,8.22,99.82,0.34,100.0,3,10.09,92,5
M00599,Mushroom Mycelium,14.25,8.15,97.04,0.34,96.96,5,9.18,85,6
M00600,Mushroom Mycelium,26.03,5.7,95.76,0.46,97.95,3,10.4,94,5
M00601,Mushroom Mycelium,23.29,7.87,97.89,0.42,97.42,5,10.23,88,5
M00602,Mushroom Mycelium,18.59,7.46,96.54,0.3,99.12,3,9.71,95,4
M00603,Mushroom Mycelium,26.03,8.03,97.24,0.39,98.7,3,10.05,87,5
M00604,Mushroom Mycelium,17.52,10.0,97.85,0.4,99.05,4,9.3,85,5
M00605,Mushroom Mycelium,23.05,9.26,100.0,0.4,98.21,6,10.95,99,7
M00606,Mushroom Mycelium,17.08,7.26,97.46,0.35,97.36,4,9.86,97,4
M00607,Mushroom Mycelium,21.49,9.99,98.38,0.32,96.16,3,9.8,91,7
M00608,Mushroom Mycelium,12.99,7.64,97.48,0.23,96.11,3,8.0,72,7
M00609,Mushroom Mycelium,19.88,6.44,96.97,0.46,98.82,4,10.49,104,6
M00610,Mushroom Mycelium,15.39,6.99,99.12,0.36,99.03,4,9.24,88,4
M00611,Mushroom Mycelium,24.94,9.67,99.25,0.36,96.48,3,10.74,103,4
M00612,Mushroom Mycelium,21.56,6.99,96.72,0.37,97.44,4,10.06,92,4
M00613,Mushroom Mycelium,20.42,8.24,97.12,0.29,98.42,4,10.74,108,6
M00614,Mushroom Mycelium,16.08,7.25,98.26,0.4,97.62,4,9.61,94,6
M00615,Mushroom Mycelium,14.27,8.92,98.85,0.33,99.08,3,9.53,100,5
M00616,Mushroom Mycelium,14.28,7.94,100.0,0.29,99.36,3,8.63,82,6
M00617,Mushroom Mycelium,20.53,7.93,99.94,0.31,99.69,5,9.4,77,6
M00618,Mushroom Mycelium,22.1,8.38,96.68,0.32,97.69,3,10.61,106,5
M00619,Mushroom Mycelium,29.37,7.82,98.86,0.36,98.64,4,10.49,85,5
M00620,Mushroom Mycelium,17.73,10.0,98.03,0.38,96.14,3,9.97,102,4
M00621,Mushroom Mycelium,24.11,6.36,99.1,0.5,97.29,6,10.66,91,5
M00622,Mushroom Mycelium,19.35,9.6,98.28,0.27,100.0,3,9.58,91,7
M00623,Mushroom Mycelium,23.49,7.86,96.81,0.35,98.25,2,8.8,71,5
M00624,Mushroom Mycelium,23.12,5.79,98.31,0.41,97.06,4,9.96,87,5
M00625,Mushroom Mycelium,14.56,10.0,97.35,0.25,97.69,3,9.56,100,6
M00626,Mushroom Mycelium,20.73,5.57,99.53,0.4,97.82,2,9.47,90,4
M00627,Mushroom Mycelium,21.48,9.07,97.47,0.43,99.48,4,9.95,90,7
M00628,Mushroom Mycelium,19.42,6.76,95.52,0.29,97.48,5,11.34,118,5
M00629,Mushroom Mycelium,14.49,6.56,96.53,0.3,98.59,3,9.7,103,5
M00630,Mushroom Mycelium,14.61,8.46,100.0,0.26,95.0,4,10.16,108,7
M00631,Mushroom Mycelium,23.75,8.01,99.04,0.36,97.33,5,10.43,91,6
M00632,Mushroom Mycelium,20.7,7.87,100.0,0.4,96.87,4,9.77,88,5
M00633,Mushroom Mycelium,18.57,7.21,100.0,0.23,97.88,5,9.26,78,4
M00634,Mushroom Mycelium,23.5,6.57,98.53,0.41,98.5,5,10.3,89,4
M00635,Mushroom Mycelium,19.81,6.22,100.0,0.4,99.22,3,8.93,77,4
M00636,Mushroom Mycelium,13.55,6.92,97.38,0.22,98.17,2,8.56,86,7
M00637,Mushroom Mycelium,17.91,5.91,99.18,0.34,98.32,3,9.04,83,6
M00638,Mushroom Mycelium,13.72,7.5,96.38,0.31,96.93,3,7.97,70,5
M00639,Mushroom Mycelium,18.38,7.42,99.41,0.29,96.63,3,9.19,85,4
M00640,Mushroom Mycelium,25.89,7.52,98.15,0.47,95.67,3,10.14,89,5
M00641,Mushroom Mycelium,22.63,5.83,95.08,0.36,98.14,4,10.41,97,7
M00642,Mushroom Mycelium,16.26,6.72,98.64,0.35,98.42,3,9.48,95,6
M00643,Mushroom Mycelium,23.85,8.63,97.49,0.46,98.08,2,10.19,98,4
M00644,Mushroom Mycelium,22.71,8.25,99.48,0.43,96.37,4,10.47,98,6
M00645,Mushroom Mycelium,20.06,8.48,96.95,0.34,97.33,2,9.16,85,4
M00646,Mushroom Mycelium,16.81,8.28,99.18,0.36,97.1,5,10.38,104,6
M00647,Mushroom Mycelium,17.48,5.52,98.89,0.33,96.26,4,8.75,74,7
M00648,Mushroom Mycelium,22.0,5.0,97.7,0.32,97.17,3,9.65,87,6
M00649,Mushroom Mycelium,19.25,5.86,99.28,0.34,99.13,5,10.03,92,8
M00650,Mushroom Mycelium,24.16,9.27,98.82,0.47,97.97,3,9.92,88,7
M00651,Mushroom Mycelium,25.22,6.46,96.61,0.37,98.65,3,10.52,98,4
M00652,Mushroom Mycelium,17.55,8.28,99.99,0.35,98.11,4,10.11,101,5
M00653,Mushroom Mycelium,10.91,7.31,95.0,0.27,98.54,4,8.24,77,7
M00654,Mushroom Mycelium,26.39,7.39,96.15,0.4,95.38,3,9.64,78,5
M00655,Mushroom Mycelium,14.11,8.01,97.62,0.33,97.88,2,8.76,89,5
M00656,Mushroom Mycelium,15.7,7.9,98.64,0.27,96.34,4,10.22,107,6
M00657,Mushroom Mycelium,17.26,5.78,95.0,0.33,100.0,5,9.63,88,6
M00658,Mushroom Mycelium,23.65,8.52,95.11,0.39,97.24,3,10.87,108,5
M00659,Mushroom Mycelium,14.06,6.84,96.49,0.24,99.4,3,8.01,70,6
M00660,Mushroom Mycelium,20.58,7.72,97.92,0.33,95.98,3,9.21,81,7
M00661,Mushroom Mycelium,20.56,7.51,99.61,0.34,100.0,4,9.36,80,5
M00662,Mushroom Mycelium,22.63,6.88,97.02,0.36,96.81,3,10.06,94,6
M00663,Mushroom Mycelium,18.01,7.83,100.0,0.35,97.74,3,9.5,92,5
M00664,Mushroom Mycelium,23.1,6.39,100.0,0.39,97.0,5,10.66,97,6
M00665,Mushroom Mycelium,21.64,7.74,97.96,0.3,98.0,3,9.96,94,4
M00666,Mushroom Mycelium,15.38,6.09,97.61,0.25,97.8,4,10.24,108,7
M00667,Mushroom Mycelium,25.77,6.43,97.63,0.38,96.21,5,11.83,115,4
M00668,Mushroom Mycelium,19.49,8.51,98.45,0.36,99.57,2,9.7,97,7
M00669,Mushroom Mycelium,25.04,5.84,97.55,0.42,97.52,4,11.25,109,5
M00670,Mushroom Mycelium,22.99,6.94,97.57,0.37,98.93,3,11.15,115,5
M00671,Mushroom Mycelium,19.75,6.62,99.21,0.34,95.0,3,9.72,93,6
M00672,Mushroom Mycelium,20.2,8.58,97.8,0.38,97.0,5,9.57,81,5
M00673,Mushroom Mycelium,23.75,8.02,99.93,0.44,98.55,3,10.22,95,5
M00674,Mushroom Mycelium,19.5,8.94,100.0,0.39,97.77,3,8.9,77,5
M00675,Mushroom Mycelium,24.38,8.09,99.01,0.36,99.36,4,9.39,73,6
M00676,Mushroom Mycelium,17.93,6.45,96.75,0.22,97.33,4,9.44,87,5
M00677,Mushroom Mycelium,19.13,8.11,98.84,0.34,97.24,6,9.76,83,5
M00678,Mushroom Mycelium,19.53,9.12,96.95,0.31,99.1,4,10.1,97,7
M00679,Mushroom Mycelium,16.69,6.83,96.49,0.28,97.48,4,10.47,110,5
M00680,Mushroom Mycelium,13.88,5.0,100.0,0.3,95.0,2,9.19,98,6
M00681,Mushroom Mycelium,25.48,6.92,96.07,0.35,100.0,3,10.8,103,5
M00682,Mushroom Mycelium,13.18,10.0,97.62,0.21,98.46,4,8.32,74,7
M00683,Mushroom Mycelium,15.37,8.95,98.21,0.31,98.46,5,9.54,90,5
M00684,Mushroom Mycelium,20.24,5.15,97.29,0.21,99.79,2,8.77,77,4
M00685,Mushroom Mycelium,19.68,7.98,97.58,0.31,96.73,4,8.77,70,6
M00686,Mushroom Mycelium,15.41,8.89,96.81,0.28,98.66,4,9.59,95,4
M00687,Mushroom Mycelium,17.1,9.59,98.57,0.23,97.8,3,9.31,90,8
M00688,Mushroom Mycelium,26.18,7.91,98.81,0.4,95.51,5,10.72,92,5
M00689,Mushroom Mycelium,15.51,6.06,98.28,0.21,96.71,2,8.75,86,8
M00690,Mushroom Mycelium,20.34,7.5,97.95,0.36,99.7,4,9.68,87,7
M00691,Mushroom Mycelium,21.4,7.72,97.52,0.4,95.7,3,9.44,84,6
M00692,Mushroom Mycelium,22.08,6.54,99.69,0.4,99.13,2,10.71,112,6
M00693,Mushroom Mycelium,13.56,6.52,98.37,0.31,99.45,4,9.06,88,6
M00694,Mushroom Mycelium,12.33,7.47,98.19,0.26,97.22,5,8.98,85,6
M00695,Mushroom Mycelium,19.79,6.86,98.92,0.3,98.77,2,9.18,86,5
M00696,Mushroom Mycelium,23.09,8.27,97.62,0.29,99.55,3,9.86,89,7
M00697,Mushroom Mycelium,18.0,7.34,97.17,0.3,96.7,5,9.55,85,5
M00698,Mushroom Mycelium,16.33,7.99,97.68,0.33,96.27,6,9.78,89,7
M00699,Mushroom Mycelium,18.49,6.53,97.09,0.3,95.83,2,9.95,104,6
M00700,Mushroom Mycelium,12.45,6.77,100.0,0.3,96.84,3,8.54,84,5
M00701,Mushroom Mycelium,16.98,6.91,97.95,0.36,99.93,3,9.25,89,5
M00702,Mushroom Mycelium,22.6,10.0,98.55,0.34,98.95,2,8.66,70,4
M00703,Mushroom Mycelium,14.6,8.05,98.28,0.35,96.51,5,8.66,74,7
M00704,Mushroom Mycelium,17.24,10.0,100.0,0.26,97.33,5,9.67,89,6
M00705,Mushroom Mycelium,18.0,5.82,96.19,0.32,96.87,2,9.1,88,4
M00706,Mushroom Mycelium,24.25,8.73,97.13,0.42,97.31,3,10.72,104,5
M00707,Mushroom Mycelium,18.42,5.5,100.0,0.27,99.17,3,9.74,96,7
M00708,Mushroom Mycelium,19.16,8.97,98.44,0.28,99.63,4,10.42,104,4
M00709,Mushroom Mycelium,10.12,7.01,97.45,0.2,99.08,4,9.21,98,6
M00710,Mushroom Mycelium,20.85,6.85,99.04,0.29,97.47,4,8.89,70,6
M00711,Mushroom Mycelium,20.91,7.48,96.17,0.35,96.62,3,9.29,82,5
M00712,Mushroom Mycelium,18.77,7.04,97.25,0.26,96.39,3,9.53,91,6
M00713,Mushroom Mycelium,19.03,7.59,98.2,0.32,97.29,3,10.65,113,6
M00714,Mushroom Mycelium,21.1,6.53,99.14,0.41,98.53,4,10.26,97,4
M00715,Mushroom Mycelium,27.82,5.0,98.04,0.4,98.37,3,10.23,87,6
M00716,Mushroom Mycelium,23.03,9.12,95.69,0.33,96.59,6,10.85,97,6
M00717,Mushroom Mycelium,22.57,7.82,100.0,0.34,97.15,3,10.51,103,6
M00718,Mushroom Mycelium,16.86,7.11,97.17,0.28,98.94,3,9.74,99,5
M00719,Mushroom Mycelium,14.03,7.07,98.62,0.29,98.93,3,9.0,90,6
M00720,Mushroom Mycelium,18.36,6.27,97.75,0.24,96.35,2,8.29,71,5
M00721,Mushroom Mycelium,17.12,7.89,96.17,0.38,97.06,4,10.36,107,5
M00722,Mushroom Mycelium,23.5,8.05,97.16,0.28,95.0,3,8.95,70,6
M00723,Mushroom Mycelium,23.95,9.0,98.22,0.28,98.45,3,9.24,75,6
M00724,Mushroom Mycelium,23.48,8.75,97.3,0.33,98.31,3,10.4,99,5
M00725,Mushroom Mycelium,17.34,6.01,99.14,0.29,98.24,4,10.33,106,6
M00726,Mushroom Mycelium,14.97,6.52,98.92,0.24,99.83,5,9.1,82,5
M00727,Mushroom Mycelium,20.31,5.28,99.68,0.34,99.33,5,9.63,82,5
M00728,Mushroom Mycelium,19.4,6.73,98.94,0.35,98.22,4,9.34,82,6
M00729,Mushroom Mycelium,18.06,7.86,95.01,0.32,95.85,3,9.06,83,5
M00730,Mushroom Mycelium,15.81,7.01,98.81,0.29,99.87,5,10.68,112,4
M00731,Mushroom Mycelium,17.71,6.78,97.22,0.34,99.67,4,10.22,103,6
M00732,Mushroom Mycelium,18.03,6.54,99.21,0.36,96.49,3,9.6,94,6
M00733,Mushroom Mycelium,21.03,9.87,97.67,0.43,98.89,3,9.75,91,4
M00734,Mushroom Mycelium,14.07,6.19,95.38,0.25,98.41,4,9.41,94,5
M00735,Mushroom Mycelium,30.0,7.39,95.14,0.45,99.29,4,10.9,92,5
M00736,Mushroom Mycelium,20.67,7.5,100.0,0.37,98.03,4,9.72,87,6
M00737,Mushroom Mycelium,20.27,6.0,98.12,0.4,97.1,3,9.28,83,5
M00738,Mushroom Mycelium,18.96,7.89,96.48,0.32,98.79,3,9.95,99,8
M00739,Mushroom Mycelium,18.6,7.89,96.62,0.28,96.92,2,10.76,120,4
M00740,Mushroom Mycelium,23.56,6.96,98.84,0.39,96.01,3,8.96,70,4
M00741,Mushroom Mycelium,17.03,6.18,97.42,0.38,98.13,4,9.4,88,5
M00742,Mushroom Mycelium,23.68,6.45,96.62,0.47,99.72,3,8.97,70,6
M00743,Mushroom Mycelium,19.69,9.19,98.03,0.34,99.95,3,9.22,83,5
M00744,Mushroom Mycelium,17.6,8.11,98.41,0.34,98.68,3,8.66,76,4
M00745,Mushroom Mycelium,22.25,8.12,98.1,0.36,99.67,2,9.12,80,6
M00746,Mushroom Mycelium,20.59,7.79,99.32,0.31,96.74,3,9.16,80,6
M00747,Mushroom Mycelium,14.35,6.61,96.46,0.29,95.97,3,9.38,97,5
M00748,Mushroom Mycelium,19.89,7.13,99.71,0.38,95.63,3,9.09,80,5
M00749,Mushroom Mycelium,18.48,8.29,97.08,0.29,99.24,5,9.45,82,5
M00750,Mushroom Mycelium,19.38,9.22,99.66,0.36,95.87,3,9.79,95,5
M00751,Mushroom Mycelium,19.81,7.25,96.97,0.34,98.84,5,10.43,99,6
M00752,Mushroom Mycelium,15.7,6.59,97.88,0.37,99.59,5,9.77,94,5
M00753,Mushroom Mycelium,22.13,8.96,98.62,0.31,98.38,4,9.96,89,5
M00754,Mushroom Mycelium,12.51,7.55,100.0,0.32,97.97,2,9.1,99,6
M00755,Mushroom Mycelium,17.96,7.97,99.43,0.34,100.0,3,9.4,90,5
M00756,Mushroom Mycelium,22.68,7.22,100.0,0.32,97.22,4,10.87,106,5
M00757,Mushroom Mycelium,23.3,8.22,97.9,0.29,100.0,4,10.43,96,6
M00758,Mushroom Mycelium,20.64,5.59,98.93,0.35,100.0,3,8.66,70,5
M00759,Mushroom Mycelium,15.57,5.13,96.34,0.3,99.74,4,9.81,99,5
M00760,Mushroom Mycelium,16.15,7.29,97.09,0.3,96.87,4,9.52,92,6
M00761,Mushroom Mycelium,16.89,7.55,100.0,0.23,98.45,5,9.74,91,6
M00762,Mushroom Mycelium,17.91,6.92,95.62,0.38,98.68,5,9.59,86,8
M00763,Mushroom Mycelium,24.86,8.8,98.44,0.38,96.41,4,10.89,102,6
M00764,Mushroom Mycelium,21.31,7.51,98.91,0.25,99.45,5,10.08,89,6
M00765,Mushroom Mycelium,18.75,7.67,97.77,0.42,96.66,4,9.58,88,6
M00766,Mushroom Mycelium,16.46,6.78,96.17,0.35,98.01,4,9.05,82,7
M00767,Mushroom Mycelium,23.05,8.46,98.5,0.35,98.91,3,10.3,98,5
M00768,Mushroom Mycelium,28.09,7.14,95.73,0.38,96.44,3,11.21,106,8
M00769,Mushroom Mycelium,11.62,6.69,99.01,0.25,96.35,4,8.31,77,6
M00770,Mushroom Mycelium,20.59,7.81,96.08,0.42,98.58,5,9.46,78,6
M00771,Mushroom Mycelium,16.6,7.24,98.69,0.3,96.86,4,8.76,76,6
M00772,Mushroom Mycelium,14.1,7.25,97.28,0.35,100.0,3,10.11,112,6
M00773,Mushroom Mycelium,22.44,5.42,99.56,0.41,97.22,4,10.59,101,7
M00774,Mushroom Mycelium,21.97,8.29,98.01,0.31,98.46,4,9.5,80,5
M00775,Mushroom Mycelium,22.26,8.29,98.9,0.43,98.17,5,9.83,82,4
M00776,Mushroom Mycelium,22.49,8.06,97.15,0.42,98.71,5,10.1,87,5
M00777,Mushroom Mycelium,24.89,7.34,98.11,0.4,98.31,2,9.39,80,4
M00778,Mushroom Mycelium,21.62,9.35,95.81,0.41,100.0,4,9.86,88,6
M00779,Mushroom Mycelium,14.62,9.26,97.73,0.25,99.73,6,9.36,84,7
M00780,Mushroom Mycelium,26.39,8.56,95.0,0.39,99.37,2,10.19,93,5
M00781,Mushroom Mycelium,22.88,7.08,98.51,0.36,95.0,3,10.64,105,5
M00782,Mushroom Mycelium,22.7,7.36,96.51,0.46,99.71,4,9.37,76,6
M00783,Mushroom Mycelium,13.55,6.91,96.58,0.37,97.12,2,7.96,74,6
M00784,Mushroom Mycelium,11.76,8.55,96.92,0.25,99.76,4,8.63,83,5
M00785,Mushroom Mycelium,14.61,6.77,100.0,0.41,96.9,4,9.51,95,6
M00786,Mushroom Mycelium,19.3,7.13,97.29,0.3,96.6,5,10.33,98,7
M00787,Mushroom Mycelium,16.84,8.17,97.59,0.36,100.0,2,9.38,96,5
M00788,Mushroom Mycelium,10.0,8.72,96.45,0.23,96.64,4,8.65,87,6
M00789,Mushroom Mycelium,25.15,8.38,96.55,0.47,97.15,5,11.07,101,6
M00790,Mushroom Mycelium,22.03,5.89,98.72,0.39,97.62,2,10.0,98,7
M00791,Mushroom Mycelium,21.34,5.75,96.63,0.34,95.0,3,9.63,88,4
M00792,Mushroom Mycelium,18.7,8.24,98.88,0.36,99.83,2,9.72,99,7
M00793,Mushroom Mycelium,20.36,7.85,98.45,0.35,95.44,3,10.19,101,6
M00794,Mushroom Mycelium,16.53,7.13,97.31,0.24,98.82,4,9.1,83,6
M00795,Mushroom Mycelium,18.92,7.91,98.92,0.37,97.97,6,10.04,89,5
M00796,Mushroom Mycelium,18.98,5.89,97.44,0.35,98.42,2,8.75,79,6
M00797,Mushroom Mycelium,26.11,6.52,96.36,0.5,96.61,4,10.36,89,5
M00798,Mushroom Mycelium,24.73,7.89,99.34,0.42,96.99,2,9.42,81,4
M00799,Mushroom Mycelium,17.88,9.15,99.27,0.25,99.29,5,9.74,89,6
M00800,Mushroom Mycelium,19.26,6.1,100.0,0.36,96.47,4,10.38,103,6
M00801,Mushroom Mycelium,20.3,7.24,99.87,0.28,96.58,3,9.68,91,4
M00802,Mushroom Mycelium,21.77,5.87,98.24,0.36,98.83,4,10.13,93,4
M00803,Mushroom Mycelium,16.58,6.57,98.85,0.37,98.81,3,8.66,78,5
M00804,Mushroom Mycelium,15.52,8.06,97.48,0.37,95.72,2,7.95,70,5
M00805,Mushroom Mycelium,19.8,6.87,95.97,0.29,97.79,3,9.53,89,4
M00806,Mushroom Mycelium,19.04,7.9,97.85,0.31,95.82,2,9.2,88,6
M00807,Mushroom Mycelium,20.31,6.1,97.91,0.37,98.76,5,9.18,73,5
M00808,Mushroom Mycelium,19.75,7.18,96.5,0.3,99.13,3,8.92,77,5
M00809,Mushroom Mycelium,19.66,8.52,99.38,0.38,98.74,2,9.57,94,4
M00810,Mushroom Mycelium,21.09,6.76,95.69,0.36,95.88,3,10.36,103,5
M00811,Mushroom Mycelium,18.07,5.57,96.23,0.32,99.0,2,8.86,83,5
M00812,Mushroom Mycelium,20.21,7.61,95.0,0.27,97.67,2,9.27,87,7
M00813,Mushroom Mycelium,19.52,8.24,99.05,0.39,96.1,4,9.75,90,6
M00814,Mushroom Mycelium,20.95,7.47,97.05,0.35,96.87,5,10.55,99,6
M00815,Mushroom Mycelium,26.24,5.51,98.81,0.43,96.94,4,10.67,95,6
M00816,Mushroom Mycelium,22.1,6.47,97.03,0.38,99.14,2,8.91,76,5
M00817,Mushroom Mycelium,24.48,6.67,95.0,0.35,97.34,3,10.45,98,7
M00818,Mushroom Mycelium,25.39,6.96,99.0,0.38,100.0,4,10.19,87,5
M00819,Mushroom Mycelium,19.94,7.46,98.66,0.32,97.29,3,9.94,97,5
M00820,Mushroom Mycelium,20.39,7.31,99.33,0.39,97.36,3,8.69,71,6
M00821,Mushroom Mycelium,19.34,7.65,95.69,0.39,97.77,4,10.53,106,6
M00822,Mushroom Mycelium,22.38,7.35,100.0,0.28,96.83,4,10.59,101,4
M00823,Mushroom Mycelium,14.72,7.72,98.39,0.28,97.13,2,8.17,76,5
M00824,Mushroom Mycelium,19.27,8.17,98.4,0.38,98.68,4,8.78,71,7
M00825,Mushroom Mycelium,20.63,7.76,98.54,0.36,96.2,3,9.66,90,5
M00826,Mushroom Mycelium,19.34,8.69,98.12,0.3,98.28,3,9.43,88,7
M00827,Mushroom Mycelium,22.35,5.0,99.27,0.38,98.15,2,9.84,94,7
M00828,Mushroom Mycelium,22.5,7.87,97.72,0.39,97.61,3,10.15,96,5
M00829,Mushroom Mycelium,18.29,8.72,98.04,0.32,97.39,2,9.53,96,5
M00830,Mushroom Mycelium,18.35,5.57,97.35,0.37,99.28,4,10.24,102,5
M00831,Mushroom Mycelium,17.93,8.15,99.55,0.33,96.37,3,9.84,99,4
M00832,Mushroom Mycelium,20.86,5.83,96.13,0.4,100.0,3,9.24,81,5
M00833,Mushroom Mycelium,20.58,7.42,100.0,0.32,97.37,4,10.11,95,4
M00834,Mushroom Mycelium,21.1,7.87,96.59,0.36,95.0,6,10.51,94,6
M00835,Mushroom Mycelium,16.04,6.67,98.3,0.34,96.62,4,8.95,81,6
M00836,Mushroom Mycelium,23.61,10.0,96.7,0.26,100.0,3,10.96,110,5
M00837,Mushroom Mycelium,23.23,7.1,98.52,0.38,98.86,2,9.87,93,6
M00838,Mushroom Mycelium,20.24,8.81,100.0,0.41,96.95,2,9.22,86,4
M00839,Mushroom Mycelium,24.42,5.0,96.81,0.35,98.55,4,9.84,82,7
M00840,Mushroom Mycelium,21.63,6.57,97.21,0.47,99.98,2,9.91,97,5
M00841,Mushroom Mycelium,28.04,6.59,100.0,0.48,98.93,3,10.5,92,6
M00842,Mushroom Mycelium,27.07,7.97,99.63,0.38,98.48,3,10.41,92,6
M00843,Mushroom Mycelium,23.62,8.62,98.28,0.39,98.08,4,10.66,100,6
M00844,Mushroom Mycelium,17.17,7.48,95.14,0.25,97.87,4,10.52,110,7
M00845,Mushroom Mycelium,26.79,10.0,96.64,0.36,99.01,4,10.23,85,5
M00846,Mushroom Mycelium,18.64,6.78,96.35,0.37,98.81,3,9.76,96,7
M00847,Mushroom Mycelium,18.18,5.0,97.42,0.29,98.72,5,9.37,81,4
M00848,Mushroom Mycelium,10.0,6.84,99.71,0.29,99.54,3,9.6,110,7
M00849,Mushroom Mycelium,16.81,7.66,98.2,0.34,95.88,3,8.53,75,6
M00850,Mushroom Mycelium,20.54,7.29,99.59,0.4,96.04,3,9.8,93,6
M00851,Mushroom Mycelium,20.49,7.45,97.5,0.34,98.75,5,9.8,85,6
M00852,Mushroom Mycelium,24.93,8.35,96.11,0.44,99.12,4,10.69,98,6
M00853,Mushroom Mycelium,18.75,7.31,96.48,0.3,96.74,3,9.03,81,4
M00854,Mushroom Mycelium,22.74,7.15,97.9,0.4,96.01,5,11.07,106,6
M00855,Mushroom Mycelium,18.96,9.14,97.98,0.46,96.38,2,9.1,86,7
M00856,Mushroom Mycelium,20.58,8.92,96.45,0.36,97.5,5,10.91,107,6
M00857,Mushroom Mycelium,16.97,7.57,99.5,0.33,95.25,3,10.3,110,5
M00858,Mushroom Mycelium,30.0,8.82,99.49,0.47,99.78,4,10.75,89,5
M00859,Mushroom Mycelium,20.4,6.79,96.88,0.27,99.34,4,9.54,84,6
M00860,Mushroom Mycelium,13.14,5.0,95.0,0.24,95.01,4,8.11,70,6
M00861,Mushroom Mycelium,20.67,8.09,100.0,0.37,100.0,3,10.02,97,6
M00862,Mushroom Mycelium,20.04,8.5,97.01,0.36,99.88,4,9.8,90,7
M00863,Mushroom Mycelium,20.41,7.75,98.88,0.44,98.71,3,9.69,91,6
M00864,Mushroom Mycelium,17.18,9.11,97.88,0.34,99.67,3,9.72,98,5
M00865,Mushroom Mycelium,20.81,7.96,96.61,0.29,97.58,3,9.03,77,4
M00866,Mushroom Mycelium,20.15,8.01,95.0,0.34,100.0,3,8.62,70,6
M00867,Mushroom Mycelium,22.99,7.44,98.34,0.37,98.22,3,9.2,76,6
M00868,Mushroom Mycelium,18.93,7.81,98.46,0.38,98.86,4,9.94,95,6
M00869,Mushroom Mycelium,19.11,8.34,98.98,0.31,98.59,2,9.11,86,7
M00870,Mushroom Mycelium,19.52,6.72,99.24,0.37,97.11,4,9.3,81,5
M00871,Mushroom Mycelium,23.35,6.48,98.04,0.34,99.74,2,9.89,93,6
M00872,Mushroom Mycelium,20.79,5.87,97.9,0.35,95.92,3,9.48,86,5
M00873,Mushroom Mycelium,20.7,5.15,95.0,0.3,100.0,5,10.47,98,5
M00874,Mushroom Mycelium,23.13,6.96,97.18,0.4,96.42,3,10.21,96,5
M00875,Mushroom Mycelium,25.55,8.96,98.98,0.43,97.91,3,10.15,90,5
M00876,Mushroom Mycelium,16.27,6.13,97.6,0.3,99.82,2,9.23,94,6
M00877,Mushroom Mycelium,23.09,6.39,97.42,0.4,95.47,5,9.81,80,5
M00878,Mushroom Mycelium,20.89,8.18,97.83,0.38,99.01,4,9.24,77,5
M00879,Mushroom Mycelium,22.34,8.53,98.39,0.35,96.67,4,10.88,107,5
M00880,Mushroom Mycelium,23.96,7.28,99.43,0.5,99.68,4,10.05,87,6
M00881,Mushroom Mycelium,24.61,7.75,99.45,0.45,96.89,3,10.31,95,7
M00882,Mushroom Mycelium,18.6,7.42,96.44,0.26,97.47,2,9.36,92,6
M00883,Mushroom Mycelium,19.46,6.54,97.9,0.32,100.0,3,9.4,87,5
M00884,Mushroom Mycelium,12.72,7.07,95.1,0.25,96.26,2,9.32,103,6
M00885,Mushroom Mycelium,22.83,6.52,98.96,0.4,97.64,2,9.68,90,4
M00886,Mushroom Mycelium,19.48,7.79,95.98,0.35,100.0,3,8.95,78,6
M00887,Mushroom Mycelium,16.65,6.65,98.82,0.31,99.33,4,10.32,107,5
M00888,Mushroom Mycelium,18.99,6.62,96.44,0.33,96.51,6,10.35,95,5
M00889,Mushroom Mycelium,29.75,7.26,97.19,0.5,98.15,4,10.88,92,5
M00890,Mushroom Mycelium,18.59,6.15,97.85,0.27,99.63,2,9.56,96,8
M00891,Mushroom Mycelium,16.2,6.36,96.72,0.26,96.87,3,9.12,88,5
M00892,Mushroom Mycelium,21.32,6.24,98.3,0.41,97.48,3,9.78,91,4
M00893,Mushroom Mycelium,20.15,7.73,98.32,0.4,98.19,3,9.42,86,6
M00894,Mushroom Mycelium,10.0,5.91,98.26,0.24,99.13,4,9.15,97,4
M00895,Mushroom Mycelium,22.35,8.8,97.22,0.41,97.84,4,10.14,92,4
M00896,Mushroom Mycelium,14.93,7.44,98.69,0.33,98.13,4,8.94,83,6
M00897,Mushroom Mycelium,15.48,6.25,96.71,0.29,97.8,2,8.55,82,6
M00898,Mushroom Mycelium,23.74,6.41,99.68,0.39,99.43,5,11.02,103,6
M00899,Mushroom Mycelium,24.4,8.61,99.86,0.37,98.9,5,11.44,110,5
M00900,Mushroom Mycelium,10.56,7.18,97.99,0.2,99.3,4,8.96,92,5
M00901,Mushroom Mycelium,30.0,7.02,97.61,0.41,98.62,4,11.35,101,5
M00902,Mushroom Mycelium,15.32,7.02,96.17,0.24,97.09,3,8.88,85,6
M00903,Mushroom Mycelium,21.59,7.99,98.66,0.35,98.41,3,9.66,88,6
M00904,Mushroom Mycelium,25.25,8.16,99.11,0.39,98.95,5,10.12,82,8
M00905,Mushroom Mycelium,23.38,5.66,98.07,0.29,97.51,2,10.74,110,5
M00906,Mushroom Mycelium,21.25,7.51,98.65,0.4,99.19,6,10.12,86,7
M00907,Mushroom Mycelium,14.43,8.08,96.9,0.31,98.63,4,9.34,92,7
M00908,Mushroom Mycelium,25.83,8.06,97.11,0.39,96.77,5,11.18,102,6
M00909,Mushroom Mycelium,20.54,8.52,96.24,0.34,98.06,4,10.45,102,4
M00910,Mushroom Mycelium,17.82,6.94,98.42,0.29,96.92,5,9.08,76,4
M00911,Mushroom Mycelium,20.03,7.12,95.96,0.28,97.67,3,9.5,88,8
M00912,Mushroom Mycelium,22.21,6.46,100.0,0.38,98.18,4,10.42,98,6
M00913,Mushroom Mycelium,21.3,7.82,98.32,0.37,100.0,3,9.43,84,6
M00914,Mushroom Mycelium,17.43,8.9,97.25,0.31,97.99,5,9.54,86,5
M00915,Mushroom Mycelium,26.7,10.0,97.53,0.43,98.88,3,10.57,96,7
M00916,Mushroom Mycelium,21.28,7.65,99.34,0.47,100.0,4,10.68,105,5
M00917,Mushroom Mycelium,23.87,9.26,99.53,0.32,97.61,3,9.34,77,8
M00918,Mushroom Mycelium,20.67,7.27,98.21,0.36,96.95,2,8.57,72,6
M00919,Mushroom Mycelium,13.36,9.82,99.14,0.23,98.53,3,8.74,86,4
M00920,Mushroom Mycelium,21.27,7.95,98.98,0.39,98.46,3,9.78,91,6
M00921,Mushroom Mycelium,19.04,7.22,98.8,0.39,100.0,2,8.75,79,6
M00922,Mushroom Mycelium,19.98,6.23,99.83,0.46,97.7,4,9.25,79,7
M00923,Mushroom Mycelium,22.05,7.1,97.38,0.38,97.56,2,9.81,94,5
M00924,Mushroom Mycelium,26.08,7.26,100.0,0.37,97.72,6,10.46,83,6
M00925,Mushroom Mycelium,15.51,8.31,99.31,0.35,99.15,4,8.55,74,6
M00926,Mushroom Mycelium,19.18,7.68,95.94,0.3,95.0,5,10.32,98,5
M00927,Mushroom Mycelium,16.82,8.68,96.24,0.26,97.57,3,9.23,89,4
M00928,Mushroom Mycelium,18.31,7.85,99.66,0.4,95.38,3,8.78,77,5
M00929,Mushroom Mycelium,15.09,5.87,97.37,0.29,100.0,3,9.06,89,4
M00930,Mushroom Mycelium,21.49,8.14,98.5,0.36,96.56,3,10.15,98,6
M00931,Mushroom Mycelium,21.84,7.64,100.0,0.3,97.22,3,9.23,79,5
M00932,Mushroom Mycelium,16.87,9.39,97.24,0.34,100.0,4,9.39,88,5
M00933,Mushroom Mycelium,20.55,9.07,97.6,0.4,96.13,3,10.15,100,5
M00934,Mushroom Mycelium,16.92,8.12,95.0,0.33,95.27,3,9.39,92,6
M00935,Mushroom Mycelium,18.74,7.18,96.81,0.36,97.91,3,9.02,81,6
M00936,Mushroom Mycelium,15.41,7.34,96.45,0.41,97.11,3,9.79,103,6
M00937,Mushroom Mycelium,18.9,6.3,99.52,0.27,97.61,5,9.79,88,6
M00938,Mushroom Mycelium,18.92,6.17,96.58,0.44,99.44,4,9.89,94,4
M00939,Mushroom Mycelium,20.77,7.27,98.15,0.43,97.58,3,9.83,93,5
M00940,Mushroom Mycelium,17.38,5.96,98.81,0.3,97.76,5,9.29,81,5
M00941,Mushroom Mycelium,16.19,8.19,99.64,0.28,100.0,3,8.32,72,6
M00942,Mushroom Mycelium,18.6,8.52,98.44,0.36,97.53,3,10.31,107,6
M00943,Mushroom Mycelium,22.04,5.45,97.25,0.3,98.91,2,9.55,89,5
M00944,Mushroom Mycelium,20.49,7.34,97.49,0.4,98.31,4,10.1,95,6
M00945,Mushroom Mycelium,12.21,9.3,98.46,0.25,97.77,4,8.22,74,6
M00946,Mushroom Mycelium,22.29,8.0,96.94,0.34,100.0,4,10.18,93,5
M00947,Mushroom Mycelium,21.58,8.36,98.27,0.31,97.04,6,10.06,84,4
M00948,Mushroom Mycelium,15.74,7.54,98.27,0.3,97.55,2,9.82,107,7
M00949,Mushroom Mycelium,22.26,6.81,97.0,0.44,97.47,2,9.28,83,5
M00950,Mushroom Mycelium,18.57,9.9,98.66,0.36,97.28,4,10.16,100,6
M00951,Mushroom Mycelium,18.56,5.02,96.71,0.32,97.02,4,9.86,94,6
M00952,Mushroom Mycelium,21.12,7.0,98.0,0.34,97.4,2,9.11,82,6
M00953,Mushroom Mycelium,17.38,8.41,98.26,0.35,96.03,2,9.39,95,5
M00954,Mushroom Mycelium,10.13,5.0,96.32,0.2,100.0,3,7.91,76,5
M00955,Mushroom Mycelium,25.05,8.86,98.66,0.48,97.85,5,10.05,81,6
M00956,Mushroom Mycelium,19.71,5.4,98.1,0.35,97.76,3,8.82,75,6
M00957,Mushroom Mycelium,16.17,8.6,98.24,0.27,95.0,4,9.47,91,5
M00958,Mushroom Mycelium,21.92,7.23,98.13,0.34,96.6,3,9.99,94,6
M00959,Mushroom Mycelium,18.46,6.43,98.9,0.32,96.55,4,9.1,79,6
M00960,Mushroom Mycelium,19.39,7.69,99.41,0.34,95.52,5,9.99,91,6
M00961,Mushroom Mycelium,19.51,7.51,98.21,0.31,97.5,3,10.15,102,6
M00962,Mushroom Mycelium,13.35,8.27,97.18,0.22,99.94,4,8.79,83,5
M00963,Mushroom Mycelium,21.71,8.1,96.91,0.35,97.49,2,8.77,74,6
M00964,Mushroom Mycelium,19.29,7.93,100.0,0.36,96.24,2,8.88,81,6
M00965,Mushroom Mycelium,25.17,9.41,98.51,0.4,97.39,2,9.72,86,6
M00966,Mushroom Mycelium,22.62,5.0,98.4,0.44,98.79,4,10.06,90,6
M00967,Mushroom Mycelium,23.11,9.94,97.97,0.25,98.41,3,9.31,78,4
M00968,Mushroom Mycelium,16.91,5.68,97.42,0.35,99.85,5,9.59,88,6
M00969,Mushroom Mycelium,24.76,5.9,98.15,0.49,96.29,3,10.18,92,4
M00970,Mushroom Mycelium,26.16,6.79,99.4,0.41,99.21,3,10.32,92,6
M00971,Mushroom Mycelium,10.0,7.13,98.49,0.3,98.67,4,8.75,89,6
M00972,Mushroom Mycelium,17.06,8.77,97.63,0.32,98.4,4,9.16,83,8
M00973,Mushroom Mycelium,21.4,7.89,98.53,0.35,98.92,2,9.74,94,5
M00974,Mushroom Mycelium,20.99,8.99,98.13,0.37,97.0,3,8.7,70,6
M00975,Mushroom Mycelium,19.85,7.54,98.73,0.32,97.29,4,9.14,77,7
M00976,Mushroom Mycelium,14.99,8.49,97.59,0.39,98.69,2,9.35,99,5
M00977,Mushroom Mycelium,19.02,5.91,96.87,0.49,98.37,4,9.2,80,7
M00978,Mushroom Mycelium,19.4,7.19,98.72,0.4,97.2,4,9.29,81,5
M00979,Mushroom Mycelium,25.02,6.68,99.09,0.37,99.04,2,10.3,98,5
M00980,Mushroom Mycelium,24.06,7.58,97.92,0.38,96.19,5,10.36,89,5
M00981,Mushroom Mycelium,23.06,9.43,96.23,0.37,98.07,3,9.76,87,4
M00982,Mushroom Mycelium,19.64,7.86,99.62,0.36,98.67,3,9.01,79,8
M00983,Mushroom Mycelium,18.86,10.0,100.0,0.46,99.03,4,9.89,94,4
M00984,Mushroom Mycelium,14.03,9.82,98.07,0.25,96.7,4,9.05,87,6
M00985,Mushroom Mycelium,22.86,7.41,97.03,0.46,96.61,4,10.39,96,8
M00986,Mushroom Mycelium,26.82,8.03,96.98,0.45,96.86,4,9.48,70,5
M00987,Mushroom Mycelium,19.78,6.39,95.71,0.31,97.71,4,10.13,97,6
M00988,Mushroom Mycelium,20.61,7.78,97.32,0.34,100.0,5,10.51,99,4
M00989,Mushroom Mycelium,25.2,7.3,99.48,0.36,100.0,3,10.02,88,7
M00990,Mushroom Mycelium,20.47,6.78,100.0,0.32,98.4,4,9.5,83,6
M00991,Mushroom Mycelium,20.86,6.29,95.57,0.43,95.92,2,9.84,97,4
M00992,Mushroom Mycelium,10.23,6.04,96.41,0.34,96.75,4,8.07,75,4
M00993,Mushroom Mycelium,25.85,7.58,97.77,0.27,96.41,5,11.59,110,5
M00994,Mushroom Mycelium,18.37,5.0,98.36,0.26,96.4,5,9.99,93,5
M00995,Mushroom Mycelium,20.77,5.41,97.82,0.37,97.52,3,9.83,93,4
M00996,Mushroom Mycelium,22.53,6.53,99.73,0.42,99.98,5,11.1,107,5
M00997,Mushroom Mycelium,26.64,6.48,95.95,0.39,97.18,2,9.61,81,6
M00998,Mushroom Mycelium,15.48,7.01,97.66,0.33,99.26,3,8.3,73,6
M00999,Mushroom Mycelium,20.64,8.38,95.93,0.36,97.83,5,9.41,77,5
M01000,Mushroom Mycelium,16.85,8.34,97.58,0.37,100.0,2,8.34,75,4
M01001,Mushroom Mycelium,23.39,5.61,98.16,0.34,97.78,5,10.69,97,6
M01002,Mushroom Mycelium,19.1,8.98,99.23,0.31,95.58,3,9.31,86,4
M01003,Mushroom Mycelium,25.12,6.43,97.28,0.42,96.39,3,10.66,101,4
M01004,Mushroom Mycelium,22.18,7.93,98.72,0.36,96.58,3,10.02,94,5
M01005,Mushroom Mycelium,13.18,7.24,98.12,0.23,99.42,4,9.12,90,7
M01006,Mushroom Mycelium,18.31,7.03,96.67,0.32,95.7,3,9.08,83,6
M01007,Mushroom Mycelium,20.8,5.41,96.71,0.29,97.12,5,9.53,79,6
M01008,Mushroom Mycelium,15.47,8.53,99.86,0.35,99.93,3,8.85,84,5
M01009,Mushroom Mycelium,16.61,5.65,97.34,0.35,95.0,3,9.86,102,5
M01010,Mushroom Mycelium,17.94,8.23,99.19,0.23,96.7,4,9.89,96,5
M01011,Mushroom Mycelium,22.31,7.32,97.84,0.24,98.5,2,9.23,82,6
M01012,Mushroom Mycelium,24.51,8.04,100.0,0.44,100.0,4,9.8,81,6
M01013,Mushroom Mycelium,29.97,9.01,99.42,0.42,99.07,2,10.3,88,6
M01014,Mushroom Mycelium,15.42,7.16,99.37,0.33,99.38,3,9.64,100,7
M01015,Mushroom Mycelium,15.98,7.82,98.89,0.27,99.43,4,8.4,70,4
M01016,Mushroom Mycelium,23.01,6.53,98.14,0.35,98.25,4,9.15,71,6
M01017,Mushroom Mycelium,22.15,6.15,99.7,0.4,96.49,2,10.42,106,6
M01018,Mushroom Mycelium,16.27,9.07,96.92,0.25,95.36,2,8.98,89,4
M01019,Mushroom Mycelium,15.67,7.4,98.63,0.32,95.65,3,9.27,92,4
M01020,Mushroom Mycelium,21.65,7.84,98.87,0.33,95.15,5,10.62,99,4
M01021,Mushroom Mycelium,22.25,7.38,99.1,0.33,99.95,4,10.43,98,7
M01022,Mushroom Mycelium,20.45,10.0,98.47,0.4,99.65,5,9.64,82,6
M01023,Mushroom Mycelium,14.69,7.5,97.02,0.32,97.54,4,8.77,80,7
M01024,Mushroom Mycelium,24.24,7.13,100.0,0.38,96.2,5,9.77,77,7
M01025,Mushroom Mycelium,24.08,5.0,98.47,0.43,99.09,3,10.91,108,7
M01026,Mushroom Mycelium,23.03,9.76,98.68,0.42,98.5,5,10.25,89,4
M01027,Mushroom Mycelium,23.71,7.56,98.98,0.33,96.27,4,10.37,94,4
M01028,Mushroom Mycelium,24.02,5.0,98.13,0.34,97.9,3,10.0,90,7
M01029,Mushroom Mycelium,14.99,6.63,95.5,0.28,98.44,2,9.05,93,5
M01030,Mushroom Mycelium,12.58,7.95,96.41,0.28,98.87,3,9.06,94,5
M01031,Mushroom Mycelium,25.83,7.9,97.86,0.45,97.85,2,10.33,97,6
M01032,Mushroom Mycelium,24.22,7.98,98.19,0.34,96.98,3,10.27,95,4
M01033,Mushroom Mycelium,26.72,8.91,97.56,0.45,97.88,2,9.87,86,6
M01034,Mushroom Mycelium,20.96,5.74,97.14,0.36,98.97,2,8.95,79,4
M01035,Mushroom Mycelium,19.64,6.14,100.0,0.31,99.21,2,8.66,76,5
M01036,Mushroom Mycelium,16.23,8.06,98.21,0.32,96.41,2,9.02,90,4
M01037,Mushroom Mycelium,15.33,8.49,98.46,0.29,100.0,4,9.18,87,6
M01038,Mushroom Mycelium,24.49,6.57,98.81,0.39,97.72,4,9.75,80,5
M01039,Mushroom Mycelium,21.25,6.46,97.42,0.3,96.17,3,10.38,103,5
M01040,Mushroom Mycelium,27.78,7.91,99.3,0.42,98.07,3,11.08,104,6
M01041,Mushroom Mycelium,22.07,7.75,98.45,0.37,97.69,2,8.71,72,5
M01042,Mushroom Mycelium,20.21,7.09,95.06,0.33,99.77,4,9.87,91,6
M01043,Mushroom Mycelium,21.7,8.89,99.45,0.4,98.09,2,9.82,95,7
M01044,Mushroom Mycelium,21.39,6.41,97.5,0.26,98.02,4,8.94,70,7
M01045,Mushroom Mycelium,18.61,8.02,97.56,0.27,95.47,3,9.21,85,5
M01046,Mushroom Mycelium,19.92,6.93,100.0,0.27,95.0,5,10.04,91,5
M01047,Mushroom Mycelium,12.86,9.9,95.15,0.32,98.26,6,9.34,87,5
M01048,Mushroom Mycelium,28.39,9.26,95.0,0.47,96.35,4,10.94,96,4
M01049,Mushroom Mycelium,24.65,7.98,98.36,0.35,97.41,5,9.52,71,5
M01050,Mushroom Mycelium,17.29,9.57,98.84,0.33,96.99,2,9.33,94,4
M01051,Mushroom Mycelium,21.71,9.1,98.07,0.36,96.33,2,8.57,70,5
M01052,Mushroom Mycelium,20.32,8.27,97.24,0.33,97.09,3,10.08,99,4
M01053,Mushroom Mycelium,14.98,6.13,98.42,0.29,98.11,5,10.35,107,4
M01054,Mushroom Mycelium,17.94,6.58,98.57,0.34,96.13,4,10.24,103,6
M01055,Mushroom Mycelium,21.39,8.28,98.24,0.38,99.95,3,9.39,83,5
M01056,Mushroom Mycelium,17.35,6.36,97.07,0.3,99.53,3,9.69,97,7
M01057,Mushroom Mycelium,14.0,7.55,97.68,0.35,99.15,3,8.65,83,8
M01058,Mushroom Mycelium,25.37,10.0,96.23,0.32,98.69,2,9.69,85,6
M01059,Mushroom Mycelium,18.84,6.08,97.34,0.34,99.24,3,10.03,101,4
M01060,Mushroom Mycelium,20.69,9.82,95.57,0.38,95.42,4,9.67,86,5
M01061,Mushroom Mycelium,23.27,7.12,99.65,0.44,98.95,4,10.98,107,4
M01062,Mushroom Mycelium,14.06,7.35,95.8,0.33,96.84,3,9.16,93,6
M01063,Mushroom Mycelium,19.99,6.02,97.43,0.39,99.34,3,9.85,95,5
M01064,Mushroom Mycelium,14.77,8.13,97.35,0.2,99.71,2,8.38,80,5
M01065,Mushroom Mycelium,18.64,5.77,99.35,0.32,96.76,3,9.81,97,6
M01066,Mushroom Mycelium,16.4,6.39,96.85,0.39,96.92,3,9.84,102,6
M01067,Mushroom Mycelium,17.96,7.23,97.76,0.36,96.97,2,9.05,87,4
M01068,Mushroom Mycelium,25.08,10.0,97.79,0.48,96.31,2,9.36,79,4
M01069,Mushroom Mycelium,20.15,7.86,96.91,0.33,99.26,3,9.87,95,4
M01070,Mushroom Mycelium,22.45,5.57,95.1,0.34,96.82,2,8.95,76,6
M01071,Mushroom Mycelium,24.24,8.24,99.17,0.45,97.92,4,10.12,88,6
M01072,Mushroom Mycelium,18.11,7.53,100.0,0.39,98.38,5,10.21,98,7
M01073,Mushroom Mycelium,20.76,8.53,97.15,0.35,99.76,5,9.53,79,6
M01074,Mushroom Mycelium,16.12,5.96,96.41,0.29,96.02,3,8.81,82,6
M01075,Mushroom Mycelium,17.42,6.15,95.46,0.33,98.86,3,9.69,97,5
M01076,Mushroom Mycelium,16.1,10.0,100.0,0.41,98.34,6,9.71,88,5
M01077,Mushroom Mycelium,15.17,6.98,97.18,0.35,100.0,3,9.07,89,4
M01078,Mushroom Mycelium,14.7,6.03,99.81,0.36,95.86,3,9.02,89,5
M01079,Mushroom Mycelium,14.43,6.64,98.19,0.25,98.04,4,10.29,111,5
M01080,Mushroom Mycelium,19.1,8.22,99.13,0.35,97.7,4,9.66,89,6
M01081,Mushroom Mycelium,19.07,9.24,96.67,0.36,97.07,3,10.16,103,4
M01082,Mushroom Mycelium,19.03,8.31,100.0,0.37,95.42,3,8.95,79,7
M01083,Mushroom Mycelium,23.01,7.83,98.61,0.33,98.49,3,9.7,86,6
M01084,Mushroom Mycelium,26.0,5.68,95.54,0.33,100.0,5,10.35,85,6
M01085,Mushroom Mycelium,14.72,8.89,95.39,0.33,97.1,3,9.42,97,6
M01086,Mushroom Mycelium,24.32,8.65,97.55,0.38,98.24,3,10.73,104,7
M01087,Mushroom Mycelium,22.04,6.16,98.48,0.31,100.0,4,10.35,97,7
M01088,Mushroom Mycelium,30.0,7.35,98.48,0.5,97.12,2,10.25,87,6
M01089,Mushroom Mycelium,26.39,8.39,98.65,0.35,100.0,5,10.24,82,5
M01090,Mushroom Mycelium,22.03,9.34,97.25,0.38,98.5,4,9.35,77,6
M01091,Mushroom Mycelium,23.8,9.11,98.06,0.4,98.75,4,10.23,91,7
M01092,Mushroom Mycelium,26.89,6.43,95.0,0.34,95.0,2,10.19,92,4
M01093,Mushroom Mycelium,16.73,8.12,99.57,0.33,97.78,4,10.17,104,6
M01094,Mushroom Mycelium,17.59,7.05,98.44,0.3,98.81,4,10.26,104,6
M01095,Mushroom Mycelium,25.83,7.5,96.38,0.41,99.39,2,9.88,88,5
M01096,Mushroom Mycelium,27.0,8.4,98.67,0.31,99.91,4,10.85,97,7
M01097,Mushroom Mycelium,22.54,5.0,99.59,0.31,97.01,3,10.7,107,7
M01098,Mushroom Mycelium,25.31,7.89,97.15,0.39,96.39,3,10.08,89,4
M01099,Mushroom Mycelium,25.74,7.41,99.71,0.33,100.0,4,10.52,93,5
M01100,Mushroom Mycelium,23.34,5.32,95.3,0.43,97.61,3,9.73,86,5
M01101,Mushroom Mycelium,18.81,7.96,98.19,0.44,98.1,2,8.78,80,6
M01102,Mushroom Mycelium,19.46,6.5,96.66,0.34,97.13,4,9.8,91,7
M01103,Mushroom Mycelium,24.15,6.75,100.0,0.36,95.42,3,10.06,91,4
M01104,Mushroom Mycelium,23.92,5.94,96.79,0.37,100.0,4,10.14,89,6
M01105,Mushroom Mycelium,19.26,8.1,96.92,0.33,99.27,3,9.58,91,5
M01106,Mushroom Mycelium,27.08,7.05,98.05,0.43,99.2,4,10.16,83,6
M01107,Mushroom Mycelium,14.54,8.44,99.65,0.28,99.08,5,9.15,84,8
M01108,Mushroom Mycelium,15.96,10.0,98.19,0.34,97.15,2,9.35,97,5
M01109,Mushroom Mycelium,12.33,5.67,98.48,0.24,98.47,4,9.28,95,6
M01110,Mushroom Mycelium,19.4,7.43,98.69,0.36,95.86,4,10.14,98,6
M01111,Mushroom Mycelium,18.62,7.59,98.86,0.31,97.89,4,8.66,70,5
M01112,Mushroom Mycelium,13.38,6.99,96.06,0.22,99.73,2,7.74,70,5
M01113,Mushroom Mycelium,23.05,8.32,100.0,0.3,98.88,4,9.66,81,5
M01114,Mushroom Mycelium,20.88,8.2,96.78,0.36,99.76,3,10.29,102,4
M01115,Mushroom Mycelium,22.37,8.7,96.35,0.35,99.44,4,10.79,105,5
M01116,Mushroom Mycelium,22.66,5.93,98.57,0.45,97.24,3,9.67,86,6
M01117,Mushroom Mycelium,21.83,7.89,98.78,0.47,97.75,3,10.38,102,4
M01118,Mushroom Mycelium,22.07,7.84,96.6,0.45,96.4,2,9.81,94,5
M01119,Mushroom Mycelium,24.27,7.8,99.64,0.44,96.39,5,10.03,82,5
M01120,Mushroom Mycelium,17.41,6.82,96.64,0.27,97.37,4,8.59,71,5
M01121,Mushroom Mycelium,15.01,6.55,97.58,0.34,100.0,6,9.35,83,5
M01122,Mushroom Mycelium,21.03,6.53,98.58,0.36,99.85,4,9.6,84,5
M01123,Mushroom Mycelium,25.85,6.08,100.0,0.47,97.26,3,10.34,93,4
M01124,Mushroom Mycelium,24.89,9.81,95.0,0.44,98.33,4,10.89,102,7
M01125,Mushroom Mycelium,23.29,8.36,99.57,0.37,97.62,3,9.88,89,7
M01126,Mushroom Mycelium,19.43,6.25,96.74,0.34,97.53,2,9.49,93,6
M01127,Mushroom Mycelium,11.43,6.33,96.83,0.21,95.39,5,8.49,77,7
M01128,Mushroom Mycelium,27.84,5.2,98.45,0.45,98.27,4,10.43,87,4
M01129,Mushroom Mycelium,16.85,5.69,98.58,0.28,97.01,3,8.94,83,4
M01130,Mushroom Mycelium,15.12,8.11,96.56,0.29,97.1,2,8.81,88,6
M01131,Mushroom Mycelium,20.93,9.23,98.5,0.38,99.24,3,10.14,99,6
M01132,Mushroom Mycelium,19.76,7.97,100.0,0.29,99.32,4,10.93,113,5
M01133,Mushroom Mycelium,17.56,6.99,95.97,0.36,97.07,4,9.06,80,6
M01134,Mushroom Mycelium,25.87,7.77,99.4,0.41,99.43,3,9.44,75,7
M01135,Mushroom Mycelium,24.74,7.05,97.91,0.41,97.76,3,10.72,103,6
M01136,Mushroom Mycelium,23.89,6.95,97.52,0.36,98.24,3,9.74,85,5
M01137,Mushroom Mycelium,16.67,8.12,98.0,0.34,98.8,3,10.17,108,5
M01138,Mushroom Mycelium,15.52,7.41,97.76,0.22,100.0,3,9.05,88,4
M01139,Mushroom Mycelium,18.84,5.51,96.95,0.32,99.17,3,9.98,100,6
M01140,Mushroom Mycelium,26.37,7.15,99.65,0.4,97.99,2,10.29,95,5
M01141,Mushroom Mycelium,18.33,6.45,96.48,0.38,100.0,4,9.93,96,4
M01142,Mushroom Mycelium,16.58,5.94,97.9,0.29,96.72,5,9.91,95,5
M01143,Mushroom Mycelium,22.97,5.89,99.82,0.4,96.86,3,9.3,78,7
M01144,Mushroom Mycelium,18.89,9.09,97.56,0.32,98.76,2,9.49,94,6
M01145,Mushroom Mycelium,17.22,10.0,98.35,0.32,99.54,3,9.02,84,5
M01146,Mushroom Mycelium,20.2,6.83,97.07,0.33,95.3,4,10.12,96,5
M01147,Mushroom Mycelium,29.67,7.96,100.0,0.48,97.29,5,11.72,105,5
M01148,Mushroom Mycelium,18.12,8.16,98.36,0.35,99.7,3,9.01,82,5
M01149,Mushroom Mycelium,18.34,9.42,98.19,0.3,99.02,4,9.48,87,7
M01150,Mushroom Mycelium,16.79,6.43,98.21,0.34,100.0,5,9.03,77,4
M01151,Mushroom Mycelium,12.93,7.26,98.29,0.23,97.73,3,9.14,95,7
M01152,Mushroom Mycelium,19.21,8.48,96.54,0.28,98.98,3,9.97,99,5
M01153,Mushroom Mycelium,15.09,8.09,96.12,0.3,98.25,2,8.81,88,6
M01154,Mushroom Mycelium,23.0,7.82,97.44,0.39,97.03,3,10.6,104,5
M01155,Mushroom Mycelium,16.74,7.74,99.26,0.31,95.89,5,8.97,76,5
M01156,Mushroom Mycelium,23.14,5.93,99.36,0.34,99.01,4,10.06,89,4
M01157,Mushroom Mycelium,25.74,6.61,95.41,0.39,97.29,3,10.37,94,5
M01158,Mushroom Mycelium,18.04,7.28,97.97,0.38,99.97,3,8.85,79,6
M01159,Mushroom Mycelium,18.39,6.67,97.17,0.42,100.0,2,9.69,99,6
M01160,Mushroom Mycelium,21.68,8.79,96.24,0.42,97.63,3,9.37,82,6
M01161,Mushroom Mycelium,14.15,10.0,98.27,0.33,99.4,3,8.76,85,5
M01162,Mushroom Mycelium,15.63,6.42,97.09,0.25,99.98,2,8.86,88,6
M01163,Mushroom Mycelium,21.13,8.53,98.69,0.38,98.63,3,9.51,86,5
M01164,Mushroom Mycelium,20.35,8.06,98.05,0.41,100.0,4,9.49,83,5
M01165,Mushroom Mycelium,23.87,5.54,97.1,0.37,96.76,3,9.69,84,6
M01166,Mushroom Mycelium,16.8,5.0,96.56,0.33,97.7,4,9.28,86,4
M01167,Mushroom Mycelium,20.98,10.0,96.8,0.44,97.47,4,10.15,95,5
M01168,Mushroom Mycelium,18.13,6.59,95.0,0.4,99.72,2,9.06,87,5
M01169,Mushroom Mycelium,11.99,6.11,98.34,0.35,99.6,5,9.0,86,6
M01170,Mushroom Mycelium,19.3,6.05,99.94,0.25,96.08,3,9.83,96,5
M01171,Mushroom Mycelium,19.54,8.18,97.23,0.32,100.0,2,9.05,84,6
M01172,Mushroom Mycelium,16.5,7.41,99.33,0.31,98.6,3,9.15,88,7
M01173,Mushroom Mycelium,17.47,7.57,96.27,0.34,96.15,3,9.4,91,6
M01174,Mushroom Mycelium,17.64,7.96,97.62,0.27,97.89,5,9.76,90,6
M01175,Mushroom Mycelium,21.3,6.56,97.87,0.27,97.41,2,9.68,93,4
M01176,Mushroom Mycelium,17.76,8.68,98.34,0.26,96.39,3,9.93,101,6
M01177,Mushroom Mycelium,13.75,7.8,98.36,0.26,98.69,5,9.07,84,5
M01178,Mushroom Mycelium,14.51,8.48,100.0,0.27,99.1,5,9.15,84,4
M01179,Mushroom Mycelium,12.72,6.3,98.53,0.25,98.0,2,9.67,110,6
M01180,Mushroom Mycelium,23.14,6.79,98.56,0.29,95.89,3,10.36,99,6
M01181,Mushroom Mycelium,15.56,6.72,100.0,0.36,99.78,5,9.66,92,5
M01182,Mushroom Mycelium,19.41,7.79,99.52,0.36,100.0,3,8.79,75,6
M01183,Mushroom Mycelium,13.39,6.39,98.1,0.27,98.68,4,8.59,79,6
M01184,Mushroom Mycelium,10.76,8.4,97.25,0.29,100.0,3,8.33,83,7
M01185,Mushroom Mycelium,13.47,6.94,97.04,0.24,100.0,3,8.3,77,5
M01186,Mushroom Mycelium,20.78,7.55,97.09,0.4,97.85,3,9.58,88,7
M01187,Mushroom Mycelium,18.54,10.0,96.87,0.42,97.37,5,10.25,98,6
M01188,Mushroom Mycelium,18.27,7.83,99.61,0.34,97.65,3,8.93,80,7
M01189,Mushroom Mycelium,17.86,8.63,98.2,0.3,99.51,3,8.39,70,7
M01190,Mushroom Mycelium,22.62,6.42,99.72,0.46,97.46,4,9.66,82,5
M01191,Mushroom Mycelium,21.27,10.0,97.08,0.37,99.02,4,9.78,87,4
M01192,Mushroom Mycelium,10.0,6.78,98.48,0.31,99.39,2,9.25,107,4
M01193,Mushroom Mycelium,16.03,6.61,95.96,0.37,96.97,4,9.25,87,5
M01194,Mushroom Mycelium,26.49,6.16,98.01,0.35,96.19,5,10.0,77,6
M01195,Mushroom Mycelium,14.45,6.95,95.0,0.2,97.61,2,8.5,83,7
M01196,Mushroom Mycelium,11.98,7.03,98.25,0.33,99.17,4,9.05,91,8
M01197,Mushroom Mycelium,22.05,10.0,95.5,0.48,96.25,4,10.21,94,5
M01198,Mushroom Mycelium,24.48,10.0,95.74,0.49,98.68,4,10.55,96,7
M01199,Mushroom Mycelium,15.24,8.6,98.92,0.28,96.84,3,8.82,84,7
M01200,Mushroom Mycelium,26.03,7.19,97.18,0.41,97.87,3,9.75,81,4
M01201,Mushroom Mycelium,15.86,8.97,96.95,0.35,97.16,3,9.14,89,4
M01202,Mushroom Mycelium,12.91,9.04,98.14,0.22,95.95,4,9.59,100,4
M01203,Mushroom Mycelium,29.86,7.37,98.22,0.5,97.8,2,9.84,79,6
M01204,Mushroom Mycelium,16.04,7.65,99.04,0.31,97.57,2,9.45,99,6
M01205,Mushroom Mycelium,20.87,8.85,98.76,0.46,95.0,3,9.39,84,5
M01206,Mushroom Mycelium,21.53,8.61,99.78,0.29,97.63,4,9.75,86,5
M01207,Mushroom Mycelium,21.78,6.81,98.06,0.4,98.46,4,9.88,88,6
M01208,Mushroom Mycelium,18.93,6.85,100.0,0.28,97.44,2,9.04,85,5
M01209,Mushroom Mycelium,19.48,8.21,99.58,0.36,99.73,3,9.1,81,6
M01210,Mushroom Mycelium,18.95,6.1,99.47,0.36,99.29,3,9.94,99,6
M01211,Mushroom Mycelium,17.67,8.02,99.0,0.26,97.22,4,9.17,82,5
M01212,Mushroom Mycelium,27.03,7.74,98.97,0.43,99.07,5,11.9,114,6
M01213,Mushroom Mycelium,12.2,7.7,97.75,0.21,98.93,4,9.27,95,6
M01214,Mushroom Mycelium,22.41,8.79,96.8,0.4,97.15,5,10.04,86,8
M01215,Mushroom Mycelium,21.14,9.68,97.04,0.39,97.0,3,9.86,93,5
M01216,Mushroom Mycelium,16.35,7.35,97.47,0.22,96.03,6,10.89,111,7
M01217,Mushroom Mycelium,26.74,8.61,98.51,0.47,100.0,4,11.12,103,5
M01218,Mushroom Mycelium,19.16,8.8,95.56,0.35,97.74,4,9.67,89,5
M01219,Mushroom Mycelium,18.38,7.96,96.97,0.32,96.54,3,8.69,75,7
M01220,Mushroom Mycelium,20.06,6.75,98.71,0.36,97.81,4,9.41,82,6
M01221,Mushroom Mycelium,24.82,8.0,100.0,0.4,97.94,5,10.53,91,6
M01222,Mushroom Mycelium,20.64,6.03,98.52,0.4,96.93,3,9.06,78,6
M01223,Mushroom Mycelium,24.56,10.0,98.09,0.43,98.64,3,10.46,98,6
M01224,Mushroom Mycelium,20.07,6.98,97.54,0.33,100.0,2,8.96,81,4
M01225,Mushroom Mycelium,20.93,8.06,97.99,0.39,97.7,3,9.84,93,6
M01226,Mushroom Mycelium,16.32,6.65,97.17,0.35,99.39,4,9.68,95,5
M01227,Mushroom Mycelium,27.82,6.67,99.93,0.5,97.42,4,10.08,80,7
M01228,Mushroom Mycelium,23.67,7.25,98.27,0.4,100.0,5,9.77,78,6
M01229,Mushroom Mycelium,19.88,7.97,97.01,0.27,96.78,4,9.64,87,5
M01230,Mushroom Mycelium,17.48,5.61,97.3,0.35,97.37,4,10.05,100,4
M01231,Mushroom Mycelium,20.53,7.17,98.7,0.39,98.66,5,9.2,73,6
M01232,Mushroom Mycelium,19.34,8.8,96.8,0.36,98.89,4,9.88,93,8
M01233,Mushroom Mycelium,26.84,10.0,96.15,0.43,100.0,4,10.13,83,6
M01234,Mushroom Mycelium,19.33,8.95,99.08,0.37,98.48,4,9.18,79,5
M01235,Mushroom Mycelium,21.07,8.36,98.87,0.34,96.55,5,10.26,93,5
M01236,Mushroom Mycelium,17.89,6.52,98.31,0.33,97.44,4,9.54,89,6
M01237,Mushroom Mycelium,29.93,8.26,98.45,0.36,95.85,5,10.54,81,5
M01238,Mushroom Mycelium,21.16,6.11,99.26,0.37,95.1,3,9.17,79,6
M01239,Mushroom Mycelium,18.82,9.93,97.9,0.27,95.64,3,9.73,95,6
M01240,Mushroom Mycelium,18.51,6.26,99.01,0.31,98.52,4,9.7,91,5
M01241,Mushroom Mycelium,19.34,7.13,97.55,0.32,98.36,3,8.73,74,5
M01242,Mushroom Mycelium,26.13,7.34,99.82,0.48,98.22,4,10.31,88,5
M01243,Mushroom Mycelium,23.08,8.66,97.75,0.37,97.31,5,10.51,94,4
M01244,Mushroom Mycelium,29.42,7.92,97.16,0.47,98.32,4,11.19,99,6
M01245,Mushroom Mycelium,12.51,7.51,98.3,0.2,97.64,4,9.05,90,6
M01246,Mushroom Mycelium,28.29,6.79,98.53,0.43,97.85,5,11.63,106,7
M01247,Mushroom Mycelium,24.72,6.86,98.33,0.39,96.47,2,10.37,100,5
M01248,Mushroom Mycelium,21.49,8.26,98.62,0.37,99.66,5,9.4,75,6
M01249,Mushroom Mycelium,20.05,5.0,98.45,0.36,96.75,4,9.26,79,6
M01250,Mushroom Mycelium,14.9,8.67,97.95,0.32,98.23,4,9.34,91,5
M01251,Mushroom Mycelium,18.93,9.25,98.44,0.34,98.03,2,9.34,91,6
M01252,Mushroom Mycelium,21.13,8.04,97.83,0.29,97.2,2,9.81,96,6
M01253,Mushroom Mycelium,16.85,7.49,99.89,0.3,96.2,3,10.29,110,4
M01254,Mushroom Mycelium,25.97,6.64,95.17,0.35,100.0,4,10.5,92,7
M01255,Mushroom Mycelium,20.83,6.95,96.33,0.39,99.27,3,10.43,105,8
M01256,Mushroom Mycelium,19.18,7.91,95.88,0.29,97.86,3,9.52,90,6
M01257,Mushroom Mycelium,12.88,6.45,98.77,0.26,96.03,5,9.74,99,4
M01258,Mushroom Mycelium,12.77,6.36,97.24,0.27,98.12,2,8.43,85,5
M01259,Mushroom Mycelium,17.98,7.1,98.73,0.32,98.65,3,8.9,80,4
M01260,Mushroom Mycelium,26.63,5.01,98.13,0.44,97.1,6,9.86,70,6
M01261,Mushroom Mycelium,22.76,6.79,98.15,0.38,96.7,3,10.23,97,5
M01262,Mushroom Mycelium,20.84,5.0,98.6,0.37,96.55,5,9.78,84,5
M01263,Mushroom Mycelium,14.28,6.83,96.58,0.4,99.31,5,9.73,96,4
M01264,Mushroom Mycelium,16.9,8.59,99.51,0.27,96.76,4,9.94,99,5
M01265,Mushroom Mycelium,21.64,6.78,97.07,0.35,96.33,3,9.61,87,7
M01266,Mushroom Mycelium,23.78,6.3,99.31,0.41,99.45,4,10.43,95,6
M01267,Mushroom Mycelium,22.26,7.07,99.47,0.37,99.69,3,9.33,80,5
M01268,Mushroom Mycelium,19.04,7.91,98.25,0.29,99.33,4,8.9,74,5
M01269,Mushroom Mycelium,10.0,7.0,98.76,0.2,99.87,4,8.2,78,5
M01270,Mushroom Mycelium,19.29,8.71,97.95,0.42,96.61,4,9.63,88,4
M01271,Mushroom Mycelium,24.36,7.96,96.45,0.34,98.36,3,10.84,106,6
M01272,Mushroom Mycelium,17.26,7.21,99.42,0.23,97.26,3,10.13,106,5
M01273,Mushroom Mycelium,30.0,5.7,99.62,0.5,98.71,4,10.75,89,6
M01274,Mushroom Mycelium,18.31,7.07,97.59,0.31,98.8,2,9.58,97,7
M01275,Mushroom Mycelium,10.0,9.23,97.5,0.3,100.0,4,9.1,96,5
M01276,Mushroom Mycelium,28.38,7.51,96.85,0.44,97.02,4,10.09,79,5
M01277,Mushroom Mycelium,19.37,7.55,99.15,0.42,95.39,3,10.34,106,6
M01278,Mushroom Mycelium,19.46,9.07,99.04,0.25,95.61,3,9.9,97,7
M01279,Mushroom Mycelium,25.83,8.22,97.65,0.46,95.87,5,10.03,79,5
M01280,Mushroom Mycelium,18.46,7.44,95.76,0.28,98.82,3,9.6,93,7
M01281,Mushroom Mycelium,25.21,9.25,96.05,0.43,97.12,4,10.32,90,7
M01282,Mushroom Mycelium,15.69,8.63,98.5,0.3,100.0,4,10.17,106,6
M01283,Mushroom Mycelium,16.89,9.54,99.61,0.24,97.87,3,8.69,78,7
M01284,Mushroom Mycelium,19.55,8.96,99.22,0.42,98.46,4,9.55,86,4
M01285,Mushroom Mycelium,21.76,8.92,100.0,0.34,96.93,4,10.38,98,6
M01286,Mushroom Mycelium,21.22,6.22,100.0,0.41,97.19,4,9.77,87,5
M01287,Mushroom Mycelium,18.31,9.0,96.11,0.34,100.0,3,9.08,83,5
M01288,Mushroom Mycelium,19.4,6.63,98.47,0.38,98.61,5,9.49,81,6
M01289,Mushroom Mycelium,14.62,6.15,100.0,0.45,98.72,3,9.36,96,6
M01290,Mushroom Mycelium,18.12,6.71,95.84,0.33,98.12,3,9.06,83,5
M01291,Mushroom Mycelium,17.99,6.78,98.91,0.4,100.0,6,10.8,106,7
M01292,Mushroom Mycelium,22.29,8.44,100.0,0.32,99.87,3,9.48,83,7
M01293,Mushroom Mycelium,14.0,9.83,100.0,0.27,100.0,3,9.35,97,4
M01294,Mushroom Mycelium,17.63,6.73,99.31,0.23,98.42,3,9.26,88,5
M01295,Mushroom Mycelium,17.42,6.67,100.0,0.36,98.94,2,8.94,86,6
M01296,Mushroom Mycelium,15.72,9.97,95.0,0.38,99.62,5,9.07,80,8
M01297,Mushroom Mycelium,24.03,8.83,97.51,0.33,97.45,3,10.35,97,5
M01298,Mushroom Mycelium,25.82,5.4,97.77,0.35,99.17,4,10.38,90,5
M01299,Mushroom Mycelium,19.5,8.36,95.0,0.28,100.0,2,9.9,101,6
M01300,Mushroom Mycelium,21.43,8.45,95.97,0.38,97.05,3,9.39,83,5
M01301,Mushroom Mycelium,28.86,8.84,99.3,0.46,97.88,4,11.39,104,6
M01302,Mushroom Mycelium,24.63,7.01,99.69,0.35,95.0,2,10.46,102,6
M01303,Mushroom Mycelium,15.44,7.07,97.39,0.29,98.61,6,8.74,70,5
M01304,Mushroom Mycelium,20.89,6.58,98.0,0.35,96.0,4,9.39,80,6
M01305,Mushroom Mycelium,17.22,8.04,99.81,0.33,98.97,4,9.32,86,6
M01306,Mushroom Mycelium,30.0,8.35,97.65,0.47,97.39,5,10.7,84,6
M01307,Mushroom Mycelium,19.23,5.33,99.87,0.24,98.8,6,10.62,100,6
M01308,Mushroom Mycelium,22.25,8.25,97.69,0.4,97.89,2,9.42,86,4
M01309,Mushroom Mycelium,28.75,7.4,97.27,0.47,97.38,5,10.78,88,6
M01310,Mushroom Mycelium,26.63,6.76,99.54,0.41,99.26,5,11.11,99,5
M01311,Mushroom Mycelium,20.47,8.64,96.43,0.3,99.23,4,10.65,106,6
M01312,Mushroom Mycelium,23.0,6.66,98.6,0.47,97.62,5,9.8,80,6
M01313,Mushroom Mycelium,15.82,6.67,98.26,0.38,97.82,2,8.68,84,6
M01314,Mushroom Mycelium,21.12,9.44,99.77,0.31,97.38,3,10.36,103,6
M01315,Mushroom Mycelium,16.11,6.53,96.19,0.37,95.53,4,9.01,82,6
M01316,Mushroom Mycelium,24.19,5.43,100.0,0.38,97.98,5,10.62,94,6
M01317,Mushroom Mycelium,11.84,7.19,97.47,0.24,99.33,4,8.88,88,5
M01318,Mushroom Mycelium,17.18,8.4,98.62,0.34,97.12,3,9.12,86,6
M01319,Mushroom Mycelium,18.89,7.77,95.96,0.31,99.58,4,9.94,95,5
M01320,Mushroom Mycelium,13.06,7.1,96.82,0.25,96.14,4,9.51,98,5
M01321,Mushroom Mycelium,16.11,6.86,97.82,0.29,99.24,2,9.01,90,5
M01322,Mushroom Mycelium,16.45,6.62,99.29,0.34,97.56,3,9.89,103,5
M01323,Mushroom Mycelium,21.28,6.63,95.0,0.34,98.01,4,10.33,98,4
M01324,Mushroom Mycelium,19.41,8.74,99.32,0.41,100.0,2,9.44,92,5
M01325,Mushroom Mycelium,17.65,6.79,99.09,0.35,99.4,4,8.56,70,5
M01326,Mushroom Mycelium,15.33,6.71,96.96,0.32,96.57,5,9.78,95,4
M01327,Mushroom Mycelium,17.02,8.0,98.89,0.34,96.78,2,9.4,96,5
M01328,Mushroom Mycelium,23.32,8.39,99.24,0.36,99.82,4,9.93,86,6
M01329,Mushroom Mycelium,21.58,8.61,99.28,0.4,99.87,5,10.61,99,5
M01330,Mushroom Mycelium,20.13,7.16,95.5,0.32,98.8,3,9.61,90,6
M01331,Mushroom Mycelium,16.76,9.31,98.67,0.31,100.0,3,9.28,90,5
M01332,Mushroom Mycelium,16.57,7.45,95.71,0.32,98.38,4,9.06,82,6
M01333,Mushroom Mycelium,14.24,6.87,98.31,0.36,95.48,5,10.22,106,4
M01334,Mushroom Mycelium,27.67,7.29,96.47,0.39,97.51,4,10.52,89,5
M01335,Mushroom Mycelium,22.15,6.29,99.51,0.4,96.62,3,9.87,91,5
M01336,Mushroom Mycelium,10.0,6.67,99.23,0.22,95.0,2,8.45,91,4
M01337,Mushroom Mycelium,20.45,7.52,98.98,0.49,99.25,3,9.74,92,5
M01338,Mushroom Mycelium,20.33,6.75,99.67,0.46,96.71,3,9.53,88,6
M01339,Mushroom Mycelium,16.75,7.25,99.86,0.34,95.38,2,9.38,96,5
M01340,Mushroom Mycelium,10.0,7.05,99.67,0.29,96.18,5,8.75,85,5
M01341,Mushroom Mycelium,22.99,7.1,98.89,0.38,98.22,4,10.65,101,5
M01342,Mushroom Mycelium,19.98,6.62,100.0,0.39,97.07,3,9.7,92,5
M01343,Mushroom Mycelium,25.8,5.8,96.74,0.45,98.46,4,10.28,88,8
M01344,Mushroom Mycelium,19.11,5.17,99.48,0.28,97.64,3,10.16,103,5
M01345,Mushroom Mycelium,21.66,8.13,95.54,0.32,97.69,4,10.52,101,6
M01346,Mushroom Mycelium,26.75,7.21,97.27,0.45,99.01,4,9.98,80,6
M01347,Mushroom Mycelium,19.94,6.82,97.9,0.33,100.0,3,8.59,70,6
M01348,Mushroom Mycelium,26.49,6.69,98.42,0.43,96.68,3,10.45,94,5
M01349,Mushroom Mycelium,24.55,8.92,96.62,0.33,98.98,3,10.51,99,4
M01350,Mushroom Mycelium,20.3,5.0,98.25,0.28,97.48,4,9.78,89,7
M01351,Mushroom Mycelium,16.53,7.56,98.14,0.37,99.43,5,8.8,73,5
M01352,Mushroom Mycelium,20.21,8.25,96.33,0.4,96.57,2,9.67,95,6
M01353,Mushroom Mycelium,26.89,9.06,98.41,0.46,95.0,5,10.29,82,6
M01354,Mushroom Mycelium,16.93,7.05,96.61,0.29,97.44,4,8.79,76,7
M01355,Mushroom Mycelium,17.91,10.0,99.88,0.27,98.05,4,10.19,102,5
M01356,Mushroom Mycelium,20.96,7.23,99.45,0.43,97.12,3,9.0,76,6
M01357,Mushroom Mycelium,20.4,8.03,95.0,0.32,98.88,4,10.09,95,4
M01358,Mushroom Mycelium,20.29,10.0,97.43,0.43,96.0,4,9.08,75,6
M01359,Mushroom Mycelium,11.97,6.91,96.16,0.26,99.28,5,8.95,85,6
M01360,Mushroom Mycelium,18.44,6.54,98.88,0.36,100.0,4,9.19,81,5
M01361,Mushroom Mycelium,22.07,7.65,99.94,0.29,97.25,3,9.86,91,7
M01362,Mushroom Mycelium,18.04,7.31,96.33,0.34,98.71,4,10.4,106,7
M01363,Mushroom Mycelium,19.64,7.81,97.9,0.33,99.79,4,9.56,86,6
M01364,Mushroom Mycelium,22.93,7.89,95.6,0.41,97.99,3,10.19,96,4
M01365,Mushroom Mycelium,19.61,7.66,98.64,0.39,100.0,3,10.01,99,4
M01366,Mushroom Mycelium,25.71,7.47,100.0,0.39,95.27,3,11.27,112,6
M01367,Mushroom Mycelium,21.29,8.03,98.43,0.26,98.84,3,10.13,98,5
M01368,Mushroom Mycelium,20.22,8.91,98.45,0.4,99.12,2,9.97,101,5
M01369,Mushroom Mycelium,27.59,8.09,99.18,0.46,98.55,2,10.11,89,5
M01370,Mushroom Mycelium,19.6,8.93,98.94,0.35,97.21,4,9.81,91,6
M01371,Mushroom Mycelium,18.51,6.37,97.47,0.34,96.92,2,9.8,101,6
M01372,Mushroom Mycelium,24.63,5.0,96.05,0.4,98.92,4,10.71,99,6
M01373,Mushroom Mycelium,19.46,6.64,96.8,0.36,100.0,4,9.85,92,6
M01374,Mushroom Mycelium,23.63,7.31,100.0,0.32,97.41,2,8.76,70,4
M01375,Mushroom Mycelium,28.9,9.56,98.56,0.41,99.03,4,10.14,79,4
M01376,Mushroom Mycelium,20.41,8.05,96.84,0.31,97.67,4,9.49,83,5
M01377,Mushroom Mycelium,17.13,5.56,98.03,0.3,95.4,2,8.46,77,6
M01378,Mushroom Mycelium,16.57,9.47,97.87,0.36,97.92,4,9.06,82,6
M01379,Mushroom Mycelium,27.33,5.66,98.75,0.38,96.78,3,9.63,76,4
M01380,Mushroom Mycelium,20.34,8.0,97.99,0.34,100.0,6,9.58,77,7
M01381,Mushroom Mycelium,19.13,6.86,98.82,0.36,97.24,5,9.86,89,8
M01382,Mushroom Mycelium,20.22,8.21,100.0,0.33,100.0,4,9.87,91,5
M01383,Mushroom Mycelium,22.62,7.95,100.0,0.34,99.08,5,9.91,83,5
M01384,Mushroom Mycelium,16.91,9.07,100.0,0.35,99.23,3,8.79,80,6
M01385,Mushroom Mycelium,18.56,7.18,95.72,0.29,97.05,4,9.46,86,6
M01386,Mushroom Mycelium,19.42,7.2,96.18,0.36,95.65,4,9.74,90,4
M01387,Mushroom Mycelium,19.38,8.94,99.56,0.31,97.33,4,9.49,85,6
M01388,Mushroom Mycelium,20.09,7.71,97.76,0.34,99.57,4,9.51,84,6
M01389,Mushroom Mycelium,21.29,6.09,99.33,0.36,100.0,3,9.93,94,6
M01390,Mushroom Mycelium,11.22,6.02,98.9,0.22,98.24,2,8.42,88,4
M01391,Mushroom Mycelium,29.8,7.54,98.13,0.5,98.05,4,12.13,117,5
M01392,Mushroom Mycelium,22.29,5.0,98.78,0.38,95.81,4,9.73,84,4
M01393,Mushroom Mycelium,10.0,7.73,98.96,0.28,98.75,4,7.8,70,6
M01394,Mushroom Mycelium,22.91,7.91,97.83,0.43,97.7,4,10.39,96,5
M01395,Mushroom Mycelium,25.03,7.49,98.85,0.4,97.73,4,9.9,82,6
M01396,Mushroom Mycelium,19.7,7.4,98.82,0.45,97.43,3,9.27,84,5
M01397,Mushroom Mycelium,23.02,6.76,97.76,0.48,99.12,3,10.1,94,6
M01398,Mushroom Mycelium,12.61,7.72,99.84,0.39,97.41,4,8.21,73,7
M01399,Mushroom Mycelium,15.69,5.18,99.17,0.3,98.46,3,10.42,115,7
M01400,Mushroom Mycelium,19.91,6.14,100.0,0.34,97.4,5,8.99,70,6
M01401,Mushroom Mycelium,18.83,7.88,96.05,0.35,97.45,5,9.83,89,8
M01402,Mushroom Mycelium,25.85,7.97,97.73,0.43,98.13,4,10.49,92,6
M01403,Mushroom Mycelium,25.28,6.85,97.56,0.5,100.0,3,10.03,88,6
M01404,Mushroom Mycelium,23.19,5.72,99.87,0.4,95.71,3,9.52,82,5
M01405,Mushroom Mycelium,13.72,10.0,96.53,0.21,98.82,4,8.97,86,6
M01406,Mushroom Mycelium,18.15,7.13,98.34,0.33,96.72,2,9.12,88,4
M01407,Mushroom Mycelium,17.77,8.06,99.88,0.27,97.39,4,9.68,92,7
M01408,Mushroom Mycelium,19.18,6.55,100.0,0.35,97.28,4,10.32,102,4
M01409,Mushroom Mycelium,23.14,10.0,95.0,0.37,99.27,2,9.56,87,5
M01410,Mushroom Mycelium,18.04,7.52,99.06,0.28,97.83,4,9.7,92,4
M01411,Mushroom Mycelium,27.06,7.12,99.7,0.34,96.2,4,9.71,74,5
M01412,Mushroom Mycelium,15.65,9.51,98.2,0.32,95.0,2,8.12,73,6
M01413,Mushroom Mycelium,18.76,5.0,99.91,0.37,98.23,3,9.43,89,6
M01414,Mushroom Mycelium,19.06,9.43,95.0,0.36,99.42,6,10.81,104,5
M01415,Mushroom Mycelium,21.66,5.76,96.71,0.34,98.83,3,10.67,108,6
M01416,Mushroom Mycelium,19.37,9.33,100.0,0.32,99.21,2,9.64,96,5
M01417,Mushroom Mycelium,20.96,10.0,97.47,0.4,98.19,2,8.55,71,5
M01418,Mushroom Mycelium,21.31,9.02,98.38,0.31,98.3,2,10.73,114,6
M01419,Mushroom Mycelium,14.69,8.12,98.78,0.31,95.0,4,8.62,77,6
M01420,Mushroom Mycelium,21.85,7.08,97.97,0.46,100.0,3,9.44,83,6
M01421,Mushroom Mycelium,19.41,9.56,100.0,0.33,98.19,5,10.94,110,5
M01422,Mushroom Mycelium,20.98,7.19,96.59,0.32,99.72,4,9.55,83,7
M01423,Mushroom Mycelium,18.47,6.09,100.0,0.36,97.43,5,9.95,92,7
M01424,Mushroom Mycelium,24.61,7.46,99.63,0.36,99.75,3,9.21,73,6
M01425,Mushroom Mycelium,22.41,5.09,99.51,0.44,97.32,4,9.04,70,7
M01426,Mushroom Mycelium,23.66,7.48,98.24,0.33,97.46,4,10.37,94,6
M01427,Mushroom Mycelium,15.18,6.8,95.0,0.28,97.08,3,9.22,92,7
M01428,Mushroom Mycelium,17.35,7.7,100.0,0.39,100.0,4,9.44,88,4
M01429,Mushroom Mycelium,25.47,7.53,100.0,0.45,100.0,3,9.9,85,6
M01430,Mushroom Mycelium,16.61,6.26,98.2,0.37,99.88,3,9.41,93,5
M01431,Mushroom Mycelium,14.55,5.91,98.79,0.41,99.55,4,10.71,119,5
M01432,Mushroom Mycelium,17.05,7.3,98.95,0.36,99.1,3,9.46,93,5
M01433,Mushroom Mycelium,16.38,9.37,98.19,0.35,96.61,3,9.04,86,4
M01434,Mushroom Mycelium,17.25,5.28,97.23,0.31,96.02,3,8.32,70,6
M01435,Mushroom Mycelium,12.5,8.16,99.63,0.27,97.75,5,9.45,94,8
M01436,Mushroom Mycelium,22.71,6.71,99.06,0.32,99.77,5,10.57,96,5
M01437,Mushroom Mycelium,21.08,8.18,99.44,0.42,97.01,5,9.11,70,5
M01438,Mushroom Mycelium,22.35,7.57,99.16,0.33,98.04,4,10.44,98,6
M01439,Mushroom Mycelium,24.17,10.0,98.71,0.36,96.91,3,9.97,89,6
M01440,Mushroom Mycelium,18.26,5.48,98.04,0.44,99.41,4,9.78,93,7
M01441,Mushroom Mycelium,16.88,6.46,98.75,0.3,97.0,5,10.34,103,6
M01442,Mushroom Mycelium,21.62,8.24,98.7,0.39,98.42,3,9.61,87,5
M01443,Mushroom Mycelium,17.07,5.76,95.15,0.34,96.51,3,8.41,72,5
M01444,Mushroom Mycelium,14.22,6.97,98.6,0.21,96.57,3,9.07,91,5
M01445,Mushroom Mycelium,22.95,6.24,97.48,0.4,98.03,4,11.1,110,4
M01446,Mushroom Mycelium,26.33,5.0,99.55,0.31,95.5,3,10.43,94,6
M01447,Mushroom Mycelium,15.48,5.91,96.5,0.24,96.8,4,8.7,77,6
M01448,Mushroom Mycelium,20.89,6.48,97.57,0.37,98.05,2,8.89,78,5
M01449,Mushroom Mycelium,24.45,10.0,95.6,0.35,99.67,3,10.65,102,6
M01450,Mushroom Mycelium,14.46,10.0,99.32,0.35,100.0,4,9.75,100,6
M01451,Mushroom Mycelium,14.62,9.76,99.03,0.35,96.62,3,9.21,93,4
M01452,Mushroom Mycelium,21.05,9.46,100.0,0.37,98.01,4,9.21,76,6
M01453,Mushroom Mycelium,18.25,8.52,99.76,0.38,100.0,3,10.38,109,4
M01454,Mushroom Mycelium,15.69,6.64,97.02,0.37,97.22,4,9.32,89,6
M01455,Mushroom Mycelium,24.53,8.44,96.18,0.42,99.06,4,9.85,82,4
M01456,Mushroom Mycelium,28.2,5.0,96.22,0.5,98.07,4,10.87,95,7
M01457,Mushroom Mycelium,24.01,6.94,99.07,0.35,99.91,3,9.95,89,6
M01458,Mushroom Mycelium,23.02,7.21,99.68,0.33,99.18,3,9.2,76,5
M01459,Mushroom Mycelium,16.72,9.2,98.98,0.26,99.33,2,9.07,90,5
M01460,Mushroom Mycelium,22.4,7.67,97.75,0.3,96.91,4,10.04,90,4
M01461,Mushroom Mycelium,18.73,9.91,98.88,0.29,98.81,5,10.22,97,6
M01462,Mushroom Mycelium,18.98,7.19,96.38,0.34,99.21,4,10.1,98,6
M01463,Mushroom Mycelium,29.09,6.84,98.81,0.45,98.47,4,10.56,87,6
M01464,Mushroom Mycelium,16.33,7.62,97.89,0.39,99.99,5,9.88,95,5
M01465,Mushroom Mycelium,20.87,5.91,97.15,0.27,96.83,2,10.34,107,6
M01466,Mushroom Mycelium,22.49,7.28,95.65,0.37,100.0,5,10.7,99,5
M01467,Mushroom Mycelium,16.78,8.31,100.0,0.33,96.48,2,8.83,85,4
M01468,Mushroom Mycelium,18.06,8.17,97.09,0.3,96.5,4,8.81,74,5
M01469,Mushroom Mycelium,20.32,8.89,98.16,0.34,100.0,3,9.93,96,5
M01470,Mushroom Mycelium,26.4,8.28,99.3,0.44,99.22,4,10.49,91,5
M01471,Mushroom Mycelium,22.13,9.2,100.0,0.37,99.45,3,10.56,105,6
M01472,Mushroom Mycelium,10.88,6.1,99.03,0.22,95.34,5,9.09,90,6
M01473,Mushroom Mycelium,11.97,7.37,98.59,0.37,99.77,2,9.2,102,7
M01474,Mushroom Mycelium,20.79,7.88,99.02,0.42,95.14,4,9.78,88,6
M01475,Mushroom Mycelium,18.15,6.78,99.64,0.31,96.26,2,9.21,90,6
M01476,Mushroom Mycelium,24.28,9.27,99.58,0.43,98.64,3,9.58,81,5
M01477,Mushroom Mycelium,20.76,8.32,97.09,0.33,98.19,3,9.68,90,7
M01478,Mushroom Mycelium,22.43,6.1,97.18,0.39,99.21,2,10.34,104,6
M01479,Mushroom Mycelium,21.15,7.45,98.97,0.37,99.29,3,9.87,93,5
M01480,Mushroom Mycelium,18.15,7.59,96.99,0.34,96.23,4,9.16,81,6
M01481,Mushroom Mycelium,23.74,7.31,100.0,0.41,97.69,2,9.37,82,5
M01482,Mushroom Mycelium,26.28,8.68,98.86,0.35,96.69,3,10.03,86,5
M01483,Mushroom Mycelium,21.26,8.01,98.96,0.35,96.33,4,9.03,72,5
M01484,Mushroom Mycelium,23.04,7.13,98.49,0.41,99.83,4,9.65,81,4
M01485,Mushroom Mycelium,25.69,8.31,98.54,0.41,96.87,2,9.87,88,7
M01486,Mushroom Mycelium,12.41,7.13,97.98,0.34,98.73,3,9.29,99,5
M01487,Mushroom Mycelium,22.19,7.51,96.86,0.28,97.67,4,10.07,91,6
M01488,Mushroom Mycelium,15.57,5.61,98.89,0.26,97.89,4,9.26,88,6
M01489,Mushroom Mycelium,15.95,8.32,96.9,0.27,98.73,3,9.6,98,4
M01490,Mushroom Mycelium,21.38,6.04,99.68,0.33,95.7,4,10.29,97,6
M01491,Mushroom Mycelium,26.6,6.25,100.0,0.36,98.14,3,9.96,84,5
M01492,Mushroom Mycelium,20.45,9.16,97.08,0.49,97.01,5,9.84,86,7
M01493,Mushroom Mycelium,22.23,7.48,98.4,0.35,99.94,3,8.97,73,6
M01494,Mushroom Mycelium,17.87,7.87,96.48,0.33,98.91,2,8.94,85,6
M01495,Mushroom Mycelium,17.52,8.5,95.0,0.43,97.72,5,9.6,87,7
M01496,Mushroom Mycelium,19.36,9.11,100.0,0.35,97.99,4,9.99,95,6
M01497,Mushroom Mycelium,16.76,7.39,97.98,0.37,98.42,3,9.38,92,7
M01498,Mushroom Mycelium,18.57,9.69,97.9,0.38,97.5,3,10.21,105,5
M01499,Mushroom Mycelium,10.99,7.46,100.0,0.29,99.73,2,9.45,109,5
M01500,Mushroom Mycelium,18.74,6.68,95.63,0.36,97.56,2,9.67,98,7
M01501,Mushroom Mycelium,23.68,7.37,98.87,0.43,100.0,4,10.67,100,4
M01502,Mushroom Mycelium,17.78,5.81,95.24,0.34,97.62,2,9.28,92,4
M01503,Mushroom Mycelium,24.28,5.0,96.93,0.39,97.15,4,10.68,99,4
M01504,Mushroom Mycelium,20.13,5.48,95.31,0.28,96.93,3,9.26,83,6
M01505,Mushroom Mycelium,23.7,6.13,98.4,0.24,97.66,5,10.47,92,4
M01506,Mushroom Mycelium,16.62,6.38,96.98,0.32,100.0,4,9.51,91,5
M01507,Mushroom Mycelium,23.51,6.06,99.02,0.28,97.32,3,9.3,77,5
M01508,Mushroom Mycelium,23.1,5.6,98.19,0.45,96.49,3,9.51,82,6
M01509,Mushroom Mycelium,20.05,7.05,99.19,0.31,99.0,4,10.06,95,6
M01510,Mushroom Mycelium,18.71,7.6,95.56,0.34,99.0,5,9.87,90,6
M01511,Mushroom Mycelium,21.08,7.17,96.83,0.39,99.06,3,9.31,82,6
M01512,Mushroom Mycelium,29.84,8.6,96.71,0.42,95.45,2,10.58,94,4
M01513,Mushroom Mycelium,22.97,6.95,99.15,0.32,96.13,3,9.15,75,4
M01514,Mushroom Mycelium,20.72,5.73,98.25,0.33,98.07,5,9.42,77,6
M01515,Mushroom Mycelium,25.88,9.4,97.1,0.39,97.35,3,9.84,83,8
M01516,Mushroom Mycelium,26.4,6.57,99.61,0.42,95.28,3,9.74,80,7
M01517,Mushroom Mycelium,22.77,9.48,96.37,0.32,96.59,3,9.83,89,5
M01518,Mushroom Mycelium,19.8,7.35,100.0,0.34,96.67,5,10.38,98,4
M01519,Mushroom Mycelium,15.11,7.77,98.97,0.2,97.07,4,9.11,86,5
M01520,Mushroom Mycelium,17.46,8.4,97.57,0.36,97.05,5,9.55,86,6
M01521,Mushroom Mycelium,25.85,6.35,95.28,0.44,100.0,4,9.99,82,6
M01522,Mushroom Mycelium,16.24,7.97,98.64,0.3,100.0,5,9.57,89,5
M01523,Mushroom Mycelium,18.1,7.13,95.67,0.39,98.56,4,9.41,86,6
M01524,Mushroom Mycelium,17.02,6.82,98.29,0.37,97.51,3,9.85,101,6
M01525,Mushroom Mycelium,18.13,7.11,98.57,0.31,97.48,4,9.46,87,6
M01526,Mushroom Mycelium,27.14,6.62,99.85,0.47,96.22,3,10.61,96,5
M01527,Mushroom Mycelium,25.81,7.7,98.39,0.48,96.8,4,9.73,77,7
M01528,Mushroom Mycelium,22.11,7.16,99.27,0.38,96.47,2,9.01,78,6
M01529,Mushroom Mycelium,17.27,8.09,98.61,0.27,98.05,2,9.13,90,5
M01530,Mushroom Mycelium,22.11,6.68,100.0,0.4,100.0,4,10.01,90,7
M01531,Mushroom Mycelium,17.58,8.12,97.44,0.27,100.0,3,9.41,91,6
M01532,Mushroom Mycelium,23.26,6.61,97.07,0.42,99.59,4,9.88,85,5
M01533,Mushroom Mycelium,23.7,7.13,96.99,0.34,97.21,3,9.62,83,6
M01534,Mushroom Mycelium,21.03,6.72,96.84,0.37,96.65,3,10.4,104,5
M01535,Mushroom Mycelium,26.08,8.7,96.66,0.39,96.94,3,10.16,89,4
M01536,Mushroom Mycelium,22.3,6.81,98.56,0.39,99.55,4,10.08,91,6
M01537,Mushroom Mycelium,22.89,5.51,99.8,0.37,97.13,3,9.54,83,6
M01538,Mushroom Mycelium,22.68,7.13,95.87,0.31,98.94,3,9.87,90,4
M01539,Mushroom Mycelium,16.48,6.47,100.0,0.3,97.85,2,9.3,95,5
M01540,Mushroom Mycelium,23.41,7.12,100.0,0.31,98.39,3,10.59,103,4
M01541,Mushroom Mycelium,17.04,8.73,100.0,0.4,96.75,2,9.2,92,7
M01542,Mushroom Mycelium,16.95,7.64,98.1,0.27,96.53,5,9.39,84,5
M01543,Mushroom Mycelium,16.7,8.76,100.0,0.3,100.0,5,9.52,87,6
M01544,Mushroom Mycelium,16.97,8.8,100.0,0.36,97.39,5,9.45,85,5
M01545,Mushroom Mycelium,13.54,7.53,100.0,0.32,97.42,3,9.95,110,6
M01546,Mushroom Mycelium,17.81,6.65,95.0,0.28,98.74,3,9.08,84,6
M01547,Mushroom Mycelium,16.7,8.98,98.51,0.43,95.77,3,9.57,96,6
M01548,Mushroom Mycelium,21.03,8.73,95.96,0.46,96.4,2,9.35,87,5
M01549,Mushroom Mycelium,21.32,8.88,99.18,0.43,95.94,5,10.88,105,4
M01550,Mushroom Mycelium,13.31,8.7,99.1,0.25,97.69,5,9.28,89,5
M01551,Mushroom Mycelium,30.0,7.74,96.65,0.39,98.28,4,10.3,80,5
M01552,Mushroom Mycelium,17.39,6.67,97.53,0.35,100.0,3,9.54,94,5
M01553,Mushroom Mycelium,24.17,6.24,96.3,0.43,97.54,4,10.17,89,7
M01554,Mushroom Mycelium,17.06,9.6,96.62,0.26,98.86,4,9.51,90,5
M01555,Mushroom Mycelium,21.47,6.28,97.75,0.31,98.29,3,9.9,93,5
M01556,Mushroom Mycelium,23.41,9.6,97.02,0.33,97.54,3,10.29,97,4
M01557,Mushroom Mycelium,19.69,9.01,99.01,0.34,98.15,5,10.17,94,5
M01558,Mushroom Mycelium,18.15,7.7,98.1,0.3,98.97,3,9.01,82,6
M01559,Mushroom Mycelium,24.54,8.44,97.5,0.3,98.93,5,10.35,88,5
M01560,Mushroom Mycelium,23.46,7.7,95.49,0.4,98.54,3,9.4,79,7
M01561,Mushroom Mycelium,20.27,8.63,98.6,0.31,96.8,5,10.53,100,6
M01562,Mushroom Mycelium,21.81,6.74,100.0,0.34,96.59,3,9.83,91,7
M01563,Mushroom Mycelium,21.77,7.39,95.84,0.26,99.02,3,9.78,90,7
M01564,Mushroom Mycelium,20.34,5.75,100.0,0.39,100.0,2,9.18,85,4
M01565,Mushroom Mycelium,25.59,6.36,99.18,0.34,97.34,3,10.21,91,4
M01566,Mushroom Mycelium,22.19,5.4,97.59,0.44,95.9,4,10.07,91,5
M01567,Mushroom Mycelium,18.49,7.36,95.71,0.33,99.95,4,10.0,97,6
M01568,Mushroom Mycelium,22.9,8.51,97.1,0.4,99.54,4,9.44,77,6
M01569,Mushroom Mycelium,15.76,7.4,98.78,0.3,96.22,5,10.43,107,5
M01570,Mushroom Mycelium,21.44,6.44,98.36,0.39,96.24,3,9.54,86,6
M01571,Mushroom Mycelium,22.57,7.45,97.65,0.37,98.06,3,9.96,92,6
M01572,Mushroom Mycelium,18.96,8.95,98.53,0.21,97.39,2,9.3,90,5
M01573,Mushroom Mycelium,20.48,8.93,97.47,0.27,97.29,2,8.75,76,7
M01574,Mushroom Mycelium,14.35,9.41,99.12,0.26,96.71,2,8.79,89,5
M01575,Mushroom Mycelium,18.91,8.04,98.15,0.31,99.28,5,10.34,99,6
M01576,Mushroom Mycelium,17.91,6.87,98.7,0.42,99.38,5,9.39,82,7
M01577,Mushroom Mycelium,24.56,8.03,97.15,0.36,98.18,2,9.76,88,4
M01578,Mushroom Mycelium,10.0,8.69,98.18,0.26,97.63,4,8.35,81,5
M01579,Mushroom Mycelium,16.61,7.57,98.23,0.26,96.17,3,8.56,76,5
M01580,Mushroom Mycelium,20.57,7.4,97.15,0.4,100.0,3,8.66,70,6
M01581,Mushroom Mycelium,19.45,8.6,98.66,0.43,96.43,3,8.6,71,4
M01582,Mushroom Mycelium,18.51,5.12,96.1,0.28,98.77,3,9.75,96,5
M01583,Mushroom Mycelium,23.81,7.23,95.79,0.43,98.65,4,9.18,70,4
M01584,Mushroom Mycelium,21.95,6.4,99.91,0.43,99.04,3,8.79,70,8
M01585,Mushroom Mycelium,20.05,6.5,98.13,0.3,96.87,4,9.61,86,6
M01586,Mushroom Mycelium,21.57,8.05,98.32,0.47,96.97,5,10.46,96,6
M01587,Mushroom Mycelium,25.59,5.78,97.9,0.46,96.13,4,11.21,107,6
M01588,Mushroom Mycelium,19.12,8.95,96.91,0.32,97.84,3,10.31,106,5
M01589,Mushroom Mycelium,25.51,7.52,98.94,0.33,96.38,6,10.25,80,8
M01590,Mushroom Mycelium,21.43,7.72,98.19,0.41,99.97,5,9.14,70,5
M01591,Mushroom Mycelium,24.48,7.63,98.28,0.39,99.89,6,10.0,77,6
M01592,Mushroom Mycelium,18.14,8.48,95.26,0.42,100.0,3,9.61,94,4
M01593,Mushroom Mycelium,17.92,8.85,99.41,0.43,100.0,5,10.49,104,7
M01594,Mushroom Mycelium,15.08,5.97,98.3,0.35,97.04,2,8.56,83,6
M01595,Mushroom Mycelium,20.11,7.18,95.0,0.36,97.74,5,9.31,76,5
M01596,Mushroom Mycelium,24.43,6.26,99.8,0.39,98.02,4,9.24,70,8
M01597,Mushroom Mycelium,17.2,8.76,100.0,0.33,98.18,3,9.52,94,4
M01598,Mushroom Mycelium,18.6,5.27,97.3,0.32,97.73,4,9.11,79,8
M01599,Mushroom Mycelium,16.82,6.63,97.58,0.33,98.91,3,8.78,80,6
M01600,Mushroom Mycelium,21.09,7.38,95.0,0.35,98.51,4,9.91,90,5
M01601,Mushroom Mycelium,17.69,5.0,98.25,0.23,99.62,3,9.67,96,7
M01602,Mushroom Mycelium,22.43,7.33,95.48,0.39,96.17,4,9.39,77,5
M01603,Mushroom Mycelium,21.6,7.16,98.99,0.4,96.42,5,10.31,93,6
M01604,Mushroom Mycelium,21.5,7.33,96.37,0.35,99.41,3,9.8,91,6
M01605,Mushroom Mycelium,19.05,7.61,98.68,0.35,98.34,3,9.71,94,7
M01606,Mushroom Mycelium,16.81,9.27,96.52,0.29,96.83,4,9.88,98,4
M01607,Mushroom Mycelium,25.78,8.08,98.05,0.34,98.37,4,9.88,80,6
M01608,Mushroom Mycelium,21.22,9.58,98.1,0.37,97.75,3,9.02,76,4
M01609,Mushroom Mycelium,22.13,8.15,96.29,0.27,97.72,4,10.71,104,5
M01610,Mushroom Mycelium,26.23,7.21,97.02,0.38,98.8,2,9.42,78,6
M01611,Mushroom Mycelium,14.9,8.47,97.48,0.34,97.87,2,9.29,98,5
M01612,Mushroom Mycelium,14.91,6.46,97.32,0.21,99.43,4,8.89,82,5
M01613,Mushroom Mycelium,19.62,8.79,98.96,0.41,97.6,4,9.61,87,5
M01614,Mushroom Mycelium,20.44,9.47,99.62,0.39,98.96,2,9.89,99,5
M01615,Mushroom Mycelium,22.96,6.84,97.81,0.27,95.59,3,10.05,93,4
M01616,Mushroom Mycelium,17.26,9.06,98.75,0.32,99.27,3,9.88,101,4
M01617,Mushroom Mycelium,23.22,7.66,95.0,0.38,98.26,4,9.97,87,5
M01618,Mushroom Mycelium,20.02,7.9,98.75,0.33,96.94,3,8.85,75,6
M01619,Mushroom Mycelium,20.02,7.25,96.65,0.37,96.65,3,10.05,99,6
M01620,Mushroom Mycelium,19.89,7.81,97.63,0.36,100.0,4,9.99,94,5
M01621,Mushroom Mycelium,16.62,7.31,97.93,0.24,95.0,2,8.66,82,5
M01622,Mushroom Mycelium,21.52,5.08,97.19,0.3,96.17,4,9.75,86,4
M01623,Mushroom Mycelium,19.28,6.23,99.04,0.38,97.55,4,9.78,91,6
M01624,Mushroom Mycelium,25.61,8.43,99.89,0.46,96.44,2,9.46,80,6
M01625,Mushroom Mycelium,23.69,6.65,96.33,0.39,98.86,3,10.17,94,4
M01626,Mushroom Mycelium,22.91,6.69,97.75,0.43,96.07,3,9.74,87,5
M01627,Mushroom Mycelium,20.11,10.0,98.8,0.31,98.63,3,9.96,97,5
M01628,Mushroom Mycelium,22.56,6.57,99.22,0.43,96.15,3,9.76,88,6
M01629,Mushroom Mycelium,16.93,6.7,97.75,0.28,98.99,5,9.94,95,6
M01630,Mushroom Mycelium,21.64,7.22,98.65,0.33,99.96,4,9.81,87,6
M01631,Mushroom Mycelium,23.67,5.48,96.89,0.38,99.02,3,9.77,86,5
M01632,Mushroom Mycelium,21.62,6.83,95.99,0.47,98.87,3,9.36,82,6
M01633,Mushroom Mycelium,20.22,8.91,99.14,0.32,97.43,4,9.62,86,5
M01634,Mushroom Mycelium,21.79,8.55,99.05,0.39,98.29,4,9.33,77,6
M01635,Mushroom Mycelium,23.22,8.95,97.3,0.32,98.03,3,9.82,88,6
M01636,Mushroom Mycelium,22.71,7.1,98.11,0.3,96.72,3,10.57,104,6
M01637,Mushroom Mycelium,20.13,8.16,100.0,0.38,96.72,3,9.06,79,6
M01638,Mushroom Mycelium,19.68,7.14,100.0,0.37,99.77,4,10.22,99,8
M01639,Mushroom Mycelium,29.97,8.45,98.22,0.47,97.54,4,11.35,101,6
M01640,Mushroom Mycelium,22.03,7.06,98.64,0.39,95.5,3,9.7,88,5
M01641,Mushroom Mycelium,17.41,9.2,96.35,0.24,98.39,4,9.24,84,5
M01642,Mushroom Mycelium,19.63,6.21,98.65,0.37,98.67,3,9.31,85,7
M01643,Mushroom Mycelium,17.8,8.55,96.16,0.32,98.37,2,9.78,102,6
M01644,Mushroom Mycelium,18.17,7.05,97.45,0.36,98.86,4,9.67,91,5
M01645,Mushroom Mycelium,15.85,7.53,99.37,0.36,96.65,3,9.33,93,7
M01646,Mushroom Mycelium,22.44,8.77,98.21,0.44,96.13,2,9.99,97,5
M01647,Mushroom Mycelium,22.98,5.23,97.81,0.5,98.38,4,10.75,103,4
M01648,Mushroom Mycelium,18.02,7.85,96.82,0.37,99.59,4,9.2,82,7
M01649,Mushroom Mycelium,15.65,8.47,99.44,0.32,96.25,5,9.92,97,5
M01650,Mushroom Mycelium,12.74,8.46,96.74,0.41,99.18,3,8.02,73,6
M01651,Mushroom Mycelium,21.51,6.1,100.0,0.43,97.53,3,9.35,82,7
M01652,Mushroom Mycelium,17.43,6.92,100.0,0.23,98.93,5,10.59,107,5
M01653,Mushroom Mycelium,18.67,6.76,98.79,0.31,98.45,3,10.07,102,5
M01654,Mushroom Mycelium,20.53,8.17,99.85,0.34,100.0,4,9.85,90,5
M01655,Mushroom Mycelium,19.96,7.13,99.66,0.4,96.63,4,9.75,89,5
M01656,Mushroom Mycelium,24.02,7.6,97.86,0.45,98.83,3,9.6,82,5
M01657,Mushroom Mycelium,24.62,7.26,99.59,0.44,99.46,4,9.66,78,6
M01658,Mushroom Mycelium,16.29,7.32,100.0,0.31,98.45,3,8.98,85,5
M01659,Mushroom Mycelium,24.05,7.16,95.7,0.38,99.61,3,10.01,90,6
M01660,Mushroom Mycelium,17.78,7.43,97.03,0.32,96.18,5,9.43,83,5
M01661,Mushroom Mycelium,14.01,7.32,99.37,0.23,99.97,4,9.45,95,4
M01662,Mushroom Mycelium,18.44,8.79,97.23,0.36,98.14,4,9.59,89,4
M01663,Mushroom Mycelium,20.55,8.45,100.0,0.42,98.79,5,10.25,94,7
M01664,Mushroom Mycelium,19.28,7.49,96.5,0.36,99.18,3,9.98,99,8
M01665,Mushroom Mycelium,26.53,6.1,96.9,0.5,97.34,4,11.05,102,7
M01666,Mushroom Mycelium,22.65,9.05,98.29,0.45,100.0,5,10.07,86,6
M01667,Mushroom Mycelium,19.48,5.0,97.27,0.36,97.56,3,9.0,79,5
M01668,Mushroom Mycelium,24.68,7.79,99.03,0.5,96.67,3,9.07,70,7
M01669,Mushroom Mycelium,20.03,6.43,100.0,0.33,99.56,4,10.65,107,5
M01670,Mushroom Mycelium,25.74,8.12,99.35,0.37,95.0,5,10.17,82,7
M01671,Mushroom Mycelium,19.44,6.43,96.63,0.26,97.78,3,9.29,85,6
M01672,Mushroom Mycelium,23.52,7.15,95.43,0.39,96.71,2,9.8,91,4
M01673,Mushroom Mycelium,23.17,6.8,96.43,0.46,97.07,2,10.17,99,5
M01674,Mushroom Mycelium,16.95,8.05,97.64,0.33,97.04,4,10.25,105,5
M01675,Mushroom Mycelium,19.2,6.34,96.76,0.24,97.58,3,9.82,96,6
M01676,Mushroom Mycelium,22.41,8.3,97.72,0.3,98.4,4,10.29,95,5
M01677,Mushroom Mycelium,19.27,6.6,98.12,0.35,96.44,3,9.48,89,5
M01678,Mushroom Mycelium,24.88,7.84,99.5,0.37,98.88,3,9.79,84,7
M01679,Mushroom Mycelium,16.16,5.94,97.97,0.32,95.8,5,9.07,79,5
M01680,Mushroom Mycelium,10.21,8.04,97.95,0.28,97.97,2,8.47,91,6
M01681,Mushroom Mycelium,11.98,7.64,98.38,0.25,95.84,4,10.05,111,5
M01682,Mushroom Mycelium,21.38,7.33,100.0,0.38,100.0,2,10.09,101,7
M01683,Mushroom Mycelium,17.16,8.46,97.72,0.34,97.02,5,9.62,88,5
M01684,Mushroom Mycelium,21.35,6.88,99.55,0.36,99.43,3,10.83,112,5
M01685,Mushroom Mycelium,22.46,6.33,100.0,0.37,96.49,5,9.35,72,5
M01686,Mushroom Mycelium,24.81,6.91,98.58,0.34,96.64,5,11.53,111,7
M01687,Mushroom Mycelium,24.73,8.16,96.85,0.34,97.06,2,9.77,88,5
M01688,Mushroom Mycelium,19.7,6.3,98.65,0.43,98.14,5,9.47,80,6
M01689,Mushroom Mycelium,26.62,8.64,97.68,0.43,96.99,4,10.31,87,4
M01690,Mushroom Mycelium,13.63,7.18,96.86,0.32,96.02,5,9.71,97,7
M01691,Mushroom Mycelium,25.29,7.59,99.73,0.4,96.06,3,9.58,79,7
M01692,Mushroom Mycelium,22.66,7.52,100.0,0.37,98.39,2,10.22,101,6
M01693,Mushroom Mycelium,25.34,9.29,96.21,0.42,96.3,4,10.48,93,5
M01694,Mushroom Mycelium,28.34,6.51,97.14,0.48,98.96,3,10.18,85,6
M01695,Mushroom Mycelium,23.68,7.03,99.21,0.43,97.22,2,10.07,96,6
M01696,Mushroom Mycelium,23.69,7.74,96.53,0.39,99.4,5,10.72,97,6
M01697,Mushroom Mycelium,17.32,9.25,97.59,0.37,98.9,2,9.68,101,7
M01698,Mushroom Mycelium,22.93,8.7,96.08,0.45,97.95,3,10.39,100,7
M01699,Mushroom Mycelium,20.37,6.84,99.27,0.32,96.45,3,9.44,86,6
M01700,Mushroom Mycelium,23.54,7.4,98.62,0.39,99.32,3,9.65,84,6
M01701,Mushroom Mycelium,25.61,8.56,98.93,0.47,95.0,4,10.26,88,4
M01702,Mushroom Mycelium,13.48,6.53,96.48,0.25,96.38,6,9.8,95,4
M01703,Mushroom Mycelium,17.6,6.89,95.89,0.33,96.87,3,9.26,88,4
M01704,Mushroom Mycelium,20.62,9.48,97.68,0.3,98.18,4,10.06,94,6
M01705,Mushroom Mycelium,23.55,9.09,98.43,0.4,96.66,4,10.31,93,4
M01706,Mushroom Mycelium,12.83,7.54,98.83,0.27,99.93,3,8.23,77,5
M01707,Mushroom Mycelium,21.32,5.0,97.39,0.27,96.59,3,9.93,94,6
M01708,Mushroom Mycelium,24.02,9.25,96.15,0.36,98.02,3,10.1,92,7
M01709,Mushroom Mycelium,21.34,6.44,100.0,0.33,98.41,3,9.18,79,6
M01710,Mushroom Mycelium,14.59,8.86,96.54,0.23,98.69,4,9.71,99,6
M01711,Mushroom Mycelium,17.91,8.0,98.35,0.4,98.6,2,9.04,87,5
M01712,Mushroom Mycelium,21.44,8.09,96.9,0.3,96.27,4,10.19,95,6
M01713,Mushroom Mycelium,20.1,6.43,96.84,0.33,95.15,5,10.11,92,6
M01714,Mushroom Mycelium,26.01,7.28,97.76,0.46,100.0,5,9.6,70,5
M01715,Mushroom Mycelium,28.99,5.38,98.52,0.5,98.04,4,10.75,91,4
M01716,Mushroom Mycelium,24.43,7.16,98.09,0.43,96.5,5,10.29,87,7
M01717,Mushroom Mycelium,13.7,8.1,97.77,0.27,97.14,4,9.27,92,4
M01718,Mushroom Mycelium,14.49,9.19,100.0,0.35,98.82,3,8.95,88,4
M01719,Mushroom Mycelium,20.27,6.89,97.02,0.32,95.35,3,9.93,96,5
M01720,Mushroom Mycelium,17.61,6.66,98.09,0.27,98.16,4,10.06,100,6
M01721,Mushroom Mycelium,19.03,7.91,100.0,0.33,95.28,5,10.35,99,7
M01722,Mushroom Mycelium,20.64,7.35,98.23,0.38,98.69,4,9.51,83,5
M01723,Mushroom Mycelium,16.42,7.87,99.58,0.34,97.2,5,9.54,88,6
M01724,Mushroom Mycelium,18.59,7.39,97.26,0.26,97.89,4,8.86,74,5
M01725,Mushroom Mycelium,18.71,8.26,99.4,0.28,97.3,4,8.92,75,6
M01726,Mushroom Mycelium,25.3,7.28,97.58,0.4,98.55,3,10.08,89,6
M01727,Mushroom Mycelium,10.73,8.67,98.74,0.24,99.41,3,8.37,84,7
M01728,Mushroom Mycelium,23.98,6.78,96.67,0.46,99.54,4,10.55,97,4
M01729,Mushroom Mycelium,19.44,6.73,97.67,0.38,97.86,3,9.29,85,6
M01730,Mushroom Mycelium,20.08,8.89,98.61,0.35,96.85,5,9.91,88,5
M01731,Mushroom Mycelium,19.32,7.56,97.32,0.35,97.62,4,10.08,97,4
M01732,Mushroom Mycelium,21.88,8.23,95.93,0.33,98.25,3,9.54,85,6
M01733,Mushroom Mycelium,22.6,9.72,98.53,0.33,96.72,2,10.16,100,4
M01734,Mushroom Mycelium,16.59,7.24,100.0,0.36,95.65,4,9.61,93,6
M01735,Mushroom Mycelium,23.51,5.78,96.1,0.42,99.02,3,9.75,86,7
M01736,Mushroom Mycelium,17.6,9.5,99.52,0.29,99.89,2,8.86,84,6
M01737,Mushroom Mycelium,20.51,7.88,98.0,0.41,98.86,3,10.25,102,4
M01738,Mushroom Mycelium,13.28,8.33,97.92,0.32,97.1,2,8.63,88,4
M01739,Mushroom Mycelium,22.88,5.56,97.34,0.48,96.9,3,10.59,104,7
M01740,Mushroom Mycelium,20.77,7.01,100.0,0.29,98.19,5,10.18,92,4
M01741,Mushroom Mycelium,18.65,7.93,99.1,0.36,99.4,5,9.07,74,7
M01742,Mushroom Mycelium,18.74,6.64,98.52,0.27,100.0,5,9.32,79,6
M01743,Mushroom Mycelium,16.5,7.8,95.98,0.31,95.43,5,9.35,84,4
M01744,Mushroom Mycelium,17.89,6.09,98.12,0.31,100.0,2,9.04,87,7
M01745,Mushroom Mycelium,28.69,7.8,97.55,0.39,97.14,4,10.37,84,5
M01746,Mushroom Mycelium,21.67,8.59,97.38,0.34,95.21,5,9.97,86,6
M01747,Mushroom Mycelium,22.6,5.0,100.0,0.4,97.81,4,9.91,87,6
M01748,Mushroom Mycelium,28.96,5.59,99.33,0.46,100.0,2,10.55,95,6
M01749,Mushroom Mycelium,18.68,7.17,98.87,0.27,98.66,3,9.17,84,5
M01750,Mushroom Mycelium,19.44,6.54,97.35,0.33,97.55,4,10.09,97,5
M01751,Mushroom Mycelium,24.51,6.73,95.53,0.42,96.05,3,9.35,76,7
M01752,Mushroom Mycelium,23.58,7.47,99.39,0.32,96.02,4,10.66,100,4
M01753,Mushroom Mycelium,22.56,9.18,97.95,0.43,97.24,3,9.21,77,6
M01754,Mushroom Mycelium,16.96,7.21,97.97,0.29,99.4,4,9.05,81,6
M01755,Mushroom Mycelium,15.29,7.91,97.0,0.32,98.4,4,9.23,88,6
M01756,Mushroom Mycelium,15.9,7.06,97.71,0.41,98.22,4,8.79,78,7
M01757,Mushroom Mycelium,15.82,5.69,98.15,0.23,96.79,3,8.73,81,6
M01758,Mushroom Mycelium,24.5,10.0,97.82,0.4,98.85,3,9.45,78,6
M01759,Mushroom Mycelium,18.97,7.92,100.0,0.35,96.63,2,8.55,75,7
M01760,Mushroom Mycelium,16.99,7.73,97.73,0.31,97.43,4,9.5,90,6
M01761,Mushroom Mycelium,21.56,5.47,98.46,0.29,99.35,2,8.56,70,6
M01762,Mushroom Mycelium,24.81,7.74,96.02,0.45,97.87,4,9.88,82,7
M01763,Mushroom Mycelium,20.62,5.2,97.94,0.43,100.0,3,9.51,87,4
M01764,Mushroom Mycelium,13.23,7.96,97.79,0.22,100.0,3,8.12,74,6
M01765,Mushroom Mycelium,23.76,7.91,97.59,0.45,99.73,4,10.08,88,5
M01766,Mushroom Mycelium,17.23,7.11,95.0,0.32,98.08,4,10.02,100,6
M01767,Mushroom Mycelium,18.91,8.29,97.14,0.36,97.76,3,9.69,94,4
M01768,Mushroom Mycelium,22.95,7.37,97.43,0.31,95.0,3,10.1,94,6
M01769,Mushroom Mycelium,18.21,9.88,98.9,0.42,96.47,4,9.97,97,5
M01770,Mushroom Mycelium,13.81,7.75,97.34,0.34,97.59,3,9.28,96,6
M01771,Mushroom Mycelium,20.12,6.73,97.85,0.43,97.25,2,9.91,100,6
M01772,Mushroom Mycelium,22.07,8.01,99.0,0.45,99.26,4,9.16,73,6
M01773,Mushroom Mycelium,19.66,8.17,100.0,0.33,97.22,3,9.72,93,8
M01774,Mushroom Mycelium,18.11,8.7,100.0,0.3,97.53,3,10.11,104,6
M01775,Mushroom Mycelium,19.54,8.78,99.11,0.34,97.92,2,9.15,86,5
M01776,Mushroom Mycelium,13.96,6.67,99.27,0.21,98.2,3,9.4,98,5
M01777,Mushroom Mycelium,19.0,8.34,97.19,0.39,98.39,3,9.7,94,5
M01778,Mushroom Mycelium,22.5,7.95,98.53,0.33,96.19,3,9.75,88,6
M01779,Mushroom Mycelium,24.17,6.16,99.13,0.41,98.2,3,10.02,90,5
M01780,Mushroom Mycelium,18.27,6.84,96.9,0.29,95.78,3,9.98,101,6
M01781,Mushroom Mycelium,23.21,6.92,97.73,0.42,97.18,4,9.97,87,5
M01782,Mushroom Mycelium,17.68,5.0,96.8,0.36,96.84,4,9.42,87,5
M01783,Mushroom Mycelium,14.5,6.64,95.61,0.27,96.67,3,9.9,107,4
M01784,Mushroom Mycelium,15.82,6.14,98.11,0.32,99.08,2,9.13,93,6
M01785,Mushroom Mycelium,19.65,5.2,96.34,0.28,97.98,3,8.62,71,7
M01786,Mushroom Mycelium,27.8,9.18,98.23,0.32,96.62,6,10.53,81,5
M01787,Mushroom Mycelium,22.71,7.61,97.59,0.36,96.41,5,10.12,87,5
M01788,Mushroom Mycelium,23.82,6.16,98.85,0.47,96.69,3,9.98,90,5
M01789,Mushroom Mycelium,19.58,8.21,99.53,0.44,97.63,4,9.56,86,5
M01790,Mushroom Mycelium,20.27,8.76,98.42,0.3,97.87,3,8.93,76,5
M01791,Mushroom Mycelium,22.43,8.87,100.0,0.35,97.65,5,10.24,90,5
M01792,Mushroom Mycelium,22.37,6.66,95.0,0.44,97.02,2,10.14,100,6
M01793,Mushroom Mycelium,23.47,5.0,96.81,0.31,100.0,3,9.9,89,5
M01794,Mushroom Mycelium,15.66,8.71,99.4,0.25,98.0,4,9.22,87,6
M01795,Mushroom Mycelium,22.93,6.73,95.28,0.35,98.31,3,9.39,80,6
M01796,Mushroom Mycelium,22.86,7.95,99.05,0.38,100.0,4,9.69,82,5
M01797,Mushroom Mycelium,21.94,7.82,96.26,0.3,99.46,4,10.64,103,6
M01798,Mushroom Mycelium,16.61,8.83,97.83,0.31,95.0,4,9.56,92,6
M01799,Mushroom Mycelium,20.9,6.68,96.28,0.38,98.6,3,9.49,86,5
M01800,Mushroom Mycelium,22.51,9.06,95.33,0.33,97.46,4,10.15,92,7
M01801,Mushroom Mycelium,24.3,7.86,96.22,0.34,99.58,3,9.98,89,5
M01802,Mushroom Mycelium,24.55,9.55,95.06,0.42,99.37,3,10.86,106,5
M01803,Mushroom Mycelium,23.75,7.96,98.32,0.43,97.18,3,10.33,97,4
M01804,Mushroom Mycelium,16.0,7.38,98.37,0.29,97.67,3,9.6,98,6
M01805,Mushroom Mycelium,23.8,5.88,96.86,0.37,97.65,3,10.03,91,4
M01806,Mushroom Mycelium,21.5,5.87,98.38,0.39,98.38,5,10.2,91,5
M01807,Mushroom Mycelium,20.59,6.83,99.31,0.39,96.98,2,10.16,104,5
M01808,Mushroom Mycelium,18.83,6.75,98.63,0.38,96.38,3,10.18,104,6
M01809,Mushroom Mycelium,24.04,8.67,95.71,0.46,98.93,2,9.6,86,5
M01810,Mushroom Mycelium,19.08,7.17,99.06,0.43,98.15,3,9.16,83,8
M01811,Mushroom Mycelium,24.44,7.02,99.3,0.44,99.03,3,9.54,80,7
M01812,Mushroom Mycelium,16.87,6.53,98.62,0.28,99.4,4,9.34,87,4
M01813,Mushroom Mycelium,25.17,7.33,98.68,0.34,98.28,2,9.52,82,5
M01814,Mushroom Mycelium,24.33,7.64,97.37,0.36,99.56,4,10.48,95,5
M01815,Mushroom Mycelium,28.2,8.23,98.16,0.44,97.49,5,11.32,100,7
M01816,Mushroom Mycelium,18.86,6.63,96.87,0.33,97.15,2,9.44,93,5
M01817,Mushroom Mycelium,15.0,7.91,98.22,0.31,98.76,4,8.95,83,4
M01818,Mushroom Mycelium,22.8,9.16,98.23,0.4,98.43,4,9.58,80,6
M01819,Mushroom Mycelium,13.01,8.65,98.94,0.26,98.62,5,8.6,76,6
M01820,Mushroom Mycelium,19.99,5.6,97.17,0.33,96.45,4,10.4,102,6
M01821,Mushroom Mycelium,22.9,7.64,96.94,0.4,98.07,4,9.94,87,6
M01822,Mushroom Mycelium,15.24,8.72,95.0,0.28,97.27,4,9.87,101,6
M01823,Mushroom Mycelium,22.46,7.96,96.11,0.36,98.3,4,9.7,83,7
M01824,Mushroom Mycelium,25.7,7.56,99.04,0.42,97.24,6,10.77,90,7
M01825,Mushroom Mycelium,19.17,6.1,97.5,0.38,97.16,3,8.52,70,4
M01826,Mushroom Mycelium,10.97,8.25,97.18,0.25,97.31,4,9.5,102,6
M01827,Mushroom Mycelium,14.11,7.02,98.79,0.3,99.87,3,9.26,95,5
M01828,Mushroom Mycelium,20.43,9.22,96.26,0.36,97.25,4,10.49,103,6
M01829,Mushroom Mycelium,17.81,8.8,97.81,0.27,99.53,4,9.98,98,6
M01830,Mushroom Mycelium,17.23,8.52,96.86,0.36,98.73,3,10.12,106,5
M01831,Mushroom Mycelium,19.2,9.35,97.42,0.33,97.6,3,10.22,104,6
M01832,Mushroom Mycelium,18.18,7.19,98.34,0.39,98.16,3,9.27,87,7
M01833,Mushroom Mycelium,25.03,5.22,95.81,0.41,99.04,5,11.1,102,5
M01834,Mushroom Mycelium,20.5,7.74,99.7,0.35,97.59,3,9.75,92,5
M01835,Mushroom Mycelium,23.17,6.97,98.23,0.42,97.51,4,10.17,91,6
M01836,Mushroom Mycelium,17.36,7.12,97.37,0.42,95.15,6,10.14,94,6
M01837,Mushroom Mycelium,27.75,6.28,97.96,0.36,98.42,4,10.38,86,4
M01838,Mushroom Mycelium,26.69,8.76,99.39,0.41,97.06,3,10.57,96,7
M01839,Mushroom Mycelium,18.83,8.41,100.0,0.36,99.67,2,9.18,88,6
M01840,Mushroom Mycelium,16.56,8.67,98.07,0.37,98.36,4,9.11,83,5
M01841,Mushroom Mycelium,24.19,6.61,99.22,0.36,98.74,5,10.47,91,5
M01842,Mushroom Mycelium,25.37,6.98,97.58,0.37,98.74,3,10.44,96,5
M01843,Mushroom Mycelium,24.87,8.09,98.56,0.39,96.68,3,10.54,99,7
M01844,Mushroom Mycelium,21.49,6.34,97.79,0.3,98.9,3,9.0,75,5
M01845,Mushroom Mycelium,14.51,8.5,98.8,0.3,96.74,3,8.85,86,4
M01846,Mushroom Mycelium,25.07,8.94,97.88,0.38,98.75,2,9.66,85,8
M01847,Mushroom Mycelium,17.81,5.91,96.06,0.28,98.62,3,8.73,77,4
M01848,Mushroom Mycelium,18.41,6.6,97.65,0.36,97.69,3,8.79,77,6
M01849,Mushroom Mycelium,26.24,8.9,97.42,0.39,97.64,4,11.27,107,4
M01850,Mushroom Mycelium,17.28,7.92,99.39,0.36,99.08,4,9.63,92,7
M01851,Mushroom Mycelium,18.45,6.13,99.23,0.43,96.98,3,9.14,84,8
M01852,Mushroom Mycelium,21.49,10.0,95.79,0.38,100.0,4,9.6,83,4
M01853,Mushroom Mycelium,19.45,5.28,99.78,0.27,96.32,4,9.95,94,6
M01854,Mushroom Mycelium,20.25,7.59,96.37,0.32,97.82,4,9.88,91,6
M01855,Mushroom Mycelium,17.74,6.18,98.43,0.34,97.46,2,8.82,83,6
M01856,Mushroom Mycelium,20.12,5.06,98.76,0.31,99.65,5,10.26,95,6
M01857,Mushroom Mycelium,25.3,7.06,96.7,0.49,100.0,2,10.23,96,5
M01858,Mushroom Mycelium,20.17,8.18,98.6,0.31,98.33,5,9.72,84,7
M01859,Mushroom Mycelium,25.06,7.07,100.0,0.4,96.59,3,10.16,91,5
M01860,Mushroom Mycelium,13.29,6.05,97.71,0.31,96.21,2,9.53,106,4
M01861,Mushroom Mycelium,16.15,7.08,98.16,0.31,98.84,4,10.07,103,6
M01862,Mushroom Mycelium,21.04,8.84,98.34,0.33,97.38,3,10.4,104,6
M01863,Mushroom Mycelium,18.87,7.77,99.91,0.38,97.51,4,9.74,91,6
M01864,Mushroom Mycelium,22.8,6.21,95.0,0.43,98.05,6,10.13,83,6
M01865,Mushroom Mycelium,14.78,8.94,100.0,0.32,96.95,4,9.43,93,5
M01866,Mushroom Mycelium,17.5,7.12,99.28,0.27,95.0,4,10.1,101,5
M01867,Mushroom Mycelium,21.08,8.34,99.6,0.3,96.71,4,9.66,85,7
M01868,Mushroom Mycelium,14.75,7.06,98.38,0.39,99.77,4,9.53,95,5
M01869,Mushroom Mycelium,16.66,7.14,99.79,0.27,97.78,4,8.82,77,7
M01870,Mushroom Mycelium,23.77,5.8,97.1,0.4,97.87,5,10.13,85,4
M01871,Mushroom Mycelium,15.59,5.56,97.05,0.31,98.62,5,9.81,95,6
M01872,Mushroom Mycelium,22.67,7.82,95.52,0.43,97.57,3,8.97,72,5
M01873,Mushroom Mycelium,24.08,9.08,97.21,0.4,96.82,4,10.81,102,6
M01874,Mushroom Mycelium,14.37,7.16,95.0,0.24,98.78,4,9.49,95,5
M01875,Mushroom Mycelium,19.4,7.92,97.49,0.32,97.41,2,9.49,93,6
M01876,Mushroom Mycelium,12.28,7.48,95.84,0.39,96.81,4,10.08,111,5
M01877,Mushroom Mycelium,14.53,8.72,100.0,0.23,96.7,5,8.45,70,5
M01878,Mushroom Mycelium,23.44,6.13,97.83,0.32,97.48,4,9.99,87,5
M01879,Mushroom Mycelium,21.02,7.05,97.0,0.31,95.83,3,9.8,92,5
M01880,Mushroom Mycelium,25.63,7.42,99.54,0.43,99.14,4,9.96,82,7
M01881,Mushroom Mycelium,24.01,9.23,99.69,0.42,99.12,4,10.2,90,5
M01882,Mushroom Mycelium,27.9,8.2,100.0,0.39,98.27,2,9.89,84,7
M01883,Mushroom Mycelium,11.25,9.14,98.67,0.21,97.74,4,9.12,94,7
M01884,Mushroom Mycelium,19.77,6.21,99.56,0.31,99.37,4,9.43,83,4
M01885,Mushroom Mycelium,28.12,8.06,96.31,0.47,96.77,2,10.11,88,5
M01886,Mushroom Mycelium,19.33,5.95,100.0,0.43,100.0,4,8.73,70,6
M01887,Mushroom Mycelium,14.59,6.25,95.0,0.21,97.61,3,8.26,74,5
M01888,Mushroom Mycelium,26.98,7.18,96.48,0.38,99.53,2,10.4,96,7
M01889,Mushroom Mycelium,15.19,7.62,97.28,0.23,99.96,4,9.72,98,7
M01890,Mushroom Mycelium,23.58,6.54,99.21,0.48,99.4,3,9.01,71,5
M01891,Mushroom Mycelium,28.65,6.26,98.22,0.41,98.01,4,10.62,89,6
M01892,Mushroom Mycelium,22.98,9.18,98.36,0.3,95.39,2,10.5,106,5
M01893,Mushroom Mycelium,20.91,8.08,97.47,0.36,100.0,3,10.29,102,7
M01894,Mushroom Mycelium,20.23,6.61,95.58,0.27,97.92,3,10.22,102,5
M01895,Mushroom Mycelium,15.22,9.39,98.5,0.3,100.0,4,9.37,91,5
M01896,Mushroom Mycelium,20.17,7.71,100.0,0.37,95.98,4,10.02,94,6
M01897,Mushroom Mycelium,10.0,7.04,96.47,0.29,97.03,4,9.2,98,5
M01898,Mushroom Mycelium,19.0,8.58,98.37,0.4,95.91,3,10.85,117,6
M01899,Mushroom Mycelium,19.1,7.34,98.19,0.31,97.86,2,9.46,93,6
M01900,Mushroom Mycelium,16.72,7.2,99.47,0.41,96.73,3,10.42,113,7
M01901,Mushroom Mycelium,16.56,6.53,98.76,0.37,98.91,5,9.86,94,6
M01902,Mushroom Mycelium,11.82,8.45,97.94,0.29,95.84,4,9.33,97,5
M01903,Mushroom Mycelium,16.69,6.71,97.82,0.35,97.64,4,10.12,103,4
M01904,Mushroom Mycelium,12.23,6.16,98.19,0.22,97.85,3,8.22,78,7
M01905,Mushroom Mycelium,26.79,8.08,100.0,0.46,97.31,5,11.38,104,6
M01906,Mushroom Mycelium,16.04,6.63,97.69,0.33,99.49,4,9.5,92,6
M01907,Mushroom Mycelium,17.02,8.0,96.04,0.31,98.58,4,9.65,93,6
M01908,Mushroom Mycelium,10.89,7.69,97.76,0.28,96.92,4,9.49,102,4
M01909,Mushroom Mycelium,18.04,6.55,96.75,0.34,97.53,5,10.2,98,6
M01910,Mushroom Mycelium,21.42,5.61,97.76,0.45,99.08,4,9.94,90,6
M01911,Mushroom Mycelium,19.13,8.37,99.76,0.3,97.73,2,9.41,92,7
M01912,Mushroom Mycelium,18.82,8.7,97.85,0.39,98.02,3,10.88,118,6
M01913,Mushroom Mycelium,17.03,8.25,97.94,0.31,96.16,3,8.6,76,4
M01914,Mushroom Mycelium,16.54,10.0,96.74,0.39,97.13,3,8.35,72,7
M01915,Mushroom Mycelium,20.4,7.61,96.66,0.36,100.0,4,10.04,94,6
M01916,Mushroom Mycelium,16.87,6.41,97.3,0.3,95.0,4,9.14,83,4
M01917,Mushroom Mycelium,26.95,6.12,98.34,0.47,95.98,3,10.95,103,5
M01918,Mushroom Mycelium,25.73,9.64,96.88,0.35,96.62,3,10.47,96,5
M01919,Mushroom Mycelium,20.61,7.98,97.83,0.27,99.22,3,10.36,104,7
M01920,Mushroom Mycelium,20.33,5.0,100.0,0.29,98.68,4,8.88,71,4
M01921,Mushroom Mycelium,16.9,9.78,97.73,0.23,96.86,4,9.54,91,5
M01922,Mushroom Mycelium,24.53,6.7,99.53,0.46,96.32,4,10.45,94,4
M01923,Mushroom Mycelium,25.58,7.14,97.63,0.39,97.24,3,9.71,81,7
M01924,Mushroom Mycelium,25.22,8.6,95.8,0.44,100.0,3,10.57,99,6
M01925,Mushroom Mycelium,17.36,6.94,99.4,0.25,99.02,3,9.34,90,4
M01926,Mushroom Mycelium,20.49,8.07,97.39,0.36,98.02,4,10.2,97,6
M01927,Mushroom Mycelium,23.47,8.98,97.49,0.37,99.01,2,9.75,90,5
M01928,Mushroom Mycelium,23.67,8.7,97.34,0.4,96.57,4,10.37,94,4
M01929,Mushroom Mycelium,15.42,8.37,97.15,0.3,96.38,5,8.74,74,6
M01930,Mushroom Mycelium,20.68,6.42,97.23,0.38,98.47,4,9.92,91,7
M01931,Mushroom Mycelium,20.57,8.48,97.87,0.39,95.26,5,9.86,86,6
M01932,Mushroom Mycelium,19.69,6.26,97.32,0.37,99.63,5,9.92,89,4
M01933,Mushroom Mycelium,17.43,7.89,97.56,0.28,97.37,3,9.09,85,6
M01934,Mushroom Mycelium,23.53,6.96,99.75,0.38,99.83,2,10.5,105,5
M01935,Mushroom Mycelium,17.18,7.01,98.5,0.35,99.72,5,9.87,93,4
M01936,Mushroom Mycelium,21.19,7.83,96.47,0.36,100.0,5,9.97,87,7
M01937,Mushroom Mycelium,16.19,7.79,95.41,0.23,100.0,2,9.22,94,6
M01938,Mushroom Mycelium,22.98,7.6,95.0,0.41,97.46,3,9.6,84,6
M01939,Mushroom Mycelium,16.22,7.63,98.56,0.27,95.44,2,8.67,83,7
M01940,Mushroom Mycelium,25.09,7.28,98.69,0.48,99.22,5,10.91,98,6
M01941,Mushroom Mycelium,15.3,7.9,97.95,0.24,95.0,2,8.23,76,5
M01942,Mushroom Mycelium,21.91,8.01,96.97,0.29,97.99,5,9.29,72,5
M01943,Mushroom Mycelium,22.38,7.11,99.49,0.36,98.46,3,10.44,102,6
M01944,Mushroom Mycelium,22.51,7.52,98.29,0.3,99.17,4,10.05,90,5
M01945,Mushroom Mycelium,14.77,5.94,96.32,0.34,97.4,2,8.98,92,7
M01946,Mushroom Mycelium,18.44,5.56,97.21,0.41,96.62,5,10.84,110,7
M01947,Mushroom Mycelium,12.99,8.06,96.52,0.28,97.41,3,9.45,101,5
M01948,Mushroom Mycelium,15.54,6.57,96.8,0.36,98.96,4,9.85,100,6
M01949,Mushroom Mycelium,15.81,6.65,97.91,0.23,100.0,4,9.08,84,4
M01950,Mushroom Mycelium,27.13,6.35,96.53,0.38,99.13,3,9.86,81,5
M01951,Mushroom Mycelium,29.44,5.68,99.24,0.5,96.19,4,11.34,102,7
M01952,Mushroom Mycelium,16.79,8.58,97.58,0.32,100.0,2,8.88,86,5
M01953,Mushroom Mycelium,21.97,8.11,99.13,0.3,100.0,4,10.25,95,6
M01954,Mushroom Mycelium,19.04,7.59,98.21,0.29,100.0,4,9.25,81,6
M01955,Mushroom Mycelium,19.3,7.97,99.24,0.4,98.4,3,9.33,86,7
M01956,Mushroom Mycelium,24.45,6.41,95.0,0.38,97.85,3,9.29,75,5
M01957,Mushroom Mycelium,18.86,7.42,96.27,0.43,98.35,6,10.64,101,4
M01958,Mushroom Mycelium,20.06,7.88,100.0,0.37,97.33,3,9.66,91,7
M01959,Mushroom Mycelium,17.71,7.0,97.63,0.32,98.01,3,8.72,77,6
M01960,Mushroom Mycelium,18.31,8.08,97.38,0.39,97.29,4,9.88,95,4
M01961,Mushroom Mycelium,17.89,8.26,98.08,0.32,98.79,2,9.49,96,6
M01962,Mushroom Mycelium,19.78,8.39,96.73,0.33,97.07,4,9.08,76,5
M01963,Mushroom Mycelium,25.79,5.62,100.0,0.44,98.02,4,9.83,79,5
M01964,Mushroom Mycelium,20.75,8.65,99.4,0.38,97.47,3,9.58,88,4
M01965,Mushroom Mycelium,18.75,8.82,98.06,0.3,96.32,3,9.22,85,6
M01966,Mushroom Mycelium,22.03,6.39,100.0,0.32,98.82,5,11.15,109,5
M01967,Mushroom Mycelium,22.34,9.68,97.0,0.3,98.75,4,9.93,88,6
M01968,Mushroom Mycelium,24.73,8.53,98.56,0.41,98.8,3,9.77,84,7
M01969,Mushroom Mycelium,19.34,6.98,97.14,0.37,97.49,2,10.18,107,7
M01970,Mushroom Mycelium,19.26,5.14,99.55,0.27,100.0,4,9.48,85,5
M01971,Mushroom Mycelium,12.99,6.17,100.0,0.2,97.7,2,8.7,90,7
M01972,Mushroom Mycelium,22.46,8.6,97.2,0.38,96.65,4,10.5,99,6
M01973,Mushroom Mycelium,17.74,7.67,100.0,0.35,97.32,4,9.37,86,6
M01974,Mushroom Mycelium,22.5,6.93,97.46,0.34,98.17,2,10.0,97,4
M01975,Mushroom Mycelium,17.82,7.1,96.4,0.33,97.33,4,8.78,74,5
M01976,Mushroom Mycelium,14.71,6.2,95.84,0.32,97.65,3,9.02,89,8
M01977,Mushroom Mycelium,24.01,7.16,97.11,0.44,98.6,3,10.25,95,8
M01978,Mushroom Mycelium,23.96,7.71,95.71,0.46,97.61,4,9.8,82,7
M01979,Mushroom Mycelium,24.28,8.41,97.66,0.42,98.17,2,10.63,106,6
M01980,Mushroom Mycelium,25.78,5.87,98.63,0.41,95.0,5,10.63,91,6
M01981,Mushroom Mycelium,21.3,8.34,98.22,0.32,98.43,3,9.33,82,7
M01982,Mushroom Mycelium,24.96,7.16,99.81,0.41,95.52,3,9.75,83,4
M01983,Mushroom Mycelium,18.0,6.94,99.32,0.31,96.93,3,9.0,82,4
M01984,Mushroom Mycelium,15.85,7.68,100.0,0.23,98.79,4,8.79,78,6
M01985,Mushroom Mycelium,20.03,6.52,96.47,0.4,95.36,2,9.05,83,6
M01986,Mushroom Mycelium,18.65,7.89,98.66,0.29,96.65,4,9.62,89,5
M01987,Mushroom Mycelium,25.34,6.23,100.0,0.4,98.87,4,10.08,85,6
M01988,Mushroom Mycelium,22.26,5.42,97.43,0.43,100.0,2,9.63,90,6
M01989,Mushroom Mycelium,17.05,8.38,99.94,0.38,95.0,3,8.65,77,5
M01990,Mushroom Mycelium,26.17,5.14,96.96,0.47,100.0,4,10.37,89,6
M01991,Mushroom Mycelium,10.4,7.26,98.46,0.2,97.8,3,8.79,93,5
M01992,Mushroom Mycelium,22.84,6.37,98.56,0.47,97.65,5,10.93,103,5
M01993,Mushroom Mycelium,27.06,7.66,99.28,0.48,99.13,4,9.51,70,6
M01994,Mushroom Mycelium,17.23,8.83,100.0,0.34,95.77,4,8.97,79,4
M01995,Mushroom Mycelium,20.39,6.9,97.74,0.35,98.52,4,9.94,92,6
M01996,Mushroom Mycelium,11.26,10.0,96.49,0.34,95.14,4,9.48,101,5
M01997,Mushroom Mycelium,24.1,7.55,100.0,0.37,96.92,4,10.31,92,7
M01998,Mushroom Mycelium,22.32,7.62,98.15,0.37,98.07,2,9.83,94,6
M01999,Mushroom Mycelium,16.88,9.37,98.02,0.33,96.61,6,10.99,112,6
M02000,Mushroom Mycelium,24.6,6.55,98.07,0.43,96.04,4,10.31,91,5
M02001,Recycled Cardboard,28.8,4.2,95.86,0.76,91.56,5,11.93,101,3
M02002,Recycled Cardboard,19.48,5.34,93.73,0.91,95.6,4,11.75,120,3
M02003,Recycled Cardboard,20.91,6.34,95.11,0.88,93.68,6,12.39,122,4
M02004,Recycled Cardboard,31.76,4.34,96.12,0.77,96.99,3,13.33,131,3
M02005,Recycled Cardboard,25.19,5.0,93.01,0.91,90.93,4,11.17,97,3
M02006,Recycled Cardboard,25.22,8.0,90.62,0.78,90.64,6,13.02,126,3
M02007,Recycled Cardboard,28.09,6.78,86.65,0.75,88.87,4,11.91,106,4
M02008,Recycled Cardboard,23.38,6.63,86.04,0.7,96.18,6,13.54,140,3
M02009,Recycled Cardboard,30.26,8.0,92.69,0.85,95.94,4,12.03,104,5
M02010,Recycled Cardboard,20.51,5.6,89.17,0.7,93.47,3,9.95,86,5
M02011,Recycled Cardboard,27.8,6.33,90.45,0.76,90.19,7,11.68,90,4
M02012,Recycled Cardboard,31.44,7.51,96.96,0.8,93.11,4,11.09,83,3
M02013,Recycled Cardboard,17.38,4.67,92.99,0.77,93.53,4,10.69,103,3
M02014,Recycled Cardboard,25.01,5.09,92.22,0.83,88.14,5,12.0,110,3
M02015,Recycled Cardboard,20.37,7.26,97.91,0.7,99.17,5,11.89,117,3
M02016,Recycled Cardboard,23.29,7.79,92.63,0.93,93.56,4,12.03,118,3
M02017,Recycled Cardboard,18.94,3.17,91.97,0.77,88.76,4,12.39,134,3
M02018,Recycled Cardboard,24.83,7.42,94.29,0.88,89.37,3,10.33,85,3
M02019,Recycled Cardboard,25.51,4.42,95.94,0.76,97.54,5,11.95,108,3
M02020,Recycled Cardboard,23.0,3.64,91.28,0.75,92.54,4,11.35,105,3
M02021,Recycled Cardboard,18.72,5.39,93.18,0.82,94.93,4,10.07,88,5
M02022,Recycled Cardboard,28.34,7.85,93.27,0.91,93.21,3,11.98,111,4
M02023,Recycled Cardboard,22.18,7.15,95.75,0.75,98.8,4,11.52,110,3
M02024,Recycled Cardboard,15.0,4.88,90.55,0.9,89.38,4,11.1,116,3
M02025,Recycled Cardboard,17.63,6.72,88.71,0.83,95.34,5,10.11,87,3
M02026,Recycled Cardboard,32.24,4.64,92.97,0.97,95.01,5,13.02,116,3
M02027,Recycled Cardboard,27.34,6.93,93.5,0.85,91.72,5,11.53,96,5
M02028,Recycled Cardboard,21.02,4.55,87.21,0.95,92.56,6,11.9,112,3
M02029,Recycled Cardboard,16.51,5.64,91.48,0.7,91.01,5,11.2,111,3
M02030,Recycled Cardboard,26.0,7.1,85.04,0.79,95.71,4,11.8,108,3
M02031,Recycled Cardboard,19.73,6.23,92.62,0.7,93.84,5,11.82,117,5
M02032,Recycled Cardboard,22.64,6.08,92.57,0.71,90.63,5,11.66,108,3
M02033,Recycled Cardboard,19.14,3.89,89.11,0.8,93.41,5,11.81,118,6
M02034,Recycled Cardboard,29.24,7.98,91.42,0.77,96.45,5,12.12,104,3
M02035,Recycled Cardboard,27.99,5.75,91.71,1.0,97.42,3,11.95,111,4
M02036,Recycled Cardboard,27.33,4.54,98.0,0.72,95.48,5,12.18,109,3
M02037,Recycled Cardboard,20.02,4.35,86.71,0.89,98.49,4,10.5,94,3
M02038,Recycled Cardboard,20.17,4.21,89.36,0.7,91.81,6,11.57,107,4
M02039,Recycled Cardboard,25.52,4.74,92.95,0.87,90.72,3,11.6,109,5
M02040,Recycled Cardboard,23.53,7.13,94.75,0.8,98.11,4,12.95,136,3
M02041,Recycled Cardboard,29.74,4.69,89.96,0.82,97.18,4,11.22,89,3
M02042,Recycled Cardboard,25.06,5.59,89.49,0.78,93.09,4,12.01,114,4
M02043,Recycled Cardboard,23.08,6.05,87.72,0.84,89.5,6,12.01,110,5
M02044,Recycled Cardboard,24.29,3.23,89.48,0.78,90.28,4,11.08,97,3
M02045,Recycled Cardboard,24.4,6.12,89.9,0.8,90.24,4,11.99,115,3
M02046,Recycled Cardboard,21.54,6.9,92.43,0.7,95.5,5,11.0,97,3
M02047,Recycled Cardboard,25.4,5.57,91.06,0.85,94.2,4,12.44,122,4
M02048,Recycled Cardboard,24.16,7.49,89.03,0.8,89.83,3,11.97,119,4
M02049,Recycled Cardboard,21.51,7.93,92.89,0.9,91.52,4,11.35,108,4
M02050,Recycled Cardboard,22.45,5.72,90.25,0.96,93.48,6,12.14,114,3
M02051,Recycled Cardboard,30.68,3.75,86.85,0.76,97.23,5,11.17,82,3
M02052,Recycled Cardboard,19.57,7.61,91.23,0.81,98.88,5,10.31,87,3
M02053,Recycled Cardboard,15.0,7.19,93.91,0.76,93.81,6,11.05,107,4
M02054,Recycled Cardboard,23.69,4.97,88.09,0.92,94.94,4,11.17,100,5
M02055,Recycled Cardboard,19.07,5.05,91.44,0.77,97.56,4,11.91,124,6
M02056,Recycled Cardboard,18.21,7.94,92.35,0.8,95.43,3,10.82,108,4
M02057,Recycled Cardboard,29.98,5.42,89.77,0.84,96.74,4,13.3,130,3
M02058,Recycled Cardboard,26.95,4.1,93.51,0.91,88.75,4,11.35,97,4
M02059,Recycled Cardboard,29.83,3.65,95.01,0.87,94.13,6,12.13,99,3
M02060,Recycled Cardboard,28.16,3.55,85.94,0.89,95.72,5,12.52,114,3
M02061,Recycled Cardboard,33.0,7.16,89.3,1.0,86.0,4,12.15,101,3
M02062,Recycled Cardboard,29.33,6.69,92.33,0.87,99.04,3,11.78,105,4
M02063,Recycled Cardboard,28.93,7.42,92.03,0.95,95.29,4,12.14,109,3
M02064,Recycled Cardboard,18.66,6.32,91.65,0.7,94.87,6,12.37,126,4
M02065,Recycled Cardboard,19.16,7.76,89.26,0.94,91.38,4,11.72,120,4
M02066,Recycled Cardboard,18.19,6.46,95.67,0.8,91.34,6,10.72,94,5
M02067,Recycled Cardboard,30.15,5.99,86.57,0.99,92.73,4,13.12,126,3
M02068,Recycled Cardboard,32.8,6.42,92.17,0.96,90.24,4,12.13,101,3
M02069,Recycled Cardboard,19.22,4.51,93.59,0.8,94.78,4,11.27,111,3
M02070,Recycled Cardboard,24.93,7.25,89.56,0.78,96.29,5,12.69,124,3
M02071,Recycled Cardboard,21.92,4.74,93.77,0.7,91.4,3,11.09,106,5
M02072,Recycled Cardboard,16.78,7.1,92.78,0.8,97.77,4,11.93,129,3
M02073,Recycled Cardboard,24.28,8.0,98.0,0.71,88.86,3,10.78,95,4
M02074,Recycled Cardboard,29.17,4.57,91.85,0.93,97.12,5,11.82,98,3
M02075,Recycled Cardboard,19.8,4.22,90.87,0.87,92.79,6,10.18,80,5
M02076,Recycled Cardboard,22.62,5.86,93.6,0.73,89.82,4,11.51,109,3
M02077,Recycled Cardboard,34.28,4.66,93.62,0.87,93.34,3,12.78,115,3
M02078,Recycled Cardboard,15.0,5.63,89.1,0.7,93.61,6,11.25,111,5
M02079,Recycled Cardboard,31.59,6.04,91.99,0.98,96.48,4,12.91,119,3
M02080,Recycled Cardboard,18.96,5.14,90.93,0.76,91.63,5,10.8,98,4
M02081,Recycled Cardboard,27.33,6.84,89.76,0.86,97.07,5,11.48,95,3
M02082,Recycled Cardboard,19.64,7.55,88.54,0.85,96.89,5,10.66,94,3
M02083,Recycled Cardboard,28.84,7.02,87.74,1.0,98.18,5,12.68,116,3
M02084,Recycled Cardboard,17.49,8.0,96.24,0.7,93.94,3,9.75,88,3
M02085,Recycled Cardboard,25.93,6.58,97.77,0.71,90.69,5,10.99,88,4
M02086,Recycled Cardboard,23.51,6.45,90.87,0.99,89.29,5,10.95,92,4
M02087,Recycled Cardboard,21.77,6.61,88.29,0.71,92.51,5,13.08,138,3
M02088,Recycled Cardboard,23.36,8.0,92.89,0.7,88.77,3,11.54,112,4
M02089,Recycled Cardboard,23.31,8.0,90.86,0.77,93.53,5,11.68,107,3
M02090,Recycled Cardboard,25.94,6.7,89.42,0.9,98.48,6,11.39,92,3
M02091,Recycled Cardboard,27.6,6.85,85.47,1.0,91.19,5,10.76,80,3
M02092,Recycled Cardboard,25.41,3.22,89.31,0.92,96.21,4,11.49,103,3
M02093,Recycled Cardboard,34.45,5.71,96.39,0.88,93.07,5,12.25,96,4
M02094,Recycled Cardboard,20.12,4.83,91.09,0.7,99.28,4,11.36,111,4
M02095,Recycled Cardboard,25.2,4.42,91.91,0.79,93.22,4,11.87,111,4
M02096,Recycled Cardboard,26.98,5.71,95.32,0.77,88.21,5,12.8,122,4
M02097,Recycled Cardboard,29.82,5.61,88.56,0.82,93.42,6,11.88,94,3
M02098,Recycled Cardboard,26.0,3.6,89.97,0.86,87.95,5,12.35,115,3
M02099,Recycled Cardboard,35.0,6.39,89.88,0.92,94.58,6,13.1,108,3
M02100,Recycled Cardboard,32.5,5.41,92.43,0.91,92.71,4,12.65,112,3
M02101,Recycled Cardboard,25.27,5.53,91.73,0.8,89.5,5,11.78,105,3
M02102,Recycled Cardboard,30.12,3.86,95.57,0.82,89.62,5,11.26,85,3
M02103,Recycled Cardboard,35.0,5.75,92.83,1.0,89.36,4,12.45,103,4
M02104,Recycled Cardboard,30.1,6.52,92.98,0.9,93.88,4,11.21,88,4
M02105,Recycled Cardboard,18.9,5.42,87.02,0.7,92.81,4,11.84,123,3
M02106,Recycled Cardboard,23.76,5.37,92.3,0.7,96.83,4,13.08,138,4
M02107,Recycled Cardboard,19.52,7.08,97.68,0.94,97.14,4,10.85,102,3
M02108,Recycled Cardboard,23.36,7.97,96.11,0.75,91.55,4,10.19,81,3
M02109,Recycled Cardboard,31.36,5.52,89.87,0.93,93.08,3,12.29,111,4
M02110,Recycled Cardboard,31.92,7.16,90.72,0.9,94.7,4,11.69,94,4
M02111,Recycled Cardboard,19.54,3.0,93.74,0.91,95.2,6,11.85,114,5
M02112,Recycled Cardboard,19.43,5.87,89.76,0.74,100.0,4,12.09,127,3
M02113,Recycled Cardboard,33.96,6.38,90.65,1.0,92.04,6,13.65,121,3
M02114,Recycled Cardboard,30.88,7.8,97.2,0.76,94.02,6,13.19,118,3
M02115,Recycled Cardboard,19.22,6.14,87.99,0.72,100.0,3,10.12,92,5
M02116,Recycled Cardboard,27.16,6.74,92.42,0.72,94.59,5,10.72,80,3
M02117,Recycled Cardboard,24.1,7.06,91.76,0.89,94.49,4,12.76,131,4
M02118,Recycled Cardboard,16.92,7.93,88.13,0.7,90.84,3,10.94,113,3
M02119,Recycled Cardboard,23.89,4.73,93.79,0.84,91.38,5,11.04,93,3
M02120,Recycled Cardboard,23.19,6.23,88.75,0.8,94.4,6,11.72,104,4
M02121,Recycled Cardboard,18.16,6.46,93.71,0.7,91.2,6,11.77,115,4
M02122,Recycled Cardboard,23.23,5.2,89.57,0.84,95.68,4,10.17,81,4
M02123,Recycled Cardboard,29.66,5.84,90.19,1.0,94.06,6,13.07,118,4
M02124,Recycled Cardboard,28.22,6.82,86.52,0.92,93.53,4,11.52,98,4
M02125,Recycled Cardboard,17.38,4.89,91.97,0.79,88.84,5,11.14,108,3
M02126,Recycled Cardboard,21.52,5.04,86.06,0.89,92.84,5,11.15,100,3
M02127,Recycled Cardboard,26.88,6.09,90.82,0.72,89.3,4,11.94,109,4
M02128,Recycled Cardboard,27.39,3.0,89.84,0.79,94.19,5,11.89,103,3
M02129,Recycled Cardboard,24.08,5.32,89.33,0.9,95.17,6,11.11,90,3
M02130,Recycled Cardboard,29.15,5.05,91.24,1.0,92.87,4,11.96,105,3
M02131,Recycled Cardboard,24.94,5.02,89.34,0.86,95.86,4,10.59,86,3
M02132,Recycled Cardboard,24.0,4.04,92.85,0.8,95.31,4,12.05,117,3
M02133,Recycled Cardboard,32.44,7.69,94.54,0.99,95.09,4,12.54,110,4
M02134,Recycled Cardboard,20.89,6.57,93.73,0.7,94.36,4,11.64,115,4
M02135,Recycled Cardboard,35.0,4.86,92.93,1.0,91.73,4,13.5,124,4
M02136,Recycled Cardboard,26.91,4.7,92.29,0.96,96.59,4,11.79,106,4
M02137,Recycled Cardboard,27.55,6.93,91.88,0.94,91.94,5,11.26,90,5
M02138,Recycled Cardboard,29.49,6.8,93.28,0.83,96.82,4,12.8,121,3
M02139,Recycled Cardboard,27.0,4.85,90.66,0.93,93.08,6,13.9,140,3
M02140,Recycled Cardboard,25.35,4.26,91.55,0.93,93.37,4,11.64,106,4
M02141,Recycled Cardboard,16.52,6.73,91.07,0.7,94.08,5,10.1,89,3
M02142,Recycled Cardboard,22.3,5.38,90.15,0.75,96.57,5,11.68,109,5
M02143,Recycled Cardboard,29.48,6.05,92.28,0.87,94.17,5,12.95,120,3
M02144,Recycled Cardboard,22.65,6.46,89.12,0.73,93.14,4,11.57,110,4
M02145,Recycled Cardboard,18.63,7.32,92.35,0.77,97.39,5,10.26,88,3
M02146,Recycled Cardboard,32.48,5.38,93.0,1.0,96.6,5,13.4,123,4
M02147,Recycled Cardboard,15.0,7.17,91.4,0.74,94.91,4,9.95,93,4
M02148,Recycled Cardboard,22.14,4.08,89.54,0.89,91.21,4,10.86,97,4
M02149,Recycled Cardboard,26.69,5.96,92.54,0.81,92.69,3,11.97,114,3
M02150,Recycled Cardboard,34.63,7.5,95.25,1.0,90.11,5,12.31,97,3
M02151,Recycled Cardboard,28.93,4.51,95.29,0.91,93.34,4,12.94,125,5
M02152,Recycled Cardboard,24.48,6.71,92.09,0.85,94.05,5,11.8,107,3
M02153,Recycled Cardboard,16.7,5.9,95.07,0.87,92.92,4,11.72,125,3
M02154,Recycled Cardboard,22.65,7.75,93.35,0.74,95.44,5,13.02,135,3
M02155,Recycled Cardboard,28.94,6.86,89.22,1.0,93.1,5,12.24,107,4
M02156,Recycled Cardboard,25.34,3.41,92.9,0.79,91.99,5,11.23,94,6
M02157,Recycled Cardboard,26.24,5.29,91.78,0.71,89.27,4,10.97,91,3
M02158,Recycled Cardboard,33.29,3.0,92.81,0.97,89.53,5,13.28,119,5
M02159,Recycled Cardboard,24.27,6.45,91.32,0.88,92.56,6,11.68,101,4
M02160,Recycled Cardboard,31.64,6.72,90.5,1.0,90.69,4,13.96,140,4
M02161,Recycled Cardboard,24.01,5.24,97.77,0.73,94.37,5,12.9,130,5
M02162,Recycled Cardboard,26.29,7.88,93.43,0.8,99.63,4,11.08,93,6
M02163,Recycled Cardboard,18.57,6.98,90.03,0.78,93.99,4,10.86,104,3
M02164,Recycled Cardboard,29.43,6.5,92.32,0.77,92.51,4,13.29,131,4
M02165,Recycled Cardboard,22.55,7.0,97.4,0.82,89.48,4,11.26,104,4
M02166,Recycled Cardboard,18.24,6.2,87.11,0.71,97.36,7,11.77,111,4
M02167,Recycled Cardboard,24.54,4.17,91.87,0.7,92.37,6,11.9,105,3
M02168,Recycled Cardboard,30.48,6.08,88.89,0.92,92.12,6,11.25,80,5
M02169,Recycled Cardboard,28.6,6.87,87.01,0.83,100.0,5,13.36,130,4
M02170,Recycled Cardboard,23.8,6.18,89.2,0.73,98.63,3,12.38,128,5
M02171,Recycled Cardboard,29.46,5.59,90.19,0.96,92.77,5,12.95,120,3
M02172,Recycled Cardboard,24.08,6.12,94.35,0.81,89.67,5,11.26,97,4
M02173,Recycled Cardboard,19.38,5.39,88.46,0.79,87.01,3,11.39,117,4
M02174,Recycled Cardboard,28.87,6.17,92.26,1.0,95.44,5,11.89,100,3
M02175,Recycled Cardboard,25.72,5.98,98.0,0.79,90.74,6,12.92,123,4
M02176,Recycled Cardboard,15.33,5.83,92.1,0.7,95.16,5,11.43,118,6
M02177,Recycled Cardboard,19.98,4.39,86.1,0.7,95.97,4,12.4,132,3
M02178,Recycled Cardboard,25.6,8.0,93.18,0.78,95.61,6,13.21,129,3
M02179,Recycled Cardboard,22.74,5.67,96.87,0.83,97.72,6,12.57,122,3
M02180,Recycled Cardboard,30.07,6.27,96.82,0.81,92.16,3,11.96,107,3
M02181,Recycled Cardboard,26.6,5.26,91.84,0.85,92.72,5,11.96,106,4
M02182,Recycled Cardboard,16.4,5.91,90.88,0.71,90.14,4,11.14,114,5
M02183,Recycled Cardboard,16.39,6.09,92.83,0.87,93.91,4,10.39,99,4
M02184,Recycled Cardboard,26.94,4.37,94.68,0.9,90.36,5,13.19,130,3
M02185,Recycled Cardboard,28.69,6.41,89.15,0.92,96.47,3,11.77,106,3
M02186,Recycled Cardboard,19.49,6.94,94.07,0.88,93.13,5,12.5,131,3
M02187,Recycled Cardboard,20.79,5.99,91.71,0.76,89.65,5,12.53,129,4
M02188,Recycled Cardboard,22.54,6.66,88.73,0.7,95.42,5,11.8,111,3
M02189,Recycled Cardboard,23.33,5.62,88.4,0.8,91.85,7,11.28,91,3
M02190,Recycled Cardboard,30.97,7.38,95.0,0.81,98.78,5,14.0,138,4
M02191,Recycled Cardboard,27.77,4.14,91.31,0.75,95.37,3,11.93,111,5
M02192,Recycled Cardboard,29.28,5.49,88.74,0.88,95.21,5,10.93,80,3
M02193,Recycled Cardboard,20.17,7.56,88.32,0.95,94.6,4,12.37,131,3
M02194,Recycled Cardboard,28.96,8.0,88.62,0.87,94.23,4,11.4,94,3
M02195,Recycled Cardboard,28.01,4.41,91.17,1.0,95.49,3,12.05,113,3
M02196,Recycled Cardboard,19.95,6.33,90.43,0.72,94.68,5,11.64,113,3
M02197,Recycled Cardboard,19.38,6.22,88.22,0.93,94.9,6,12.14,120,3
M02198,Recycled Cardboard,23.81,4.54,92.99,0.89,93.84,4,11.33,103,3
M02199,Recycled Cardboard,28.11,5.35,87.99,0.97,93.05,4,12.31,114,3
M02200,Recycled Cardboard,28.72,5.32,94.85,0.74,95.06,5,11.97,102,4
M02201,Recycled Cardboard,20.83,5.2,95.12,0.96,89.86,7,12.78,126,3
M02202,Recycled Cardboard,25.86,6.15,95.67,0.84,94.23,5,12.54,119,4
M02203,Recycled Cardboard,26.22,5.21,91.88,0.88,96.65,4,13.42,140,4
M02204,Recycled Cardboard,32.16,4.2,90.32,0.85,95.41,4,12.92,118,3
M02205,Recycled Cardboard,33.45,5.15,88.87,1.0,91.49,3,12.95,120,4
M02206,Recycled Cardboard,22.19,6.62,88.87,0.89,93.39,5,10.77,91,4
M02207,Recycled Cardboard,22.31,8.0,95.41,0.92,94.0,4,10.98,99,3
M02208,Recycled Cardboard,23.26,5.6,90.97,0.93,93.36,4,11.68,111,3
M02209,Recycled Cardboard,26.7,4.54,93.48,0.92,92.57,4,12.52,121,6
M02210,Recycled Cardboard,16.32,5.8,94.17,0.77,93.69,6,12.53,134,3
M02211,Recycled Cardboard,29.72,6.17,97.5,0.83,95.78,5,11.57,92,3
M02212,Recycled Cardboard,28.05,7.24,89.25,0.81,92.63,4,12.8,124,3
M02213,Recycled Cardboard,24.3,6.64,98.0,0.78,90.9,3,11.88,117,4
M02214,Recycled Cardboard,25.22,7.53,92.56,0.85,95.72,3,12.32,124,3
M02215,Recycled Cardboard,31.17,6.04,90.29,0.86,93.65,6,12.97,113,3
M02216,Recycled Cardboard,23.29,7.22,88.2,0.89,98.14,4,12.33,124,5
M02217,Recycled Cardboard,20.67,6.23,91.15,0.88,92.09,4,11.57,114,3
M02218,Recycled Cardboard,35.0,3.15,93.64,0.8,95.12,3,12.95,117,3
M02219,Recycled Cardboard,22.16,3.64,92.53,0.82,95.22,5,12.87,133,3
M02220,Recycled Cardboard,34.14,7.1,93.1,1.0,93.84,5,13.06,113,4
M02221,Recycled Cardboard,19.62,6.19,94.07,0.85,95.08,6,11.96,116,4
M02222,Recycled Cardboard,20.64,5.39,87.52,0.79,97.57,4,11.46,112,3
M02223,Recycled Cardboard,15.0,7.02,93.07,0.7,91.81,3,10.65,111,5
M02224,Recycled Cardboard,21.16,6.18,96.82,0.85,94.79,4,11.47,111,3
M02225,Recycled Cardboard,21.77,5.33,89.37,0.97,97.14,5,11.38,104,3
M02226,Recycled Cardboard,18.53,4.67,98.0,0.82,95.16,4,12.0,127,4
M02227,Recycled Cardboard,35.0,8.0,91.91,0.94,92.1,3,13.35,125,3
M02228,Recycled Cardboard,25.04,4.58,89.83,0.91,99.71,7,11.8,98,5
M02229,Recycled Cardboard,16.77,6.72,92.71,0.71,87.78,4,10.98,110,4
M02230,Recycled Cardboard,29.67,5.96,88.47,0.86,97.48,6,13.62,129,5
M02231,Recycled Cardboard,21.8,5.66,96.21,0.81,95.44,3,11.48,114,3
M02232,Recycled Cardboard,26.37,3.0,95.65,0.93,96.76,4,11.89,109,3
M02233,Recycled Cardboard,23.8,8.0,91.19,0.79,95.58,4,10.38,84,3
M02234,Recycled Cardboard,25.16,7.22,93.43,0.98,100.0,5,10.52,80,4
M02235,Recycled Cardboard,18.39,6.92,92.05,0.93,93.23,5,10.84,100,3
M02236,Recycled Cardboard,17.61,7.03,89.23,0.7,89.03,4,10.81,105,4
M02237,Recycled Cardboard,21.77,6.8,95.35,0.89,89.92,4,10.83,97,6
M02238,Recycled Cardboard,31.48,5.22,93.66,0.93,92.52,3,13.0,125,3
M02239,Recycled Cardboard,20.26,5.91,93.99,0.7,90.97,5,11.83,116,4
M02240,Recycled Cardboard,25.69,5.8,90.75,0.71,96.05,4,11.17,96,4
M02241,Recycled Cardboard,25.87,4.77,92.28,0.93,98.99,5,11.59,100,3
M02242,Recycled Cardboard,21.43,3.96,92.18,0.85,99.06,4,11.59,113,3
M02243,Recycled Cardboard,29.44,6.08,94.86,0.74,93.72,3,12.74,124,3
M02244,Recycled Cardboard,28.65,7.09,94.26,0.79,95.34,4,11.27,92,3
M02245,Recycled Cardboard,24.49,7.67,88.68,0.89,91.23,6,11.9,105,3
M02246,Recycled Cardboard,30.31,6.01,90.24,0.87,91.53,4,12.78,119,3
M02247,Recycled Cardboard,31.66,8.0,90.09,0.99,97.19,4,13.52,131,6
M02248,Recycled Cardboard,28.46,4.75,94.36,0.82,91.23,4,12.4,115,6
M02249,Recycled Cardboard,32.19,5.33,94.71,0.94,94.77,3,12.32,110,3
M02250,Recycled Cardboard,20.62,6.83,93.35,0.82,92.13,5,11.21,103,3
M02251,Recycled Cardboard,29.6,5.93,89.83,1.0,96.12,5,11.91,99,5
M02252,Recycled Cardboard,25.45,5.13,95.51,0.88,94.95,5,11.2,93,4
M02253,Recycled Cardboard,21.58,7.6,93.73,0.84,87.76,4,11.66,114,4
M02254,Recycled Cardboard,23.51,3.8,90.88,0.89,100.0,6,11.7,103,3
M02255,Recycled Cardboard,22.94,3.8,91.59,0.8,97.88,5,12.94,133,4
M02256,Recycled Cardboard,21.54,3.51,92.47,0.94,99.84,6,11.6,105,3
M02257,Recycled Cardboard,25.53,7.33,91.56,0.9,97.29,4,11.3,99,3
M02258,Recycled Cardboard,27.29,5.3,87.54,0.75,95.37,3,10.33,80,3
M02259,Recycled Cardboard,24.66,7.68,92.71,0.81,98.03,5,12.47,120,3
M02260,Recycled Cardboard,28.47,6.59,88.43,0.74,96.17,4,11.95,106,3
M02261,Recycled Cardboard,19.39,5.86,90.59,0.79,95.83,4,11.59,117,4
M02262,Recycled Cardboard,31.11,6.74,95.93,0.91,97.57,6,12.51,104,3
M02263,Recycled Cardboard,28.91,8.0,90.11,0.86,98.6,6,12.74,113,5
M02264,Recycled Cardboard,26.84,3.49,94.16,0.98,100.0,5,11.38,94,4
M02265,Recycled Cardboard,24.13,7.22,92.0,0.92,89.93,3,10.21,84,3
M02266,Recycled Cardboard,25.3,3.0,89.21,0.79,92.13,4,12.13,116,4
M02267,Recycled Cardboard,31.34,3.61,87.72,0.91,92.93,4,11.33,88,3
M02268,Recycled Cardboard,28.3,6.95,93.87,0.95,90.67,4,11.63,100,4
M02269,Recycled Cardboard,28.98,6.09,90.25,0.93,93.66,3,13.0,130,6
M02270,Recycled Cardboard,22.75,6.71,95.57,0.87,92.21,4,11.68,112,3
M02271,Recycled Cardboard,22.58,5.52,95.73,0.79,94.32,6,12.46,120,3
M02272,Recycled Cardboard,33.21,4.34,93.61,0.86,95.0,4,12.47,107,4
M02273,Recycled Cardboard,29.83,5.52,95.33,1.0,93.97,4,12.98,124,3
M02274,Recycled Cardboard,28.86,6.77,91.66,0.93,95.2,3,11.74,105,3
M02275,Recycled Cardboard,31.3,6.03,94.59,0.87,95.26,6,12.58,105,5
M02276,Recycled Cardboard,16.87,4.43,93.15,0.81,97.72,5,10.64,99,4
M02277,Recycled Cardboard,35.0,5.63,91.35,1.0,94.95,5,13.5,120,4
M02278,Recycled Cardboard,25.07,3.99,92.08,0.8,92.23,3,10.76,93,4
M02279,Recycled Cardboard,30.19,3.0,91.12,0.8,94.98,4,11.62,96,3
M02280,Recycled Cardboard,30.98,5.45,91.92,0.95,88.47,4,12.9,120,4
M02281,Recycled Cardboard,24.97,5.93,93.0,0.74,90.73,5,11.85,107,3
M02282,Recycled Cardboard,18.93,4.76,90.85,0.94,90.87,5,11.39,110,4
M02283,Recycled Cardboard,26.54,5.22,95.28,0.85,97.67,5,10.9,85,3
M02284,Recycled Cardboard,21.89,3.6,88.3,0.9,100.0,6,12.54,123,3
M02285,Recycled Cardboard,18.47,7.11,92.41,0.86,94.85,4,11.7,121,5
M02286,Recycled Cardboard,27.41,4.6,87.44,0.81,90.38,3,12.04,114,5
M02287,Recycled Cardboard,24.41,7.49,93.07,0.83,92.49,4,11.69,109,4
M02288,Recycled Cardboard,26.12,6.71,92.19,0.92,94.59,4,13.21,136,3
M02289,Recycled Cardboard,32.6,7.49,88.28,0.97,94.48,5,12.71,109,3
M02290,Recycled Cardboard,24.48,6.37,95.57,0.91,96.36,7,11.95,102,4
M02291,Recycled Cardboard,22.18,3.4,93.41,0.91,93.89,4,12.32,126,4
M02292,Recycled Cardboard,24.99,5.52,96.05,0.74,90.97,4,12.25,119,5
M02293,Recycled Cardboard,31.03,4.93,94.28,0.88,96.73,4,12.85,119,3
M02294,Recycled Cardboard,23.13,5.13,85.0,0.7,91.81,4,11.31,104,4
M02295,Recycled Cardboard,25.45,7.44,90.15,0.78,89.66,5,11.25,94,3
M02296,Recycled Cardboard,17.07,5.18,89.9,0.71,95.54,6,11.51,112,3
M02297,Recycled Cardboard,35.0,4.21,95.45,0.99,89.74,4,12.6,106,4
M02298,Recycled Cardboard,33.77,5.47,90.37,0.8,93.32,4,12.03,97,3
M02299,Recycled Cardboard,16.07,4.57,94.18,0.73,97.36,5,10.11,90,4
M02300,Recycled Cardboard,27.65,8.0,90.02,0.95,92.56,6,12.96,120,3
M02301,Recycled Cardboard,25.36,3.0,88.8,0.78,95.4,4,13.09,135,4
M02302,Recycled Cardboard,23.83,6.0,95.63,0.9,95.17,5,10.38,80,4
M02303,Recycled Cardboard,33.81,4.69,91.22,0.98,96.7,4,12.68,110,3
M02304,Recycled Cardboard,23.16,5.81,90.19,0.7,99.88,6,12.47,119,4
M02305,Recycled Cardboard,28.29,6.1,95.18,0.83,95.96,3,11.18,95,3
M02306,Recycled Cardboard,19.45,5.32,95.64,0.72,92.31,4,11.75,120,5
M02307,Recycled Cardboard,22.42,6.31,93.76,0.75,90.16,4,10.09,81,3
M02308,Recycled Cardboard,19.52,7.96,94.57,0.73,93.72,4,11.6,117,3
M02309,Recycled Cardboard,24.32,5.69,93.88,0.82,90.22,4,10.88,93,6
M02310,Recycled Cardboard,20.39,5.6,88.27,0.84,92.0,3,10.94,106,3
M02311,Recycled Cardboard,24.76,5.45,85.0,0.95,92.72,4,12.88,132,3
M02312,Recycled Cardboard,20.32,6.82,92.62,0.85,91.63,3,11.08,109,3
M02313,Recycled Cardboard,25.41,6.29,89.67,0.75,96.02,5,12.24,114,3
M02314,Recycled Cardboard,31.89,5.93,90.67,0.85,91.64,4,11.14,83,5
M02315,Recycled Cardboard,31.84,5.51,91.65,1.0,98.7,5,12.18,100,4
M02316,Recycled Cardboard,25.54,3.54,95.18,0.76,94.73,6,10.75,80,3
M02317,Recycled Cardboard,19.09,7.24,95.49,0.9,99.44,5,12.16,125,3
M02318,Recycled Cardboard,22.21,5.42,90.76,0.74,90.58,3,10.82,100,4
M02319,Recycled Cardboard,15.0,6.5,90.84,0.7,95.62,3,11.35,125,4
M02320,Recycled Cardboard,29.69,5.47,93.23,1.0,93.74,5,12.62,113,4
M02321,Recycled Cardboard,16.9,5.91,93.79,0.7,93.34,5,10.39,94,3
M02322,Recycled Cardboard,28.18,4.9,90.11,0.91,97.47,4,12.27,113,4
M02323,Recycled Cardboard,23.6,6.48,93.14,0.84,91.41,3,10.06,82,5
M02324,Recycled Cardboard,30.28,7.3,95.76,0.88,91.1,5,12.08,101,4
M02325,Recycled Cardboard,20.93,6.85,97.4,0.81,96.76,5,12.39,126,3
M02326,Recycled Cardboard,20.34,8.0,97.46,0.79,92.65,5,10.93,98,3
M02327,Recycled Cardboard,20.62,7.32,89.7,0.79,97.33,5,11.26,104,3
M02328,Recycled Cardboard,33.56,7.34,91.15,0.92,94.78,6,13.66,122,3
M02329,Recycled Cardboard,35.0,7.37,97.44,0.92,92.99,4,13.05,115,5
M02330,Recycled Cardboard,17.24,7.37,92.02,0.72,99.25,4,10.42,98,3
M02331,Recycled Cardboard,21.63,8.0,89.57,0.81,96.66,5,11.61,109,5
M02332,Recycled Cardboard,35.0,6.67,90.54,1.0,93.14,5,14.4,138,4
M02333,Recycled Cardboard,21.77,7.46,93.46,0.87,96.98,4,11.53,111,4
M02334,Recycled Cardboard,26.41,7.24,95.56,0.77,98.3,5,11.39,95,4
M02335,Recycled Cardboard,26.14,6.99,92.55,0.8,92.0,4,11.81,108,3
M02336,Recycled Cardboard,29.3,3.0,94.33,0.92,92.51,5,11.48,91,5
M02337,Recycled Cardboard,23.36,8.0,91.0,0.7,96.02,7,12.24,110,4
M02338,Recycled Cardboard,19.1,6.31,91.43,0.7,94.67,5,11.61,114,4
M02339,Recycled Cardboard,15.83,4.1,96.03,0.91,92.41,3,9.68,90,3
M02340,Recycled Cardboard,29.0,3.61,88.89,0.87,93.62,4,12.0,106,4
M02341,Recycled Cardboard,22.57,6.93,91.09,0.89,90.92,3,12.06,124,4
M02342,Recycled Cardboard,30.76,6.0,87.35,0.91,98.49,4,12.38,110,3
M02343,Recycled Cardboard,27.41,7.07,92.98,0.99,92.32,4,10.54,80,3
M02344,Recycled Cardboard,25.29,6.39,91.94,0.9,89.78,5,10.98,89,4
M02345,Recycled Cardboard,23.58,4.66,91.93,0.91,92.11,4,11.16,100,4
M02346,Recycled Cardboard,29.27,5.98,91.34,1.0,95.5,7,13.23,118,3
M02347,Recycled Cardboard,29.63,8.0,92.46,0.75,93.99,6,12.46,106,4
M02348,Recycled Cardboard,22.31,4.27,90.0,0.88,89.63,3,11.33,110,3
M02349,Recycled Cardboard,24.0,4.37,92.34,0.93,89.53,4,12.2,120,3
M02350,Recycled Cardboard,16.27,6.52,94.02,0.7,91.96,6,11.78,119,5
M02351,Recycled Cardboard,25.81,7.44,92.62,0.79,91.81,6,12.03,105,3
M02352,Recycled Cardboard,35.0,5.4,93.11,0.9,98.9,4,12.2,98,4
M02353,Recycled Cardboard,25.68,6.68,95.23,0.75,96.62,5,12.67,122,3
M02354,Recycled Cardboard,28.72,6.64,88.58,0.74,89.95,4,12.57,118,4
M02355,Recycled Cardboard,35.0,6.23,88.09,0.91,92.09,4,12.0,94,4
M02356,Recycled Cardboard,18.93,6.15,93.21,0.94,88.13,3,10.89,108,3
M02357,Recycled Cardboard,31.09,6.13,90.45,0.87,91.4,5,12.26,103,3
M02358,Recycled Cardboard,25.2,5.96,92.06,0.94,95.18,4,12.57,125,6
M02359,Recycled Cardboard,22.84,7.12,95.79,0.87,100.0,6,12.13,113,3
M02360,Recycled Cardboard,27.59,3.26,85.81,0.95,94.4,6,11.96,100,4
M02361,Recycled Cardboard,27.07,4.77,89.28,0.88,97.09,7,12.51,108,3
M02362,Recycled Cardboard,23.61,4.6,96.83,0.88,94.77,3,12.36,128,4
M02363,Recycled Cardboard,27.36,5.62,94.3,0.88,94.55,5,13.54,136,3
M02364,Recycled Cardboard,25.84,7.68,96.03,0.82,99.66,3,12.23,121,3
M02365,Recycled Cardboard,27.15,8.0,94.53,1.0,95.83,4,11.21,94,4
M02366,Recycled Cardboard,17.77,5.7,93.59,0.7,96.28,5,11.08,106,4
M02367,Recycled Cardboard,24.98,5.33,97.32,0.88,94.03,4,10.9,92,4
M02368,Recycled Cardboard,26.55,5.91,95.11,1.0,97.03,5,12.46,116,4
M02369,Recycled Cardboard,26.27,5.24,86.02,0.97,94.38,4,12.73,126,3
M02370,Recycled Cardboard,28.9,6.02,94.88,0.97,97.01,4,10.79,82,3
M02371,Recycled Cardboard,20.88,6.61,91.89,0.81,94.47,4,11.04,103,4
M02372,Recycled Cardboard,25.19,5.64,98.0,0.8,88.35,4,12.12,116,5
M02373,Recycled Cardboard,30.59,7.36,91.39,0.77,96.29,3,10.96,86,3
M02374,Recycled Cardboard,26.18,7.24,92.87,0.8,94.14,3,11.27,101,3
M02375,Recycled Cardboard,21.76,5.73,97.98,0.85,92.35,4,10.98,100,3
M02376,Recycled Cardboard,21.57,4.7,92.76,0.7,88.79,3,12.16,128,3
M02377,Recycled Cardboard,30.2,3.0,92.77,0.82,95.85,3,11.37,95,4
M02378,Recycled Cardboard,19.09,6.11,91.05,0.82,97.49,5,11.51,112,4
M02379,Recycled Cardboard,26.97,7.46,92.29,0.81,93.16,4,12.45,119,5
M02380,Recycled Cardboard,23.79,6.71,92.55,0.91,91.22,3,11.68,114,4
M02381,Recycled Cardboard,31.87,5.2,90.77,0.93,95.96,5,12.69,110,3
M02382,Recycled Cardboard,26.19,4.8,88.01,0.81,92.1,3,12.17,119,3
M02383,Recycled Cardboard,23.56,6.33,89.18,0.95,97.08,5,11.21,97,3
M02384,Recycled Cardboard,23.46,5.91,89.54,0.72,89.0,6,11.6,101,4
M02385,Recycled Cardboard,28.39,7.45,93.08,0.73,94.34,5,12.14,106,3
M02386,Recycled Cardboard,21.67,5.74,87.53,0.7,91.03,5,12.87,134,4
M02387,Recycled Cardboard,25.82,5.52,94.93,0.79,95.19,6,13.28,130,4
M02388,Recycled Cardboard,22.31,6.5,91.33,0.7,95.57,5,10.88,93,4
M02389,Recycled Cardboard,29.84,7.49,96.96,0.92,97.51,4,11.68,98,3
M02390,Recycled Cardboard,28.87,7.96,93.43,0.8,93.65,5,12.84,119,3
M02391,Recycled Cardboard,19.7,5.4,87.41,0.89,90.82,3,11.12,111,6
M02392,Recycled Cardboard,21.82,6.73,86.78,0.97,97.84,3,12.18,128,4
M02393,Recycled Cardboard,25.9,7.52,90.39,0.97,97.37,6,12.54,115,4
M02394,Recycled Cardboard,22.55,5.86,89.01,0.82,93.02,6,12.55,122,4
M02395,Recycled Cardboard,20.87,5.34,89.39,0.83,89.25,4,11.04,103,3
M02396,Recycled Cardboard,19.75,4.46,94.29,0.78,92.54,6,11.68,110,3
M02397,Recycled Cardboard,22.38,4.01,96.17,0.79,95.12,4,12.04,120,4
M02398,Recycled Cardboard,19.11,5.12,89.19,0.7,95.74,4,11.46,115,3
M02399,Recycled Cardboard,20.74,3.63,92.96,0.94,93.56,4,11.17,106,4
M02400,Recycled Cardboard,23.43,6.21,95.27,0.7,91.85,6,12.39,117,3
M02401,Recycled Cardboard,20.76,3.46,87.69,0.83,92.07,4,12.88,140,5
M02402,Recycled Cardboard,30.14,4.28,90.05,1.0,95.59,4,13.81,140,3
M02403,Recycled Cardboard,31.78,5.57,93.69,1.0,91.79,5,12.78,112,3
M02404,Recycled Cardboard,24.73,6.46,96.07,0.89,88.06,3,11.42,107,3
M02405,Recycled Cardboard,21.94,4.69,97.64,0.87,98.54,3,10.14,87,5
M02406,Recycled Cardboard,17.27,6.61,91.46,0.73,90.92,4,11.23,114,4
M02407,Recycled Cardboard,21.91,6.49,94.35,0.82,93.11,5,11.89,114,4
M02408,Recycled Cardboard,29.88,7.8,93.81,0.75,98.59,5,12.39,108,4
M02409,Recycled Cardboard,28.25,6.19,91.91,0.84,92.29,5,13.43,132,3
M02410,Recycled Cardboard,25.71,6.36,92.77,0.99,96.8,4,11.22,97,4
M02411,Recycled Cardboard,28.28,6.16,91.33,0.83,95.44,4,12.08,109,4
M02412,Recycled Cardboard,30.68,6.38,87.32,1.0,94.62,5,12.32,105,4
M02413,Recycled Cardboard,23.66,7.46,93.28,0.8,93.06,6,12.52,119,3
M02414,Recycled Cardboard,23.29,7.6,88.57,0.76,94.3,7,12.83,122,5
M02415,Recycled Cardboard,29.74,5.13,91.16,1.0,94.06,4,12.62,117,3
M02416,Recycled Cardboard,23.33,4.33,96.07,0.74,95.4,4,10.88,95,6
M02417,Recycled Cardboard,21.04,7.39,96.07,0.7,93.44,6,12.3,120,4
M02418,Recycled Cardboard,30.21,3.0,91.96,0.86,94.51,4,12.37,111,3
M02419,Recycled Cardboard,22.71,4.26,88.41,0.95,91.32,6,12.22,115,4
M02420,Recycled Cardboard,15.66,6.09,93.86,0.7,94.24,6,11.32,111,3
M02421,Recycled Cardboard,24.99,5.57,95.26,0.8,92.27,3,11.8,114,3
M02422,Recycled Cardboard,22.11,5.65,90.96,0.85,88.81,5,11.66,109,3
M02423,Recycled Cardboard,24.98,6.38,90.83,0.7,96.77,4,12.45,123,3
M02424,Recycled Cardboard,15.0,6.4,90.24,0.7,97.3,5,11.75,125,3
M02425,Recycled Cardboard,26.53,7.66,88.15,1.0,90.95,4,11.9,109,3
M02426,Recycled Cardboard,29.28,7.76,91.07,1.0,91.1,6,11.48,87,3
M02427,Recycled Cardboard,15.78,5.69,89.25,0.74,87.82,4,9.83,89,4
M02428,Recycled Cardboard,31.61,4.66,91.79,0.93,90.54,3,10.76,80,6
M02429,Recycled Cardboard,28.21,5.56,90.17,0.75,97.93,3,12.97,131,3
M02430,Recycled Cardboard,17.02,7.44,93.39,0.7,96.62,5,9.95,85,4
M02431,Recycled Cardboard,23.0,7.61,89.25,0.82,94.17,5,11.1,96,3
M02432,Recycled Cardboard,15.63,4.66,91.71,0.75,95.35,6,12.76,140,4
M02433,Recycled Cardboard,28.05,3.0,92.9,0.9,91.27,4,10.61,80,4
M02434,Recycled Cardboard,22.95,8.0,94.95,0.98,93.73,3,12.24,127,3
M02435,Recycled Cardboard,21.54,6.33,93.63,0.75,94.71,5,10.3,83,5
M02436,Recycled Cardboard,19.47,3.75,92.02,0.7,97.67,6,13.15,140,4
M02437,Recycled Cardboard,25.58,6.41,95.07,1.0,96.94,6,11.86,102,5
M02438,Recycled Cardboard,16.44,3.23,92.06,0.84,92.37,5,11.19,111,3
M02439,Recycled Cardboard,27.62,6.92,94.73,0.81,90.47,3,13.36,140,3
M02440,Recycled Cardboard,19.81,5.66,97.77,0.88,93.07,5,11.58,112,3
M02441,Recycled Cardboard,22.88,4.92,98.0,0.86,94.74,3,10.54,93,4
M02442,Recycled Cardboard,21.32,6.66,89.18,0.89,92.45,5,11.23,102,3
M02443,Recycled Cardboard,15.0,3.0,95.53,0.7,93.75,3,11.4,126,3
M02444,Recycled Cardboard,22.14,5.58,93.45,0.88,94.78,6,12.26,117,5
M02445,Recycled Cardboard,22.89,3.94,91.54,0.79,94.86,5,11.64,107,5
M02446,Recycled Cardboard,17.94,5.23,97.21,0.7,91.0,4,11.49,118,3
M02447,Recycled Cardboard,26.69,7.2,90.75,0.91,98.91,5,11.17,90,3
M02448,Recycled Cardboard,22.93,3.0,95.8,0.7,94.99,3,11.54,113,4
M02449,Recycled Cardboard,26.08,5.23,95.74,0.71,88.68,3,11.41,104,5
M02450,Recycled Cardboard,25.26,4.4,93.5,0.91,100.0,3,11.18,101,3
M02451,Recycled Cardboard,28.23,5.96,92.1,0.93,99.25,4,11.67,101,3
M02452,Recycled Cardboard,24.57,7.24,91.87,0.88,94.4,4,11.51,105,3
M02453,Recycled Cardboard,24.78,7.08,89.23,0.81,98.32,4,10.98,94,3
M02454,Recycled Cardboard,27.16,6.33,93.35,0.72,93.0,5,13.37,133,3
M02455,Recycled Cardboard,15.0,6.63,96.75,0.9,93.2,5,10.65,103,3
M02456,Recycled Cardboard,22.64,3.0,86.8,0.98,91.04,4,11.26,104,3
M02457,Recycled Cardboard,23.53,4.64,88.65,0.98,87.07,6,11.8,105,3
M02458,Recycled Cardboard,27.45,8.0,94.23,0.88,92.04,3,13.1,135,3
M02459,Recycled Cardboard,28.79,4.86,95.86,0.74,93.73,6,11.98,98,4
M02460,Recycled Cardboard,16.19,4.74,92.58,0.7,100.0,5,11.22,112,4
M02461,Recycled Cardboard,27.15,4.66,92.07,0.82,89.72,4,11.92,108,3
M02462,Recycled Cardboard,25.54,5.52,95.2,0.87,94.4,3,11.1,99,5
M02463,Recycled Cardboard,24.01,7.56,93.21,0.84,94.61,4,13.2,140,4
M02464,Recycled Cardboard,23.23,5.15,88.22,0.7,96.7,4,11.02,98,4
M02465,Recycled Cardboard,30.9,5.18,92.97,0.89,96.43,4,13.89,140,3
M02466,Recycled Cardboard,24.67,3.89,91.23,0.74,89.78,3,12.17,122,5
M02467,Recycled Cardboard,27.22,4.91,92.38,0.8,96.26,4,13.52,140,5
M02468,Recycled Cardboard,19.59,5.25,94.42,0.95,91.15,5,11.06,102,4
M02469,Recycled Cardboard,24.3,4.51,89.33,0.7,93.65,3,10.93,98,4
M02470,Recycled Cardboard,22.54,6.23,93.58,0.7,90.92,7,12.65,120,3
M02471,Recycled Cardboard,27.39,6.92,92.95,0.83,90.41,4,12.04,110,4
M02472,Recycled Cardboard,33.39,4.61,92.66,0.9,98.08,4,13.19,121,3
M02473,Recycled Cardboard,33.45,8.0,90.82,1.0,95.18,5,12.05,94,4
M02474,Recycled Cardboard,27.85,6.17,90.66,1.0,89.41,6,12.73,115,4
M02475,Recycled Cardboard,30.4,5.53,95.1,0.87,90.66,4,11.84,100,4
M02476,Recycled Cardboard,23.01,7.67,94.53,0.72,89.83,4,11.05,99,3
M02477,Recycled Cardboard,18.35,4.83,89.38,0.77,98.68,4,11.64,120,4
M02478,Recycled Cardboard,23.17,8.0,91.5,0.96,97.49,6,11.17,93,3
M02479,Recycled Cardboard,28.84,4.49,95.3,0.77,95.7,5,11.38,90,4
M02480,Recycled Cardboard,26.01,5.77,95.17,0.77,97.26,4,10.4,80,3
M02481,Recycled Cardboard,22.6,7.01,88.52,0.86,91.77,4,11.86,116,6
M02482,Recycled Cardboard,24.84,5.47,90.39,0.97,87.28,4,12.33,121,4
M02483,Recycled Cardboard,31.79,4.48,93.84,0.9,93.74,3,10.78,80,3
M02484,Recycled Cardboard,18.64,5.67,92.98,0.7,93.46,5,12.21,127,5
M02485,Recycled Cardboard,22.74,4.61,93.37,0.98,99.31,6,11.52,101,4
M02486,Recycled Cardboard,33.9,3.0,92.0,1.0,99.15,5,13.64,125,3
M02487,Recycled Cardboard,28.4,6.74,91.75,0.87,94.44,4,12.29,113,4
M02488,Recycled Cardboard,23.91,4.12,94.82,0.85,92.72,6,12.74,123,4
M02489,Recycled Cardboard,18.16,6.21,92.88,0.83,94.51,5,11.47,113,4
M02490,Recycled Cardboard,24.08,8.0,91.89,0.87,95.08,4,12.61,128,4
M02491,Recycled Cardboard,27.51,6.63,98.0,0.9,98.62,5,13.1,127,4
M02492,Recycled Cardboard,21.86,7.06,91.41,0.85,93.87,5,12.44,125,3
M02493,Recycled Cardboard,30.52,6.74,95.86,0.76,95.34,4,13.2,127,3
M02494,Recycled Cardboard,19.08,6.64,90.9,0.7,97.14,3,11.06,111,4
M02495,Recycled Cardboard,23.81,6.45,93.05,0.7,94.87,5,12.38,120,3
M02496,Recycled Cardboard,24.39,8.0,91.91,0.88,92.56,5,12.59,123,3
M02497,Recycled Cardboard,21.46,5.34,88.9,0.7,94.67,3,11.35,112,4
M02498,Recycled Cardboard,29.04,6.17,91.04,0.89,94.84,5,13.05,123,5
M02499,Recycled Cardboard,34.7,5.08,94.34,0.9,93.42,4,13.07,116,5
M02500,Recycled Cardboard,27.61,6.29,92.92,0.73,93.03,4,10.86,86,5
M02501,Recycled Cardboard,25.09,5.7,88.5,0.99,91.49,5,10.96,89,4
M02502,Recycled Cardboard,32.96,3.0,88.34,1.0,89.07,4,12.45,107,4
M02503,Recycled Cardboard,24.54,7.01,91.76,0.7,93.98,5,12.4,119,3
M02504,Recycled Cardboard,25.76,3.02,91.38,0.78,92.71,6,12.58,116,3
M02505,Recycled Cardboard,27.3,8.0,91.53,1.0,93.27,4,11.68,103,4
M02506,Recycled Cardboard,24.92,5.93,94.53,0.74,99.32,5,11.59,102,5
M02507,Recycled Cardboard,20.05,6.92,92.09,0.9,92.92,3,11.06,109,3
M02508,Recycled Cardboard,17.42,5.12,91.84,0.72,92.74,4,11.49,119,4
M02509,Recycled Cardboard,28.43,3.0,94.9,0.91,91.42,4,11.89,105,4
M02510,Recycled Cardboard,27.42,5.32,96.88,0.91,90.21,4,11.54,100,4
M02511,Recycled Cardboard,28.26,3.94,96.18,0.87,97.15,6,12.13,102,3
M02512,Recycled Cardboard,31.27,4.65,90.11,0.84,92.34,4,12.78,117,3
M02513,Recycled Cardboard,19.36,3.25,89.51,0.87,95.77,4,11.14,108,4
M02514,Recycled Cardboard,31.66,5.24,94.22,0.86,97.13,6,11.52,83,5
M02515,Recycled Cardboard,30.83,5.91,94.07,0.94,95.73,4,12.08,104,4
M02516,Recycled Cardboard,29.93,7.39,90.24,0.84,93.57,5,12.69,114,3
M02517,Recycled Cardboard,35.0,5.73,92.21,0.8,88.47,7,13.95,121,3
M02518,Recycled Cardboard,35.0,5.37,90.74,1.0,100.0,6,13.75,121,3
M02519,Recycled Cardboard,29.37,7.04,96.62,0.88,93.24,4,12.54,116,3
M02520,Recycled Cardboard,21.28,5.97,87.72,0.79,90.81,5,12.23,122,3
M02521,Recycled Cardboard,29.83,7.16,87.66,0.96,96.32,5,12.48,110,4
M02522,Recycled Cardboard,27.37,6.18,92.73,0.82,92.3,3,12.04,114,4
M02523,Recycled Cardboard,20.83,6.83,88.63,0.74,96.43,3,11.18,110,3
M02524,Recycled Cardboard,29.67,7.85,94.99,1.0,97.25,6,12.37,104,4
M02525,Recycled Cardboard,26.29,5.87,92.39,0.77,90.46,4,12.43,120,4
M02526,Recycled Cardboard,30.51,6.24,89.2,0.9,96.08,5,12.45,108,3
M02527,Recycled Cardboard,20.01,4.61,87.63,0.84,91.43,5,11.75,115,4
M02528,Recycled Cardboard,20.58,6.72,94.39,0.95,92.59,5,11.46,108,5
M02529,Recycled Cardboard,30.91,3.16,94.88,1.0,94.43,6,13.69,128,5
M02530,Recycled Cardboard,27.63,5.42,89.45,0.9,94.71,4,12.16,112,4
M02531,Recycled Cardboard,26.72,8.0,89.97,0.78,94.65,5,12.07,108,3
M02532,Recycled Cardboard,22.11,7.38,85.77,0.87,94.6,5,10.86,93,4
M02533,Recycled Cardboard,16.33,7.1,85.6,0.77,91.17,3,11.73,130,4
M02534,Recycled Cardboard,26.05,8.0,89.27,0.96,89.29,5,11.96,107,3
M02535,Recycled Cardboard,24.21,7.29,90.13,0.72,92.87,4,10.87,93,3
M02536,Recycled Cardboard,27.47,3.09,90.93,0.72,94.5,4,12.7,123,4
M02537,Recycled Cardboard,30.38,5.23,91.67,0.85,93.8,4,13.04,124,4
M02538,Recycled Cardboard,27.42,6.04,93.91,0.72,93.1,4,11.19,93,4
M02539,Recycled Cardboard,21.53,7.13,91.08,0.9,95.54,4,11.75,116,4
M02540,Recycled Cardboard,17.72,8.0,89.08,0.81,95.55,3,9.37,80,3
M02541,Recycled Cardboard,28.47,6.46,93.37,0.95,88.54,5,11.75,98,3
M02542,Recycled Cardboard,21.35,4.83,96.3,0.96,91.63,3,10.03,86,3
M02543,Recycled Cardboard,15.0,5.59,90.9,0.82,95.69,5,11.45,119,3
M02544,Recycled Cardboard,26.48,5.77,95.72,0.89,99.63,5,12.2,111,3
M02545,Recycled Cardboard,23.48,5.22,87.79,0.98,97.66,3,11.9,119,4
M02546,Recycled Cardboard,24.45,8.0,92.2,0.75,96.69,4,12.15,118,5
M02547,Recycled Cardboard,15.56,6.59,93.9,0.71,96.65,5,11.26,114,4
M02548,Recycled Cardboard,25.62,7.9,93.94,0.71,93.02,5,12.06,110,4
M02549,Recycled Cardboard,34.23,8.0,94.02,0.95,91.92,7,13.12,106,3
M02550,Recycled Cardboard,19.38,8.0,90.75,0.84,100.0,4,10.34,92,3
M02551,Recycled Cardboard,28.34,7.57,98.0,0.86,93.19,4,13.33,134,3
M02552,Recycled Cardboard,33.3,5.42,90.53,1.0,94.05,4,13.13,120,3
M02553,Recycled Cardboard,24.4,6.36,92.33,0.82,97.17,4,11.14,98,4
M02554,Recycled Cardboard,29.38,8.0,91.06,0.94,94.55,3,12.84,126,3
M02555,Recycled Cardboard,19.25,6.61,94.62,0.9,94.17,5,11.38,109,5
M02556,Recycled Cardboard,25.47,4.56,93.17,0.79,100.0,6,12.35,112,4
M02557,Recycled Cardboard,25.81,6.89,98.0,0.92,90.07,4,11.58,104,4
M02558,Recycled Cardboard,24.65,3.0,94.99,0.87,91.18,4,12.12,117,3
M02559,Recycled Cardboard,25.05,4.85,95.34,0.86,91.82,4,12.11,116,3
M02560,Recycled Cardboard,30.6,6.56,93.07,0.92,95.45,3,12.41,115,5
M02561,Recycled Cardboard,23.34,5.88,89.5,0.78,93.69,4,11.93,116,3
M02562,Recycled Cardboard,21.97,5.04,89.86,0.76,94.09,6,11.4,100,3
M02563,Recycled Cardboard,30.74,7.77,90.0,1.0,90.65,4,13.12,125,3
M02564,Recycled Cardboard,19.38,5.07,88.74,0.7,90.81,5,10.34,88,4
M02565,Recycled Cardboard,22.77,8.0,88.69,0.78,95.09,4,11.38,106,3
M02566,Recycled Cardboard,19.45,3.3,87.8,0.86,87.63,4,10.1,87,3
M02567,Recycled Cardboard,22.17,4.69,95.24,0.97,98.99,3,10.17,87,3
M02568,Recycled Cardboard,17.88,5.36,98.0,0.75,96.3,6,10.59,92,3
M02569,Recycled Cardboard,34.06,8.0,85.62,0.95,91.22,4,12.11,98,3
M02570,Recycled Cardboard,19.46,8.0,93.86,0.7,88.53,5,11.3,107,4
M02571,Recycled Cardboard,17.52,7.02,91.7,0.86,99.77,3,9.5,83,3
M02572,Recycled Cardboard,28.07,8.0,90.35,0.96,94.4,5,13.01,124,4
M02573,Recycled Cardboard,24.33,6.88,89.77,0.85,89.44,6,13.03,128,4
M02574,Recycled Cardboard,19.02,7.14,95.94,0.84,97.52,5,11.4,110,4
M02575,Recycled Cardboard,28.16,8.0,91.58,0.95,89.48,6,12.57,111,4
M02576,Recycled Cardboard,28.61,4.18,94.7,0.82,93.73,5,11.56,94,4
M02577,Recycled Cardboard,25.12,3.8,88.73,0.83,91.66,5,12.81,126,4
M02578,Recycled Cardboard,34.74,5.97,87.14,0.94,92.64,6,12.62,99,3
M02579,Recycled Cardboard,21.96,5.36,95.99,0.8,97.26,4,10.95,99,3
M02580,Recycled Cardboard,17.7,4.54,96.61,0.78,97.3,5,11.77,120,3
M02581,Recycled Cardboard,18.97,8.0,92.63,0.83,91.74,5,11.45,111,4
M02582,Recycled Cardboard,18.37,4.89,87.72,0.74,94.17,6,11.39,107,6
M02583,Recycled Cardboard,35.0,4.75,90.68,1.0,92.93,5,12.65,103,4
M02584,Recycled Cardboard,23.0,7.31,92.52,0.91,94.99,3,10.85,99,3
M02585,Recycled Cardboard,22.4,6.7,90.14,0.71,89.3,4,11.24,104,4
M02586,Recycled Cardboard,32.41,6.2,85.46,1.0,93.45,6,12.99,111,3
M02587,Recycled Cardboard,21.01,8.0,92.12,0.88,96.03,4,11.0,102,3
M02588,Recycled Cardboard,29.24,8.0,91.88,0.81,95.89,5,13.07,123,5
M02589,Recycled Cardboard,25.56,6.35,91.15,0.92,92.58,4,12.26,118,3
M02590,Recycled Cardboard,30.89,7.7,87.52,0.98,96.34,4,11.84,99,4
M02591,Recycled Cardboard,23.51,7.47,98.0,0.83,97.35,5,11.0,93,3
M02592,Recycled Cardboard,25.28,5.56,91.1,0.85,94.4,4,12.18,117,3
M02593,Recycled Cardboard,19.56,5.63,93.67,0.85,91.98,5,12.06,122,3
M02594,Recycled Cardboard,27.92,7.06,96.86,1.0,89.79,5,12.64,117,3
M02595,Recycled Cardboard,26.0,8.0,93.84,0.85,98.09,5,12.2,112,3
M02596,Recycled Cardboard,28.37,6.58,92.77,0.91,96.3,4,11.39,95,3
M02597,Recycled Cardboard,26.58,7.58,90.09,1.0,100.0,4,10.71,85,3
M02598,Recycled Cardboard,32.72,3.3,96.29,0.78,95.59,4,12.07,100,3
M02599,Recycled Cardboard,30.68,8.0,92.54,0.96,92.07,4,12.52,113,3
M02600,Recycled Cardboard,24.25,6.78,92.65,0.74,89.67,5,11.12,94,3
M02601,Recycled Cardboard,24.27,7.31,98.0,0.8,95.48,6,12.33,114,3
M02602,Recycled Cardboard,15.0,8.0,95.08,0.7,93.66,5,12.5,140,3
M02603,Recycled Cardboard,29.41,6.55,91.7,0.75,92.2,5,13.64,134,5
M02604,Recycled Cardboard,24.6,5.99,88.91,0.88,95.01,5,10.66,84,3
M02605,Recycled Cardboard,23.69,6.08,88.92,0.86,95.24,4,11.62,109,3
M02606,Recycled Cardboard,30.08,4.4,95.78,1.0,94.66,6,12.21,100,3
M02607,Recycled Cardboard,28.38,6.3,89.87,0.81,90.42,5,12.49,113,3
M02608,Recycled Cardboard,20.62,4.96,92.7,0.81,95.78,3,11.66,120,5
M02609,Recycled Cardboard,30.0,6.58,89.25,0.76,93.78,5,14.0,140,4
M02610,Recycled Cardboard,24.91,8.0,92.57,0.86,94.31,5,10.64,83,5
M02611,Recycled Cardboard,26.85,4.96,90.99,0.94,95.3,3,11.74,109,3
M02612,Recycled Cardboard,27.29,6.25,91.96,0.99,92.92,4,12.43,118,5
M02613,Recycled Cardboard,17.24,3.18,90.26,0.7,94.82,5,11.02,106,4
M02614,Recycled Cardboard,24.86,4.64,91.1,1.0,90.44,3,12.04,119,4
M02615,Recycled Cardboard,19.95,5.52,89.26,0.74,97.62,4,10.0,84,5
M02616,Recycled Cardboard,24.55,5.49,92.67,0.91,95.07,3,11.61,111,3
M02617,Recycled Cardboard,23.33,7.81,86.99,0.81,98.39,4,12.08,119,3
M02618,Recycled Cardboard,27.46,6.48,87.25,0.93,96.9,7,13.85,134,5
M02619,Recycled Cardboard,21.93,8.0,89.54,0.7,89.96,5,11.39,104,5
M02620,Recycled Cardboard,24.22,4.04,93.03,0.88,95.65,4,11.77,111,3
M02621,Recycled Cardboard,32.77,6.6,94.81,0.85,96.97,3,12.38,110,5
M02622,Recycled Cardboard,31.65,3.97,93.27,0.86,99.66,3,12.51,115,3
M02623,Recycled Cardboard,27.09,5.26,96.26,1.0,90.8,6,13.31,128,3
M02624,Recycled Cardboard,22.41,7.94,85.0,0.7,92.07,5,11.94,114,3
M02625,Recycled Cardboard,24.11,6.73,98.0,0.86,88.44,5,12.86,129,4
M02626,Recycled Cardboard,23.12,8.0,92.91,0.7,94.23,6,12.16,113,4
M02627,Recycled Cardboard,20.26,4.29,92.68,0.73,95.0,5,10.63,92,3
M02628,Recycled Cardboard,20.79,6.47,92.24,0.87,93.82,6,12.48,124,4
M02629,Recycled Cardboard,32.45,4.49,91.78,0.93,94.64,4,11.05,80,5
M02630,Recycled Cardboard,25.68,7.74,91.0,1.0,95.04,4,11.32,99,4
M02631,Recycled Cardboard,27.12,4.83,91.69,1.0,92.48,4,12.11,112,3
M02632,Recycled Cardboard,29.38,4.65,94.29,0.88,100.0,6,11.99,97,5
M02633,Recycled Cardboard,19.59,6.67,96.41,0.88,95.13,5,9.96,80,5
M02634,Recycled Cardboard,30.92,4.36,92.05,0.94,94.92,3,11.79,102,5
M02635,Recycled Cardboard,23.31,5.86,86.22,0.7,96.39,4,12.38,125,3
M02636,Recycled Cardboard,22.64,6.8,93.59,0.92,92.27,5,11.41,103,4
M02637,Recycled Cardboard,27.0,6.01,95.97,0.82,93.45,4,12.35,117,3
M02638,Recycled Cardboard,30.53,4.96,92.07,1.0,91.33,5,12.35,106,3
M02639,Recycled Cardboard,27.54,7.71,95.2,0.93,93.67,5,11.65,98,4
M02640,Recycled Cardboard,28.71,3.16,87.92,0.97,93.55,5,13.07,124,4
M02641,Recycled Cardboard,28.57,8.0,94.87,0.94,95.35,4,11.36,94,3
M02642,Recycled Cardboard,26.38,6.3,95.74,0.89,90.99,4,11.89,109,5
M02643,Recycled Cardboard,35.0,6.99,94.1,0.89,90.23,6,12.05,87,3
M02644,Recycled Cardboard,28.77,7.12,93.33,0.91,92.45,4,11.88,104,4
M02645,Recycled Cardboard,26.26,5.93,90.17,0.86,92.18,3,12.18,119,3
M02646,Recycled Cardboard,28.69,3.73,85.4,0.89,93.06,4,12.57,118,5
M02647,Recycled Cardboard,26.4,5.94,85.0,0.71,94.71,3,12.39,123,6
M02648,Recycled Cardboard,18.04,7.86,92.41,0.83,92.25,5,10.95,103,4
M02649,Recycled Cardboard,25.46,4.92,91.42,0.8,91.88,4,11.85,110,4
M02650,Recycled Cardboard,25.42,5.76,93.22,0.87,98.19,5,13.54,140,4
M02651,Recycled Cardboard,26.01,7.13,94.8,0.73,88.18,4,11.65,105,6
M02652,Recycled Cardboard,15.0,4.09,94.25,0.7,95.42,6,11.6,118,4
M02653,Recycled Cardboard,26.19,6.21,88.59,1.0,99.61,6,12.07,105,4
M02654,Recycled Cardboard,30.92,6.69,93.65,1.0,94.93,5,12.94,117,5
M02655,Recycled Cardboard,25.28,6.52,93.77,0.91,93.63,5,12.68,123,4
M02656,Recycled Cardboard,22.39,3.57,94.11,0.97,95.23,5,10.99,95,3
M02657,Recycled Cardboard,22.17,8.0,92.72,0.77,92.06,4,11.72,114,5
M02658,Recycled Cardboard,26.26,7.72,85.0,0.93,95.08,6,11.78,99,3
M02659,Recycled Cardboard,27.5,8.0,88.88,0.73,93.19,7,13.0,117,5
M02660,Recycled Cardboard,23.84,7.72,88.85,0.87,93.19,5,10.58,84,4
M02661,Recycled Cardboard,28.56,8.0,95.32,0.86,95.49,6,12.36,106,4
M02662,Recycled Cardboard,24.16,6.87,90.48,0.79,93.96,4,11.32,102,5
M02663,Recycled Cardboard,25.21,4.67,89.28,0.81,93.16,5,11.87,107,3
M02664,Recycled Cardboard,24.82,6.23,94.39,0.87,96.05,6,12.73,121,6
M02665,Recycled Cardboard,23.2,7.08,94.67,0.82,95.46,4,11.42,106,3
M02666,Recycled Cardboard,25.33,7.82,95.9,0.76,97.58,4,11.98,113,4
M02667,Recycled Cardboard,34.23,5.92,92.96,0.93,97.67,3,12.17,103,4
M02668,Recycled Cardboard,23.39,5.32,91.47,0.86,94.78,5,11.09,95,3
M02669,Recycled Cardboard,26.64,5.25,90.59,0.96,90.72,4,12.56,122,3
M02670,Recycled Cardboard,24.04,5.97,90.66,0.79,92.62,4,12.55,127,3
M02671,Recycled Cardboard,19.78,4.43,93.69,0.85,87.57,5,12.08,122,4
M02672,Recycled Cardboard,21.08,5.58,94.93,0.91,96.57,4,11.81,118,3
M02673,Recycled Cardboard,20.9,5.61,92.21,0.86,95.77,5,11.39,106,3
M02674,Recycled Cardboard,15.23,5.63,91.09,0.7,95.42,5,11.12,112,3
M02675,Recycled Cardboard,20.08,6.97,95.58,0.75,95.65,4,11.51,114,3
M02676,Recycled Cardboard,17.65,8.0,93.4,0.71,95.89,6,12.16,124,4
M02677,Recycled Cardboard,30.7,7.71,95.15,0.82,94.41,3,11.87,104,3
M02678,Recycled Cardboard,27.5,6.52,98.0,0.9,96.23,5,11.75,100,5
M02679,Recycled Cardboard,29.63,6.02,90.62,0.98,94.65,4,11.81,101,3
M02680,Recycled Cardboard,23.93,3.85,91.71,0.7,96.2,5,12.04,113,3
M02681,Recycled Cardboard,31.73,3.0,90.61,0.97,95.46,4,11.92,99,4
M02682,Recycled Cardboard,32.52,5.16,93.88,0.92,94.62,4,12.75,114,3
M02683,Recycled Cardboard,20.04,4.35,96.83,0.9,91.7,3,10.45,97,4
M02684,Recycled Cardboard,19.21,5.85,90.27,0.86,90.1,5,12.22,126,4
M02685,Recycled Cardboard,29.23,3.86,95.54,0.87,96.7,5,11.77,97,4
M02686,Recycled Cardboard,29.77,6.27,94.71,0.92,100.0,4,13.78,140,4
M02687,Recycled Cardboard,22.78,6.23,93.6,0.83,91.75,5,11.08,96,4
M02688,Recycled Cardboard,19.28,7.61,91.62,0.79,94.34,5,10.23,86,3
M02689,Recycled Cardboard,21.22,5.46,94.76,0.74,96.62,4,11.62,114,4
M02690,Recycled Cardboard,26.02,3.93,92.48,0.85,96.74,4,11.1,94,3
M02691,Recycled Cardboard,28.9,6.89,94.63,0.87,96.07,3,11.74,105,3
M02692,Recycled Cardboard,15.0,5.94,93.86,0.71,94.91,5,10.15,93,3
M02693,Recycled Cardboard,23.01,8.0,92.29,0.98,95.19,3,10.6,94,4
M02694,Recycled Cardboard,17.09,6.32,91.75,0.85,85.0,5,11.51,116,4
M02695,Recycled Cardboard,24.53,4.19,85.65,0.85,96.04,6,11.45,96,4
M02696,Recycled Cardboard,29.18,5.21,89.32,0.92,90.02,7,13.42,122,5
M02697,Recycled Cardboard,15.25,6.18,98.0,0.77,95.26,6,9.73,80,3
M02698,Recycled Cardboard,20.94,4.04,92.51,0.7,88.56,4,10.44,91,5
M02699,Recycled Cardboard,35.0,4.71,88.53,0.92,97.83,4,14.3,140,4
M02700,Recycled Cardboard,15.0,5.45,91.75,0.7,93.64,5,11.8,126,3
M02701,Recycled Cardboard,27.42,4.96,85.79,0.9,100.0,6,12.59,113,3
M02702,Recycled Cardboard,24.39,7.88,91.51,0.7,94.02,4,11.59,107,4
M02703,Recycled Cardboard,22.94,3.96,90.82,0.78,89.6,4,11.24,103,4
M02704,Recycled Cardboard,28.23,7.71,87.54,0.79,93.44,4,12.32,114,3
M02705,Recycled Cardboard,25.21,5.26,93.61,0.8,89.18,5,12.32,116,5
M02706,Recycled Cardboard,29.69,6.64,91.32,0.91,96.66,5,11.87,98,4
M02707,Recycled Cardboard,18.93,8.0,91.54,0.93,99.05,5,12.44,131,3
M02708,Recycled Cardboard,22.96,6.28,93.33,0.71,91.59,4,13.0,138,3
M02709,Recycled Cardboard,22.09,4.64,96.09,0.76,92.41,5,11.36,103,4
M02710,Recycled Cardboard,20.98,4.19,88.84,0.7,94.74,6,11.9,112,3
M02711,Recycled Cardboard,30.26,6.17,93.14,0.91,94.9,3,11.23,92,3
M02712,Recycled Cardboard,31.59,3.0,91.55,0.9,91.31,4,11.66,94,3
M02713,Recycled Cardboard,29.98,4.29,98.0,0.84,94.73,4,12.6,116,4
M02714,Recycled Cardboard,32.3,5.23,89.41,0.78,96.33,5,13.78,131,6
M02715,Recycled Cardboard,18.12,8.0,94.62,0.93,91.74,4,11.31,114,5
M02716,Recycled Cardboard,20.99,6.06,87.45,0.8,92.46,5,11.75,113,3
M02717,Recycled Cardboard,15.44,8.0,92.7,0.9,93.62,5,11.59,121,3
M02718,Recycled Cardboard,23.75,4.93,92.04,0.99,98.27,5,12.93,131,4
M02719,Recycled Cardboard,34.35,5.89,89.2,0.82,96.45,4,13.14,118,4
M02720,Recycled Cardboard,19.8,4.08,88.75,0.8,89.44,3,10.53,99,3
M02721,Recycled Cardboard,25.99,8.0,87.78,0.98,93.47,3,11.5,106,3
M02722,Recycled Cardboard,24.77,6.1,93.39,0.87,94.17,3,12.03,119,3
M02723,Recycled Cardboard,28.97,5.79,85.07,0.97,95.07,5,11.35,89,4
M02724,Recycled Cardboard,20.22,5.58,93.4,0.78,90.72,4,11.87,121,3
M02725,Recycled Cardboard,29.76,7.0,92.38,0.92,99.57,4,12.18,108,3
M02726,Recycled Cardboard,23.09,3.43,92.19,0.84,92.25,4,10.71,92,3
M02727,Recycled Cardboard,32.23,7.06,91.08,0.83,93.56,6,13.67,125,3
M02728,Recycled Cardboard,21.49,6.39,96.53,0.72,95.41,3,12.5,135,3
M02729,Recycled Cardboard,35.0,6.51,93.41,1.0,90.42,4,12.15,97,3
M02730,Recycled Cardboard,24.71,6.91,91.67,0.89,95.72,5,11.77,106,3
M02731,Recycled Cardboard,24.63,5.47,93.08,0.77,95.09,6,11.91,105,3
M02732,Recycled Cardboard,25.0,7.29,94.05,0.76,92.57,4,11.9,112,3
M02733,Recycled Cardboard,19.68,5.19,92.63,0.73,93.21,4,11.12,107,4
M02734,Recycled Cardboard,20.3,6.62,96.07,0.82,96.22,6,11.38,103,4
M02735,Recycled Cardboard,17.75,5.91,90.11,0.84,94.47,4,10.38,96,3
M02736,Recycled Cardboard,26.19,5.55,91.08,0.99,92.49,5,12.17,111,3
M02737,Recycled Cardboard,26.05,6.19,90.81,0.77,95.35,5,11.66,101,6
M02738,Recycled Cardboard,25.26,4.84,98.0,0.7,87.05,4,13.33,140,3
M02739,Recycled Cardboard,18.0,4.69,92.23,0.78,86.9,6,10.35,87,6
M02740,Recycled Cardboard,18.61,4.09,89.72,0.7,89.72,5,11.81,119,4
M02741,Recycled Cardboard,19.49,7.26,98.0,0.7,96.33,5,12.0,121,3
M02742,Recycled Cardboard,20.35,6.13,97.42,0.7,94.85,5,11.19,103,4
M02743,Recycled Cardboard,29.1,6.69,91.04,0.93,94.39,5,12.51,112,3
M02744,Recycled Cardboard,20.1,7.29,93.73,0.85,93.64,3,11.31,114,3
M02745,Recycled Cardboard,29.45,4.61,92.1,0.88,95.23,4,13.75,140,3
M02746,Recycled Cardboard,24.61,5.88,89.1,0.88,92.68,6,11.71,101,3
M02747,Recycled Cardboard,21.11,5.67,91.56,0.8,93.03,6,11.91,112,4
M02748,Recycled Cardboard,30.42,7.41,89.12,0.89,92.9,5,11.99,99,3
M02749,Recycled Cardboard,20.3,8.0,87.34,0.7,93.8,3,10.63,100,3
M02750,Recycled Cardboard,26.81,7.22,91.55,0.89,99.01,5,11.28,92,4
M02751,Recycled Cardboard,28.99,4.98,92.62,0.94,92.85,5,12.55,113,3
M02752,Recycled Cardboard,23.47,3.0,90.99,0.81,89.6,5,12.5,123,4
M02753,Recycled Cardboard,29.08,5.12,94.64,0.96,92.94,3,11.26,95,3
M02754,Recycled Cardboard,22.46,7.66,85.03,0.82,90.02,4,11.85,116,3
M02755,Recycled Cardboard,26.9,6.13,93.12,1.0,92.59,5,13.04,127,3
M02756,Recycled Cardboard,18.53,4.59,93.2,0.7,93.77,3,10.2,95,3
M02757,Recycled Cardboard,29.07,4.66,93.84,1.0,99.38,4,12.41,114,6
M02758,Recycled Cardboard,30.46,3.79,89.43,0.75,90.31,5,12.1,101,3
M02759,Recycled Cardboard,23.67,4.95,93.82,0.77,96.39,5,12.02,113,4
M02760,Recycled Cardboard,19.64,5.04,87.88,0.83,95.12,3,10.26,94,3
M02761,Recycled Cardboard,22.83,6.06,89.71,0.87,96.31,3,12.88,140,3
M02762,Recycled Cardboard,16.54,8.0,94.02,0.7,94.94,5,11.05,108,3
M02763,Recycled Cardboard,26.06,7.19,91.38,0.92,99.89,3,10.86,93,4
M02764,Recycled Cardboard,23.27,6.67,93.62,0.98,92.93,4,10.58,89,4
M02765,Recycled Cardboard,29.23,5.71,93.35,0.78,88.88,6,12.22,102,3
M02766,Recycled Cardboard,30.42,7.46,95.72,0.95,94.24,4,12.04,104,4
M02767,Recycled Cardboard,28.97,6.0,93.88,0.95,90.51,7,13.05,115,4
M02768,Recycled Cardboard,23.19,6.35,91.96,0.7,97.6,6,11.12,92,5
M02769,Recycled Cardboard,26.68,7.3,93.78,0.96,92.93,3,10.32,81,3
M02770,Recycled Cardboard,21.9,6.24,90.51,0.87,95.84,3,12.04,125,4
M02771,Recycled Cardboard,19.94,6.84,91.1,0.86,97.25,3,11.59,120,3
M02772,Recycled Cardboard,23.61,6.44,95.6,0.82,99.69,3,11.26,106,5
M02773,Recycled Cardboard,31.28,8.0,87.79,0.84,94.68,4,12.83,118,4
M02774,Recycled Cardboard,35.0,5.28,93.7,0.97,94.11,5,12.0,90,4
M02775,Recycled Cardboard,30.83,8.0,95.54,1.0,98.07,4,13.58,134,3
M02776,Recycled Cardboard,28.26,4.52,92.97,0.88,91.74,3,11.88,109,4
M02777,Recycled Cardboard,27.34,4.42,94.46,0.94,89.96,4,12.98,129,5
M02778,Recycled Cardboard,21.39,6.76,97.08,0.71,91.83,5,12.59,129,3
M02779,Recycled Cardboard,24.37,3.92,89.86,0.88,91.7,5,13.04,132,5
M02780,Recycled Cardboard,27.45,6.96,92.26,0.95,90.97,4,13.55,140,3
M02781,Recycled Cardboard,15.0,7.68,93.15,0.77,95.14,5,11.05,111,3
M02782,Recycled Cardboard,25.19,7.65,89.47,0.9,90.43,4,11.87,111,5
M02783,Recycled Cardboard,17.85,5.49,90.17,0.78,97.13,3,10.54,103,3
M02784,Recycled Cardboard,24.12,3.45,91.56,0.83,94.04,3,12.11,122,3
M02785,Recycled Cardboard,35.0,7.24,98.0,0.82,93.92,6,13.9,124,3
M02786,Recycled Cardboard,15.0,6.86,90.57,0.78,98.11,4,10.7,108,3
M02787,Recycled Cardboard,27.26,6.31,92.76,0.76,93.6,3,12.53,124,3
M02788,Recycled Cardboard,21.66,3.51,92.99,0.93,90.81,5,11.42,105,4
M02789,Recycled Cardboard,21.78,6.06,95.35,0.75,99.62,3,11.43,113,3
M02790,Recycled Cardboard,32.2,7.78,95.61,1.0,94.24,4,12.67,113,4
M02791,Recycled Cardboard,15.0,6.45,95.32,0.81,94.77,4,11.25,119,3
M02792,Recycled Cardboard,29.5,4.93,95.74,0.9,95.67,5,12.1,103,3
M02793,Recycled Cardboard,23.01,3.0,89.13,0.88,96.3,3,11.45,111,3
M02794,Recycled Cardboard,22.95,5.04,95.21,0.7,92.06,5,11.35,101,4
M02795,Recycled Cardboard,28.51,5.79,87.7,0.77,89.64,4,12.45,116,5
M02796,Recycled Cardboard,23.98,6.18,94.13,0.94,96.52,3,10.85,97,4
M02797,Recycled Cardboard,28.27,4.63,95.61,0.96,93.31,5,11.63,96,5
M02798,Recycled Cardboard,18.13,5.06,85.68,0.82,97.7,4,11.21,112,4
M02799,Recycled Cardboard,29.86,4.81,95.01,0.95,95.9,5,12.79,116,4
M02800,Recycled Cardboard,29.77,6.11,94.59,0.8,98.36,3,11.18,92,3
M02801,Recycled Cardboard,19.43,5.97,89.56,0.75,94.69,5,11.99,121,4
M02802,Recycled Cardboard,24.37,7.75,95.68,0.9,90.85,5,13.44,140,3
M02803,Recycled Cardboard,18.61,6.16,87.63,0.75,95.75,5,11.61,115,3
M02804,Recycled Cardboard,25.76,6.96,90.96,0.89,91.32,3,10.73,91,3
M02805,Recycled Cardboard,27.08,6.18,93.61,0.85,94.95,5,11.96,105,4
M02806,Recycled Cardboard,23.89,8.0,97.39,0.79,95.04,3,12.14,123,4
M02807,Recycled Cardboard,25.99,5.7,94.85,0.8,92.5,5,11.2,92,3
M02808,Recycled Cardboard,17.17,4.4,92.2,0.85,91.3,4,9.67,83,3
M02809,Recycled Cardboard,23.21,3.9,96.71,0.94,90.94,4,11.52,108,4
M02810,Recycled Cardboard,28.64,6.14,90.43,0.87,92.22,5,13.16,126,4
M02811,Recycled Cardboard,26.6,3.0,98.0,0.85,93.36,6,12.51,113,4
M02812,Recycled Cardboard,15.0,6.0,96.62,0.7,90.76,4,11.55,125,3
M02813,Recycled Cardboard,27.53,3.8,91.23,1.0,95.74,5,12.25,110,5
M02814,Recycled Cardboard,24.12,6.6,87.76,0.84,95.94,4,12.86,133,3
M02815,Recycled Cardboard,30.02,3.0,88.8,1.0,99.01,4,11.9,102,3
M02816,Recycled Cardboard,30.17,8.0,91.23,0.75,91.14,5,11.77,95,3
M02817,Recycled Cardboard,16.35,3.0,89.22,0.91,96.58,4,10.49,101,4
M02818,Recycled Cardboard,28.94,6.53,98.0,0.94,94.88,4,11.59,98,5
M02819,Recycled Cardboard,18.55,4.59,86.6,0.79,95.05,4,11.26,112,5
M02820,Recycled Cardboard,24.15,8.0,94.89,0.96,91.76,4,13.21,140,4
M02821,Recycled Cardboard,26.71,5.38,97.36,0.79,94.65,4,12.07,112,3
M02822,Recycled Cardboard,35.0,6.08,94.3,1.0,92.95,5,13.15,113,4
M02823,Recycled Cardboard,24.78,5.45,92.38,0.96,92.54,3,12.28,124,4
M02824,Recycled Cardboard,22.59,5.88,98.0,0.82,94.38,3,11.21,107,5
M02825,Recycled Cardboard,35.0,3.0,90.53,0.95,91.22,4,12.85,111,4
M02826,Recycled Cardboard,20.06,7.62,93.12,0.95,97.29,4,11.11,106,3
M02827,Recycled Cardboard,19.89,5.91,93.9,0.8,91.88,3,11.34,115,3
M02828,Recycled Cardboard,28.57,4.89,92.13,0.79,96.88,5,11.56,94,4
M02829,Recycled Cardboard,24.19,5.24,97.36,0.87,96.58,4,10.57,87,3
M02830,Recycled Cardboard,25.42,6.38,88.94,0.7,92.82,4,11.29,99,3
M02831,Recycled Cardboard,27.08,6.8,90.35,0.99,95.63,5,12.36,113,3
M02832,Recycled Cardboard,33.25,5.02,96.95,0.82,93.17,5,12.53,104,3
M02833,Recycled Cardboard,25.37,7.6,89.76,0.87,93.17,4,11.29,99,4
M02834,Recycled Cardboard,25.58,5.28,93.68,0.82,90.03,5,12.01,109,3
M02835,Recycled Cardboard,29.9,5.0,92.05,0.89,92.12,3,12.14,111,4
M02836,Recycled Cardboard,15.45,4.15,92.09,0.7,97.54,4,11.25,118,3
M02837,Recycled Cardboard,24.18,5.83,90.81,0.99,92.55,3,11.27,105,4
M02838,Recycled Cardboard,18.27,6.1,96.06,0.78,89.05,5,10.33,90,5
M02839,Recycled Cardboard,23.78,6.9,92.88,0.99,100.0,6,12.88,126,3
M02840,Recycled Cardboard,24.26,3.52,89.58,0.9,90.28,5,12.08,113,3
M02841,Recycled Cardboard,31.64,8.0,91.84,0.81,92.33,5,11.71,91,4
M02842,Recycled Cardboard,32.84,5.32,88.9,1.0,89.69,4,11.08,80,4
M02843,Recycled Cardboard,30.31,8.0,91.82,0.98,95.11,4,12.93,122,3
M02844,Recycled Cardboard,30.57,6.93,95.62,1.0,94.38,5,13.31,125,4
M02845,Recycled Cardboard,27.9,6.21,91.87,0.85,96.9,3,11.09,94,5
M02846,Recycled Cardboard,35.0,7.8,88.03,0.94,95.11,3,13.3,124,5
M02847,Recycled Cardboard,25.42,6.17,87.69,0.81,89.55,3,12.04,118,3
M02848,Recycled Cardboard,29.82,3.83,91.06,0.81,93.96,6,11.23,81,6
M02849,Recycled Cardboard,19.32,4.63,93.6,0.72,95.02,5,11.33,108,3
M02850,Recycled Cardboard,28.57,7.11,93.65,0.76,92.7,3,12.26,116,3
M02851,Recycled Cardboard,19.45,8.0,90.42,0.75,95.64,4,12.0,125,3
M02852,Recycled Cardboard,21.57,6.34,92.83,0.93,95.36,3,11.36,112,5
M02853,Recycled Cardboard,25.49,7.66,91.77,0.71,91.88,4,12.4,121,3
M02854,Recycled Cardboard,21.58,5.23,92.02,0.79,98.79,3,10.21,89,3
M02855,Recycled Cardboard,30.58,6.8,86.78,0.9,96.58,3,13.31,133,3
M02856,Recycled Cardboard,25.73,3.89,92.82,0.74,96.44,6,13.57,136,5
M02857,Recycled Cardboard,31.06,6.86,93.31,1.0,94.5,4,12.06,103,3
M02858,Recycled Cardboard,19.04,5.84,87.17,0.89,86.48,4,10.6,98,3
M02859,Recycled Cardboard,24.76,7.08,93.82,0.93,96.47,5,10.73,85,3
M02860,Recycled Cardboard,26.25,8.0,91.03,0.97,91.54,4,12.12,114,3
M02861,Recycled Cardboard,22.52,6.06,92.25,0.83,89.04,6,13.2,135,4
M02862,Recycled Cardboard,29.39,7.65,88.66,0.83,93.39,4,11.89,103,3
M02863,Recycled Cardboard,18.82,6.61,91.08,0.7,93.77,4,11.08,108,4
M02864,Recycled Cardboard,34.83,8.0,93.68,0.9,87.4,4,13.33,121,5
M02865,Recycled Cardboard,23.28,6.31,95.64,0.7,94.7,5,13.03,134,3
M02866,Recycled Cardboard,29.76,6.83,95.43,0.99,93.76,5,12.08,102,3
M02867,Recycled Cardboard,23.66,5.87,92.42,0.99,92.39,5,10.82,89,3
M02868,Recycled Cardboard,23.97,6.28,95.2,0.94,95.79,5,12.1,114,3
M02869,Recycled Cardboard,35.0,6.95,93.57,0.82,92.87,6,12.65,99,4
M02870,Recycled Cardboard,22.67,6.8,94.06,0.72,94.46,3,10.27,88,4
M02871,Recycled Cardboard,16.21,5.43,91.52,0.71,95.27,4,11.97,131,3
M02872,Recycled Cardboard,28.22,7.36,90.72,0.73,95.52,5,11.62,96,3
M02873,Recycled Cardboard,28.2,5.49,96.37,0.84,92.52,5,12.32,110,3
M02874,Recycled Cardboard,28.28,6.58,94.23,0.78,94.06,5,13.18,127,4
M02875,Recycled Cardboard,29.11,3.9,92.01,0.94,95.77,6,14.11,140,5
M02876,Recycled Cardboard,21.66,6.31,95.42,0.7,92.19,3,12.32,131,3
M02877,Recycled Cardboard,30.89,7.3,91.89,0.88,96.24,4,12.34,109,3
M02878,Recycled Cardboard,25.68,6.11,90.22,0.71,95.17,3,10.67,90,4
M02879,Recycled Cardboard,21.37,6.11,88.35,0.76,89.89,6,10.44,82,3
M02880,Recycled Cardboard,22.85,7.33,94.97,0.92,94.97,3,10.94,101,3
M02881,Recycled Cardboard,20.16,6.98,95.95,0.71,90.56,4,10.87,101,3
M02882,Recycled Cardboard,29.05,6.79,91.32,0.92,95.82,3,11.61,102,3
M02883,Recycled Cardboard,24.78,6.19,91.13,0.85,92.98,3,10.58,90,3
M02884,Recycled Cardboard,30.15,4.79,91.03,0.84,97.83,5,12.77,115,3
M02885,Recycled Cardboard,20.42,6.74,88.54,0.85,90.25,3,11.49,117,5
M02886,Recycled Cardboard,25.47,7.65,89.93,0.7,94.79,3,11.2,101,3
M02887,Recycled Cardboard,18.42,7.21,86.14,0.7,88.75,4,10.44,96,3
M02888,Recycled Cardboard,17.16,6.17,95.93,0.7,95.68,3,11.17,117,4
M02889,Recycled Cardboard,28.45,4.88,88.19,0.97,93.69,5,12.3,109,4
M02890,Recycled Cardboard,29.6,4.74,92.99,0.9,94.5,4,12.21,109,6
M02891,Recycled Cardboard,26.46,4.95,90.15,0.82,90.78,5,13.15,130,3
M02892,Recycled Cardboard,18.92,6.35,93.84,0.81,90.16,5,10.39,90,3
M02893,Recycled Cardboard,19.21,5.05,96.48,0.88,93.86,6,10.77,93,4
M02894,Recycled Cardboard,22.97,7.88,90.57,0.83,95.08,5,11.65,107,4
M02895,Recycled Cardboard,32.36,5.75,88.66,0.91,89.55,4,12.64,112,5
M02896,Recycled Cardboard,23.72,4.59,85.0,0.81,93.83,4,11.67,110,3
M02897,Recycled Cardboard,30.15,6.01,86.8,0.92,97.85,3,11.12,90,3
M02898,Recycled Cardboard,27.19,5.65,92.95,0.8,91.74,5,12.42,114,3
M02899,Recycled Cardboard,19.33,4.87,90.79,0.7,93.67,4,10.53,96,4
M02900,Recycled Cardboard,31.94,6.17,94.53,0.77,98.2,5,12.79,112,4
M02901,Recycled Cardboard,25.88,7.44,97.17,0.86,92.46,4,12.39,120,3
M02902,Recycled Cardboard,21.81,6.48,97.91,0.7,95.09,4,12.28,126,4
M02903,Recycled Cardboard,29.35,5.78,91.66,1.0,92.76,4,12.79,121,4
M02904,Recycled Cardboard,27.03,3.54,91.07,0.9,98.11,4,12.7,124,3
M02905,Recycled Cardboard,26.65,6.63,97.01,0.84,96.8,7,11.97,98,4
M02906,Recycled Cardboard,29.96,7.46,91.21,0.96,92.71,5,12.1,102,3
M02907,Recycled Cardboard,30.67,5.41,93.13,0.94,94.57,4,11.42,91,3
M02908,Recycled Cardboard,30.52,7.67,94.95,0.89,89.52,3,11.0,87,3
M02909,Recycled Cardboard,23.15,6.45,98.0,0.8,98.07,6,13.02,130,4
M02910,Recycled Cardboard,26.19,7.35,93.69,0.96,93.38,3,12.37,123,3
M02911,Recycled Cardboard,24.22,7.35,92.12,0.7,92.75,5,12.02,112,5
M02912,Recycled Cardboard,20.82,5.78,94.76,0.79,90.96,3,10.93,105,3
M02913,Recycled Cardboard,16.53,7.54,94.0,0.7,91.38,5,11.45,116,3
M02914,Recycled Cardboard,22.85,8.0,91.98,0.74,91.46,3,12.49,132,5
M02915,Recycled Cardboard,15.98,7.57,93.25,0.73,93.88,4,10.3,98,3
M02916,Recycled Cardboard,24.08,5.75,87.06,0.7,90.04,5,13.16,135,3
M02917,Recycled Cardboard,25.2,5.53,89.45,0.76,88.27,5,12.97,129,3
M02918,Recycled Cardboard,21.23,7.08,89.37,0.7,94.38,4,11.32,108,3
M02919,Recycled Cardboard,18.41,6.5,91.86,0.76,92.6,5,10.64,96,4
M02920,Recycled Cardboard,23.45,5.1,94.24,0.75,91.57,6,12.85,126,3
M02921,Recycled Cardboard,25.19,4.66,92.41,0.81,96.76,4,10.97,93,3
M02922,Recycled Cardboard,24.9,4.0,92.93,0.79,92.96,7,13.54,133,4
M02923,Recycled Cardboard,18.28,7.64,93.34,0.84,90.06,6,12.08,121,3
M02924,Recycled Cardboard,25.73,6.2,95.12,0.88,93.94,5,12.47,118,3
M02925,Recycled Cardboard,26.47,3.51,89.6,0.87,97.49,4,13.35,138,3
M02926,Recycled Cardboard,19.86,7.34,95.11,0.78,90.43,5,10.24,85,3
M02927,Recycled Cardboard,15.86,5.62,89.9,0.7,99.79,4,12.29,138,3
M02928,Recycled Cardboard,24.92,7.53,93.71,0.72,100.0,4,13.29,140,3
M02929,Recycled Cardboard,29.76,6.19,91.43,1.0,95.48,5,12.08,102,4
M02930,Recycled Cardboard,23.83,3.99,90.87,0.97,88.73,5,11.68,106,3
M02931,Recycled Cardboard,30.5,5.82,88.86,0.87,93.72,6,11.25,80,3
M02932,Recycled Cardboard,27.81,4.88,92.08,0.81,95.4,4,12.53,119,3
M02933,Recycled Cardboard,20.04,5.89,89.52,0.78,96.78,4,11.35,111,4
M02934,Recycled Cardboard,25.69,6.06,93.23,0.76,91.37,5,10.57,80,3
M02935,Recycled Cardboard,30.6,6.94,94.36,1.0,90.6,4,11.51,93,5
M02936,Recycled Cardboard,24.84,4.91,93.18,0.93,88.27,5,10.48,80,3
M02937,Recycled Cardboard,26.07,7.34,93.24,0.99,88.88,4,12.06,113,4
M02938,Recycled Cardboard,29.92,6.11,92.43,0.8,91.81,5,12.19,104,3
M02939,Recycled Cardboard,26.82,7.87,89.87,0.9,95.97,4,12.03,111,3
M02940,Recycled Cardboard,22.01,6.34,93.39,0.81,98.23,4,10.65,93,4
M02941,Recycled Cardboard,18.7,6.02,91.73,0.94,92.4,5,12.87,140,5
M02942,Recycled Cardboard,30.2,4.01,89.31,0.85,94.5,4,10.82,80,3
M02943,Recycled Cardboard,19.65,7.73,89.13,0.84,85.0,5,12.16,124,5
M02944,Recycled Cardboard,22.09,5.52,92.19,0.84,93.28,4,11.56,111,3
M02945,Recycled Cardboard,19.27,6.39,92.21,0.82,94.52,3,11.03,110,3
M02946,Recycled Cardboard,28.34,8.0,93.88,0.92,91.25,3,11.93,110,3
M02947,Recycled Cardboard,26.96,5.79,95.93,0.83,94.99,7,12.4,106,3
M02948,Recycled Cardboard,22.91,6.31,94.47,0.93,97.24,5,11.19,98,6
M02949,Recycled Cardboard,28.19,3.71,90.95,0.83,93.14,4,11.62,100,4
M02950,Recycled Cardboard,25.23,3.48,98.0,0.93,93.88,5,11.37,97,4
M02951,Recycled Cardboard,19.55,5.29,89.48,0.77,91.75,5,11.61,113,5
M02952,Recycled Cardboard,27.48,5.39,91.64,0.95,93.53,4,12.9,127,4
M02953,Recycled Cardboard,27.94,5.25,89.36,0.97,91.03,6,13.49,130,4
M02954,Recycled Cardboard,28.03,6.44,91.09,0.76,100.0,3,12.4,120,5
M02955,Recycled Cardboard,23.06,3.78,88.26,0.71,100.0,5,12.51,124,3
M02956,Recycled Cardboard,29.16,8.0,89.5,0.94,85.13,7,11.32,80,4
M02957,Recycled Cardboard,26.01,3.38,94.54,0.89,98.38,6,13.6,136,4
M02958,Recycled Cardboard,29.99,5.99,91.32,0.88,94.4,5,12.8,116,3
M02959,Recycled Cardboard,34.52,5.27,91.07,0.84,90.16,3,12.4,107,4
M02960,Recycled Cardboard,26.87,5.16,94.63,0.75,90.32,4,11.69,104,5
M02961,Recycled Cardboard,20.8,3.57,92.33,0.77,92.81,4,12.78,138,4
M02962,Recycled Cardboard,35.0,7.56,95.97,0.93,94.3,5,13.65,123,4
M02963,Recycled Cardboard,29.42,6.96,89.43,0.75,92.81,5,11.39,89,4
M02964,Recycled Cardboard,30.6,3.73,90.83,0.87,90.8,6,12.16,98,3
M02965,Recycled Cardboard,15.88,5.62,92.28,0.89,95.01,5,12.49,138,3
M02966,Recycled Cardboard,28.83,3.37,90.71,0.85,91.57,3,10.83,87,3
M02967,Recycled Cardboard,26.98,5.24,93.53,0.95,85.66,5,12.3,112,3
M02968,Recycled Cardboard,27.54,6.05,87.74,0.73,97.43,4,12.4,117,4
M02969,Recycled Cardboard,22.59,6.09,91.57,0.85,90.62,3,11.91,121,3
M02970,Recycled Cardboard,34.46,3.58,90.23,0.9,93.99,5,12.65,104,4
M02971,Recycled Cardboard,15.0,6.37,87.93,0.7,97.86,4,10.5,104,5
M02972,Recycled Cardboard,32.58,7.25,90.06,0.94,86.66,4,12.31,105,6
M02973,Recycled Cardboard,20.81,5.78,93.96,0.85,97.71,4,10.68,96,3
M02974,Recycled Cardboard,23.32,7.01,91.05,0.85,86.54,4,13.03,138,5
M02975,Recycled Cardboard,21.32,8.0,89.63,0.72,95.74,3,10.63,98,3
M02976,Recycled Cardboard,19.7,4.81,87.06,0.71,94.94,5,10.97,100,3
M02977,Recycled Cardboard,20.09,5.15,89.95,0.7,94.31,5,11.61,112,3
M02978,Recycled Cardboard,29.03,6.42,85.49,1.0,95.91,5,11.85,99,3
M02979,Recycled Cardboard,24.64,6.05,89.08,0.85,88.67,3,13.06,140,3
M02980,Recycled Cardboard,20.78,8.0,95.0,0.86,94.03,4,12.58,134,4
M02981,Recycled Cardboard,29.6,6.31,91.79,0.9,91.61,4,13.36,132,3
M02982,Recycled Cardboard,29.36,5.99,92.72,0.94,94.84,5,12.89,119,3
M02983,Recycled Cardboard,21.62,5.25,96.0,0.78,93.36,4,11.41,109,4
M02984,Recycled Cardboard,31.13,7.5,91.14,0.92,94.0,3,11.56,97,3
M02985,Recycled Cardboard,25.33,6.14,94.84,0.91,96.29,4,11.83,110,3
M02986,Recycled Cardboard,22.93,4.49,86.46,0.7,93.61,6,10.49,80,5
M02987,Recycled Cardboard,16.39,4.36,93.97,0.7,93.36,4,11.29,117,3
M02988,Recycled Cardboard,35.0,8.0,87.08,1.0,92.0,3,11.65,91,4
M02989,Recycled Cardboard,22.25,3.0,93.99,0.7,92.23,5,11.53,106,4
M02990,Recycled Cardboard,28.92,5.94,90.87,0.74,96.46,3,12.54,121,3
M02991,Recycled Cardboard,24.5,5.14,92.82,0.81,92.41,3,11.0,99,3
M02992,Recycled Cardboard,21.58,4.22,96.63,0.78,94.45,6,11.16,96,5
M02993,Recycled Cardboard,22.57,7.09,88.59,0.89,95.18,4,11.86,116,5
M02994,Recycled Cardboard,27.51,6.19,91.6,0.86,94.66,4,13.15,132,3
M02995,Recycled Cardboard,22.78,7.19,87.38,0.79,93.65,5,11.08,96,3
M02996,Recycled Cardboard,25.35,5.55,90.9,0.92,94.23,4,11.24,98,3
M02997,Recycled Cardboard,32.58,4.66,91.41,1.0,94.4,5,11.26,80,5
M02998,Recycled Cardboard,29.36,5.34,91.76,0.92,93.63,7,13.89,131,3
M02999,Recycled Cardboard,26.6,7.96,92.5,0.96,89.81,4,11.31,97,3
M03000,Recycled Cardboard,20.29,5.59,89.34,0.71,93.89,4,9.83,80,6
M03001,Recycled Cardboard,25.35,6.69,90.63,0.77,92.42,3,12.33,124,5
M03002,Recycled Cardboard,15.0,3.81,93.01,0.7,96.04,5,12.2,134,4
M03003,Recycled Cardboard,15.0,7.33,88.08,0.76,89.06,4,11.5,124,3
M03004,Recycled Cardboard,28.33,6.7,94.12,0.98,95.43,4,11.98,107,3
M03005,Recycled Cardboard,28.09,6.18,93.3,0.84,94.21,3,10.86,89,4
M03006,Recycled Cardboard,35.0,7.88,94.57,0.86,98.02,3,14.1,140,5
M03007,Recycled Cardboard,31.14,3.91,87.53,0.93,96.79,4,12.66,115,4
M03008,Recycled Cardboard,34.88,4.27,95.37,0.87,89.95,6,12.54,97,3
M03009,Recycled Cardboard,25.7,3.36,90.77,0.93,97.52,5,12.27,114,3
M03010,Recycled Cardboard,18.62,6.66,90.71,0.94,95.43,5,10.51,93,3
M03011,Recycled Cardboard,21.82,7.51,98.0,0.92,94.9,5,10.93,95,4
M03012,Recycled Cardboard,31.73,4.22,94.31,0.91,93.11,6,12.87,110,4
M03013,Recycled Cardboard,21.79,5.73,93.34,0.7,90.16,4,11.38,108,3
M03014,Recycled Cardboard,25.06,4.64,93.63,0.96,90.86,5,13.21,134,3
M03015,Recycled Cardboard,30.32,3.36,94.66,1.0,96.86,4,11.58,95,3
M03016,Recycled Cardboard,22.08,6.34,88.24,0.9,94.13,4,10.96,99,4
M03017,Recycled Cardboard,27.93,6.18,85.44,0.89,98.02,4,12.59,120,4
M03018,Recycled Cardboard,26.57,5.59,91.28,0.99,92.62,4,11.26,96,3
M03019,Recycled Cardboard,18.0,6.19,90.87,0.83,89.28,5,11.15,107,3
M03020,Recycled Cardboard,26.88,5.08,91.55,0.93,93.84,5,12.29,112,3
M03021,Recycled Cardboard,22.02,8.0,92.2,0.89,94.58,5,13.2,140,4
M03022,Recycled Cardboard,22.73,7.29,87.32,0.86,94.87,6,12.47,120,6
M03023,Recycled Cardboard,29.81,7.1,89.07,1.0,98.36,4,10.88,82,4
M03024,Recycled Cardboard,20.62,8.0,88.03,0.71,90.77,3,10.66,100,4
M03025,Recycled Cardboard,21.59,5.31,86.12,0.97,88.73,4,9.96,80,5
M03026,Recycled Cardboard,16.97,5.38,90.76,0.7,91.6,5,12.2,130,3
M03027,Recycled Cardboard,32.24,6.65,90.78,1.0,99.68,5,12.52,106,4
M03028,Recycled Cardboard,22.3,6.52,90.14,0.85,93.43,5,12.58,127,4
M03029,Recycled Cardboard,24.4,5.86,87.6,0.96,94.62,4,10.24,80,4
M03030,Recycled Cardboard,27.02,6.05,90.53,0.86,97.68,3,12.05,115,3
M03031,Recycled Cardboard,21.09,5.56,89.42,0.85,92.12,4,11.61,114,3
M03032,Recycled Cardboard,24.58,4.47,88.07,0.87,90.41,7,12.41,111,4
M03033,Recycled Cardboard,18.64,4.2,91.44,0.78,94.29,5,11.76,118,4
M03034,Recycled Cardboard,35.0,4.96,94.51,0.85,92.37,4,13.75,129,4
M03035,Recycled Cardboard,15.9,5.94,85.0,0.81,97.6,5,12.44,137,4
M03036,Recycled Cardboard,32.18,4.87,94.42,1.0,90.18,5,12.77,111,4
M03037,Recycled Cardboard,25.59,3.69,92.95,0.71,95.92,4,11.71,107,4
M03038,Recycled Cardboard,18.26,5.35,90.93,0.73,92.51,4,11.23,112,4
M03039,Recycled Cardboard,32.15,3.9,89.44,0.96,96.21,4,11.57,91,4
M03040,Recycled Cardboard,19.83,3.86,91.98,0.89,95.13,4,11.23,109,4
M03041,Recycled Cardboard,27.89,6.61,89.59,1.0,92.54,5,11.89,102,3
M03042,Recycled Cardboard,30.6,7.03,93.86,0.91,91.99,5,12.26,104,4
M03043,Recycled Cardboard,30.9,7.04,95.18,0.84,95.46,5,11.84,95,4
M03044,Recycled Cardboard,23.94,8.0,87.29,0.76,94.15,3,12.44,129,4
M03045,Recycled Cardboard,27.01,6.31,93.32,0.93,95.21,4,11.05,91,3
M03046,Recycled Cardboard,26.72,5.42,97.65,0.88,93.63,3,12.32,121,3
M03047,Recycled Cardboard,28.34,7.14,85.83,0.77,93.15,5,11.58,95,4
M03048,Recycled Cardboard,28.28,4.93,93.7,0.89,100.0,4,12.98,127,3
M03049,Recycled Cardboard,25.41,5.72,92.81,0.93,90.93,3,10.99,97,4
M03050,Recycled Cardboard,21.74,7.01,88.95,0.83,93.08,4,10.92,99,4
M03051,Recycled Cardboard,18.54,4.06,95.69,0.91,90.08,4,11.35,114,3
M03052,Recycled Cardboard,26.39,6.25,92.41,0.96,97.35,5,12.79,123,3
M03053,Recycled Cardboard,29.22,7.95,92.25,0.92,89.32,5,11.82,98,3
M03054,Recycled Cardboard,24.41,4.41,92.45,0.88,90.69,5,12.09,113,4
M03055,Recycled Cardboard,22.13,7.11,91.63,0.76,94.27,3,12.46,133,4
M03056,Recycled Cardboard,22.33,5.03,90.8,0.76,92.34,4,11.53,110,4
M03057,Recycled Cardboard,27.48,5.16,87.23,1.0,98.96,4,10.55,80,4
M03058,Recycled Cardboard,29.54,8.0,94.59,0.84,98.92,5,11.9,99,4
M03059,Recycled Cardboard,15.43,6.72,93.01,0.82,97.52,4,11.44,122,5
M03060,Recycled Cardboard,17.15,6.03,88.31,0.72,90.0,7,12.81,134,4
M03061,Recycled Cardboard,22.86,6.57,94.51,0.95,97.53,7,12.34,113,3
M03062,Recycled Cardboard,19.85,3.78,94.71,0.76,91.76,4,11.49,114,4
M03063,Recycled Cardboard,26.52,7.91,94.13,0.89,96.32,6,12.05,104,3
M03064,Recycled Cardboard,19.85,5.45,93.35,0.95,97.16,5,11.23,105,4
M03065,Recycled Cardboard,20.13,8.0,96.82,0.72,93.7,4,12.51,134,3
M03066,Recycled Cardboard,28.41,6.1,87.13,0.82,94.94,4,12.69,121,5
M03067,Recycled Cardboard,21.06,6.81,94.75,0.8,96.01,5,11.86,115,4
M03068,Recycled Cardboard,31.59,5.05,91.33,0.86,91.57,5,12.11,99,5
M03069,Recycled Cardboard,25.86,5.08,93.24,0.87,93.26,5,12.69,122,3
M03070,Recycled Cardboard,19.65,6.77,85.66,0.94,95.8,4,12.27,130,4
M03071,Recycled Cardboard,26.93,3.93,91.54,0.92,96.94,6,11.44,91,3
M03072,Recycled Cardboard,19.52,4.37,92.16,0.84,94.42,4,11.9,123,4
M03073,Recycled Cardboard,15.76,8.0,93.33,0.7,95.76,6,10.63,97,3
M03074,Recycled Cardboard,25.03,4.87,85.0,0.7,99.23,5,12.05,111,4
M03075,Recycled Cardboard,25.27,6.22,94.11,0.95,94.91,5,11.43,98,4
M03076,Recycled Cardboard,34.01,4.9,98.0,1.0,93.68,5,12.45,101,4
M03077,Recycled Cardboard,20.57,5.94,98.0,0.75,94.15,5,11.51,109,3
M03078,Recycled Cardboard,26.52,8.0,95.64,0.99,97.79,4,11.95,110,3
M03079,Recycled Cardboard,29.8,6.08,95.7,0.93,93.43,3,12.18,112,4
M03080,Recycled Cardboard,23.8,5.2,98.0,0.79,95.57,4,12.48,126,4
M03081,Recycled Cardboard,27.6,5.88,91.73,0.79,93.28,4,13.21,133,3
M03082,Recycled Cardboard,28.02,6.89,92.16,0.87,93.49,4,12.05,109,3
M03083,Recycled Cardboard,30.31,7.33,92.86,0.94,95.4,5,12.38,107,3
M03084,Recycled Cardboard,28.34,4.9,93.45,0.73,92.25,5,13.03,124,3
M03085,Recycled Cardboard,23.08,5.8,92.3,0.81,99.36,5,11.36,101,5
M03086,Recycled Cardboard,22.4,5.56,98.0,0.92,91.46,5,11.54,106,3
M03087,Recycled Cardboard,32.56,3.86,87.96,0.78,94.89,5,12.56,106,5
M03088,Recycled Cardboard,29.84,7.14,89.5,0.88,89.07,6,12.63,109,3
M03089,Recycled Cardboard,27.05,6.18,85.75,0.93,91.71,5,13.71,140,3
M03090,Recycled Cardboard,24.76,5.32,86.89,0.86,97.36,4,11.43,103,4
M03091,Recycled Cardboard,24.08,6.95,94.94,0.86,95.69,5,11.31,98,3
M03092,Recycled Cardboard,19.4,5.97,92.11,0.7,96.9,5,11.04,102,5
M03093,Recycled Cardboard,21.71,8.0,91.56,0.7,97.9,5,12.12,119,4
M03094,Recycled Cardboard,28.34,6.08,94.97,0.82,85.14,3,10.73,86,3
M03095,Recycled Cardboard,21.09,7.42,89.57,0.72,94.02,4,11.66,115,5
M03096,Recycled Cardboard,28.56,4.7,95.49,0.83,89.86,4,11.51,97,5
M03097,Recycled Cardboard,30.63,4.79,86.46,0.89,95.99,4,12.21,107,4
M03098,Recycled Cardboard,23.7,6.74,97.49,0.72,93.02,6,12.42,117,3
M03099,Recycled Cardboard,32.63,3.63,91.52,1.0,99.34,4,12.46,108,5
M03100,Recycled Cardboard,23.59,6.17,95.08,0.96,95.49,4,11.26,102,5
M03101,Recycled Cardboard,31.54,6.98,91.11,1.0,97.87,6,12.8,109,4
M03102,Recycled Cardboard,28.45,7.63,95.73,0.89,96.18,4,11.45,96,5
M03103,Recycled Cardboard,25.07,8.0,90.09,0.99,91.83,7,11.81,98,3
M03104,Recycled Cardboard,27.32,8.0,87.49,0.99,96.56,3,12.28,119,4
M03105,Recycled Cardboard,15.0,6.93,91.16,0.7,99.22,5,9.55,81,5
M03106,Recycled Cardboard,28.8,5.89,91.73,0.92,88.85,4,11.88,104,3
M03107,Recycled Cardboard,20.5,5.57,86.62,0.7,96.6,5,10.1,81,3
M03108,Recycled Cardboard,26.87,5.25,85.0,0.91,92.35,3,13.29,140,3
M03109,Recycled Cardboard,22.49,8.0,91.81,0.73,95.3,5,11.2,99,4
M03110,Recycled Cardboard,31.0,5.71,93.43,1.0,93.21,6,13.65,127,5
M03111,Recycled Cardboard,29.43,5.79,93.54,0.86,97.96,5,12.39,109,3
M03112,Recycled Cardboard,24.48,3.98,93.57,0.78,96.99,5,11.6,103,3
M03113,Recycled Cardboard,22.88,4.13,90.56,0.91,94.14,6,11.84,107,3
M03114,Recycled Cardboard,17.16,5.26,93.19,0.72,92.17,6,11.52,112,3
M03115,Recycled Cardboard,26.8,8.0,92.36,0.89,89.49,4,12.03,111,3
M03116,Recycled Cardboard,20.1,6.4,95.85,0.91,93.26,5,10.36,87,3
M03117,Recycled Cardboard,27.09,8.0,90.19,0.85,92.45,4,13.06,131,4
M03118,Recycled Cardboard,32.81,6.31,89.68,0.83,100.0,5,11.68,88,5
M03119,Recycled Cardboard,27.36,4.65,93.45,0.75,95.68,4,12.39,117,6
M03120,Recycled Cardboard,28.98,5.79,87.09,0.89,90.71,6,11.8,94,5
M03121,Recycled Cardboard,26.5,6.63,86.96,0.77,95.54,4,12.0,111,3
M03122,Recycled Cardboard,25.43,5.52,94.58,0.81,93.04,5,11.44,98,4
M03123,Recycled Cardboard,23.08,6.25,98.0,0.7,93.3,6,12.31,116,3
M03124,Recycled Cardboard,22.55,8.0,92.52,0.81,97.93,5,10.8,91,4
M03125,Recycled Cardboard,29.32,8.0,92.53,0.84,93.28,3,12.58,121,3
M03126,Recycled Cardboard,23.23,4.98,95.54,0.83,94.73,5,12.52,124,5
M03127,Recycled Cardboard,28.92,6.09,93.46,0.86,95.72,4,11.64,99,4
M03128,Recycled Cardboard,30.04,3.37,96.21,0.9,95.29,4,12.15,107,4
M03129,Recycled Cardboard,21.74,7.24,91.77,0.8,98.27,4,12.17,124,3
M03130,Recycled Cardboard,22.7,6.5,91.66,0.7,93.44,4,11.32,105,4
M03131,Recycled Cardboard,26.97,6.03,90.01,0.98,92.71,3,12.2,118,3
M03132,Recycled Cardboard,23.67,4.63,89.49,0.89,94.87,5,12.67,126,4
M03133,Recycled Cardboard,16.88,6.54,94.96,0.7,92.86,3,11.29,120,4
M03134,Recycled Cardboard,23.64,3.91,88.84,0.78,94.5,4,11.01,97,3
M03135,Recycled Cardboard,20.87,4.77,91.95,0.83,85.0,4,10.94,101,3
M03136,Recycled Cardboard,25.72,7.57,88.45,0.86,92.8,4,11.47,102,4
M03137,Recycled Cardboard,25.02,6.33,91.14,0.93,95.71,6,13.25,131,3
M03138,Recycled Cardboard,29.36,8.0,92.51,0.93,94.55,5,12.79,117,3
M03139,Recycled Cardboard,24.38,8.0,86.71,0.93,94.45,6,12.44,116,5
M03140,Recycled Cardboard,26.66,6.35,90.49,0.72,93.33,4,12.62,123,3
M03141,Recycled Cardboard,22.59,3.91,88.9,0.77,90.48,6,11.81,107,3
M03142,Recycled Cardboard,24.55,4.82,93.21,0.75,89.8,3,10.05,80,3
M03143,Recycled Cardboard,29.1,3.96,89.55,0.87,92.72,5,13.21,126,3
M03144,Recycled Cardboard,27.46,8.0,95.8,0.77,90.95,4,12.05,110,4
M03145,Recycled Cardboard,15.0,7.05,91.55,0.7,95.51,4,11.4,122,5
M03146,Recycled Cardboard,20.96,4.62,93.17,0.7,96.09,5,12.25,123,4
M03147,Recycled Cardboard,30.71,6.26,93.09,0.8,95.67,4,13.17,126,5
M03148,Recycled Cardboard,16.8,4.97,86.85,0.92,91.89,5,10.78,102,4
M03149,Recycled Cardboard,30.43,7.18,88.11,0.85,92.02,5,13.34,126,5
M03150,Recycled Cardboard,25.09,6.53,92.54,0.9,91.77,5,13.31,136,4
M03151,Recycled Cardboard,26.79,8.0,91.76,0.73,98.12,5,13.68,140,3
M03152,Recycled Cardboard,20.01,5.71,88.66,0.95,96.87,4,11.05,105,4
M03153,Recycled Cardboard,17.5,8.0,92.64,0.74,91.12,5,10.85,102,3
M03154,Recycled Cardboard,28.34,3.27,90.08,1.0,95.6,5,12.33,110,4
M03155,Recycled Cardboard,26.02,8.0,96.45,0.87,90.25,3,10.9,94,4
M03156,Recycled Cardboard,22.24,4.74,89.8,0.82,100.0,5,10.87,93,3
M03157,Recycled Cardboard,29.21,4.61,91.07,0.94,91.25,7,12.97,113,3
M03158,Recycled Cardboard,29.58,5.2,91.13,0.86,97.55,5,13.96,140,3
M03159,Recycled Cardboard,17.97,5.92,88.65,0.92,97.39,4,11.7,122,5
M03160,Recycled Cardboard,29.62,7.94,86.82,0.92,98.88,3,13.06,130,4
M03161,Recycled Cardboard,32.81,5.71,86.35,0.89,88.78,3,13.38,130,3
M03162,Recycled Cardboard,29.8,6.02,91.66,0.75,91.59,4,13.23,129,4
M03163,Recycled Cardboard,25.28,6.24,95.03,0.99,91.67,5,11.63,102,3
M03164,Recycled Cardboard,25.85,6.11,91.59,0.84,91.03,5,11.74,103,3
M03165,Recycled Cardboard,30.71,7.05,85.48,1.0,94.12,4,11.92,101,3
M03166,Recycled Cardboard,16.68,6.89,95.15,0.79,97.33,4,11.22,115,3
M03167,Recycled Cardboard,27.53,7.37,93.85,0.84,100.0,5,13.05,126,5
M03168,Recycled Cardboard,21.81,4.88,90.0,0.75,96.36,4,12.03,121,4
M03169,Recycled Cardboard,23.35,4.4,91.28,0.82,88.78,4,11.79,113,4
M03170,Recycled Cardboard,21.0,7.25,89.37,0.7,93.0,4,11.7,116,4
M03171,Recycled Cardboard,21.5,6.99,95.41,0.81,95.94,6,11.55,104,4
M03172,Recycled Cardboard,27.38,3.6,90.06,0.9,92.03,4,11.54,100,3
M03173,Recycled Cardboard,28.32,8.0,86.69,0.83,93.87,3,12.73,126,3
M03174,Recycled Cardboard,21.86,6.17,90.11,0.97,97.66,6,11.34,99,3
M03175,Recycled Cardboard,26.32,3.53,93.79,0.77,92.55,5,13.38,135,3
M03176,Recycled Cardboard,19.63,6.61,89.08,0.85,93.42,5,10.71,95,3
M03177,Recycled Cardboard,18.58,8.0,95.21,0.8,95.32,5,11.91,121,3
M03178,Recycled Cardboard,24.47,6.35,92.38,0.83,92.5,6,10.8,83,4
M03179,Recycled Cardboard,25.54,4.28,89.29,0.74,90.75,4,10.4,81,4
M03180,Recycled Cardboard,19.78,3.77,94.06,0.9,96.11,5,11.73,115,4
M03181,Recycled Cardboard,15.0,5.16,94.32,0.83,93.01,3,10.8,114,3
M03182,Recycled Cardboard,23.71,4.85,89.3,0.73,95.46,3,11.22,105,3
M03183,Recycled Cardboard,18.16,6.91,93.17,0.7,93.31,4,12.62,140,3
M03184,Recycled Cardboard,22.51,5.3,87.83,0.83,90.3,7,10.65,80,3
M03185,Recycled Cardboard,18.94,4.14,94.95,0.94,88.06,4,12.29,132,3
M03186,Recycled Cardboard,27.48,5.36,92.04,0.79,97.22,3,12.05,114,4
M03187,Recycled Cardboard,24.61,5.03,92.62,0.96,95.16,6,13.66,140,3
M03188,Recycled Cardboard,26.14,3.01,92.14,0.85,100.0,6,11.41,92,3
M03189,Recycled Cardboard,19.95,7.92,87.79,0.7,91.49,4,11.85,121,4
M03190,Recycled Cardboard,23.37,4.45,90.0,0.93,92.46,3,12.34,128,3
M03191,Recycled Cardboard,24.22,6.45,86.67,0.91,94.69,5,12.32,118,4
M03192,Recycled Cardboard,18.05,5.45,89.95,0.71,98.37,6,10.05,81,3
M03193,Recycled Cardboard,30.07,6.01,89.25,1.0,95.3,5,11.46,89,4
M03194,Recycled Cardboard,23.71,5.44,92.15,0.79,88.52,3,12.12,123,3
M03195,Recycled Cardboard,22.75,4.39,93.9,0.89,96.52,4,11.78,114,4
M03196,Recycled Cardboard,18.11,3.4,92.73,0.8,91.09,5,11.36,111,4
M03197,Recycled Cardboard,24.91,5.17,88.43,0.74,87.87,6,12.19,110,4
M03198,Recycled Cardboard,24.69,8.0,89.19,0.87,94.28,4,11.67,108,3
M03199,Recycled Cardboard,25.33,4.49,91.41,0.81,94.29,5,11.98,109,3
M03200,Recycled Cardboard,19.41,8.0,93.79,0.88,97.13,4,10.74,100,4
M03201,Recycled Cardboard,23.67,7.35,94.16,0.8,94.93,3,10.97,100,3
M03202,Recycled Cardboard,26.71,5.72,88.63,1.0,98.97,6,13.32,129,6
M03203,Recycled Cardboard,28.53,7.46,95.55,0.98,95.84,5,12.9,121,4
M03204,Recycled Cardboard,29.25,5.13,85.37,0.85,91.97,4,13.58,137,5
M03205,Recycled Cardboard,30.68,8.0,88.67,1.0,93.84,3,12.17,110,4
M03206,Recycled Cardboard,22.91,6.58,95.92,0.7,92.22,5,10.79,90,4
M03207,Recycled Cardboard,22.36,4.85,87.52,0.83,97.02,4,11.59,111,3
M03208,Recycled Cardboard,15.93,7.11,92.16,0.89,93.78,5,9.99,88,3
M03209,Recycled Cardboard,26.77,6.56,90.59,0.88,95.53,4,12.03,111,3
M03210,Recycled Cardboard,21.01,6.65,94.23,0.85,92.43,4,11.25,107,4
M03211,Recycled Cardboard,21.47,4.16,91.2,0.81,89.48,4,10.65,94,3
M03212,Recycled Cardboard,19.79,6.23,89.53,0.95,95.14,4,9.98,84,3
M03213,Recycled Cardboard,30.83,5.89,85.37,0.99,89.24,5,11.23,83,4
M03214,Recycled Cardboard,21.09,6.46,97.65,0.88,89.9,3,12.01,126,3
M03215,Recycled Cardboard,19.49,4.93,95.86,0.7,89.04,6,11.8,113,3
M03216,Recycled Cardboard,31.64,7.11,90.93,0.96,96.14,5,12.96,116,4
M03217,Recycled Cardboard,24.37,6.07,89.47,0.88,90.97,3,10.99,99,4
M03218,Recycled Cardboard,15.32,6.71,95.66,0.7,95.01,5,10.38,97,3
M03219,Recycled Cardboard,16.65,4.75,96.75,0.72,98.78,4,11.42,119,5
M03220,Recycled Cardboard,22.8,7.32,95.41,0.89,93.16,5,10.98,94,3
M03221,Recycled Cardboard,19.9,8.0,92.87,0.89,96.82,4,11.74,119,5
M03222,Recycled Cardboard,29.59,6.67,90.69,0.75,96.01,5,13.36,128,4
M03223,Recycled Cardboard,15.74,5.72,85.94,0.88,94.24,4,10.87,110,5
M03224,Recycled Cardboard,23.85,3.29,90.55,0.76,100.0,5,12.34,119,3
M03225,Recycled Cardboard,27.1,7.64,89.11,0.98,92.11,4,12.71,124,3
M03226,Recycled Cardboard,22.82,6.17,86.81,0.88,96.29,4,10.13,81,4
M03227,Recycled Cardboard,27.0,5.06,91.01,0.86,90.1,6,12.7,116,5
M03228,Recycled Cardboard,21.76,6.42,91.29,0.86,96.73,3,10.88,102,4
M03229,Recycled Cardboard,32.71,5.79,92.08,1.0,96.29,4,11.87,96,4
M03230,Recycled Cardboard,32.4,5.86,94.07,1.0,91.21,6,11.54,82,4
M03231,Recycled Cardboard,24.75,3.94,89.34,0.84,88.92,5,11.68,104,3
M03232,Recycled Cardboard,26.71,6.52,92.76,0.8,97.17,3,12.12,117,3
M03233,Recycled Cardboard,34.82,5.51,91.46,0.92,97.3,6,13.68,120,3
M03234,Recycled Cardboard,26.66,6.37,90.64,0.95,99.39,3,11.62,107,4
M03235,Recycled Cardboard,20.68,7.44,87.39,0.7,92.03,4,11.82,119,5
M03236,Recycled Cardboard,22.95,4.21,90.24,0.74,92.02,5,11.39,102,3
M03237,Recycled Cardboard,23.83,4.96,98.0,0.86,92.14,7,11.43,93,3
M03238,Recycled Cardboard,24.9,6.34,92.87,0.91,89.51,4,11.49,104,3
M03239,Recycled Cardboard,25.17,7.78,88.49,0.94,93.3,5,12.32,116,3
M03240,Recycled Cardboard,25.97,7.47,92.77,0.96,88.27,4,10.55,83,4
M03241,Recycled Cardboard,24.09,8.0,92.18,0.89,94.34,4,11.56,107,3
M03242,Recycled Cardboard,25.58,7.32,88.9,0.73,99.68,3,11.61,109,4
M03243,Recycled Cardboard,35.0,6.02,89.85,1.0,92.69,4,11.75,89,3
M03244,Recycled Cardboard,22.62,5.26,91.02,0.77,95.87,4,11.01,99,3
M03245,Recycled Cardboard,18.65,6.18,93.52,0.72,95.28,4,10.92,105,5
M03246,Recycled Cardboard,25.73,5.78,92.87,0.93,96.87,3,12.22,121,5
M03247,Recycled Cardboard,28.87,4.14,93.19,0.74,96.13,4,11.49,96,4
M03248,Recycled Cardboard,28.54,4.5,91.44,0.99,93.7,4,12.9,125,3
M03249,Recycled Cardboard,19.51,5.02,98.0,0.79,90.39,6,10.5,87,4
M03250,Recycled Cardboard,30.45,4.82,97.46,0.75,97.17,3,11.1,89,4
M03251,Recycled Cardboard,25.95,3.0,89.97,0.91,94.82,4,11.35,99,4
M03252,Recycled Cardboard,28.81,6.26,92.28,1.0,93.56,4,11.68,100,4
M03253,Recycled Cardboard,29.09,8.0,92.51,0.96,90.02,5,12.51,112,4
M03254,Recycled Cardboard,16.66,5.46,89.3,0.79,94.98,5,10.77,102,3
M03255,Recycled Cardboard,17.27,4.3,91.17,0.7,89.06,3,11.03,114,4
M03256,Recycled Cardboard,19.48,5.79,90.63,0.82,93.17,3,12.1,131,4
M03257,Recycled Cardboard,15.0,8.0,92.02,0.83,90.77,7,11.05,103,3
M03258,Recycled Cardboard,27.65,4.88,95.21,0.91,91.3,5,10.96,84,4
M03259,Recycled Cardboard,22.04,3.32,88.77,0.73,96.1,5,10.9,94,4
M03260,Recycled Cardboard,18.29,5.83,90.11,0.7,90.08,5,10.88,101,3
M03261,Recycled Cardboard,27.34,6.46,85.22,1.0,96.43,5,11.48,95,4
M03262,Recycled Cardboard,20.25,6.54,95.55,0.77,99.48,4,11.73,118,5
M03263,Recycled Cardboard,25.44,5.01,96.16,0.74,97.73,4,11.89,111,3
M03264,Recycled Cardboard,27.58,8.0,94.08,0.83,92.66,7,13.71,131,4
M03265,Recycled Cardboard,24.86,5.48,87.96,1.0,95.67,4,12.24,119,4
M03266,Recycled Cardboard,24.83,5.22,89.9,1.0,95.06,5,12.28,116,3
M03267,Recycled Cardboard,15.0,4.9,93.36,0.7,92.09,4,10.65,107,3
M03268,Recycled Cardboard,25.39,4.09,91.66,0.78,96.84,3,11.29,103,3
M03269,Recycled Cardboard,29.47,6.65,95.73,0.91,94.58,4,13.25,130,4
M03270,Recycled Cardboard,22.78,7.53,88.93,0.86,100.0,5,10.78,90,4
M03271,Recycled Cardboard,28.97,7.69,90.35,0.98,90.97,5,12.45,111,5
M03272,Recycled Cardboard,27.48,5.38,92.11,0.74,96.71,4,11.6,101,6
M03273,Recycled Cardboard,33.2,5.48,96.46,1.0,92.88,6,14.27,135,4
M03274,Recycled Cardboard,27.32,7.0,93.37,0.86,96.15,7,11.53,88,3
M03275,Recycled Cardboard,20.18,8.0,90.49,0.82,96.05,3,10.42,96,3
M03276,Recycled Cardboard,26.78,3.12,91.76,0.78,93.59,5,12.28,112,4
M03277,Recycled Cardboard,26.95,6.63,89.93,0.84,89.86,6,12.09,104,4
M03278,Recycled Cardboard,26.42,6.29,88.09,0.99,96.87,4,11.84,108,4
M03279,Recycled Cardboard,22.68,5.84,93.77,0.7,96.36,4,11.72,113,5
M03280,Recycled Cardboard,23.54,7.84,90.68,0.83,90.64,3,11.45,110,3
M03281,Recycled Cardboard,16.82,5.74,93.05,0.83,95.21,4,10.43,99,4
M03282,Recycled Cardboard,22.99,5.86,91.04,0.82,96.82,3,11.05,103,4
M03283,Recycled Cardboard,19.94,4.86,91.64,0.7,100.0,4,11.49,114,3
M03284,Recycled Cardboard,22.13,3.54,93.27,0.77,99.32,6,12.36,119,6
M03285,Recycled Cardboard,20.94,8.0,93.53,0.71,92.18,6,11.29,100,4
M03286,Recycled Cardboard,25.12,6.88,90.83,0.94,91.94,4,12.91,132,4
M03287,Recycled Cardboard,30.15,4.33,94.07,0.98,94.99,3,12.31,114,4
M03288,Recycled Cardboard,26.01,4.34,98.0,0.74,100.0,5,11.3,94,4
M03289,Recycled Cardboard,27.08,5.76,92.07,0.72,91.77,5,12.01,106,5
M03290,Recycled Cardboard,19.29,5.57,90.43,0.8,97.86,3,10.38,97,3
M03291,Recycled Cardboard,22.4,7.11,88.41,0.97,93.77,5,11.69,109,5
M03292,Recycled Cardboard,27.41,7.41,90.91,0.83,95.16,6,12.64,114,3
M03293,Recycled Cardboard,29.0,5.95,94.11,0.82,98.07,5,11.75,97,4
M03294,Recycled Cardboard,26.99,8.0,90.95,1.0,92.24,4,12.6,122,4
M03295,Recycled Cardboard,22.83,6.25,87.32,0.83,95.61,3,12.28,128,3
M03296,Recycled Cardboard,27.75,8.0,93.01,0.93,99.09,4,12.83,125,4
M03297,Recycled Cardboard,27.16,6.54,89.98,0.84,96.82,4,11.52,100,4
M03298,Recycled Cardboard,21.5,3.04,90.37,0.73,97.95,4,10.4,89,3
M03299,Recycled Cardboard,29.8,5.61,91.33,0.88,93.28,4,11.73,99,3
M03300,Recycled Cardboard,20.93,7.36,95.8,0.96,96.72,3,10.69,100,4
M03301,Recycled Cardboard,27.48,5.09,91.26,0.75,90.49,4,11.55,100,5
M03302,Recycled Cardboard,30.02,5.48,87.93,0.84,95.21,6,12.8,112,4
M03303,Recycled Cardboard,21.24,6.29,94.68,0.7,93.94,3,9.72,80,4
M03304,Recycled Cardboard,29.58,6.42,94.4,0.86,99.17,5,12.16,104,4
M03305,Recycled Cardboard,25.21,3.66,96.77,0.92,90.45,4,11.42,102,4
M03306,Recycled Cardboard,32.3,7.78,92.24,0.91,94.02,3,11.48,93,3
M03307,Recycled Cardboard,28.41,6.59,90.35,0.93,94.55,5,11.94,102,4
M03308,Recycled Cardboard,29.35,4.25,92.8,0.98,93.07,4,12.04,106,5
M03309,Recycled Cardboard,15.68,8.0,85.29,0.85,95.12,3,11.42,125,5
M03310,Recycled Cardboard,19.29,6.83,93.23,0.82,92.35,3,10.73,104,3
M03311,Recycled Cardboard,19.61,6.86,88.96,0.85,92.73,3,10.86,106,3
M03312,Recycled Cardboard,22.59,4.92,90.57,0.85,100.0,5,10.76,90,3
M03313,Recycled Cardboard,27.51,6.91,90.69,0.75,96.56,4,12.95,128,4
M03314,Recycled Cardboard,28.25,5.42,95.53,0.83,92.27,6,12.62,112,3
M03315,Recycled Cardboard,21.7,5.3,89.35,0.7,96.16,4,12.52,131,5
M03316,Recycled Cardboard,17.91,5.39,87.74,0.71,89.89,4,10.24,93,4
M03317,Recycled Cardboard,23.43,4.6,92.08,0.9,89.81,5,12.04,114,3
M03318,Recycled Cardboard,24.86,4.79,90.52,0.75,87.34,4,12.29,120,3
M03319,Recycled Cardboard,22.05,3.71,96.75,0.7,95.15,4,11.21,104,4
M03320,Recycled Cardboard,29.0,4.25,91.14,0.86,93.45,4,12.9,124,3
M03321,Recycled Cardboard,24.4,6.04,88.34,0.96,91.98,5,12.69,125,4
M03322,Recycled Cardboard,24.98,8.0,91.81,0.81,93.8,5,11.6,102,3
M03323,Recycled Cardboard,24.35,7.16,98.0,0.91,93.62,5,11.69,105,4
M03324,Recycled Cardboard,15.0,4.99,96.02,0.84,96.34,5,10.8,106,3
M03325,Recycled Cardboard,27.99,7.2,91.17,0.86,94.72,3,12.35,119,3
M03326,Recycled Cardboard,32.67,5.23,93.42,1.0,94.75,3,12.47,112,5
M03327,Recycled Cardboard,22.72,7.73,89.86,0.88,90.29,4,10.42,87,4
M03328,Recycled Cardboard,25.26,5.49,94.14,0.83,94.74,5,11.48,99,3
M03329,Recycled Cardboard,25.48,7.22,94.26,0.99,92.89,5,12.65,122,4
M03330,Recycled Cardboard,27.66,5.02,89.83,0.92,95.57,3,11.32,99,3
M03331,Recycled Cardboard,24.16,5.79,92.87,0.8,94.58,5,12.27,117,5
M03332,Recycled Cardboard,24.13,7.08,94.42,0.76,96.84,6,12.31,114,4
M03333,Recycled Cardboard,26.06,3.82,91.84,0.83,93.39,5,12.91,126,3
M03334,Recycled Cardboard,26.82,8.0,93.22,0.89,90.47,4,12.78,126,3
M03335,Recycled Cardboard,24.3,6.67,94.2,0.77,92.9,3,12.68,133,3
M03336,Recycled Cardboard,29.83,5.65,92.52,0.95,96.75,5,12.03,101,4
M03337,Recycled Cardboard,17.99,3.54,88.92,0.91,97.3,4,11.0,108,5
M03338,Recycled Cardboard,24.48,4.87,89.21,0.9,93.2,5,12.7,125,3
M03339,Recycled Cardboard,32.87,5.88,86.36,0.99,92.65,6,13.29,116,4
M03340,Recycled Cardboard,21.52,7.11,93.39,0.91,91.53,4,12.75,136,5
M03341,Recycled Cardboard,30.33,4.78,92.96,0.9,94.53,5,11.93,98,3
M03342,Recycled Cardboard,23.61,4.9,88.01,0.88,89.7,3,11.96,120,3
M03343,Recycled Cardboard,17.69,5.58,95.92,0.76,98.58,4,11.37,116,5
M03344,Recycled Cardboard,21.09,6.69,90.98,0.77,94.89,4,10.26,87,3
M03345,Recycled Cardboard,15.56,6.41,86.34,0.71,94.61,3,10.11,99,3
M03346,Recycled Cardboard,27.74,6.78,90.89,0.9,89.58,6,12.32,107,3
M03347,Recycled Cardboard,28.4,5.97,90.31,0.81,96.7,4,12.59,119,3
M03348,Recycled Cardboard,24.65,5.23,95.83,0.94,94.9,4,12.42,123,3
M03349,Recycled Cardboard,33.3,7.3,90.09,1.0,96.34,5,11.93,92,3
M03350,Recycled Cardboard,19.59,6.77,93.28,0.89,96.03,3,10.86,106,3
M03351,Recycled Cardboard,21.99,4.77,92.23,0.82,94.93,4,11.9,118,3
M03352,Recycled Cardboard,19.03,7.47,89.26,0.78,96.33,5,11.8,118,4
M03353,Recycled Cardboard,22.93,4.75,97.31,0.77,95.53,4,11.19,102,3
M03354,Recycled Cardboard,24.01,4.09,96.68,0.7,90.61,3,12.65,133,3
M03355,Recycled Cardboard,30.55,8.0,92.0,1.0,95.23,4,12.66,116,6
M03356,Recycled Cardboard,28.91,7.31,93.22,1.0,93.99,6,12.54,109,3
M03357,Recycled Cardboard,26.12,3.99,91.18,0.88,91.98,4,12.26,117,5
M03358,Recycled Cardboard,33.31,6.17,88.96,1.0,87.88,5,12.73,108,3
M03359,Recycled Cardboard,30.89,8.0,90.85,0.85,93.56,4,12.14,105,4
M03360,Recycled Cardboard,33.3,5.4,96.4,0.83,92.13,3,12.53,112,4
M03361,Recycled Cardboard,22.43,6.61,90.77,0.92,90.75,3,10.74,98,5
M03362,Recycled Cardboard,19.22,6.87,91.47,0.75,99.87,6,10.87,95,3
M03363,Recycled Cardboard,21.37,5.41,88.63,0.92,91.16,4,10.54,92,4
M03364,Recycled Cardboard,21.23,7.7,97.74,0.77,94.83,5,11.22,102,4
M03365,Recycled Cardboard,25.46,8.0,90.47,0.76,96.53,4,12.6,125,3
M03366,Recycled Cardboard,17.21,7.46,92.9,0.76,95.32,4,12.07,131,4
M03367,Recycled Cardboard,31.59,6.29,93.13,0.82,93.09,5,12.16,100,3
M03368,Recycled Cardboard,28.08,4.38,93.84,1.0,96.81,5,13.11,126,4
M03369,Recycled Cardboard,23.64,5.78,91.44,0.83,89.02,6,12.11,111,3
M03370,Recycled Cardboard,20.52,5.46,86.2,0.96,99.13,5,11.25,104,5
M03371,Recycled Cardboard,25.49,5.94,94.44,0.7,91.18,5,12.65,122,4
M03372,Recycled Cardboard,22.33,6.5,92.23,0.82,92.35,5,12.13,118,4
M03373,Recycled Cardboard,23.67,4.94,92.92,0.9,88.64,4,12.87,134,3
M03374,Recycled Cardboard,25.53,4.2,91.54,0.82,94.45,4,11.4,101,4
M03375,Recycled Cardboard,19.34,6.92,91.23,0.94,89.52,4,12.03,126,3
M03376,Recycled Cardboard,22.33,8.0,89.94,0.97,97.33,4,12.18,123,4
M03377,Recycled Cardboard,25.59,3.83,91.67,0.97,90.78,4,12.51,123,3
M03378,Recycled Cardboard,28.9,6.65,88.79,1.0,98.21,5,12.59,114,3
M03379,Recycled Cardboard,30.3,6.1,88.92,0.78,95.32,3,12.03,108,3
M03380,Recycled Cardboard,23.39,3.0,95.37,0.85,92.86,6,11.79,105,4
M03381,Recycled Cardboard,32.66,7.71,95.35,0.84,90.73,4,11.97,98,4
M03382,Recycled Cardboard,35.0,6.95,87.98,0.8,95.84,4,11.95,93,4
M03383,Recycled Cardboard,35.0,7.37,87.44,1.0,94.3,4,13.55,125,4
M03384,Recycled Cardboard,26.12,3.0,94.9,0.84,92.76,4,10.91,90,4
M03385,Recycled Cardboard,25.18,3.5,96.7,0.83,91.76,5,12.02,110,5
M03386,Recycled Cardboard,25.84,7.85,94.7,0.81,91.31,4,11.43,101,4
M03387,Recycled Cardboard,20.71,4.18,88.55,0.79,94.58,3,11.97,126,3
M03388,Recycled Cardboard,29.32,7.86,85.52,0.94,92.03,3,12.18,113,4
M03389,Recycled Cardboard,18.66,4.09,92.11,0.81,95.29,4,11.27,112,3
M03390,Recycled Cardboard,31.07,8.0,89.31,0.85,94.39,4,12.36,109,3
M03391,Recycled Cardboard,16.33,8.0,90.93,0.7,97.93,5,10.58,99,4
M03392,Recycled Cardboard,24.7,6.22,89.76,0.82,96.02,5,12.62,123,3
M03393,Recycled Cardboard,27.07,7.59,92.14,0.82,91.03,6,13.01,122,3
M03394,Recycled Cardboard,24.06,3.9,98.0,0.76,87.55,3,10.86,97,3
M03395,Recycled Cardboard,24.39,4.74,93.87,0.99,97.19,4,11.24,100,3
M03396,Recycled Cardboard,25.02,5.28,96.99,0.7,90.63,6,12.8,122,3
M03397,Recycled Cardboard,26.78,5.61,93.8,0.75,95.97,5,11.18,90,5
M03398,Recycled Cardboard,25.65,7.38,91.43,0.94,95.1,4,10.37,80,5
M03399,Recycled Cardboard,23.93,5.69,89.61,0.91,96.5,3,11.19,104,3
M03400,Recycled Cardboard,27.57,4.32,91.48,0.73,98.8,4,12.26,114,3
M03401,Recycled Cardboard,21.69,6.07,94.94,0.92,96.63,5,12.17,120,4
M03402,Recycled Cardboard,31.5,5.69,92.25,0.76,88.13,4,11.25,86,4
M03403,Recycled Cardboard,26.41,7.42,88.09,0.72,95.51,4,10.59,83,3
M03404,Recycled Cardboard,28.19,4.26,88.87,0.88,95.8,3,13.42,140,4
M03405,Recycled Cardboard,15.0,5.34,91.57,0.7,90.73,4,10.75,109,5
M03406,Recycled Cardboard,22.43,5.33,96.02,0.76,95.26,5,11.34,102,3
M03407,Recycled Cardboard,31.14,7.95,93.13,0.92,95.91,5,13.81,134,3
M03408,Recycled Cardboard,19.15,3.0,93.41,0.71,96.25,5,11.12,104,4
M03409,Recycled Cardboard,21.02,4.73,93.95,0.71,94.33,6,11.25,99,5
M03410,Recycled Cardboard,35.0,7.01,89.76,1.0,92.39,6,13.85,123,3
M03411,Recycled Cardboard,31.25,7.75,95.9,0.76,92.43,6,12.38,101,5
M03412,Recycled Cardboard,22.17,6.92,90.62,0.89,100.0,5,10.97,95,3
M03413,Recycled Cardboard,23.5,4.79,89.65,0.92,98.09,4,12.35,124,4
M03414,Recycled Cardboard,23.61,6.85,98.0,0.87,99.07,3,11.06,102,4
M03415,Recycled Cardboard,28.51,5.07,96.14,0.81,95.19,3,11.45,100,5
M03416,Recycled Cardboard,30.67,5.02,94.66,0.9,96.95,5,12.57,110,3
M03417,Recycled Cardboard,23.06,4.86,86.88,0.84,95.53,4,11.76,113,3
M03418,Recycled Cardboard,26.41,6.65,92.18,0.8,94.94,4,13.09,133,3
M03419,Recycled Cardboard,23.21,7.51,91.83,0.75,91.01,5,12.37,121,4
M03420,Recycled Cardboard,28.82,5.72,90.25,0.95,92.34,4,11.73,101,3
M03421,Recycled Cardboard,27.81,3.88,96.63,0.97,90.51,6,11.83,97,3
M03422,Recycled Cardboard,27.11,5.41,91.25,0.76,94.93,6,11.81,98,3
M03423,Recycled Cardboard,24.51,5.29,88.06,0.78,99.27,4,11.85,112,3
M03424,Recycled Cardboard,25.09,6.67,94.63,0.9,93.27,5,12.11,112,4
M03425,Recycled Cardboard,21.44,5.94,89.87,0.73,90.92,6,12.44,122,3
M03426,Recycled Cardboard,24.58,5.99,95.84,0.84,94.61,5,11.61,103,3
M03427,Recycled Cardboard,30.21,4.38,94.91,0.94,94.57,4,13.42,132,5
M03428,Recycled Cardboard,23.97,7.08,94.0,0.9,96.61,5,12.1,114,4
M03429,Recycled Cardboard,23.76,8.0,85.0,0.96,96.09,5,11.78,108,3
M03430,Recycled Cardboard,28.75,6.78,91.11,0.75,94.7,4,12.18,110,3
M03431,Recycled Cardboard,26.55,6.81,90.46,0.81,92.01,6,10.96,82,4
M03432,Recycled Cardboard,24.58,4.37,91.35,0.72,87.25,5,12.96,130,5
M03433,Recycled Cardboard,27.9,3.97,88.92,0.85,92.55,5,12.84,121,4
M03434,Recycled Cardboard,20.95,7.97,92.43,0.79,93.31,4,11.65,115,5
M03435,Recycled Cardboard,31.14,7.71,89.76,0.96,98.3,5,12.66,111,3
M03436,Recycled Cardboard,21.9,5.09,93.91,0.81,100.0,3,11.34,111,5
M03437,Recycled Cardboard,21.05,4.24,89.2,0.7,94.01,5,12.21,122,4
M03438,Recycled Cardboard,24.4,5.18,93.38,0.89,92.03,6,12.89,125,3
M03439,Recycled Cardboard,25.26,6.73,90.17,1.0,89.94,4,10.93,92,5
M03440,Recycled Cardboard,29.32,7.02,92.59,0.81,93.59,5,12.13,104,4
M03441,Recycled Cardboard,24.73,7.61,93.39,0.86,94.41,4,12.47,124,3
M03442,Recycled Cardboard,29.5,3.0,94.64,0.81,91.6,5,11.0,81,4
M03443,Recycled Cardboard,18.07,5.77,94.89,0.7,96.16,5,10.01,84,3
M03444,Recycled Cardboard,28.94,6.91,98.0,0.98,94.09,4,13.44,135,4
M03445,Recycled Cardboard,19.47,7.26,95.01,0.77,96.38,5,9.95,80,5
M03446,Recycled Cardboard,27.02,4.71,93.33,0.9,91.9,4,12.85,127,3
M03447,Recycled Cardboard,15.0,5.78,96.26,0.77,94.49,5,10.15,93,3
M03448,Recycled Cardboard,21.3,4.86,90.42,0.94,96.45,6,11.53,104,5
M03449,Recycled Cardboard,20.07,7.98,92.49,0.79,89.97,5,12.36,127,4
M03450,Recycled Cardboard,22.41,5.72,96.48,0.79,99.01,4,11.99,119,4
M03451,Recycled Cardboard,31.42,6.14,87.73,1.0,96.23,3,11.59,97,3
M03452,Recycled Cardboard,17.14,8.0,93.56,0.7,95.15,6,11.31,108,5
M03453,Recycled Cardboard,25.1,4.56,96.73,0.89,93.94,4,10.36,81,3
M03454,Recycled Cardboard,25.12,7.01,89.15,0.9,96.51,4,12.66,127,3
M03455,Recycled Cardboard,23.53,5.49,89.49,0.82,95.5,6,12.35,116,3
M03456,Recycled Cardboard,26.61,8.0,87.89,0.94,98.78,3,12.76,130,3
M03457,Recycled Cardboard,19.01,8.0,93.4,0.87,90.05,4,11.9,124,3
M03458,Recycled Cardboard,27.02,3.0,88.37,1.0,92.61,4,10.75,85,3
M03459,Recycled Cardboard,24.3,4.77,92.9,0.97,94.05,5,11.23,96,3
M03460,Recycled Cardboard,24.46,5.57,91.48,0.96,95.39,5,12.9,129,4
M03461,Recycled Cardboard,31.31,7.78,86.25,0.98,90.07,4,12.13,104,3
M03462,Recycled Cardboard,26.46,5.52,97.12,1.0,95.8,6,12.6,115,3
M03463,Recycled Cardboard,20.08,5.19,89.64,0.88,98.66,5,12.91,138,3
M03464,Recycled Cardboard,24.82,6.14,98.0,0.88,90.04,7,12.28,108,4
M03465,Recycled Cardboard,20.56,6.95,91.32,0.74,92.31,4,11.96,122,4
M03466,Recycled Cardboard,29.29,6.47,97.26,0.93,91.41,6,12.63,110,3
M03467,Recycled Cardboard,29.42,8.0,90.07,0.95,91.73,4,12.44,114,3
M03468,Recycled Cardboard,23.26,6.78,93.41,0.91,89.41,6,10.68,83,4
M03469,Recycled Cardboard,32.15,5.86,89.78,0.82,90.49,6,11.91,90,3
M03470,Recycled Cardboard,24.46,7.21,92.34,0.75,94.99,5,11.8,107,4
M03471,Recycled Cardboard,27.87,6.65,91.12,0.86,87.42,5,12.99,124,5
M03472,Recycled Cardboard,31.46,6.77,94.15,1.0,96.33,6,12.0,93,3
M03473,Recycled Cardboard,15.0,7.27,88.67,0.7,90.06,5,11.85,127,5
M03474,Recycled Cardboard,19.24,5.01,86.3,0.7,92.16,5,10.07,83,3
M03475,Recycled Cardboard,26.69,6.11,92.12,1.0,89.91,5,12.77,122,4
M03476,Recycled Cardboard,29.89,5.04,93.18,0.79,96.07,3,13.59,140,4
M03477,Recycled Cardboard,27.1,3.61,85.0,0.9,95.14,5,12.36,113,3
M03478,Recycled Cardboard,23.2,7.05,90.25,0.82,95.03,3,12.17,125,3
M03479,Recycled Cardboard,25.13,8.0,91.94,0.75,90.28,6,12.66,119,5
M03480,Recycled Cardboard,23.74,6.18,87.37,0.7,96.46,5,12.12,115,4
M03481,Recycled Cardboard,28.93,5.39,88.96,0.96,90.17,7,13.54,125,5
M03482,Recycled Cardboard,32.93,6.73,91.13,0.89,98.42,7,12.59,98,3
M03483,Recycled Cardboard,22.53,5.36,98.0,0.94,97.36,5,10.75,90,4
M03484,Recycled Cardboard,32.68,8.0,89.88,0.98,90.78,4,12.97,118,3
M03485,Recycled Cardboard,27.63,5.34,92.8,1.0,97.05,5,11.11,87,3
M03486,Recycled Cardboard,23.81,8.0,92.53,0.82,96.8,4,10.18,80,4
M03487,Recycled Cardboard,20.77,3.58,91.49,0.84,90.63,3,10.33,93,3
M03488,Recycled Cardboard,35.0,7.51,89.26,1.0,93.02,5,14.0,130,6
M03489,Recycled Cardboard,28.3,5.01,92.29,0.76,100.0,5,12.33,110,3
M03490,Recycled Cardboard,21.94,5.21,92.66,0.9,88.04,4,11.89,118,3
M03491,Recycled Cardboard,29.69,5.79,85.51,0.78,93.19,3,11.52,99,5
M03492,Recycled Cardboard,21.57,3.59,97.82,0.92,94.76,4,11.91,119,4
M03493,Recycled Cardboard,25.04,5.38,93.21,0.84,98.64,4,12.65,127,4
M03494,Recycled Cardboard,31.31,4.52,85.0,0.86,90.4,3,11.88,103,5
M03495,Recycled Cardboard,24.92,6.82,92.53,0.83,91.79,6,11.59,98,3
M03496,Recycled Cardboard,27.51,3.36,92.83,1.0,96.07,3,12.35,120,6
M03497,Recycled Cardboard,27.5,8.0,93.92,0.79,91.05,4,13.25,134,3
M03498,Recycled Cardboard,16.32,8.0,91.92,0.77,88.43,4,10.33,98,3
M03499,Recycled Cardboard,25.45,6.17,90.15,0.73,97.31,4,12.85,130,4
M03500,Recycled Cardboard,17.29,4.38,93.57,0.81,91.3,5,11.03,106,3
M03501,Recycled Cardboard,22.25,5.55,86.49,0.8,94.45,6,12.38,119,3
M03502,Recycled Cardboard,27.86,5.72,92.5,0.85,95.19,5,10.79,80,3
M03503,Recycled Cardboard,28.03,3.0,92.25,1.0,91.92,6,13.65,133,4
M03504,Recycled Cardboard,25.99,6.58,97.21,0.84,92.23,4,11.0,92,3
M03505,Recycled Cardboard,20.56,6.75,92.47,0.85,94.75,5,11.06,100,4
M03506,Recycled Cardboard,22.79,7.37,91.31,0.7,92.95,3,11.18,106,4
M03507,Recycled Cardboard,21.96,4.58,89.61,0.77,93.34,4,10.25,85,4
M03508,Recycled Cardboard,22.91,6.74,89.85,0.8,97.07,4,13.09,140,3
M03509,Recycled Cardboard,18.01,5.37,89.33,0.8,94.37,3,11.25,117,3
M03510,Recycled Cardboard,22.65,5.75,92.38,0.95,97.15,5,12.21,119,4
M03511,Recycled Cardboard,24.43,4.0,90.52,0.7,97.67,6,12.49,117,4
M03512,Recycled Cardboard,29.12,7.29,91.28,0.94,97.18,3,12.26,115,3
M03513,Recycled Cardboard,29.09,5.73,88.85,0.95,90.38,4,12.21,110,4
M03514,Recycled Cardboard,29.04,6.79,94.85,0.99,94.86,6,12.75,113,4
M03515,Recycled Cardboard,28.95,6.3,91.9,1.0,92.31,4,11.95,105,4
M03516,Recycled Cardboard,31.96,5.89,92.39,0.96,88.39,3,11.55,95,4
M03517,Recycled Cardboard,26.31,4.4,96.73,0.84,93.78,4,11.83,108,3
M03518,Recycled Cardboard,26.05,6.49,95.9,0.91,87.88,3,13.06,137,3
M03519,Recycled Cardboard,28.18,7.14,93.09,0.96,90.4,5,11.82,100,4
M03520,Recycled Cardboard,26.77,4.57,88.59,0.9,95.1,4,11.28,96,3
M03521,Recycled Cardboard,26.21,7.77,93.64,0.88,96.78,4,13.42,140,3
M03522,Recycled Cardboard,29.29,5.06,91.48,0.8,93.12,5,12.83,118,4
M03523,Recycled Cardboard,25.28,5.76,89.82,0.99,92.01,4,11.13,96,3
M03524,Recycled Cardboard,18.15,5.35,87.73,0.78,93.85,4,12.17,131,4
M03525,Recycled Cardboard,25.96,5.93,93.22,0.86,94.99,3,13.2,140,3
M03526,Recycled Cardboard,24.53,6.86,89.85,0.77,95.36,5,11.05,92,4
M03527,Recycled Cardboard,23.97,5.81,91.97,0.81,91.94,5,11.6,104,3
M03528,Recycled Cardboard,20.12,6.71,88.88,0.87,92.0,6,12.66,129,3
M03529,Recycled Cardboard,24.04,5.01,88.07,0.82,93.37,3,12.35,127,4
M03530,Recycled Cardboard,31.53,7.32,92.4,0.99,97.95,4,12.1,103,5
M03531,Recycled Cardboard,21.03,3.0,87.45,0.89,95.77,4,11.65,115,4
M03532,Recycled Cardboard,16.77,7.37,87.9,0.85,96.16,5,10.38,94,3
M03533,Recycled Cardboard,35.0,3.54,88.88,1.0,90.93,5,13.15,113,3
M03534,Recycled Cardboard,23.41,5.16,97.88,0.84,88.99,5,11.29,99,4
M03535,Recycled Cardboard,21.46,7.16,91.46,0.94,93.44,4,12.1,123,3
M03536,Recycled Cardboard,35.0,6.39,94.39,1.0,96.28,5,13.4,118,5
M03537,Recycled Cardboard,17.81,5.16,93.55,0.87,97.76,4,9.63,81,5
M03538,Recycled Cardboard,22.0,8.0,96.32,0.83,95.92,4,11.65,113,4
M03539,Recycled Cardboard,26.64,6.53,90.65,0.75,93.58,4,11.86,108,5
M03540,Recycled Cardboard,29.5,4.76,89.65,0.82,100.0,6,12.5,107,3
M03541,Recycled Cardboard,29.96,6.18,94.92,0.9,90.36,6,12.4,104,3
M03542,Recycled Cardboard,24.26,5.01,91.67,0.76,96.45,3,11.78,115,5
M03543,Recycled Cardboard,30.42,4.34,93.52,0.84,92.43,5,12.49,109,4
M03544,Recycled Cardboard,23.53,7.94,91.53,0.81,91.52,4,11.1,99,3
M03545,Recycled Cardboard,28.67,6.22,90.29,0.99,98.72,5,12.87,120,3
M03546,Recycled Cardboard,26.49,6.05,89.62,0.94,92.49,5,12.55,118,3
M03547,Recycled Cardboard,26.38,6.25,91.82,0.92,92.75,4,12.49,121,5
M03548,Recycled Cardboard,28.64,8.0,93.2,0.91,97.52,5,13.86,140,3
M03549,Recycled Cardboard,26.54,5.78,93.13,0.89,95.09,4,11.35,98,5
M03550,Recycled Cardboard,17.32,4.63,90.59,0.75,92.14,5,11.83,122,3
M03551,Recycled Cardboard,30.24,4.43,95.06,0.86,95.22,6,12.07,97,3
M03552,Recycled Cardboard,23.4,6.75,88.53,0.98,94.09,4,11.04,98,3
M03553,Recycled Cardboard,27.8,5.0,90.13,0.88,95.88,5,13.33,131,3
M03554,Recycled Cardboard,24.77,5.98,92.95,0.88,95.86,5,12.28,116,4
M03555,Recycled Cardboard,34.44,4.21,94.02,0.89,90.41,5,12.74,106,5
M03556,Recycled Cardboard,28.68,7.06,88.57,0.95,92.81,6,11.82,95,4
M03557,Recycled Cardboard,24.3,8.0,93.8,0.74,89.69,5,12.73,126,4
M03558,Recycled Cardboard,23.81,7.52,90.12,0.93,96.18,5,12.48,122,4
M03559,Recycled Cardboard,29.05,8.0,95.48,0.95,92.3,5,12.21,106,4
M03560,Recycled Cardboard,33.14,4.71,88.55,0.97,93.43,5,11.91,92,3
M03561,Recycled Cardboard,34.84,5.64,98.0,0.82,95.7,6,12.98,106,4
M03562,Recycled Cardboard,21.74,6.65,98.0,0.79,94.19,3,11.77,120,4
M03563,Recycled Cardboard,25.56,7.18,93.12,0.86,91.39,6,11.36,92,3
M03564,Recycled Cardboard,23.81,6.02,92.57,0.8,96.02,6,11.73,103,3
M03565,Recycled Cardboard,21.98,4.89,85.71,0.94,90.95,4,11.15,103,3
M03566,Recycled Cardboard,23.45,6.06,93.1,0.83,95.17,4,12.55,128,4
M03567,Recycled Cardboard,19.83,7.54,91.92,0.88,86.28,4,9.78,80,3
M03568,Recycled Cardboard,19.8,4.88,90.74,0.88,96.46,5,11.88,118,5
M03569,Recycled Cardboard,18.78,6.16,89.54,0.7,98.12,4,12.23,131,3
M03570,Recycled Cardboard,28.1,3.35,94.59,0.75,95.38,7,11.91,94,3
M03571,Recycled Cardboard,21.81,5.45,90.96,0.7,97.05,6,11.88,110,5
M03572,Recycled Cardboard,22.78,6.51,89.91,0.85,96.03,4,10.98,98,4
M03573,Recycled Cardboard,28.83,5.42,92.88,0.78,96.05,5,11.08,84,3
M03574,Recycled Cardboard,22.58,7.82,90.59,0.84,95.38,3,11.41,111,5
M03575,Recycled Cardboard,19.33,6.48,88.04,0.7,98.75,5,10.33,88,3
M03576,Recycled Cardboard,22.07,6.66,93.44,0.76,92.53,5,11.51,106,5
M03577,Recycled Cardboard,24.72,5.31,86.49,0.94,93.11,5,11.47,100,5
M03578,Recycled Cardboard,23.59,8.0,94.55,0.71,95.08,5,11.26,98,5
M03579,Recycled Cardboard,28.41,7.91,90.97,0.91,89.93,4,11.74,102,3
M03580,Recycled Cardboard,22.8,5.62,87.26,0.7,99.22,4,10.28,84,5
M03581,Recycled Cardboard,26.43,6.33,97.02,0.76,96.94,3,10.24,80,3
M03582,Recycled Cardboard,17.23,7.2,92.44,0.76,92.47,5,11.42,114,3
M03583,Recycled Cardboard,15.0,6.01,96.42,0.7,91.53,5,11.55,121,4
M03584,Recycled Cardboard,24.51,5.88,91.15,0.78,94.49,4,11.95,114,3
M03585,Recycled Cardboard,23.0,4.78,95.25,0.95,99.91,5,12.9,132,3
M03586,Recycled Cardboard,21.65,8.0,89.81,0.81,93.61,5,11.57,108,3
M03587,Recycled Cardboard,32.45,8.0,95.14,0.96,92.11,4,12.1,101,3
M03588,Recycled Cardboard,24.59,6.63,89.8,0.86,87.48,5,11.46,100,3
M03589,Recycled Cardboard,25.25,8.0,94.21,0.99,91.53,6,11.53,96,3
M03590,Recycled Cardboard,26.88,5.95,90.98,0.85,89.94,4,10.84,87,5
M03591,Recycled Cardboard,22.04,7.94,93.55,0.78,93.69,4,10.4,88,4
M03592,Recycled Cardboard,26.87,6.93,90.31,0.84,99.0,6,11.74,97,4
M03593,Recycled Cardboard,23.83,5.22,90.67,0.72,89.32,4,12.83,133,3
M03594,Recycled Cardboard,25.04,7.25,87.76,0.97,96.48,4,12.45,123,4
M03595,Recycled Cardboard,22.44,6.77,92.42,0.7,93.09,5,11.24,100,4
M03596,Recycled Cardboard,21.01,8.0,92.87,0.96,93.73,3,10.55,97,3
M03597,Recycled Cardboard,24.93,5.25,92.32,0.77,94.84,4,11.24,99,4
M03598,Recycled Cardboard,21.51,6.87,95.58,0.7,97.16,4,9.95,80,4
M03599,Recycled Cardboard,29.34,4.1,87.47,0.97,91.9,4,13.38,133,4
M03600,Recycled Cardboard,22.12,7.14,95.1,0.77,96.18,3,10.71,98,4
M03601,Recycled Cardboard,21.39,3.85,90.49,0.87,99.05,5,12.99,137,3
M03602,Recycled Cardboard,16.11,4.0,91.74,0.73,97.98,3,11.06,117,3
M03603,Recycled Cardboard,30.04,7.32,90.89,0.88,92.11,4,10.9,82,4
M03604,Recycled Cardboard,35.0,6.34,91.92,0.82,89.42,5,14.1,132,3
M03605,Recycled Cardboard,23.6,7.47,86.7,0.72,95.38,6,12.11,111,5
M03606,Recycled Cardboard,25.07,5.01,96.25,0.92,90.53,4,12.31,120,4
M03607,Recycled Cardboard,22.51,7.48,91.56,0.79,96.82,4,11.45,108,3
M03608,Recycled Cardboard,24.8,7.17,93.16,0.77,92.75,6,12.73,121,3
M03609,Recycled Cardboard,24.99,5.26,91.92,0.77,96.22,4,12.95,133,3
M03610,Recycled Cardboard,24.86,6.23,90.09,0.71,89.66,4,11.84,111,3
M03611,Recycled Cardboard,33.37,3.34,90.45,0.9,89.67,5,11.49,83,4
M03612,Recycled Cardboard,19.51,6.93,92.25,0.82,94.49,5,12.55,132,3
M03613,Recycled Cardboard,32.9,5.52,88.61,0.98,97.66,5,13.04,115,4
M03614,Recycled Cardboard,22.79,4.1,89.75,0.78,94.32,5,11.88,112,4
M03615,Recycled Cardboard,30.5,5.43,87.85,0.87,92.63,3,12.25,112,3
M03616,Recycled Cardboard,23.76,5.3,93.46,0.74,94.57,5,10.38,80,3
M03617,Recycled Cardboard,20.17,6.67,92.4,0.95,96.62,4,12.37,131,4
M03618,Recycled Cardboard,26.83,4.72,91.02,0.9,90.21,5,12.68,120,3
M03619,Recycled Cardboard,29.97,7.62,94.7,0.93,93.97,3,11.35,95,5
M03620,Recycled Cardboard,31.62,6.39,91.56,0.92,89.37,5,12.86,114,5
M03621,Recycled Cardboard,22.15,4.65,97.21,0.91,95.63,5,11.27,101,3
M03622,Recycled Cardboard,15.87,8.0,88.37,0.71,93.67,6,10.69,98,3
M03623,Recycled Cardboard,19.02,5.1,92.31,0.87,94.25,5,12.05,123,3
M03624,Recycled Cardboard,22.31,6.41,94.22,0.78,90.43,5,10.23,80,3
M03625,Recycled Cardboard,21.91,6.81,91.69,0.73,93.55,6,10.69,86,3
M03626,Recycled Cardboard,34.48,4.42,95.77,0.9,94.45,3,13.35,126,4
M03627,Recycled Cardboard,27.44,5.84,93.81,0.87,90.71,5,12.39,113,3
M03628,Recycled Cardboard,27.9,6.16,92.17,0.73,95.99,4,12.39,116,3
M03629,Recycled Cardboard,15.81,5.64,90.83,0.86,93.61,4,11.28,118,3
M03630,Recycled Cardboard,20.05,6.67,91.64,0.83,95.14,6,10.25,81,4
M03631,Recycled Cardboard,25.53,4.43,92.8,0.8,94.94,6,12.8,121,3
M03632,Recycled Cardboard,22.55,3.0,96.75,0.87,90.34,7,12.41,115,3
M03633,Recycled Cardboard,19.91,8.0,88.19,0.72,96.28,3,11.09,110,3
M03634,Recycled Cardboard,32.96,5.1,90.44,0.97,96.26,4,11.7,92,3
M03635,Recycled Cardboard,29.57,5.15,92.17,0.86,91.49,4,10.96,84,3
M03636,Recycled Cardboard,25.45,7.74,98.0,0.8,97.52,3,11.6,109,3
M03637,Recycled Cardboard,20.04,6.82,94.09,0.81,94.43,4,11.85,121,4
M03638,Recycled Cardboard,27.53,6.93,92.88,0.86,99.76,5,13.15,128,4
M03639,Recycled Cardboard,19.62,6.63,95.23,0.88,94.74,4,10.06,86,5
M03640,Recycled Cardboard,21.5,4.07,91.61,0.94,85.0,3,11.15,108,3
M03641,Recycled Cardboard,25.77,4.82,86.56,0.87,92.16,6,11.18,88,4
M03642,Recycled Cardboard,28.65,6.69,94.65,0.89,92.53,5,12.21,107,4
M03643,Recycled Cardboard,26.0,6.59,94.52,0.86,92.69,6,13.15,127,3
M03644,Recycled Cardboard,24.86,8.0,93.73,0.95,94.51,5,11.34,97,3
M03645,Recycled Cardboard,23.0,4.62,93.23,0.71,92.44,6,13.05,131,6
M03646,Recycled Cardboard,23.58,8.0,90.68,0.82,88.68,3,11.66,114,5
M03647,Recycled Cardboard,33.21,7.31,92.3,0.78,95.26,5,13.42,122,4
M03648,Recycled Cardboard,27.21,7.14,93.47,0.88,97.42,5,12.17,109,5
M03649,Recycled Cardboard,25.61,6.45,93.91,0.97,96.77,4,12.71,127,5
M03650,Recycled Cardboard,23.71,3.19,92.81,0.99,93.29,6,11.27,94,4
M03651,Recycled Cardboard,33.51,8.0,89.66,1.0,90.72,6,13.0,109,4
M03652,Recycled Cardboard,28.14,4.7,92.08,0.73,98.95,5,13.51,134,5
M03653,Recycled Cardboard,23.04,6.22,94.91,0.93,90.55,4,11.95,117,3
M03654,Recycled Cardboard,32.89,4.48,90.78,0.9,86.51,6,13.64,123,3
M03655,Recycled Cardboard,34.04,5.37,89.2,0.95,90.3,3,11.8,96,5
M03656,Recycled Cardboard,28.37,6.57,97.98,1.0,95.09,6,12.44,108,3
M03657,Recycled Cardboard,28.73,6.89,91.38,0.96,90.88,4,12.17,110,4
M03658,Recycled Cardboard,19.68,7.53,91.38,0.95,100.0,4,11.62,117,3
M03659,Recycled Cardboard,20.81,6.04,90.31,0.8,89.28,3,11.43,115,3
M03660,Recycled Cardboard,30.13,7.63,93.64,0.97,96.38,3,12.41,116,4
M03661,Recycled Cardboard,24.6,7.44,95.8,0.86,93.96,4,11.51,105,5
M03662,Recycled Cardboard,20.29,5.37,92.9,0.7,97.39,6,10.23,80,4
M03663,Recycled Cardboard,27.52,4.09,85.0,0.87,93.77,5,13.2,129,3
M03664,Recycled Cardboard,19.72,6.89,91.27,0.72,94.01,5,10.62,93,5
M03665,Recycled Cardboard,23.83,5.56,88.61,0.84,91.27,5,11.08,94,4
M03666,Recycled Cardboard,23.09,5.63,90.62,0.81,96.02,6,11.81,106,3
M03667,Recycled Cardboard,21.83,6.57,94.18,0.7,99.46,3,11.18,108,4
M03668,Recycled Cardboard,24.52,5.42,90.32,0.74,88.2,5,11.45,100,4
M03669,Recycled Cardboard,25.27,6.25,95.79,0.84,93.98,4,10.33,80,4
M03670,Recycled Cardboard,18.41,7.13,93.9,0.93,88.91,6,11.69,113,3
M03671,Recycled Cardboard,23.53,8.0,92.47,0.85,100.0,5,11.55,104,4
M03672,Recycled Cardboard,17.77,3.0,89.54,0.77,95.89,7,11.83,113,3
M03673,Recycled Cardboard,25.94,4.56,88.82,0.96,91.84,5,11.29,94,4
M03674,Recycled Cardboard,35.0,7.02,90.93,1.0,95.64,3,13.55,129,3
M03675,Recycled Cardboard,25.59,5.28,94.3,0.96,99.54,3,10.91,95,4
M03676,Recycled Cardboard,20.96,4.3,90.49,0.84,96.68,4,9.9,80,4
M03677,Recycled Cardboard,23.21,4.38,89.59,0.98,91.18,5,12.02,114,4
M03678,Recycled Cardboard,24.72,8.0,92.65,0.7,92.06,5,11.37,98,3
M03679,Recycled Cardboard,25.55,5.31,89.04,0.83,88.8,6,11.75,100,5
M03680,Recycled Cardboard,35.0,6.08,91.34,0.8,99.89,7,14.65,135,3
M03681,Recycled Cardboard,22.25,4.14,91.31,0.82,98.29,6,11.48,101,4
M03682,Recycled Cardboard,30.57,7.51,88.08,0.84,94.61,4,12.81,119,3
M03683,Recycled Cardboard,25.63,5.04,89.35,0.82,94.5,5,12.46,118,5
M03684,Recycled Cardboard,25.14,5.03,90.05,0.9,96.73,6,11.71,100,3
M03685,Recycled Cardboard,24.84,6.04,88.75,0.74,98.96,4,12.23,119,3
M03686,Recycled Cardboard,29.24,6.8,91.37,0.88,91.64,5,11.17,85,3
M03687,Recycled Cardboard,23.74,4.73,89.04,0.97,95.51,3,10.92,99,3
M03688,Recycled Cardboard,29.58,4.51,92.21,0.83,92.16,4,11.46,94,4
M03689,Recycled Cardboard,23.5,6.21,91.15,0.71,92.51,4,11.05,98,3
M03690,Recycled Cardboard,17.45,7.44,88.59,0.7,89.04,6,11.64,114,3
M03691,Recycled Cardboard,24.23,8.0,93.88,0.7,91.55,5,11.07,93,3
M03692,Recycled Cardboard,24.25,4.19,92.39,0.96,95.2,6,10.98,87,4
M03693,Recycled Cardboard,25.72,8.0,94.05,0.73,92.0,3,12.17,120,4
M03694,Recycled Cardboard,29.11,6.11,93.7,0.99,88.63,5,12.36,109,4
M03695,Recycled Cardboard,15.47,6.3,97.65,0.79,98.77,6,10.35,92,3
M03696,Recycled Cardboard,18.77,5.05,91.32,0.7,93.59,5,11.53,113,3
M03697,Recycled Cardboard,21.99,7.86,93.54,0.87,96.31,4,11.05,101,4
M03698,Recycled Cardboard,27.85,8.0,88.07,1.0,93.03,5,12.64,117,3
M03699,Recycled Cardboard,31.6,7.12,94.64,0.87,97.52,6,13.01,113,4
M03700,Recycled Cardboard,24.45,3.8,91.19,0.86,92.65,7,13.04,124,3
M03701,Recycled Cardboard,30.7,7.39,92.66,0.98,94.77,4,12.52,113,4
M03702,Recycled Cardboard,24.65,3.0,90.84,0.86,94.52,4,11.02,95,3
M03703,Recycled Cardboard,19.05,5.73,90.35,0.92,94.74,6,12.36,125,3
M03704,Recycled Cardboard,24.11,4.5,94.18,0.83,97.24,5,10.96,91,4
M03705,Recycled Cardboard,24.85,7.56,93.88,0.82,87.92,5,12.04,111,3
M03706,Recycled Cardboard,28.65,5.91,92.37,1.0,96.75,6,11.91,97,4
M03707,Recycled Cardboard,29.76,5.56,89.28,0.86,96.24,4,11.68,98,4
M03708,Recycled Cardboard,25.61,8.0,93.57,0.71,92.49,4,11.46,102,6
M03709,Recycled Cardboard,28.32,6.85,98.0,1.0,86.06,4,13.18,131,3
M03710,Recycled Cardboard,24.19,6.06,87.88,0.93,95.67,7,11.32,90,5
M03711,Recycled Cardboard,29.16,5.02,91.43,0.93,93.24,5,12.02,102,3
M03712,Recycled Cardboard,16.9,6.23,89.67,0.76,99.04,4,9.84,87,3
M03713,Recycled Cardboard,22.44,3.01,95.67,0.93,89.19,7,11.79,103,3
M03714,Recycled Cardboard,23.9,7.05,87.2,0.8,96.72,3,10.79,96,5
M03715,Recycled Cardboard,26.77,5.41,93.59,0.88,91.5,3,11.48,104,3
M03716,Recycled Cardboard,28.86,4.49,94.28,1.0,93.34,4,11.64,99,3
M03717,Recycled Cardboard,21.49,8.0,96.88,0.86,96.33,5,12.8,133,3
M03718,Recycled Cardboard,28.93,7.46,96.18,0.89,94.32,5,11.99,102,4
M03719,Recycled Cardboard,24.41,5.93,89.05,0.8,92.16,5,11.74,106,3
M03720,Recycled Cardboard,29.91,7.55,88.86,1.0,93.49,5,11.74,95,3
M03721,Recycled Cardboard,22.22,6.13,86.91,0.73,97.17,5,11.07,97,4
M03722,Recycled Cardboard,29.98,6.11,91.92,0.98,94.58,4,10.8,80,4
M03723,Recycled Cardboard,17.6,7.13,88.88,0.75,92.33,4,11.46,118,4
M03724,Recycled Cardboard,28.75,4.91,97.46,0.88,90.74,4,12.53,117,3
M03725,Recycled Cardboard,33.21,6.83,90.92,0.78,92.44,6,13.47,119,4
M03726,Recycled Cardboard,22.79,6.92,92.34,0.85,92.15,5,10.93,93,4
M03727,Recycled Cardboard,21.24,5.74,90.78,0.96,96.97,5,11.77,113,5
M03728,Recycled Cardboard,34.89,6.86,94.42,0.94,91.06,5,11.49,80,3
M03729,Recycled Cardboard,22.69,5.31,89.65,0.98,94.82,3,11.52,113,3
M03730,Recycled Cardboard,23.01,3.0,87.64,0.83,97.19,5,12.3,120,4
M03731,Recycled Cardboard,23.16,8.0,88.71,0.87,89.13,4,12.72,132,3
M03732,Recycled Cardboard,22.41,4.17,95.88,0.72,92.19,4,10.79,95,4
M03733,Recycled Cardboard,21.93,6.41,86.08,0.87,90.77,6,12.29,118,3
M03734,Recycled Cardboard,25.66,4.34,90.22,0.72,93.97,4,12.17,116,5
M03735,Recycled Cardboard,23.59,6.1,96.19,0.98,98.1,6,12.06,110,4
M03736,Recycled Cardboard,21.46,6.08,88.6,0.86,91.35,4,10.65,94,5
M03737,Recycled Cardboard,29.19,8.0,90.36,0.92,92.08,5,12.77,117,3
M03738,Recycled Cardboard,22.17,6.79,91.69,0.74,92.86,6,11.97,111,4
M03739,Recycled Cardboard,30.49,5.83,86.19,0.86,96.09,6,12.2,99,3
M03740,Recycled Cardboard,28.06,5.14,91.66,0.8,94.98,4,12.61,120,4
M03741,Recycled Cardboard,15.0,4.93,91.34,0.75,100.0,4,10.35,101,5
M03742,Recycled Cardboard,35.0,5.59,92.39,0.9,95.81,5,12.6,102,3
M03743,Recycled Cardboard,15.0,5.28,94.12,0.78,92.44,4,10.1,96,3
M03744,Recycled Cardboard,25.13,4.36,93.56,0.94,94.94,4,10.56,85,4
M03745,Recycled Cardboard,19.85,3.0,92.01,0.79,89.73,5,12.14,123,5
M03746,Recycled Cardboard,25.79,5.65,89.51,0.81,99.73,4,12.08,114,3
M03747,Recycled Cardboard,24.01,6.53,89.22,0.8,88.66,4,11.35,103,3
M03748,Recycled Cardboard,25.41,4.72,96.7,0.91,88.08,3,11.99,117,3
M03749,Recycled Cardboard,20.21,4.73,93.59,0.74,94.34,5,11.62,112,3
M03750,Recycled Cardboard,24.56,4.34,90.41,0.78,88.96,4,12.16,118,3
M03751,Recycled Cardboard,17.42,6.53,93.26,0.9,95.63,5,12.24,130,3
M03752,Recycled Cardboard,23.64,5.26,95.33,0.85,94.85,5,12.41,121,3
M03753,Recycled Cardboard,25.54,5.15,91.13,0.81,90.86,5,12.05,110,4
M03754,Recycled Cardboard,25.0,5.27,90.04,0.8,92.83,6,13.7,140,3
M03755,Recycled Cardboard,22.49,5.13,89.02,0.89,94.0,5,11.1,97,3
M03756,Recycled Cardboard,23.48,7.95,90.21,0.94,96.18,3,11.05,102,5
M03757,Recycled Cardboard,21.56,8.0,93.04,0.76,92.69,4,12.71,135,4
M03758,Recycled Cardboard,29.46,5.85,93.59,0.83,95.19,3,11.85,106,5
M03759,Recycled Cardboard,35.0,5.67,96.64,0.87,90.22,4,12.9,112,4
M03760,Recycled Cardboard,25.67,7.66,89.7,0.85,93.71,4,12.82,129,4
M03761,Recycled Cardboard,35.0,5.75,94.15,1.0,95.02,3,12.75,113,5
M03762,Recycled Cardboard,31.14,5.86,94.06,0.92,92.14,4,12.91,120,3
M03763,Recycled Cardboard,32.6,6.51,86.77,0.84,85.82,4,11.61,91,3
M03764,Recycled Cardboard,20.73,6.88,92.45,0.74,87.39,5,11.87,116,4
M03765,Recycled Cardboard,30.63,5.02,93.19,1.0,95.27,5,12.81,115,4
M03766,Recycled Cardboard,21.34,6.59,90.72,0.96,93.88,4,12.38,129,6
M03767,Recycled Cardboard,33.17,5.51,94.3,0.78,93.62,4,12.12,100,3
M03768,Recycled Cardboard,21.99,4.0,89.91,0.82,95.57,5,12.8,132,4
M03769,Recycled Cardboard,18.08,6.52,96.3,0.7,95.34,4,10.86,105,3
M03770,Recycled Cardboard,20.38,4.87,93.75,0.84,91.48,4,10.04,84,5
M03771,Recycled Cardboard,21.76,4.9,95.29,0.94,95.15,3,9.93,83,4
M03772,Recycled Cardboard,22.49,5.06,94.02,0.8,90.45,3,12.2,127,4
M03773,Recycled Cardboard,16.48,5.77,86.84,0.75,94.4,5,10.85,104,5
M03774,Recycled Cardboard,24.59,6.12,98.0,0.78,95.34,6,12.31,113,4
M03775,Recycled Cardboard,28.99,7.65,91.44,0.83,93.24,4,12.15,109,4
M03776,Recycled Cardboard,23.42,7.23,95.4,0.83,90.51,4,11.14,100,3
M03777,Recycled Cardboard,35.0,4.98,89.35,0.92,95.2,7,12.5,92,3
M03778,Recycled Cardboard,23.55,5.2,94.52,0.75,91.53,5,12.21,117,3
M03779,Recycled Cardboard,29.2,5.81,88.87,0.95,96.92,3,11.92,108,3
M03780,Recycled Cardboard,26.8,4.4,91.91,0.82,97.82,7,12.73,113,3
M03781,Recycled Cardboard,25.2,7.48,92.43,0.84,89.89,4,11.52,104,6
M03782,Recycled Cardboard,16.77,5.24,90.68,0.78,93.8,4,10.68,104,4
M03783,Recycled Cardboard,15.71,4.32,87.53,0.84,94.5,4,11.67,126,5
M03784,Recycled Cardboard,31.1,6.32,88.27,0.93,97.41,5,11.91,96,5
M03785,Recycled Cardboard,16.34,6.14,94.63,0.81,91.71,4,10.53,102,4
M03786,Recycled Cardboard,34.14,5.97,94.4,0.9,97.7,4,13.91,134,3
M03787,Recycled Cardboard,31.68,8.0,93.6,0.91,100.0,4,11.82,97,4
M03788,Recycled Cardboard,21.27,8.0,89.67,0.83,96.14,5,11.48,107,4
M03789,Recycled Cardboard,22.63,6.05,92.53,0.83,93.86,5,11.81,111,3
M03790,Recycled Cardboard,21.64,3.87,87.78,0.7,96.15,7,11.61,101,5
M03791,Recycled Cardboard,24.97,6.95,91.92,0.84,87.4,5,11.15,93,4
M03792,Recycled Cardboard,17.17,5.91,92.91,0.91,90.17,5,11.12,108,3
M03793,Recycled Cardboard,22.98,6.89,94.32,0.84,92.72,3,12.05,123,4
M03794,Recycled Cardboard,27.66,3.4,86.12,0.78,89.54,4,10.87,86,3
M03795,Recycled Cardboard,21.27,6.21,93.19,0.79,98.48,6,11.78,109,3
M03796,Recycled Cardboard,24.71,5.53,88.44,0.76,100.0,6,12.47,116,5
M03797,Recycled Cardboard,23.11,5.18,95.41,0.79,93.25,5,12.21,118,3
M03798,Recycled Cardboard,26.29,5.15,94.8,0.77,96.08,4,13.43,140,4
M03799,Recycled Cardboard,20.2,5.79,93.04,0.78,93.2,6,10.87,93,4
M03800,Recycled Cardboard,23.44,4.72,92.93,0.79,93.01,6,12.09,111,3
M03801,Recycled Cardboard,20.02,7.52,92.66,0.78,94.31,5,10.75,95,5
M03802,Recycled Cardboard,17.78,3.35,87.6,0.74,93.58,5,11.63,117,5
M03803,Recycled Cardboard,25.02,4.98,88.51,0.82,95.07,5,12.2,114,3
M03804,Recycled Cardboard,22.17,3.86,91.83,0.96,90.89,3,10.87,101,3
M03805,Recycled Cardboard,26.51,6.6,92.16,0.84,97.85,5,12.15,110,3
M03806,Recycled Cardboard,25.9,6.87,98.0,0.78,91.06,4,12.79,128,3
M03807,Recycled Cardboard,28.17,6.12,92.5,0.86,91.39,4,12.17,111,4
M03808,Recycled Cardboard,23.29,6.13,94.57,0.92,96.22,4,11.08,99,3
M03809,Recycled Cardboard,28.32,8.0,93.22,0.97,97.12,3,12.83,128,5
M03810,Recycled Cardboard,30.25,5.52,95.63,0.8,92.85,4,13.28,129,5
M03811,Recycled Cardboard,33.33,5.53,91.94,0.99,92.35,4,12.83,114,3
M03812,Recycled Cardboard,24.91,6.56,92.03,0.83,94.79,4,13.19,138,4
M03813,Recycled Cardboard,34.1,6.64,91.29,0.79,95.32,4,13.81,132,4
M03814,Recycled Cardboard,31.13,7.7,89.83,0.76,92.29,3,12.36,113,4
M03815,Recycled Cardboard,21.81,8.0,86.05,0.7,95.22,4,11.93,119,3
M03816,Recycled Cardboard,21.42,8.0,94.0,0.81,91.6,4,11.94,120,3
M03817,Recycled Cardboard,17.19,3.98,96.4,0.87,91.07,5,11.67,119,3
M03818,Recycled Cardboard,16.54,5.55,93.07,0.71,94.36,4,10.9,109,5
M03819,Recycled Cardboard,21.34,6.42,95.9,0.7,95.11,5,11.48,107,5
M03820,Recycled Cardboard,23.75,5.9,93.92,0.7,93.04,5,12.53,123,4
M03821,Recycled Cardboard,23.95,6.54,93.46,0.8,93.65,4,11.45,105,4
M03822,Recycled Cardboard,32.2,3.83,88.05,0.98,96.19,6,12.77,107,3
M03823,Recycled Cardboard,15.0,8.0,91.16,0.74,94.57,4,10.45,103,3
M03824,Recycled Cardboard,34.37,4.08,97.71,0.79,95.02,6,12.99,107,3
M03825,Recycled Cardboard,26.04,5.11,95.56,0.87,94.65,3,11.2,100,3
M03826,Recycled Cardboard,19.93,5.14,89.24,0.95,93.76,5,11.69,114,4
M03827,Recycled Cardboard,25.63,3.77,94.99,0.94,96.33,5,11.96,108,3
M03828,Recycled Cardboard,28.03,6.13,92.07,0.8,91.49,5,10.8,80,3
M03829,Recycled Cardboard,31.06,7.88,95.89,0.84,95.98,5,13.11,120,4
M03830,Recycled Cardboard,24.62,4.23,90.52,0.98,95.41,3,12.16,122,5
M03831,Recycled Cardboard,16.73,7.04,91.04,0.81,98.38,5,10.92,105,3
M03832,Recycled Cardboard,21.91,7.92,94.66,0.85,94.61,6,11.99,112,3
M03833,Recycled Cardboard,22.01,6.89,89.16,0.83,96.38,6,12.05,113,3
M03834,Recycled Cardboard,24.32,4.68,93.6,0.7,94.81,6,11.78,103,3
M03835,Recycled Cardboard,27.52,4.73,89.95,0.91,93.42,6,12.15,104,3
M03836,Recycled Cardboard,28.98,6.19,89.86,0.74,91.96,4,11.35,93,5
M03837,Recycled Cardboard,27.32,5.35,89.43,0.91,91.26,5,13.48,135,3
M03838,Recycled Cardboard,28.05,4.84,92.43,0.89,99.11,5,12.11,106,3
M03839,Recycled Cardboard,23.08,8.0,92.96,0.77,97.28,4,11.16,101,3
M03840,Recycled Cardboard,22.37,8.0,92.85,0.97,91.52,4,11.94,118,4
M03841,Recycled Cardboard,25.85,5.94,90.55,1.0,94.51,5,12.14,111,3
M03842,Recycled Cardboard,20.9,5.68,93.89,0.7,93.45,4,12.69,136,4
M03843,Recycled Cardboard,27.57,8.0,88.61,0.76,90.74,5,12.66,118,4
M03844,Recycled Cardboard,20.25,3.0,98.0,0.79,92.31,4,11.13,106,3
M03845,Recycled Cardboard,25.46,6.27,94.1,0.87,98.68,4,12.85,130,3
M03846,Recycled Cardboard,28.59,7.11,93.17,1.0,94.01,3,11.96,110,3
M03847,Recycled Cardboard,22.43,6.11,89.29,0.73,88.53,5,10.59,87,4
M03848,Recycled Cardboard,16.79,6.31,91.43,0.7,92.01,5,10.68,100,4
M03849,Recycled Cardboard,28.56,7.93,88.3,0.82,98.57,3,12.06,112,3
M03850,Recycled Cardboard,24.59,6.75,91.03,1.0,90.73,4,11.81,111,4
M03851,Recycled Cardboard,19.26,6.45,91.54,0.82,93.15,4,11.43,114,3
M03852,Recycled Cardboard,26.76,4.75,89.12,0.99,95.33,5,11.88,104,4
M03853,Recycled Cardboard,20.85,6.73,86.25,0.83,96.02,5,12.49,128,4
M03854,Recycled Cardboard,17.85,5.72,91.89,0.77,92.18,4,10.79,104,3
M03855,Recycled Cardboard,18.62,3.0,91.77,0.7,95.3,4,10.96,106,3
M03856,Recycled Cardboard,29.66,5.41,87.59,0.75,93.31,5,12.97,120,3
M03857,Recycled Cardboard,25.22,7.19,94.43,0.85,93.63,5,12.72,124,3
M03858,Recycled Cardboard,33.6,3.48,88.27,0.94,96.68,5,12.16,96,3
M03859,Recycled Cardboard,19.96,6.31,94.66,0.8,93.55,5,11.15,103,4
M03860,Recycled Cardboard,28.02,6.53,92.86,1.0,93.63,4,11.55,99,3
M03861,Recycled Cardboard,15.0,6.38,88.93,0.7,93.89,5,11.15,113,6
M03862,Recycled Cardboard,30.7,5.48,88.93,0.76,91.91,5,12.82,115,3
M03863,Recycled Cardboard,26.7,5.55,87.79,0.93,97.03,5,11.82,103,5
M03864,Recycled Cardboard,19.73,8.0,93.43,0.81,94.69,6,11.87,114,3
M03865,Recycled Cardboard,21.93,7.06,90.89,0.96,92.07,3,11.09,106,4
M03866,Recycled Cardboard,22.15,8.0,90.37,0.77,91.53,5,12.12,118,3
M03867,Recycled Cardboard,27.31,7.39,93.76,0.77,92.61,4,12.08,111,4
M03868,Recycled Cardboard,28.36,5.2,92.48,0.93,96.29,5,12.94,122,4
M03869,Recycled Cardboard,23.15,3.17,90.9,0.79,95.06,4,11.71,112,4
M03870,Recycled Cardboard,19.42,6.6,92.2,0.7,90.88,5,12.04,122,3
M03871,Recycled Cardboard,26.54,6.86,91.57,0.72,90.07,4,12.75,126,5
M03872,Recycled Cardboard,28.19,4.73,88.38,0.78,90.44,5,11.72,98,4
M03873,Recycled Cardboard,20.24,3.22,92.07,0.76,95.73,4,11.52,114,4
M03874,Recycled Cardboard,25.16,5.99,92.28,0.76,97.81,3,12.37,125,3
M03875,Recycled Cardboard,19.57,4.48,90.12,0.95,93.26,5,11.21,105,4
M03876,Recycled Cardboard,26.06,8.0,92.67,0.82,90.45,6,12.36,111,4
M03877,Recycled Cardboard,23.73,6.5,89.07,0.7,90.8,3,11.67,114,4
M03878,Recycled Cardboard,22.5,7.4,91.17,0.71,91.19,3,11.05,104,3
M03879,Recycled Cardboard,25.68,5.22,88.55,0.8,98.91,5,12.27,114,4
M03880,Recycled Cardboard,23.23,6.58,96.89,0.81,96.07,3,10.42,90,3
M03881,Recycled Cardboard,33.9,8.0,90.31,1.0,98.14,3,11.89,98,3
M03882,Recycled Cardboard,23.85,6.36,93.07,0.76,96.55,5,13.38,140,3
M03883,Recycled Cardboard,25.78,8.0,92.71,0.9,100.0,5,12.58,120,3
M03884,Recycled Cardboard,32.15,8.0,90.48,0.81,92.8,5,14.21,140,3
M03885,Recycled Cardboard,29.05,6.05,90.76,0.93,95.71,3,11.9,108,4
M03886,Recycled Cardboard,22.47,6.0,92.63,0.9,96.42,3,11.35,110,4
M03887,Recycled Cardboard,23.4,3.09,95.09,0.83,100.0,4,11.39,105,3
M03888,Recycled Cardboard,27.63,7.06,86.44,0.77,99.83,6,13.31,127,4
M03889,Recycled Cardboard,24.93,8.0,89.54,1.0,94.07,4,10.54,85,5
M03890,Recycled Cardboard,18.09,6.19,92.82,0.72,90.93,5,11.81,120,4
M03891,Recycled Cardboard,30.18,5.24,98.0,0.84,93.49,5,12.52,110,4
M03892,Recycled Cardboard,29.9,8.0,93.76,0.81,87.95,4,10.79,80,5
M03893,Recycled Cardboard,24.06,5.7,91.78,0.99,89.9,3,10.26,85,4
M03894,Recycled Cardboard,26.94,5.95,85.74,0.72,94.95,5,13.29,132,5
M03895,Recycled Cardboard,25.41,6.89,92.4,0.83,97.97,5,12.49,119,3
M03896,Recycled Cardboard,16.28,5.58,88.25,0.7,91.74,3,10.38,103,3
M03897,Recycled Cardboard,27.51,5.73,94.1,0.91,97.92,4,12.0,109,3
M03898,Recycled Cardboard,24.73,7.46,93.09,0.8,88.97,4,11.37,102,3
M03899,Recycled Cardboard,25.27,7.25,87.18,0.95,99.49,4,12.23,118,3
M03900,Recycled Cardboard,33.88,5.82,91.88,1.0,96.1,6,14.49,138,3
M03901,Recycled Cardboard,19.27,5.23,86.62,0.78,98.3,7,10.78,89,3
M03902,Recycled Cardboard,19.61,7.4,92.57,0.7,89.63,5,11.56,112,5
M03903,Recycled Cardboard,22.62,5.68,92.46,0.97,92.9,3,11.11,105,3
M03904,Recycled Cardboard,28.41,5.31,91.83,0.87,90.71,4,11.84,104,3
M03905,Recycled Cardboard,26.39,5.21,89.91,0.88,93.43,5,12.44,116,5
M03906,Recycled Cardboard,25.46,6.25,98.0,0.96,95.24,5,12.15,112,3
M03907,Recycled Cardboard,31.48,6.79,93.92,0.84,91.23,3,12.25,110,5
M03908,Recycled Cardboard,35.0,7.01,89.44,1.0,93.89,4,13.35,121,3
M03909,Recycled Cardboard,28.85,4.68,90.77,0.87,92.62,4,11.09,88,4
M03910,Recycled Cardboard,35.0,7.21,91.55,1.0,96.67,4,12.4,102,3
M03911,Recycled Cardboard,28.78,6.39,91.64,0.88,93.92,3,12.58,122,4
M03912,Recycled Cardboard,26.62,3.61,93.53,0.8,92.52,5,13.56,138,3
M03913,Recycled Cardboard,29.62,5.44,97.51,0.86,92.35,4,11.71,99,3
M03914,Recycled Cardboard,18.91,5.58,85.87,0.79,92.31,3,11.69,124,3
M03915,Recycled Cardboard,23.59,4.46,89.38,0.89,89.05,4,11.71,111,3
M03916,Recycled Cardboard,23.47,4.9,87.48,0.79,90.82,5,12.1,115,3
M03917,Recycled Cardboard,23.7,5.44,94.76,0.88,92.17,6,11.97,108,4
M03918,Recycled Cardboard,18.14,6.66,87.68,0.86,90.23,4,11.11,110,3
M03919,Recycled Cardboard,23.39,3.0,94.63,0.81,95.14,4,11.44,106,3
M03920,Recycled Cardboard,26.43,6.01,90.54,1.0,92.66,7,13.09,121,4
M03921,Recycled Cardboard,27.32,6.42,91.53,0.79,94.96,6,12.23,106,4
M03922,Recycled Cardboard,15.0,5.93,93.76,0.77,92.4,4,11.1,116,4
M03923,Recycled Cardboard,31.83,5.0,89.71,0.89,91.39,7,13.78,124,3
M03924,Recycled Cardboard,24.21,6.71,93.61,0.7,94.81,4,12.07,117,4
M03925,Recycled Cardboard,30.14,4.85,86.99,0.78,100.0,4,12.46,113,3
M03926,Recycled Cardboard,15.89,5.64,92.0,0.85,93.14,5,11.59,120,5
M03927,Recycled Cardboard,22.63,8.0,92.35,0.7,98.9,5,11.11,97,4
M03928,Recycled Cardboard,21.94,3.79,93.41,0.7,99.22,6,12.74,127,3
M03929,Recycled Cardboard,27.08,6.6,90.38,0.72,95.6,4,11.61,102,3
M03930,Recycled Cardboard,30.55,8.0,89.59,0.82,90.33,5,12.21,103,3
M03931,Recycled Cardboard,20.41,6.89,97.36,0.94,96.4,5,12.04,120,4
M03932,Recycled Cardboard,22.8,8.0,93.5,0.85,95.6,6,10.68,84,3
M03933,Recycled Cardboard,31.13,5.48,97.31,0.84,96.3,3,11.91,104,4
M03934,Recycled Cardboard,20.45,5.61,91.35,0.7,90.76,4,12.05,124,3
M03935,Recycled Cardboard,33.54,3.88,92.62,0.99,96.62,5,11.9,91,3
M03936,Recycled Cardboard,18.29,5.78,92.1,0.7,89.55,4,12.13,130,3
M03937,Recycled Cardboard,19.09,3.47,88.67,0.8,90.32,4,10.16,89,4
M03938,Recycled Cardboard,23.68,4.21,91.58,0.81,99.21,5,11.17,96,3
M03939,Recycled Cardboard,30.53,4.25,91.8,0.96,92.96,4,11.6,95,3
M03940,Recycled Cardboard,25.13,6.31,98.0,0.95,91.4,5,12.66,123,5
M03941,Recycled Cardboard,22.92,3.91,88.53,0.87,93.86,4,12.39,126,3
M03942,Recycled Cardboard,29.08,5.37,92.41,0.86,93.72,5,10.91,80,5
M03943,Recycled Cardboard,25.22,7.58,94.98,0.93,97.87,5,13.52,140,4
M03944,Recycled Cardboard,16.47,4.04,92.49,0.91,96.06,6,11.55,114,3
M03945,Recycled Cardboard,15.0,4.21,92.96,0.7,92.71,4,10.5,104,3
M03946,Recycled Cardboard,30.7,6.81,90.48,0.98,94.13,5,12.77,114,4
M03947,Recycled Cardboard,16.63,8.0,89.02,0.81,96.83,3,10.66,108,3
M03948,Recycled Cardboard,15.0,6.94,92.1,0.75,96.46,4,9.6,86,4
M03949,Recycled Cardboard,28.35,7.4,87.76,0.95,95.04,3,11.94,110,3
M03950,Recycled Cardboard,28.68,5.22,92.44,0.89,92.19,4,12.12,109,4
M03951,Recycled Cardboard,25.91,4.02,90.07,0.73,93.85,4,11.24,97,3
M03952,Recycled Cardboard,26.18,5.35,91.07,0.82,95.96,4,11.57,103,4
M03953,Recycled Cardboard,27.82,8.0,92.49,0.84,94.01,4,12.58,120,4
M03954,Recycled Cardboard,24.56,6.68,92.99,0.93,97.02,4,12.71,129,4
M03955,Recycled Cardboard,28.33,6.88,90.69,0.88,94.11,6,11.83,96,5
M03956,Recycled Cardboard,25.36,4.43,90.21,0.76,96.04,5,12.69,123,5
M03957,Recycled Cardboard,22.53,6.89,88.26,0.96,96.91,3,11.05,104,4
M03958,Recycled Cardboard,22.29,6.73,91.04,0.94,95.14,3,10.38,91,3
M03959,Recycled Cardboard,25.28,4.09,96.17,0.93,94.39,3,11.88,115,3
M03960,Recycled Cardboard,34.39,8.0,93.39,1.0,89.09,4,12.19,99,4
M03961,Recycled Cardboard,28.2,6.25,92.56,0.92,93.38,5,12.52,114,3
M03962,Recycled Cardboard,17.27,6.58,97.25,0.71,93.58,5,11.33,112,3
M03963,Recycled Cardboard,35.0,7.0,85.27,0.85,92.64,4,12.3,100,4
M03964,Recycled Cardboard,22.28,3.67,91.76,0.78,95.12,4,10.83,96,5
M03965,Recycled Cardboard,26.78,5.09,91.19,0.81,100.0,5,12.18,110,3
M03966,Recycled Cardboard,17.91,7.05,92.14,0.86,91.89,5,10.84,101,3
M03967,Recycled Cardboard,30.58,6.49,92.6,0.94,93.78,5,12.61,111,3
M03968,Recycled Cardboard,28.2,7.45,89.62,0.89,93.83,6,12.47,109,6
M03969,Recycled Cardboard,29.0,5.31,93.65,1.0,89.38,5,11.75,97,4
M03970,Recycled Cardboard,23.64,5.9,89.02,0.91,91.51,3,11.26,106,4
M03971,Recycled Cardboard,30.68,6.98,91.98,0.76,90.11,4,10.92,81,5
M03972,Recycled Cardboard,27.24,7.56,92.06,0.86,90.71,4,11.77,105,3
M03973,Recycled Cardboard,35.0,5.9,94.2,0.9,94.71,4,12.7,108,5
M03974,Recycled Cardboard,26.89,7.25,90.46,0.83,93.27,3,10.69,88,4
M03975,Recycled Cardboard,27.48,6.49,92.74,1.0,99.07,4,12.6,121,5
M03976,Recycled Cardboard,19.84,5.98,90.88,0.95,96.34,5,11.23,105,3
M03977,Recycled Cardboard,21.2,8.0,91.42,0.88,96.93,5,11.52,108,4
M03978,Recycled Cardboard,18.08,6.18,91.8,0.76,93.12,6,11.26,105,3
M03979,Recycled Cardboard,15.0,5.15,93.21,0.9,91.19,4,12.3,140,4
M03980,Recycled Cardboard,26.31,5.28,90.93,0.79,98.47,4,11.93,110,4
M03981,Recycled Cardboard,29.97,8.0,94.05,0.88,92.49,5,11.8,96,3
M03982,Recycled Cardboard,25.84,6.22,94.0,0.77,91.27,5,12.78,124,3
M03983,Recycled Cardboard,17.42,6.42,89.46,0.72,96.7,5,12.24,130,3
M03984,Recycled Cardboard,24.41,8.0,92.49,0.87,97.27,5,12.84,128,3
M03985,Recycled Cardboard,32.05,6.74,89.54,0.86,88.24,5,11.75,91,4
M03986,Recycled Cardboard,21.94,6.01,93.61,0.85,91.21,4,10.69,94,4
M03987,Recycled Cardboard,20.73,6.14,91.49,0.76,96.14,5,11.57,110,3
M03988,Recycled Cardboard,27.24,5.33,91.98,0.81,95.33,3,12.12,116,5
M03989,Recycled Cardboard,27.32,7.25,89.57,0.9,95.36,3,13.23,138,3
M03990,Recycled Cardboard,19.45,5.6,90.79,0.94,90.85,4,10.8,101,4
M03991,Recycled Cardboard,26.42,6.17,93.19,0.75,89.97,5,11.99,107,4
M03992,Recycled Cardboard,15.76,5.91,91.31,0.71,97.14,5,10.73,103,3
M03993,Recycled Cardboard,27.37,6.86,90.46,0.88,90.41,6,11.24,86,3
M03994,Recycled Cardboard,17.06,8.0,92.95,0.72,94.68,4,10.31,96,3
M03995,Recycled Cardboard,24.54,7.47,90.81,0.82,95.47,4,10.35,82,5
M03996,Recycled Cardboard,30.17,4.56,91.88,0.91,92.06,5,12.72,114,3
M03997,Recycled Cardboard,17.05,6.04,91.88,0.74,96.66,6,11.61,114,3
M03998,Recycled Cardboard,25.6,6.31,92.79,0.88,93.39,6,13.11,127,3
M03999,Recycled Cardboard,30.84,5.96,86.24,0.76,96.03,3,11.08,88,3
M04000,Recycled Cardboard,19.75,4.51,94.61,0.8,96.78,5,11.82,117,4
M04001,Bagasse,29.43,6.86,95.01,1.3,68.85,5,14.54,142,4
M04002,Bagasse,35.33,7.59,96.92,1.25,66.86,6,15.48,145,4
M04003,Bagasse,37.88,7.45,94.43,1.21,70.05,6,15.14,133,4
M04004,Bagasse,30.08,4.63,94.86,1.36,60.26,5,14.46,139,5
M04005,Bagasse,27.83,8.99,99.72,1.27,70.55,5,15.28,160,3
M04006,Bagasse,30.57,9.0,95.6,1.32,68.79,4,14.11,135,3
M04007,Bagasse,29.44,6.27,98.21,1.26,70.43,7,13.39,111,6
M04008,Bagasse,30.27,4.83,94.56,1.35,71.38,6,14.18,129,4
M04009,Bagasse,26.22,6.19,98.97,1.03,70.46,6,12.72,108,6
M04010,Bagasse,29.75,6.05,92.77,1.48,65.26,5,13.03,111,6
M04011,Bagasse,36.68,7.71,95.4,1.08,70.07,7,15.12,131,5
M04012,Bagasse,34.22,5.16,96.69,1.14,68.83,5,15.27,147,6
M04013,Bagasse,25.74,7.59,96.11,1.12,66.02,6,13.72,129,5
M04014,Bagasse,30.33,5.71,100.0,1.3,70.34,6,14.58,137,4
M04015,Bagasse,20.0,7.18,97.85,1.0,67.47,5,12.85,127,3
M04016,Bagasse,26.89,5.38,95.4,1.16,64.07,5,13.09,118,4
M04017,Bagasse,40.0,7.05,100.0,1.37,65.42,6,15.6,138,4
M04018,Bagasse,28.36,4.79,97.82,1.2,69.13,4,13.94,136,6
M04019,Bagasse,28.57,5.98,97.67,1.27,65.65,7,13.81,121,4
M04020,Bagasse,33.32,7.2,94.94,1.29,62.28,6,16.03,160,5
M04021,Bagasse,29.47,5.88,97.66,1.35,62.63,6,14.05,128,5
M04022,Bagasse,32.63,8.2,97.32,1.32,68.26,6,14.71,135,3
M04023,Bagasse,26.59,4.71,96.06,1.08,67.19,5,13.86,134,3
M04024,Bagasse,27.06,8.77,96.11,1.21,67.98,5,13.56,127,5
M04025,Bagasse,30.14,8.39,93.67,1.29,70.28,6,13.71,120,5
M04026,Bagasse,38.05,4.0,93.99,1.08,67.67,6,15.95,149,4
M04027,Bagasse,36.27,5.53,96.44,1.37,73.08,7,14.48,119,3
M04028,Bagasse,21.87,6.46,93.1,1.07,69.46,6,13.79,138,4
M04029,Bagasse,21.23,5.96,93.05,1.17,66.13,5,12.02,108,5
M04030,Bagasse,33.38,5.49,98.87,1.38,69.69,4,14.14,130,3
M04031,Bagasse,25.38,5.41,95.57,1.0,61.56,6,14.29,141,3
M04032,Bagasse,28.09,6.01,95.51,1.48,66.26,6,14.81,146,5
M04033,Bagasse,33.75,6.23,100.0,1.21,69.97,5,14.93,141,3
M04034,Bagasse,21.08,5.7,97.93,1.11,65.68,5,11.61,100,5
M04035,Bagasse,40.0,5.57,99.02,1.38,71.78,4,15.25,139,5
M04036,Bagasse,29.28,8.32,94.93,1.29,69.39,7,12.83,100,4
M04037,Bagasse,23.55,5.94,99.47,1.28,64.68,4,14.06,148,5
M04038,Bagasse,29.41,7.8,95.8,1.32,70.31,6,14.09,129,5
M04039,Bagasse,34.42,6.84,96.87,1.21,64.55,6,15.04,138,6
M04040,Bagasse,33.76,7.83,97.22,1.04,67.0,4,13.93,125,3
M04041,Bagasse,25.75,6.59,100.0,1.12,66.42,5,14.78,154,3
M04042,Bagasse,33.85,7.79,96.28,1.2,60.55,4,14.39,134,5
M04043,Bagasse,23.8,6.83,97.58,1.0,66.48,4,13.58,138,3
M04044,Bagasse,40.0,6.47,94.11,1.17,69.67,4,14.4,122,4
M04045,Bagasse,34.26,6.5,95.65,1.18,68.71,5,14.38,129,4
M04046,Bagasse,40.0,7.53,93.88,1.34,67.19,4,14.3,120,5
M04047,Bagasse,28.75,7.51,94.43,1.48,65.76,5,14.23,137,4
M04048,Bagasse,40.0,9.0,100.0,1.1,75.0,7,15.1,124,4
M04049,Bagasse,40.0,5.79,93.36,1.19,71.2,6,14.8,122,5
M04050,Bagasse,20.92,5.25,92.67,1.34,73.12,4,12.19,116,5
M04051,Bagasse,30.97,6.54,94.33,1.28,61.05,6,15.65,157,3
M04052,Bagasse,29.85,7.43,95.04,1.37,66.85,6,14.98,146,4
M04053,Bagasse,24.35,7.19,98.19,1.27,65.24,6,13.59,129,3
M04054,Bagasse,33.02,6.63,94.14,1.34,67.34,5,14.8,140,4
M04055,Bagasse,31.11,9.0,97.09,1.17,67.52,7,13.81,116,3
M04056,Bagasse,25.33,6.19,96.57,1.19,68.84,7,13.73,126,3
M04057,Bagasse,25.26,8.06,95.47,1.29,69.81,5,14.43,148,5
M04058,Bagasse,37.18,6.61,98.28,1.33,67.16,7,16.62,160,3
M04059,Bagasse,33.51,7.23,96.46,1.2,60.0,6,15.1,141,4
M04060,Bagasse,26.19,5.98,95.42,1.18,75.0,7,13.92,128,3
M04061,Bagasse,28.81,9.0,94.34,1.26,70.11,6,15.03,149,5
M04062,Bagasse,29.72,8.11,97.63,1.34,67.25,4,14.32,141,4
M04063,Bagasse,21.45,5.91,97.26,1.33,64.43,6,14.29,149,4
M04064,Bagasse,30.67,7.59,95.82,1.19,61.71,6,13.62,117,6
M04065,Bagasse,35.18,8.06,98.59,1.23,63.94,5,14.27,125,4
M04066,Bagasse,29.48,5.77,97.29,1.25,72.08,5,12.6,103,7
M04067,Bagasse,32.19,6.86,94.7,1.02,72.23,6,15.87,159,4
M04068,Bagasse,28.14,5.87,97.47,1.35,62.46,5,12.71,108,6
M04069,Bagasse,30.86,6.19,96.83,1.01,60.1,7,13.94,119,4
M04070,Bagasse,24.2,8.4,95.27,1.17,72.38,5,13.17,125,3
M04071,Bagasse,38.5,8.19,94.36,1.5,64.63,5,15.3,139,5
M04072,Bagasse,25.87,5.73,93.0,1.06,65.29,5,13.84,135,5
M04073,Bagasse,26.0,8.81,96.6,1.24,66.53,7,13.6,122,5
M04074,Bagasse,30.75,8.73,98.17,1.24,66.01,4,14.93,151,4
M04075,Bagasse,22.23,5.48,99.19,1.27,65.29,4,11.52,100,4
M04076,Bagasse,29.0,7.94,97.64,1.0,70.09,6,13.85,125,5
M04077,Bagasse,27.97,8.37,96.51,1.28,67.01,6,15.5,160,4
M04078,Bagasse,34.3,8.31,99.29,1.3,60.0,6,14.48,127,4
M04079,Bagasse,28.31,8.19,96.58,1.0,69.3,6,14.43,138,5
M04080,Bagasse,28.49,7.78,96.19,1.46,73.02,5,13.0,113,4
M04081,Bagasse,33.05,6.39,97.62,1.38,66.39,4,15.11,150,4
M04082,Bagasse,28.96,8.34,97.23,1.42,63.08,4,13.85,133,5
M04083,Bagasse,33.06,5.76,95.27,1.33,73.14,5,14.56,135,4
M04084,Bagasse,27.03,7.23,97.5,1.07,70.23,6,13.15,115,5
M04085,Bagasse,26.5,6.22,92.46,1.25,65.2,5,13.75,132,4
M04086,Bagasse,27.03,8.05,96.42,1.19,65.99,7,14.35,135,4
M04087,Bagasse,29.26,5.6,98.85,1.3,67.26,5,13.78,127,3
M04088,Bagasse,34.34,7.11,96.41,1.13,70.7,6,13.83,114,5
M04089,Bagasse,33.23,6.9,93.3,1.34,63.81,8,15.02,132,4
M04090,Bagasse,26.78,4.98,97.17,1.28,65.32,6,13.93,131,5
M04091,Bagasse,24.18,8.53,96.59,1.29,68.07,8,14.42,138,3
M04092,Bagasse,29.58,8.2,98.79,1.32,65.87,7,13.81,119,4
M04093,Bagasse,37.33,6.26,95.48,1.5,68.68,6,14.33,118,4
M04094,Bagasse,26.21,6.39,93.7,1.17,68.54,7,13.57,121,7
M04095,Bagasse,33.16,5.83,99.52,1.3,70.69,6,15.17,143,5
M04096,Bagasse,37.27,5.49,97.83,1.16,67.16,6,15.23,136,5
M04097,Bagasse,24.8,5.71,98.25,1.0,63.53,6,13.28,122,5
M04098,Bagasse,27.14,7.27,95.29,1.31,71.05,5,14.76,151,4
M04099,Bagasse,32.7,6.32,96.71,1.43,68.63,6,15.52,151,3
M04100,Bagasse,26.9,6.93,96.6,1.0,73.39,7,14.34,135,5
M04101,Bagasse,26.97,4.0,98.41,1.46,69.26,5,14.15,139,3
M04102,Bagasse,30.22,6.51,93.5,1.41,73.64,5,14.22,134,5
M04103,Bagasse,32.03,4.42,95.6,1.45,69.87,4,14.25,135,4
M04104,Bagasse,28.82,7.33,97.52,1.05,70.23,4,13.28,122,5
M04105,Bagasse,25.81,6.96,92.45,1.3,75.0,4,14.08,144,7
M04106,Bagasse,29.45,8.8,93.88,1.1,69.13,5,14.35,138,5
M04107,Bagasse,29.78,7.16,99.69,1.28,68.77,5,15.48,160,4
M04108,Bagasse,26.46,6.6,95.37,1.14,71.49,4,13.85,138,5
M04109,Bagasse,29.27,5.65,98.96,1.27,71.14,5,13.53,122,5
M04110,Bagasse,29.96,9.0,94.25,1.3,71.42,6,14.6,138,4
M04111,Bagasse,25.27,7.09,94.84,1.07,65.78,8,14.03,128,4
M04112,Bagasse,26.54,9.0,94.92,1.22,62.41,6,13.9,131,6
M04113,Bagasse,22.02,5.4,97.88,1.28,65.73,5,11.7,100,4
M04114,Bagasse,29.76,6.03,96.96,1.39,62.59,6,13.23,111,4
M04115,Bagasse,39.39,7.14,96.08,1.4,72.01,5,15.49,141,4
M04116,Bagasse,31.13,4.81,96.42,1.12,62.78,6,13.06,105,4
M04117,Bagasse,25.94,8.97,93.62,1.13,70.6,6,13.19,118,4
M04118,Bagasse,36.88,4.0,97.73,1.2,60.0,7,14.24,113,4
M04119,Bagasse,34.84,7.3,97.43,1.38,73.55,7,14.58,124,4
M04120,Bagasse,30.69,7.25,95.25,1.37,71.33,7,14.22,125,4
M04121,Bagasse,27.8,5.73,98.67,1.0,67.82,6,14.68,144,4
M04122,Bagasse,24.22,6.46,92.73,1.1,61.85,5,12.52,112,4
M04123,Bagasse,30.83,8.97,96.61,1.31,66.34,4,13.43,121,5
M04124,Bagasse,23.77,7.77,94.14,1.0,72.13,4,12.58,118,5
M04125,Bagasse,29.3,7.66,98.63,1.08,71.08,5,14.43,140,4
M04126,Bagasse,29.75,4.28,99.27,1.47,67.19,5,14.32,137,6
M04127,Bagasse,23.4,7.5,96.52,1.28,65.64,5,14.34,150,4
M04128,Bagasse,26.06,6.89,98.33,1.12,74.49,7,14.56,141,4
M04129,Bagasse,26.63,8.16,96.22,1.13,62.75,5,13.66,130,4
M04130,Bagasse,31.45,4.81,98.02,1.41,68.65,5,14.29,133,4
M04131,Bagasse,25.68,9.0,94.96,1.24,73.68,6,12.92,113,5
M04132,Bagasse,30.4,6.31,95.42,1.32,65.74,6,14.84,142,3
M04133,Bagasse,30.48,7.46,99.14,1.2,73.52,5,13.8,125,5
M04134,Bagasse,28.33,4.0,98.94,1.06,65.46,5,14.13,136,5
M04135,Bagasse,29.79,5.8,96.8,1.21,67.16,6,15.68,160,3
M04136,Bagasse,30.8,7.46,94.61,1.21,65.49,6,13.48,114,5
M04137,Bagasse,37.16,7.51,94.18,1.17,72.15,7,13.67,101,6
M04138,Bagasse,35.06,6.52,99.46,1.09,71.16,7,15.41,140,5
M04139,Bagasse,37.39,4.92,96.19,1.5,75.0,5,13.99,115,4
M04140,Bagasse,31.06,4.88,97.42,1.35,72.58,5,13.61,120,6
M04141,Bagasse,25.62,7.97,96.52,1.0,65.74,5,12.86,116,3
M04142,Bagasse,28.23,7.8,97.01,1.3,66.3,5,14.42,142,5
M04143,Bagasse,33.74,5.58,94.62,1.5,65.56,5,15.27,148,5
M04144,Bagasse,28.18,9.0,93.98,1.26,70.46,4,14.82,154,4
M04145,Bagasse,37.56,8.81,93.03,1.08,69.95,5,13.96,114,5
M04146,Bagasse,33.08,6.62,96.28,1.5,65.71,5,14.76,139,5
M04147,Bagasse,27.54,5.95,97.01,1.21,70.47,5,13.7,129,5
M04148,Bagasse,26.81,6.49,97.53,1.12,64.13,7,14.18,132,3
M04149,Bagasse,31.45,6.74,94.15,1.04,60.36,5,13.45,116,4
M04150,Bagasse,37.59,7.24,94.36,1.5,71.73,5,13.41,103,5
M04151,Bagasse,34.38,4.65,91.2,1.39,71.53,5,15.29,147,4
M04152,Bagasse,32.3,6.47,95.32,1.14,75.0,5,14.73,140,5
M04153,Bagasse,34.03,6.22,90.92,1.45,65.23,6,14.55,129,4
M04154,Bagasse,23.52,5.41,100.0,1.34,63.05,5,13.05,124,7
M04155,Bagasse,23.66,8.65,94.78,1.18,70.23,4,12.67,120,6
M04156,Bagasse,32.63,5.29,93.97,1.05,70.64,7,15.06,138,4
M04157,Bagasse,27.04,9.0,92.81,1.08,70.52,5,13.05,117,5
M04158,Bagasse,31.85,4.56,98.15,1.28,64.4,6,12.89,100,4
M04159,Bagasse,23.2,7.34,94.48,1.09,73.6,5,12.82,120,6
M04160,Bagasse,35.94,5.8,97.12,1.5,71.32,6,16.19,158,4
M04161,Bagasse,33.41,7.2,95.01,1.41,62.72,4,13.19,111,6
M04162,Bagasse,35.04,7.78,96.69,1.41,67.48,4,14.35,131,5
M04163,Bagasse,32.18,8.98,94.94,1.23,65.35,7,13.92,116,6
M04164,Bagasse,32.23,7.79,95.73,1.18,60.09,5,14.32,132,7
M04165,Bagasse,24.01,6.28,98.65,1.25,63.97,6,15.1,160,3
M04166,Bagasse,34.6,8.22,95.48,1.35,70.29,5,15.21,145,5
M04167,Bagasse,25.79,7.24,95.83,1.26,65.07,5,14.33,145,3
M04168,Bagasse,33.6,8.92,95.44,1.18,66.26,4,14.46,136,5
M04169,Bagasse,23.5,4.9,95.55,1.03,68.58,4,13.0,127,4
M04170,Bagasse,27.01,5.87,98.42,1.45,75.0,4,13.3,126,5
M04171,Bagasse,31.22,7.36,92.93,1.04,67.53,5,13.32,114,5
M04172,Bagasse,25.22,7.22,98.02,1.45,65.8,4,13.22,128,5
M04173,Bagasse,31.93,5.79,94.56,1.24,70.34,6,13.69,116,3
M04174,Bagasse,26.38,5.73,98.16,1.37,66.31,8,13.64,118,6
M04175,Bagasse,28.36,8.51,95.65,1.09,72.37,5,12.84,110,4
M04176,Bagasse,25.83,4.0,97.03,1.31,63.64,6,13.23,119,7
M04177,Bagasse,28.23,4.03,95.42,1.27,72.0,5,13.92,132,4
M04178,Bagasse,27.93,4.0,92.49,1.46,64.79,4,14.14,141,5
M04179,Bagasse,32.3,7.56,94.27,1.5,68.0,6,13.93,120,5
M04180,Bagasse,24.93,7.43,96.28,1.45,62.83,6,12.89,114,4
M04181,Bagasse,24.97,5.34,94.83,1.4,73.29,5,13.8,136,5
M04182,Bagasse,34.26,8.22,96.75,1.38,63.85,5,15.13,144,4
M04183,Bagasse,32.72,6.89,94.92,1.36,65.68,7,15.32,143,5
M04184,Bagasse,23.49,7.36,97.57,1.25,68.37,7,13.85,132,4
M04185,Bagasse,24.99,5.95,95.93,1.02,63.27,4,12.65,117,5
M04186,Bagasse,29.21,7.06,94.58,1.4,68.65,7,13.92,122,4
M04187,Bagasse,27.5,6.88,97.32,1.1,67.64,6,12.8,107,4
M04188,Bagasse,36.14,6.38,98.65,1.34,65.85,6,14.46,123,5
M04189,Bagasse,26.83,8.49,96.59,1.28,66.29,4,12.63,113,6
M04190,Bagasse,31.95,8.17,97.17,1.5,71.13,6,14.84,139,3
M04191,Bagasse,32.1,6.46,95.53,1.09,70.69,5,13.56,117,4
M04192,Bagasse,30.25,5.48,95.52,1.23,60.09,6,14.18,129,5
M04193,Bagasse,35.76,8.61,95.3,1.47,69.63,5,13.78,114,4
M04194,Bagasse,36.18,8.63,97.36,1.48,64.58,7,14.42,118,7
M04195,Bagasse,32.36,5.07,96.49,1.28,60.0,5,13.69,119,4
M04196,Bagasse,25.5,8.19,94.82,1.22,64.4,6,13.55,126,5
M04197,Bagasse,33.39,6.49,97.75,1.37,62.44,6,13.44,108,5
M04198,Bagasse,23.24,7.87,98.23,1.11,73.01,6,13.67,133,4
M04199,Bagasse,26.88,7.14,99.21,1.21,67.14,6,14.19,136,4
M04200,Bagasse,34.51,5.47,92.69,1.44,70.12,7,14.15,116,6
M04201,Bagasse,30.75,7.68,95.83,1.26,62.71,6,14.73,139,3
M04202,Bagasse,32.12,5.85,94.26,1.32,72.51,6,14.96,141,5
M04203,Bagasse,27.75,6.56,96.17,1.01,75.0,8,15.08,144,5
M04204,Bagasse,24.46,7.94,96.09,1.16,67.99,5,13.5,131,4
M04205,Bagasse,35.34,6.32,97.73,1.27,71.39,7,14.73,126,6
M04206,Bagasse,31.71,5.89,100.0,1.33,69.84,5,14.12,129,5
M04207,Bagasse,36.82,7.27,94.1,1.5,69.09,5,14.03,117,5
M04208,Bagasse,40.0,6.41,98.64,1.29,68.33,7,15.8,138,4
M04209,Bagasse,33.54,7.24,95.68,1.17,74.9,6,13.85,116,4
M04210,Bagasse,26.84,5.96,91.62,1.21,69.83,7,13.53,119,3
M04211,Bagasse,22.34,8.56,100.0,1.42,67.68,5,13.03,126,4
M04212,Bagasse,28.04,4.21,97.7,1.46,67.84,4,13.55,129,5
M04213,Bagasse,32.78,6.73,92.73,1.38,69.72,6,14.68,134,3
M04214,Bagasse,32.42,7.78,97.0,1.37,60.0,6,13.79,117,5
M04215,Bagasse,22.14,6.99,93.54,1.0,67.44,5,12.41,114,3
M04216,Bagasse,29.0,7.2,93.24,1.35,74.62,5,13.6,124,5
M04217,Bagasse,34.91,9.0,97.2,1.5,64.62,6,14.04,117,4
M04218,Bagasse,29.85,4.77,96.81,1.18,66.87,4,13.94,133,5
M04219,Bagasse,36.38,5.42,93.6,1.25,70.53,5,14.84,134,4
M04220,Bagasse,27.62,8.63,99.09,1.38,66.57,6,13.41,119,6
M04221,Bagasse,24.03,6.49,95.83,1.03,69.52,4,12.1,108,4
M04222,Bagasse,27.16,6.17,95.37,1.08,63.78,7,13.62,120,4
M04223,Bagasse,34.91,7.0,94.83,1.41,66.0,6,16.19,160,4
M04224,Bagasse,20.03,6.52,96.18,1.19,67.41,5,13.25,135,5
M04225,Bagasse,34.17,9.0,94.82,1.2,71.06,7,15.97,153,4
M04226,Bagasse,27.7,8.96,94.89,1.24,70.24,6,14.22,135,5
M04227,Bagasse,29.74,6.98,91.9,1.34,71.35,4,12.27,100,4
M04228,Bagasse,25.91,5.76,90.65,1.3,62.95,4,13.44,131,4
M04229,Bagasse,33.32,7.61,99.36,1.35,65.45,5,13.48,113,4
M04230,Bagasse,23.55,5.56,95.21,1.0,65.36,6,13.75,134,3
M04231,Bagasse,26.77,7.28,96.49,1.47,66.44,5,12.88,114,5
M04232,Bagasse,27.14,9.0,94.02,1.24,71.81,5,12.21,100,6
M04233,Bagasse,30.61,7.17,96.7,1.5,68.71,4,13.36,120,5
M04234,Bagasse,34.95,6.43,95.13,1.28,68.64,5,13.0,100,4
M04235,Bagasse,29.89,8.43,93.09,1.34,67.45,4,12.79,110,5
M04236,Bagasse,25.79,8.23,92.54,1.13,70.18,5,13.38,126,4
M04237,Bagasse,31.53,6.74,97.28,1.36,63.45,6,14.6,135,6
M04238,Bagasse,26.51,7.73,95.42,1.06,67.08,6,14.05,134,5
M04239,Bagasse,29.55,5.92,93.42,1.44,65.18,5,13.01,111,3
M04240,Bagasse,31.84,6.64,96.35,1.25,67.95,6,15.48,152,4
M04241,Bagasse,24.79,8.17,91.81,1.38,67.22,6,14.98,156,5
M04242,Bagasse,30.88,7.02,95.53,1.25,64.53,5,15.14,151,5
M04243,Bagasse,20.12,8.9,94.48,1.18,72.88,6,14.06,147,4
M04244,Bagasse,20.0,6.2,96.57,1.0,66.09,5,14.5,160,5
M04245,Bagasse,28.66,5.89,93.64,1.18,72.26,6,13.97,128,3
M04246,Bagasse,22.93,6.38,91.92,1.13,65.97,5,13.99,144,5
M04247,Bagasse,34.52,6.97,93.46,1.23,60.0,4,14.85,142,4
M04248,Bagasse,33.5,5.71,96.03,1.24,65.13,5,14.45,132,4
M04249,Bagasse,26.46,8.06,94.69,1.0,61.0,6,13.9,131,4
M04250,Bagasse,28.43,4.89,96.4,1.2,74.77,5,13.84,130,5
M04251,Bagasse,40.0,6.88,97.83,1.1,69.9,6,15.1,128,5
M04252,Bagasse,28.68,9.0,94.23,1.21,72.75,4,13.62,129,4
M04253,Bagasse,30.46,6.5,93.34,1.14,67.2,6,14.15,128,4
M04254,Bagasse,29.53,7.94,93.27,1.37,68.85,6,12.95,106,5
M04255,Bagasse,24.71,6.85,99.12,1.12,62.7,6,13.77,132,4
M04256,Bagasse,30.71,4.56,95.56,1.31,66.82,5,13.52,119,6
M04257,Bagasse,20.0,6.85,96.77,1.17,69.76,7,13.85,139,5
M04258,Bagasse,24.49,5.72,97.29,1.28,71.58,7,14.2,137,4
M04259,Bagasse,33.09,5.72,95.39,1.34,75.0,6,15.66,153,3
M04260,Bagasse,21.21,7.06,95.73,1.02,71.39,6,12.32,110,4
M04261,Bagasse,30.04,6.44,97.55,1.22,66.28,6,14.7,140,4
M04262,Bagasse,22.23,9.0,99.46,1.06,69.29,7,14.57,149,4
M04263,Bagasse,37.29,6.75,96.28,1.5,72.83,5,14.23,120,4
M04264,Bagasse,28.38,7.66,97.37,1.34,70.01,6,15.19,153,4
M04265,Bagasse,32.01,6.46,97.47,1.4,64.01,7,15.55,149,3
M04266,Bagasse,34.73,6.25,91.21,1.32,66.63,5,14.22,125,4
M04267,Bagasse,35.95,7.8,100.0,1.41,61.58,4,14.15,125,4
M04268,Bagasse,30.46,6.29,95.64,1.09,72.29,5,13.5,119,3
M04269,Bagasse,34.55,5.54,94.12,1.5,69.07,4,15.06,146,6
M04270,Bagasse,25.15,5.97,97.85,1.18,67.92,6,13.87,133,3
M04271,Bagasse,31.17,7.08,94.89,1.01,73.8,6,14.12,126,4
M04272,Bagasse,37.15,5.44,92.11,1.44,69.64,7,15.47,137,4
M04273,Bagasse,30.86,5.94,98.69,1.19,62.5,4,14.94,151,6
M04274,Bagasse,26.47,6.7,94.57,1.14,72.68,6,14.85,150,4
M04275,Bagasse,34.66,7.62,95.67,1.35,69.14,5,14.17,124,4
M04276,Bagasse,33.73,9.0,96.58,1.5,70.13,7,14.32,121,4
M04277,Bagasse,28.41,6.49,96.4,1.38,72.18,6,13.74,124,5
M04278,Bagasse,38.62,7.35,96.65,1.5,65.3,5,14.06,114,5
M04279,Bagasse,25.39,4.55,95.0,1.09,69.8,5,13.79,135,4
M04280,Bagasse,32.11,4.92,98.16,1.26,64.95,6,14.26,127,3
M04281,Bagasse,32.24,6.26,96.35,1.18,65.7,4,15.52,160,6
M04282,Bagasse,33.03,7.77,94.65,1.4,62.76,5,14.4,132,6
M04283,Bagasse,29.55,7.29,99.65,1.0,69.1,5,14.61,143,4
M04284,Bagasse,25.62,8.96,96.6,1.2,68.97,4,14.41,151,3
M04285,Bagasse,26.29,8.97,95.13,1.15,69.33,6,14.73,148,4
M04286,Bagasse,29.74,8.58,95.44,1.5,68.44,4,13.47,124,4
M04287,Bagasse,35.97,9.0,95.77,1.41,69.65,6,14.8,130,6
M04288,Bagasse,40.0,6.56,95.65,1.23,67.87,5,14.95,129,5
M04289,Bagasse,29.96,5.36,97.72,1.35,64.41,6,14.05,127,5
M04290,Bagasse,20.0,6.61,97.09,1.0,61.51,6,13.35,133,3
M04291,Bagasse,22.22,7.13,95.12,1.26,66.36,6,14.07,143,3
M04292,Bagasse,26.75,6.17,92.82,1.21,67.69,6,13.88,130,4
M04293,Bagasse,38.12,7.41,95.15,1.38,72.27,4,14.51,128,5
M04294,Bagasse,29.63,8.77,96.39,1.31,60.0,5,13.66,124,4
M04295,Bagasse,27.18,7.96,97.1,1.31,75.0,6,14.67,145,6
M04296,Bagasse,23.76,7.49,97.35,1.3,65.87,6,12.93,117,5
M04297,Bagasse,30.86,4.0,96.62,1.26,61.96,6,13.84,121,5
M04298,Bagasse,33.24,5.79,97.55,1.1,66.53,5,15.82,160,5
M04299,Bagasse,24.38,6.59,96.85,1.0,63.78,7,14.44,142,3
M04300,Bagasse,32.03,7.82,95.28,1.23,66.19,6,15.3,148,4
M04301,Bagasse,31.95,7.07,96.42,1.1,71.22,6,14.09,124,3
M04302,Bagasse,37.28,4.11,94.12,1.44,65.5,6,14.93,130,4
M04303,Bagasse,30.36,8.97,92.37,1.12,68.2,4,13.34,120,5
M04304,Bagasse,26.85,5.91,99.12,1.06,70.22,7,15.09,150,4
M04305,Bagasse,30.61,7.12,97.15,1.01,74.01,5,13.76,124,5
M04306,Bagasse,37.27,6.96,98.71,1.24,60.72,4,14.93,138,5
M04307,Bagasse,26.09,4.93,96.71,1.39,65.67,6,13.41,122,5
M04308,Bagasse,24.26,5.64,95.89,1.0,71.45,7,15.33,160,6
M04309,Bagasse,21.07,6.78,93.97,1.27,61.48,6,13.31,130,6
M04310,Bagasse,20.0,6.57,100.0,1.38,65.2,8,14.25,143,4
M04311,Bagasse,29.41,5.37,97.03,1.01,66.41,4,12.69,109,6
M04312,Bagasse,24.97,6.14,95.0,1.11,62.23,4,12.4,112,4
M04313,Bagasse,30.42,6.82,97.22,1.24,72.25,6,14.79,141,6
M04314,Bagasse,34.15,5.74,95.88,1.26,70.01,6,15.32,144,6
M04315,Bagasse,31.06,5.63,95.48,1.27,68.75,5,13.46,117,4
M04316,Bagasse,25.84,6.67,94.55,1.01,70.2,5,12.08,100,6
M04317,Bagasse,26.69,6.41,97.15,1.44,69.43,6,13.37,120,5
M04318,Bagasse,28.04,7.2,98.29,1.14,74.09,4,12.7,112,4
M04319,Bagasse,28.45,7.37,96.64,1.0,69.43,5,13.5,123,5
M04320,Bagasse,24.45,5.38,92.05,1.09,64.49,5,11.95,100,5
M04321,Bagasse,29.85,7.96,99.28,1.29,67.12,6,13.43,115,4
M04322,Bagasse,33.5,9.0,97.04,1.33,68.93,7,14.5,125,6
M04323,Bagasse,32.99,7.51,97.32,1.37,69.27,6,13.35,107,4
M04324,Bagasse,33.01,7.27,95.23,1.34,68.6,5,13.6,116,5
M04325,Bagasse,32.7,8.49,98.7,1.37,71.09,5,14.52,135,5
M04326,Bagasse,29.06,8.13,98.28,1.34,66.18,6,13.16,111,6
M04327,Bagasse,31.18,7.42,96.93,1.41,70.34,5,14.32,134,4
M04328,Bagasse,32.38,5.88,97.09,1.22,70.6,5,13.89,123,4
M04329,Bagasse,29.74,4.14,95.48,1.1,71.28,5,14.57,142,4
M04330,Bagasse,35.82,6.35,95.02,1.34,71.15,6,14.28,120,5
M04331,Bagasse,27.87,4.13,96.73,1.27,65.38,5,14.14,137,5
M04332,Bagasse,31.64,8.06,95.34,1.28,60.67,5,13.76,122,5
M04333,Bagasse,29.82,8.43,95.8,1.15,66.89,5,14.43,139,5
M04334,Bagasse,38.55,7.65,96.14,1.09,69.14,5,13.51,103,5
M04335,Bagasse,34.13,7.71,95.68,1.38,62.64,7,14.61,126,5
M04336,Bagasse,29.66,5.99,96.89,1.42,65.83,6,13.87,124,4
M04337,Bagasse,34.99,7.03,97.57,1.36,68.94,4,14.3,130,6
M04338,Bagasse,25.55,7.26,95.52,1.44,67.1,5,12.86,116,3
M04339,Bagasse,39.3,6.08,96.93,1.38,73.51,4,15.73,150,5
M04340,Bagasse,34.84,5.49,95.3,1.05,65.28,6,15.68,150,4
M04341,Bagasse,30.49,5.5,95.99,1.0,75.0,5,14.6,141,4
M04342,Bagasse,25.67,8.19,92.91,1.14,69.68,4,12.87,120,4
M04343,Bagasse,29.81,5.64,98.2,1.33,62.35,6,14.28,132,4
M04344,Bagasse,31.26,6.35,95.85,1.39,61.48,6,14.48,133,3
M04345,Bagasse,29.22,7.14,97.25,1.27,63.69,5,14.82,148,5
M04346,Bagasse,31.3,5.24,94.48,1.24,60.0,6,14.28,129,3
M04347,Bagasse,30.7,7.4,93.96,1.26,67.92,6,13.97,124,5
M04348,Bagasse,31.11,7.26,97.24,1.32,70.76,4,12.96,111,4
M04349,Bagasse,29.81,6.12,95.48,1.32,61.61,6,14.18,130,6
M04350,Bagasse,34.94,6.53,94.56,1.42,62.73,5,13.29,106,5
M04351,Bagasse,33.57,5.44,94.96,1.24,65.74,6,16.06,160,4
M04352,Bagasse,32.43,6.33,93.62,1.34,70.64,5,14.64,138,3
M04353,Bagasse,25.03,7.82,97.16,1.11,64.3,6,14.0,136,5
M04354,Bagasse,32.46,7.49,93.97,1.28,69.12,5,13.0,105,6
M04355,Bagasse,33.49,7.59,98.7,1.5,71.34,7,13.45,104,5
M04356,Bagasse,29.96,8.13,95.59,1.4,70.34,4,12.75,109,3
M04357,Bagasse,20.0,8.34,94.95,1.07,72.22,5,12.65,123,4
M04358,Bagasse,29.62,6.77,96.53,1.39,68.86,4,12.31,101,6
M04359,Bagasse,26.65,5.59,93.09,1.41,66.41,5,13.62,129,3
M04360,Bagasse,33.97,8.63,98.07,1.04,74.69,5,15.35,149,5
M04361,Bagasse,29.29,6.54,93.97,1.22,68.76,8,13.73,114,5
M04362,Bagasse,34.38,4.99,94.06,1.18,71.02,4,14.84,142,7
M04363,Bagasse,35.92,5.89,96.56,1.36,67.98,6,14.54,125,4
M04364,Bagasse,25.61,7.31,96.66,1.26,70.75,7,13.46,120,5
M04365,Bagasse,29.23,7.37,97.18,1.15,65.32,4,13.92,134,5
M04366,Bagasse,37.94,9.0,97.45,1.31,67.56,5,15.84,151,4
M04367,Bagasse,24.04,8.38,96.4,1.36,71.61,6,14.65,151,3
M04368,Bagasse,32.42,9.0,99.63,1.36,67.72,6,15.39,149,4
M04369,Bagasse,23.27,5.8,95.9,1.11,72.39,5,13.03,124,6
M04370,Bagasse,29.51,4.17,100.0,1.38,61.52,5,14.55,142,4
M04371,Bagasse,33.75,7.55,97.86,1.22,61.47,7,14.53,125,3
M04372,Bagasse,34.5,8.23,95.21,1.5,70.21,5,15.15,144,3
M04373,Bagasse,31.32,7.14,97.05,1.13,67.45,5,14.63,140,5
M04374,Bagasse,32.64,9.0,96.83,1.03,73.55,4,14.91,147,5
M04375,Bagasse,31.16,4.79,97.25,1.26,69.67,6,14.62,136,3
M04376,Bagasse,27.82,6.9,94.8,1.13,65.05,7,15.08,148,4
M04377,Bagasse,33.64,7.69,93.28,1.3,66.78,5,15.06,144,4
M04378,Bagasse,34.35,7.13,96.72,1.48,68.52,6,13.48,107,5
M04379,Bagasse,37.77,7.68,96.24,1.2,73.13,8,15.98,142,6
M04380,Bagasse,30.35,6.66,98.37,1.04,70.31,4,14.79,149,5
M04381,Bagasse,28.97,6.29,97.06,1.22,65.99,5,14.9,150,5
M04382,Bagasse,22.46,7.67,92.56,1.14,62.24,7,12.45,106,5
M04383,Bagasse,33.29,8.81,95.46,1.17,70.83,7,14.38,123,3
M04384,Bagasse,34.06,7.63,94.18,1.27,61.59,6,14.91,136,5
M04385,Bagasse,25.41,7.23,96.0,1.18,70.54,4,12.69,117,4
M04386,Bagasse,29.17,7.67,95.82,1.4,66.63,6,14.22,132,4
M04387,Bagasse,33.23,7.64,97.97,1.03,63.59,5,15.32,150,5
M04388,Bagasse,30.37,6.61,97.24,1.1,71.31,5,14.04,130,4
M04389,Bagasse,21.75,7.79,96.37,1.11,72.65,5,13.23,131,3
M04390,Bagasse,29.77,7.46,96.69,1.17,60.0,6,13.08,108,5
M04391,Bagasse,31.32,7.7,93.12,1.33,65.74,6,14.28,129,6
M04392,Bagasse,33.12,6.45,94.51,1.22,73.18,6,15.21,144,4
M04393,Bagasse,33.27,6.21,96.05,1.3,74.27,6,14.08,121,5
M04394,Bagasse,20.0,7.32,96.54,1.13,70.18,5,11.9,108,5
M04395,Bagasse,40.0,5.55,93.52,1.5,68.57,6,14.6,118,4
M04396,Bagasse,21.71,8.96,91.88,1.16,71.55,5,12.92,125,4
M04397,Bagasse,30.87,9.0,100.0,1.3,66.18,5,13.84,125,4
M04398,Bagasse,28.43,7.5,96.23,1.3,66.97,6,13.34,116,5
M04399,Bagasse,28.21,4.49,94.61,1.12,69.71,7,14.97,145,4
M04400,Bagasse,33.68,7.49,99.29,1.34,63.9,6,13.12,101,6
M04401,Bagasse,27.22,6.38,97.21,1.18,67.54,5,13.92,134,6
M04402,Bagasse,23.88,5.16,95.82,1.02,67.67,5,13.29,128,4
M04403,Bagasse,32.84,9.0,95.74,1.42,63.81,5,12.78,100,3
M04404,Bagasse,28.48,9.0,95.22,1.04,69.68,6,13.7,123,5
M04405,Bagasse,30.53,5.46,97.33,1.49,74.6,5,15.5,159,3
M04406,Bagasse,38.16,6.07,96.35,1.42,70.66,5,16.17,157,5
M04407,Bagasse,36.59,9.0,93.72,1.29,60.69,6,15.06,134,4
M04408,Bagasse,27.33,4.8,94.34,1.19,71.95,4,12.98,119,5
M04409,Bagasse,32.86,5.84,96.26,1.13,71.35,7,14.14,119,4
M04410,Bagasse,24.19,9.0,97.18,1.14,68.92,6,13.87,135,5
M04411,Bagasse,34.76,4.51,95.89,1.39,66.54,5,13.73,115,5
M04412,Bagasse,33.93,8.39,97.88,1.3,66.31,6,15.54,149,5
M04413,Bagasse,32.31,6.76,99.68,1.49,66.73,6,15.23,146,3
M04414,Bagasse,33.84,8.37,97.69,1.04,75.0,5,13.48,112,5
M04415,Bagasse,31.97,7.19,95.12,1.29,63.39,5,14.4,134,4
M04416,Bagasse,28.07,7.97,98.56,1.11,67.9,6,15.51,160,6
M04417,Bagasse,26.9,7.36,94.83,1.28,62.16,6,14.44,141,5
M04418,Bagasse,37.72,7.1,97.55,1.08,61.77,5,15.67,148,5
M04419,Bagasse,23.44,9.0,92.48,1.22,60.71,5,13.09,125,4
M04420,Bagasse,27.4,9.0,97.91,1.0,69.31,5,13.34,122,4
M04421,Bagasse,30.95,9.0,96.43,1.22,64.56,5,13.5,118,6
M04422,Bagasse,32.89,7.87,97.45,1.03,75.0,7,13.79,112,4
M04423,Bagasse,29.31,4.26,97.16,1.48,64.17,5,13.73,126,5
M04424,Bagasse,30.38,5.04,96.44,1.17,66.59,6,14.54,136,4
M04425,Bagasse,22.44,8.82,95.61,1.19,60.0,6,12.69,115,5
M04426,Bagasse,21.23,6.49,98.28,1.18,67.68,5,12.37,115,5
M04427,Bagasse,28.49,7.49,95.32,1.42,64.43,5,15.35,160,7
M04428,Bagasse,40.0,8.42,96.47,1.25,68.28,6,14.4,114,4
M04429,Bagasse,24.95,5.88,90.52,1.25,66.63,5,13.25,125,5
M04430,Bagasse,20.0,6.58,94.5,1.04,68.16,7,13.2,126,3
M04431,Bagasse,22.83,8.15,93.55,1.28,71.88,5,12.93,123,4
M04432,Bagasse,22.82,8.66,97.05,1.17,66.52,8,13.78,128,4
M04433,Bagasse,27.51,9.0,94.53,1.05,75.0,7,15.15,150,5
M04434,Bagasse,36.03,8.78,95.38,1.06,62.88,6,14.9,132,4
M04435,Bagasse,37.62,6.77,96.89,1.49,69.73,5,13.66,108,4
M04436,Bagasse,27.37,5.29,94.88,1.46,65.72,4,12.09,101,5
M04437,Bagasse,24.25,7.29,93.85,1.33,65.58,6,12.38,105,6
M04438,Bagasse,31.91,6.15,96.48,1.38,75.0,6,15.19,146,5
M04439,Bagasse,31.66,9.0,93.53,1.02,71.67,4,13.57,122,4
M04440,Bagasse,40.0,8.22,96.41,1.21,70.17,5,14.75,125,4
M04441,Bagasse,30.18,9.0,97.07,1.19,69.45,7,14.12,124,5
M04442,Bagasse,27.95,6.58,96.4,1.16,65.65,5,14.1,136,4
M04443,Bagasse,30.37,7.83,95.4,1.14,69.79,6,14.19,129,5
M04444,Bagasse,33.39,4.81,93.31,1.3,65.18,7,15.49,145,4
M04445,Bagasse,25.48,7.49,95.42,1.19,75.0,6,15.05,156,3
M04446,Bagasse,25.13,7.08,98.91,1.12,65.26,6,14.11,138,4
M04447,Bagasse,28.3,5.84,97.16,1.46,63.06,6,15.18,153,5
M04448,Bagasse,27.59,8.47,92.46,1.15,72.05,4,14.36,146,4
M04449,Bagasse,35.95,7.26,96.23,1.06,67.45,5,14.2,122,4
M04450,Bagasse,29.9,5.92,96.98,1.27,70.58,6,14.74,141,6
M04451,Bagasse,24.96,9.0,93.75,1.36,64.12,5,12.65,113,3
M04452,Bagasse,24.14,5.82,93.59,1.36,69.58,6,12.91,116,4
M04453,Bagasse,27.05,4.34,99.34,1.06,73.7,7,13.31,114,4
M04454,Bagasse,25.54,9.0,93.64,1.36,68.9,4,12.05,104,3
M04455,Bagasse,39.9,5.93,94.17,1.5,66.19,6,14.54,117,4
M04456,Bagasse,21.67,8.93,94.32,1.2,71.31,7,13.32,125,6
M04457,Bagasse,29.92,7.59,95.69,1.35,68.18,4,14.19,138,6
M04458,Bagasse,32.45,7.43,95.48,1.02,67.17,6,14.85,138,4
M04459,Bagasse,27.98,8.49,97.45,1.25,64.25,6,13.8,126,5
M04460,Bagasse,29.36,7.66,94.99,1.21,70.18,5,13.09,113,4
M04461,Bagasse,32.49,7.94,97.16,1.19,61.22,6,14.8,137,5
M04462,Bagasse,29.89,7.35,97.23,1.22,67.98,6,13.59,118,4
M04463,Bagasse,20.0,5.8,96.83,1.0,66.91,5,12.65,123,3
M04464,Bagasse,31.99,8.94,96.06,1.2,65.22,4,13.1,112,4
M04465,Bagasse,25.38,9.0,96.38,1.26,68.97,6,14.04,136,6
M04466,Bagasse,29.94,6.54,99.62,1.23,71.14,4,13.34,121,5
M04467,Bagasse,26.8,5.45,97.31,1.36,71.93,5,14.38,144,4
M04468,Bagasse,20.0,6.33,96.41,1.4,63.05,7,13.6,134,5
M04469,Bagasse,32.92,5.55,96.35,1.37,74.04,7,14.54,127,4
M04470,Bagasse,27.07,6.41,96.64,1.1,73.36,7,13.41,116,6
M04471,Bagasse,30.55,6.55,95.51,1.11,69.75,6,13.91,123,5
M04472,Bagasse,26.06,8.77,94.79,1.27,70.93,4,12.91,120,5
M04473,Bagasse,39.6,7.12,96.06,1.31,73.9,5,13.96,110,4
M04474,Bagasse,20.0,6.81,98.05,1.15,70.33,5,13.1,132,6
M04475,Bagasse,28.47,6.58,93.78,1.2,69.9,5,13.85,130,5
M04476,Bagasse,35.58,5.9,95.71,1.24,68.68,5,14.66,132,4
M04477,Bagasse,28.33,6.97,95.63,1.0,65.9,6,14.58,141,4
M04478,Bagasse,34.34,4.0,95.87,1.36,64.58,5,15.08,143,4
M04479,Bagasse,37.5,6.03,99.08,1.5,65.24,4,13.75,114,4
M04480,Bagasse,22.49,6.2,99.05,1.0,67.49,7,13.95,136,5
M04481,Bagasse,32.24,4.81,99.29,1.41,71.44,6,14.87,139,4
M04482,Bagasse,31.85,5.71,94.66,1.24,60.41,5,14.34,133,4
M04483,Bagasse,28.17,6.57,95.43,1.43,64.0,4,13.12,120,5
M04484,Bagasse,29.59,4.09,90.41,1.33,68.29,4,13.81,131,3
M04485,Bagasse,20.88,8.41,96.92,1.26,71.44,6,12.34,111,5
M04486,Bagasse,30.39,6.09,97.93,1.17,66.11,5,13.54,120,3
M04487,Bagasse,34.69,6.99,96.51,1.29,62.78,4,12.92,103,5
M04488,Bagasse,25.46,6.67,94.02,1.33,63.14,5,14.95,158,6
M04489,Bagasse,27.95,8.69,94.27,1.45,73.76,6,14.45,139,5
M04490,Bagasse,33.16,7.76,99.1,1.31,73.06,4,14.22,132,3
M04491,Bagasse,33.95,5.9,99.36,1.23,68.37,5,15.55,153,4
M04492,Bagasse,21.49,7.18,99.19,1.25,68.49,8,14.9,153,4
M04493,Bagasse,24.21,5.7,94.4,1.1,71.37,6,12.42,106,7
M04494,Bagasse,32.59,6.72,93.72,1.35,61.55,5,14.76,140,5
M04495,Bagasse,33.79,4.0,98.51,1.3,66.62,6,14.23,123,4
M04496,Bagasse,35.56,6.59,92.94,1.31,75.0,4,15.36,150,6
M04497,Bagasse,29.56,6.02,93.87,1.32,68.48,6,15.31,153,5
M04498,Bagasse,29.4,6.3,99.28,1.13,70.85,6,14.34,134,4
M04499,Bagasse,26.27,8.31,94.36,1.23,64.46,7,13.43,118,5
M04500,Bagasse,34.45,7.07,95.07,1.27,66.84,5,14.7,135,5
M04501,Bagasse,30.26,4.28,97.27,1.18,64.94,4,14.28,139,5
M04502,Bagasse,29.61,8.34,93.41,1.33,70.27,5,14.81,147,4
M04503,Bagasse,29.6,7.78,98.18,1.44,60.0,6,14.41,135,6
M04504,Bagasse,29.33,4.19,95.45,1.1,61.31,4,14.13,138,5
M04505,Bagasse,22.87,6.88,99.41,1.23,67.62,5,13.89,142,5
M04506,Bagasse,34.36,7.57,93.91,1.5,70.25,5,15.49,151,5
M04507,Bagasse,20.23,7.92,97.67,1.04,71.43,6,13.07,127,5
M04508,Bagasse,32.1,6.98,99.4,1.2,67.82,6,13.56,113,3
M04509,Bagasse,26.69,6.04,96.88,1.13,70.96,6,13.27,118,5
M04510,Bagasse,24.96,8.29,94.19,1.01,67.41,4,12.75,119,7
M04511,Bagasse,20.86,4.92,95.22,1.29,66.78,5,12.94,127,5
M04512,Bagasse,34.79,7.2,93.88,1.22,70.89,6,15.23,141,5
M04513,Bagasse,32.42,9.0,96.53,1.25,68.88,7,14.94,136,5
M04514,Bagasse,30.41,7.29,98.28,1.03,63.89,6,13.44,114,5
M04515,Bagasse,32.01,9.0,91.84,1.5,63.24,4,14.25,135,5
M04516,Bagasse,30.27,6.44,93.47,1.19,74.65,5,12.53,100,4
M04517,Bagasse,29.76,6.94,97.06,1.25,60.82,6,14.28,132,3
M04518,Bagasse,26.73,8.43,94.32,1.0,68.56,5,12.32,103,7
M04519,Bagasse,40.0,9.0,96.52,1.41,67.85,4,15.05,135,3
M04520,Bagasse,34.75,6.86,96.04,1.39,62.08,6,14.98,136,4
M04521,Bagasse,29.15,8.26,95.44,1.46,60.0,4,14.21,140,5
M04522,Bagasse,30.88,7.69,97.39,1.25,63.6,6,14.34,131,3
M04523,Bagasse,40.0,7.8,94.35,1.5,66.27,6,16.2,150,6
M04524,Bagasse,35.89,8.18,97.97,1.38,75.0,5,14.04,119,3
M04525,Bagasse,35.12,6.62,92.23,1.25,64.59,6,16.06,157,5
M04526,Bagasse,26.13,7.43,96.21,1.44,67.34,4,12.66,115,6
M04527,Bagasse,22.32,5.82,98.78,1.25,62.66,6,12.98,121,5
M04528,Bagasse,33.56,7.92,97.72,1.43,62.06,6,15.91,157,5
M04529,Bagasse,37.6,7.76,98.57,1.22,66.72,5,15.91,153,5
M04530,Bagasse,31.2,7.47,92.07,1.37,68.05,5,13.22,112,4
M04531,Bagasse,37.25,7.73,92.8,1.32,70.66,6,14.23,116,4
M04532,Bagasse,28.75,7.0,94.0,1.25,66.29,4,13.68,130,5
M04533,Bagasse,27.06,6.57,97.02,1.27,71.51,7,13.56,119,3
M04534,Bagasse,27.21,5.8,96.52,1.2,68.29,4,12.42,108,6
M04535,Bagasse,34.53,6.6,94.25,1.28,65.52,4,13.7,119,5
M04536,Bagasse,30.6,7.83,94.52,1.3,68.39,4,13.16,116,4
M04537,Bagasse,33.98,6.13,100.0,1.1,69.6,7,14.2,118,5
M04538,Bagasse,26.15,9.0,96.07,1.19,68.01,4,14.27,147,6
M04539,Bagasse,34.0,5.24,92.6,1.42,68.66,6,15.6,150,6
M04540,Bagasse,30.31,6.27,95.35,1.33,65.53,5,14.08,131,5
M04541,Bagasse,27.28,7.34,97.92,1.42,64.91,5,12.43,104,5
M04542,Bagasse,30.06,5.84,97.2,1.25,60.84,6,13.86,123,5
M04543,Bagasse,33.0,9.0,95.99,1.36,65.47,5,14.45,133,5
M04544,Bagasse,24.22,7.77,94.76,1.19,62.85,5,13.87,139,6
M04545,Bagasse,33.53,6.57,95.27,1.4,70.71,5,14.3,129,3
M04546,Bagasse,31.43,5.89,92.87,1.24,64.81,6,13.99,123,4
M04547,Bagasse,24.79,6.98,92.56,1.0,75.0,5,13.78,136,3
M04548,Bagasse,28.32,5.82,96.38,1.34,72.64,4,14.38,145,3
M04549,Bagasse,23.6,7.18,97.29,1.26,65.6,6,13.46,128,5
M04550,Bagasse,27.58,8.35,94.05,1.2,66.27,6,13.41,119,5
M04551,Bagasse,26.36,8.71,96.78,1.09,70.8,5,12.19,101,4
M04552,Bagasse,25.71,6.23,93.35,1.06,68.12,6,12.27,100,4
M04553,Bagasse,22.55,8.41,99.55,1.32,67.12,6,14.61,153,4
M04554,Bagasse,26.26,7.3,98.09,1.22,69.66,6,13.58,125,5
M04555,Bagasse,40.0,7.12,96.47,1.27,61.75,7,15.7,136,6
M04556,Bagasse,27.32,7.15,94.99,1.31,60.46,5,13.98,135,4
M04557,Bagasse,35.83,8.77,94.76,1.5,71.83,6,14.18,118,6
M04558,Bagasse,32.15,8.84,96.63,1.32,66.95,5,14.12,128,5
M04559,Bagasse,25.72,7.49,91.96,1.39,67.91,7,13.52,121,5
M04560,Bagasse,32.07,6.39,94.37,1.43,70.44,5,15.61,158,4
M04561,Bagasse,25.54,7.2,95.3,1.44,65.12,5,13.9,137,5
M04562,Bagasse,21.01,4.57,96.11,1.2,63.93,5,12.05,109,3
M04563,Bagasse,32.75,7.05,98.75,1.03,68.08,7,14.43,125,5
M04564,Bagasse,31.19,9.0,97.55,1.5,63.92,4,14.32,138,5
M04565,Bagasse,34.68,6.44,93.79,1.32,64.56,6,14.72,131,3
M04566,Bagasse,32.43,6.75,96.01,1.29,72.57,7,14.89,135,5
M04567,Bagasse,22.38,7.46,93.47,1.28,66.38,4,12.44,118,5
M04568,Bagasse,28.78,7.72,96.95,1.0,67.61,5,14.23,137,4
M04569,Bagasse,32.99,5.42,96.5,1.03,67.59,6,13.0,100,3
M04570,Bagasse,26.17,7.03,95.31,1.17,70.83,6,13.47,123,3
M04571,Bagasse,29.27,6.38,97.04,1.27,70.02,6,14.03,128,5
M04572,Bagasse,33.83,8.9,93.37,1.4,69.66,6,13.73,113,4
M04573,Bagasse,24.37,8.35,96.08,1.44,71.1,5,12.79,117,3
M04574,Bagasse,31.13,7.94,98.72,1.19,70.48,6,13.41,112,4
M04575,Bagasse,28.3,6.76,95.84,1.44,69.17,4,12.23,102,6
M04576,Bagasse,28.75,6.65,98.56,1.22,63.22,6,15.32,155,5
M04577,Bagasse,22.31,6.65,97.75,1.09,60.0,4,12.83,126,5
M04578,Bagasse,37.64,7.58,97.13,1.46,70.19,5,13.81,111,5
M04579,Bagasse,37.14,7.66,95.51,1.4,67.64,5,13.56,107,4
M04580,Bagasse,32.39,7.35,97.25,1.5,70.14,5,14.69,139,3
M04581,Bagasse,28.59,9.0,98.6,1.21,65.81,7,14.46,134,4
M04582,Bagasse,25.34,5.24,96.34,1.19,68.19,5,13.23,124,6
M04583,Bagasse,24.6,5.11,94.01,1.11,67.35,6,13.56,128,4
M04584,Bagasse,25.76,7.86,93.94,1.26,66.61,6,13.93,133,5
M04585,Bagasse,33.1,7.09,95.11,1.48,71.39,8,15.56,143,3
M04586,Bagasse,26.28,8.53,94.25,1.0,71.35,6,14.18,137,5
M04587,Bagasse,31.88,7.53,91.92,1.26,69.81,5,13.29,112,5
M04588,Bagasse,34.12,8.52,96.02,1.2,63.7,4,14.01,126,5
M04589,Bagasse,32.06,7.18,95.01,1.11,67.69,5,14.11,128,6
M04590,Bagasse,40.0,8.13,95.16,1.3,67.57,5,16.3,156,4
M04591,Bagasse,30.06,7.53,95.08,1.0,60.35,5,12.96,109,6
M04592,Bagasse,32.05,5.78,95.45,1.34,65.28,6,12.91,100,5
M04593,Bagasse,27.9,8.83,96.39,1.14,72.79,4,13.54,129,4
M04594,Bagasse,40.0,7.36,95.31,1.5,69.79,6,15.05,127,7
M04595,Bagasse,26.16,5.69,96.33,1.42,67.96,4,13.67,135,7
M04596,Bagasse,26.55,7.83,96.08,1.29,66.08,7,15.56,160,5
M04597,Bagasse,25.4,7.73,100.0,1.23,70.7,4,12.79,119,5
M04598,Bagasse,22.1,8.75,97.17,1.0,69.11,6,12.96,121,4
M04599,Bagasse,32.48,7.15,100.0,1.08,63.54,6,15.95,160,4
M04600,Bagasse,26.91,5.8,95.83,1.25,65.46,5,14.04,137,6
M04601,Bagasse,33.78,7.57,97.82,1.28,73.22,4,14.53,137,3
M04602,Bagasse,35.44,8.71,96.46,1.46,65.31,6,13.99,115,5
M04603,Bagasse,28.91,8.36,95.05,1.06,68.54,5,13.54,123,4
M04604,Bagasse,37.2,8.13,95.41,1.36,67.43,7,15.57,139,5
M04605,Bagasse,34.19,6.85,95.04,1.18,60.84,4,14.77,141,5
M04606,Bagasse,40.0,6.64,97.32,1.21,68.65,6,13.7,100,4
M04607,Bagasse,32.61,7.36,99.52,1.31,63.04,6,14.81,137,4
M04608,Bagasse,32.27,7.72,98.24,1.32,70.0,6,14.08,123,5
M04609,Bagasse,27.4,6.22,97.03,1.47,66.43,4,13.69,133,5
M04610,Bagasse,32.21,7.61,97.79,1.26,65.04,6,14.32,128,5
M04611,Bagasse,30.47,8.26,92.23,1.3,70.53,4,13.7,127,5
M04612,Bagasse,24.19,4.38,96.9,1.31,66.94,5,13.97,141,6
M04613,Bagasse,25.83,8.21,94.99,1.17,71.84,5,14.08,140,5
M04614,Bagasse,34.53,4.31,95.68,1.39,66.88,7,14.4,121,5
M04615,Bagasse,24.8,6.99,96.49,1.13,60.0,5,12.78,116,5
M04616,Bagasse,27.97,5.17,96.07,1.45,71.58,5,14.1,136,4
M04617,Bagasse,32.86,7.47,95.42,1.4,73.19,5,14.59,136,5
M04618,Bagasse,27.62,6.9,93.92,1.12,72.61,4,13.36,126,5
M04619,Bagasse,20.0,7.74,96.95,1.4,65.13,5,14.5,160,6
M04620,Bagasse,31.17,9.0,97.06,1.27,70.43,5,15.12,150,3
M04621,Bagasse,24.52,7.64,95.72,1.2,73.77,6,14.15,140,6
M04622,Bagasse,30.36,8.38,94.05,1.34,68.13,4,13.44,122,5
M04623,Bagasse,30.91,7.25,97.22,1.31,75.0,6,13.74,119,7
M04624,Bagasse,28.91,4.14,97.96,1.0,60.0,6,14.04,129,4
M04625,Bagasse,32.38,6.82,97.21,1.43,66.65,6,15.39,149,3
M04626,Bagasse,31.48,4.99,94.46,1.39,65.32,7,14.05,120,6
M04627,Bagasse,25.6,7.13,94.01,1.12,65.84,6,13.81,131,4
M04628,Bagasse,33.89,5.03,97.89,1.24,65.38,5,13.04,103,5
M04629,Bagasse,33.93,7.05,97.9,1.15,75.0,5,15.24,147,4
M04630,Bagasse,25.01,5.81,96.93,1.31,75.0,4,13.65,137,4
M04631,Bagasse,35.06,5.54,93.59,1.21,71.95,7,15.31,138,4
M04632,Bagasse,32.12,7.54,97.16,1.26,69.33,7,14.11,120,5
M04633,Bagasse,30.0,6.87,94.92,1.0,62.88,6,13.9,124,5
M04634,Bagasse,29.58,9.0,96.25,1.5,66.22,4,15.21,159,4
M04635,Bagasse,40.0,7.11,98.54,1.17,63.79,5,14.1,112,6
M04636,Bagasse,37.91,8.46,96.35,1.29,61.82,5,16.29,160,6
M04637,Bagasse,30.29,6.85,96.72,1.37,68.18,6,14.13,128,4
M04638,Bagasse,31.18,4.0,96.61,1.28,68.23,6,14.92,142,5
M04639,Bagasse,39.11,8.75,95.31,1.38,65.94,6,14.36,115,4
M04640,Bagasse,35.22,6.4,95.86,1.21,72.11,5,14.42,128,4
M04641,Bagasse,23.52,9.0,97.26,1.44,75.0,6,12.25,104,5
M04642,Bagasse,36.32,6.95,95.4,1.47,68.0,8,14.48,115,4
M04643,Bagasse,27.65,6.97,91.6,1.06,64.07,6,14.41,139,4
M04644,Bagasse,30.7,6.07,94.55,1.15,69.99,6,14.17,128,5
M04645,Bagasse,33.74,4.0,97.11,1.49,67.57,6,15.27,144,5
M04646,Bagasse,22.82,4.99,98.3,1.18,70.31,5,14.08,146,3
M04647,Bagasse,23.52,5.5,97.81,1.18,70.52,5,12.75,118,4
M04648,Bagasse,25.7,5.55,98.42,1.3,67.99,6,12.27,100,5
M04649,Bagasse,26.39,5.49,96.85,1.32,75.0,5,14.59,149,6
M04650,Bagasse,34.14,5.37,98.12,1.31,64.6,8,15.91,148,5
M04651,Bagasse,21.58,6.79,98.41,1.38,64.72,6,12.66,116,3
M04652,Bagasse,30.15,8.96,97.41,1.13,67.67,7,13.22,106,3
M04653,Bagasse,35.09,7.16,98.19,1.42,68.93,4,13.96,123,5
M04654,Bagasse,36.05,7.42,96.58,1.21,68.2,6,14.25,119,6
M04655,Bagasse,32.49,7.35,94.86,1.13,72.28,6,15.95,160,4
M04656,Bagasse,22.2,5.75,95.07,1.2,65.92,6,13.77,137,6
M04657,Bagasse,27.32,6.05,96.74,1.33,65.59,5,14.53,146,7
M04658,Bagasse,27.2,7.55,95.99,1.4,73.5,4,13.07,121,6
M04659,Bagasse,38.85,4.73,99.6,1.47,60.99,4,15.49,146,7
M04660,Bagasse,30.13,7.44,95.15,1.32,67.13,5,14.86,147,5
M04661,Bagasse,28.22,5.87,96.36,1.25,72.2,6,13.97,129,4
M04662,Bagasse,32.67,7.98,97.77,1.34,67.15,4,14.32,135,4
M04663,Bagasse,27.56,5.99,98.85,1.19,68.89,5,13.46,124,6
M04664,Bagasse,32.7,6.4,96.92,1.03,67.94,6,15.52,151,3
M04665,Bagasse,20.0,7.27,95.02,1.0,67.85,5,11.85,107,6
M04666,Bagasse,21.04,6.52,95.03,1.0,71.47,7,13.3,126,4
M04667,Bagasse,27.6,7.75,96.96,1.11,64.25,5,13.11,117,5
M04668,Bagasse,27.4,9.0,98.07,1.35,68.08,4,12.94,118,5
M04669,Bagasse,33.14,6.83,95.88,1.17,65.93,6,15.21,144,5
M04670,Bagasse,26.34,6.79,93.67,1.06,71.06,7,15.53,160,5
M04671,Bagasse,37.61,5.4,98.4,1.42,64.31,5,15.56,146,3
M04672,Bagasse,26.43,6.68,95.7,1.19,74.86,5,13.39,125,5
M04673,Bagasse,21.26,6.67,97.97,1.22,70.6,7,12.48,109,4
M04674,Bagasse,35.65,7.25,97.27,1.22,73.45,8,15.21,131,4
M04675,Bagasse,32.71,4.77,95.14,1.45,65.53,5,12.77,100,5
M04676,Bagasse,25.27,5.75,97.35,1.02,72.89,5,14.13,142,3
M04677,Bagasse,38.32,5.77,97.25,1.16,67.35,6,14.53,120,6
M04678,Bagasse,28.08,7.58,96.29,1.17,72.93,5,14.61,146,4
M04679,Bagasse,29.7,7.11,94.98,1.29,72.31,7,13.77,118,6
M04680,Bagasse,20.0,7.65,96.59,1.17,67.05,5,12.3,116,5
M04681,Bagasse,28.27,7.09,97.63,1.4,66.01,4,15.13,160,6
M04682,Bagasse,24.31,7.53,97.44,1.15,62.1,4,12.63,118,3
M04683,Bagasse,27.82,5.31,94.93,1.31,74.55,7,14.03,127,6
M04684,Bagasse,30.97,5.88,98.19,1.49,64.14,5,12.7,102,4
M04685,Bagasse,26.93,5.6,96.61,1.11,68.29,5,13.54,127,4
M04686,Bagasse,32.73,6.98,99.21,1.3,68.5,4,12.87,106,4
M04687,Bagasse,27.92,4.56,92.43,1.45,60.0,5,13.64,127,5
M04688,Bagasse,29.36,4.81,93.0,1.12,66.27,7,13.74,118,3
M04689,Bagasse,40.0,7.04,98.26,1.5,71.73,5,15.5,140,5
M04690,Bagasse,24.31,5.22,96.22,1.19,75.0,6,14.23,142,5
M04691,Bagasse,33.9,6.41,95.16,1.45,75.0,4,14.44,135,4
M04692,Bagasse,24.25,6.72,99.22,1.2,72.36,5,13.38,129,5
M04693,Bagasse,28.6,5.94,97.49,1.26,66.3,6,14.26,134,4
M04694,Bagasse,23.51,9.0,93.42,1.31,72.47,4,13.95,146,6
M04695,Bagasse,32.92,9.0,95.79,1.2,71.62,6,14.24,125,5
M04696,Bagasse,36.19,8.36,97.97,1.3,67.31,7,15.22,134,4
M04697,Bagasse,26.6,9.0,94.34,1.37,69.59,6,13.91,131,6
M04698,Bagasse,29.84,6.35,94.11,1.35,70.99,7,14.13,125,4
M04699,Bagasse,22.23,6.67,98.04,1.06,69.57,4,12.67,123,4
M04700,Bagasse,33.03,6.45,99.28,1.46,74.4,5,14.3,130,6
M04701,Bagasse,28.22,6.09,97.1,1.2,66.03,6,12.52,100,6
M04702,Bagasse,40.0,5.6,98.31,1.45,67.14,6,13.8,102,6
M04703,Bagasse,30.46,8.12,95.22,1.22,65.42,4,13.9,131,5
M04704,Bagasse,29.57,7.8,96.96,1.34,62.14,5,13.91,129,5
M04705,Bagasse,24.87,5.45,97.34,1.25,73.29,7,13.84,129,5
M04706,Bagasse,30.55,4.0,97.62,1.27,70.39,6,14.36,132,4
M04707,Bagasse,36.97,6.97,96.18,1.36,68.04,6,14.15,115,4
M04708,Bagasse,28.09,7.5,94.96,1.48,66.19,6,13.56,121,6
M04709,Bagasse,25.4,8.36,94.45,1.37,68.1,6,14.29,141,4
M04710,Bagasse,26.98,7.58,95.2,1.17,66.48,4,13.35,127,5
M04711,Bagasse,29.5,5.97,96.38,1.28,64.7,5,13.9,129,5
M04712,Bagasse,31.07,7.47,96.98,1.24,70.0,7,14.41,128,5
M04713,Bagasse,28.67,6.75,93.42,1.23,70.23,6,14.67,142,5
M04714,Bagasse,34.55,9.0,98.49,1.37,67.2,5,12.96,100,4
M04715,Bagasse,25.15,6.66,98.97,1.16,71.35,4,13.12,126,4
M04716,Bagasse,32.36,9.0,95.9,1.42,73.81,5,14.39,133,5
M04717,Bagasse,26.9,7.69,95.91,1.09,70.52,5,12.99,116,5
M04718,Bagasse,26.58,5.34,94.08,1.44,65.56,6,14.06,134,3
M04719,Bagasse,29.08,6.8,95.62,1.1,63.51,7,15.51,154,4
M04720,Bagasse,40.0,7.66,97.12,1.5,65.91,7,15.35,129,5
M04721,Bagasse,28.91,6.1,96.25,1.0,73.27,6,13.79,124,3
M04722,Bagasse,35.34,7.23,93.05,1.44,68.3,7,14.63,124,4
M04723,Bagasse,29.15,6.4,99.23,1.31,71.91,5,12.41,100,6
M04724,Bagasse,26.22,4.67,92.65,1.19,72.67,6,13.27,119,4
M04725,Bagasse,25.17,6.2,96.37,1.31,68.67,5,13.72,134,4
M04726,Bagasse,40.0,6.56,96.77,1.14,72.03,8,14.75,113,6
M04727,Bagasse,23.96,5.56,95.46,1.22,68.9,4,12.15,109,4
M04728,Bagasse,29.0,5.77,90.0,1.0,62.18,5,13.05,113,4
M04729,Bagasse,20.59,7.59,94.99,1.06,68.78,5,14.16,152,4
M04730,Bagasse,29.0,4.21,93.27,1.17,70.26,6,14.4,136,5
M04731,Bagasse,32.02,5.98,95.57,1.28,69.72,5,13.8,122,5
M04732,Bagasse,31.79,8.14,93.78,1.2,67.8,5,15.18,150,4
M04733,Bagasse,24.57,6.58,94.31,1.17,67.07,5,14.06,142,4
M04734,Bagasse,31.07,7.58,94.19,1.01,61.71,6,15.21,148,5
M04735,Bagasse,33.72,6.27,97.21,1.09,65.6,4,13.82,123,5
M04736,Bagasse,25.95,7.12,95.93,1.27,63.37,7,14.35,137,5
M04737,Bagasse,28.09,4.0,100.0,1.13,68.15,6,14.46,139,4
M04738,Bagasse,24.69,8.24,91.69,1.24,69.35,6,14.27,142,5
M04739,Bagasse,28.59,4.76,97.91,1.22,72.7,6,13.31,115,6
M04740,Bagasse,26.49,5.32,92.98,1.22,65.15,5,13.6,129,4
M04741,Bagasse,30.9,5.22,96.03,1.33,66.44,5,13.69,122,6
M04742,Bagasse,32.74,6.18,96.22,1.44,73.5,5,13.97,124,5
M04743,Bagasse,26.22,6.1,96.62,1.32,70.15,4,12.87,119,4
M04744,Bagasse,26.55,7.02,95.53,1.05,65.2,5,13.71,131,5
M04745,Bagasse,36.18,4.52,97.27,1.48,60.0,8,15.22,130,5
M04746,Bagasse,38.54,5.51,96.31,1.38,69.59,5,14.05,114,3
M04747,Bagasse,20.0,5.62,98.59,1.17,64.6,5,12.95,129,4
M04748,Bagasse,40.0,8.56,97.63,1.15,69.33,6,16.7,160,5
M04749,Bagasse,29.89,7.81,97.84,1.27,65.57,6,13.69,120,7
M04750,Bagasse,31.53,6.79,94.83,1.45,73.66,7,15.5,149,4
M04751,Bagasse,25.52,8.27,96.89,1.06,67.94,6,14.65,148,5
M04752,Bagasse,27.59,6.73,98.31,1.08,64.05,4,12.51,109,4
M04753,Bagasse,20.0,7.28,96.38,1.0,69.34,5,14.2,154,5
M04754,Bagasse,39.12,5.09,96.03,1.22,75.0,6,15.71,142,5
M04755,Bagasse,27.36,4.78,98.1,1.42,63.91,5,14.04,136,4
M04756,Bagasse,31.36,6.29,97.97,1.47,65.02,6,13.14,106,5
M04757,Bagasse,40.0,6.54,96.7,1.5,73.58,6,15.65,139,4
M04758,Bagasse,35.36,6.46,94.38,1.35,67.49,5,14.84,136,5
M04759,Bagasse,28.5,7.55,98.85,1.11,70.24,4,13.4,125,5
M04760,Bagasse,22.31,9.0,94.98,1.08,65.65,5,12.53,116,6
M04761,Bagasse,30.44,6.87,96.86,1.24,73.29,6,14.09,127,4
M04762,Bagasse,31.21,7.22,96.72,1.18,68.18,4,12.47,101,6
M04763,Bagasse,32.2,4.8,97.27,1.24,63.66,7,15.47,147,4
M04764,Bagasse,21.55,6.51,97.64,1.06,64.63,6,13.21,127,4
M04765,Bagasse,40.0,9.0,97.29,1.46,72.95,6,14.75,121,5
M04766,Bagasse,35.6,8.26,98.38,1.23,74.38,6,15.21,139,4
M04767,Bagasse,38.83,6.78,94.58,1.35,75.0,6,14.33,115,4
M04768,Bagasse,30.9,7.14,96.92,1.07,66.78,7,14.84,137,5
M04769,Bagasse,25.66,7.2,96.11,1.1,67.74,7,15.22,155,4
M04770,Bagasse,37.69,5.67,97.28,1.24,64.52,5,16.07,156,6
M04771,Bagasse,31.04,6.17,95.58,1.1,68.54,5,13.45,117,5
M04772,Bagasse,32.62,7.75,96.52,1.18,68.07,6,15.36,148,4
M04773,Bagasse,31.5,6.83,93.09,1.42,71.7,6,13.85,120,5
M04774,Bagasse,29.77,8.06,98.76,1.02,64.43,4,14.38,142,4
M04775,Bagasse,26.21,9.0,96.48,1.0,64.76,6,14.82,150,4
M04776,Bagasse,20.0,7.82,95.06,1.02,69.31,8,12.9,116,4
M04777,Bagasse,29.4,7.17,97.25,1.19,66.51,5,14.74,146,4
M04778,Bagasse,27.91,8.85,99.55,1.48,68.55,4,13.79,134,4
M04779,Bagasse,27.0,7.32,94.97,1.3,67.16,8,15.05,145,4
M04780,Bagasse,30.94,7.88,99.41,1.07,66.76,7,13.64,113,5
M04781,Bagasse,39.91,6.83,94.99,1.4,68.06,5,14.49,120,3
M04782,Bagasse,27.78,7.86,94.29,1.13,62.87,5,13.48,124,5
M04783,Bagasse,36.95,4.77,94.76,1.5,67.25,5,16.05,157,4
M04784,Bagasse,28.0,7.16,92.5,1.14,68.13,6,13.25,115,5
M04785,Bagasse,25.07,5.55,97.19,1.37,68.27,5,13.96,139,7
M04786,Bagasse,20.76,6.25,93.41,1.13,75.0,4,12.78,128,7
M04787,Bagasse,40.0,9.0,98.24,1.41,65.73,5,16.15,153,7
M04788,Bagasse,25.59,7.98,92.45,1.2,68.07,4,12.86,120,5
M04789,Bagasse,24.1,5.37,96.01,1.03,63.84,5,11.91,100,5
M04790,Bagasse,40.0,5.46,92.96,1.26,69.69,4,15.4,142,5
M04791,Bagasse,32.03,7.58,94.34,1.24,62.93,6,13.45,111,4
M04792,Bagasse,28.18,5.4,94.06,1.3,65.51,5,12.97,113,4
M04793,Bagasse,24.52,6.3,97.52,1.3,63.45,4,13.7,139,3
M04794,Bagasse,22.58,5.76,95.72,1.16,71.65,6,14.36,148,5
M04795,Bagasse,22.62,6.54,94.9,1.25,69.16,4,13.16,132,5
M04796,Bagasse,25.48,7.54,90.56,1.22,66.61,7,14.5,141,3
M04797,Bagasse,30.4,8.26,96.24,1.41,67.45,4,13.29,119,5
M04798,Bagasse,33.21,6.46,99.78,1.05,69.81,6,14.17,123,4
M04799,Bagasse,23.95,6.32,93.55,1.17,63.62,5,14.45,151,4
M04800,Bagasse,32.68,7.09,91.28,1.36,71.59,5,14.02,125,3
M04801,Bagasse,28.11,7.68,100.0,1.32,67.83,5,14.46,143,5
M04802,Bagasse,32.27,7.46,92.18,1.12,66.4,4,14.38,137,6
M04803,Bagasse,25.73,7.07,96.94,1.29,71.74,5,13.57,130,4
M04804,Bagasse,34.5,5.26,95.14,1.29,71.04,5,15.0,141,3
M04805,Bagasse,30.04,8.14,97.31,1.19,69.26,4,13.4,122,6
M04806,Bagasse,27.96,6.98,94.9,1.0,72.6,4,12.65,111,3
M04807,Bagasse,27.78,4.48,98.32,1.26,67.56,6,13.08,112,4
M04808,Bagasse,31.71,6.09,91.99,1.22,62.42,6,14.82,139,4
M04809,Bagasse,33.25,7.94,96.22,1.22,65.92,6,14.18,123,3
M04810,Bagasse,29.63,6.61,100.0,1.15,62.59,4,15.26,160,6
M04811,Bagasse,25.33,6.63,93.75,1.0,64.79,4,12.53,114,3
M04812,Bagasse,29.07,8.14,96.44,1.01,66.3,5,13.66,125,6
M04813,Bagasse,31.8,6.7,100.0,1.5,65.71,6,13.88,120,4
M04814,Bagasse,36.61,7.15,96.17,1.42,65.32,4,15.56,152,5
M04815,Bagasse,34.14,5.76,94.31,1.5,68.44,6,15.06,139,4
M04816,Bagasse,31.75,8.06,96.29,1.42,62.26,6,15.57,154,4
M04817,Bagasse,25.63,6.71,98.91,1.05,62.57,6,13.76,130,4
M04818,Bagasse,34.6,7.37,95.6,1.36,72.56,7,14.46,122,4
M04819,Bagasse,26.88,6.2,91.8,1.09,72.35,6,14.74,147,3
M04820,Bagasse,29.3,6.55,96.36,1.18,67.5,5,13.63,124,4
M04821,Bagasse,29.71,7.39,90.0,1.11,73.86,6,14.22,131,5
M04822,Bagasse,40.0,6.78,96.95,1.23,72.38,4,15.15,137,6
M04823,Bagasse,32.5,4.94,94.79,1.21,68.14,7,14.2,121,6
M04824,Bagasse,24.5,9.0,98.13,1.39,66.91,4,13.3,131,4
M04825,Bagasse,23.09,6.27,97.27,1.29,74.83,6,13.11,122,5
M04826,Bagasse,32.49,7.62,96.33,1.5,62.84,4,13.75,124,5
M04827,Bagasse,37.04,8.86,96.93,1.5,65.02,5,15.2,140,5
M04828,Bagasse,33.7,8.51,96.25,1.36,67.28,5,14.17,126,5
M04829,Bagasse,35.92,6.65,98.04,1.15,65.53,4,14.14,125,4
M04830,Bagasse,28.98,6.64,97.8,1.08,64.57,6,13.95,127,7
M04831,Bagasse,25.03,6.21,92.57,1.3,69.06,6,13.35,123,4
M04832,Bagasse,29.94,7.44,96.99,1.24,65.57,6,14.39,134,5
M04833,Bagasse,34.67,6.97,98.8,1.23,75.0,4,14.67,138,4
M04834,Bagasse,26.26,8.89,96.44,1.22,75.0,6,13.93,132,5
M04835,Bagasse,29.57,6.58,99.35,1.37,70.43,6,12.66,100,5
M04836,Bagasse,21.97,5.42,94.43,1.33,62.82,5,14.45,155,4
M04837,Bagasse,27.12,8.47,99.52,1.25,70.5,6,13.51,122,4
M04838,Bagasse,27.31,7.82,97.46,1.17,72.12,5,12.23,100,4
M04839,Bagasse,27.87,8.34,96.12,1.24,68.3,6,12.49,100,5
M04840,Bagasse,38.82,9.0,98.22,1.19,71.86,6,15.68,142,3
M04841,Bagasse,22.08,7.22,95.14,1.11,65.81,5,12.71,120,6
M04842,Bagasse,40.0,6.42,96.35,1.34,71.22,7,15.75,137,3
M04843,Bagasse,25.79,6.34,95.16,1.05,67.92,6,14.03,135,6
M04844,Bagasse,20.24,7.17,94.94,1.15,68.21,6,14.07,147,4
M04845,Bagasse,28.89,5.98,97.36,1.11,65.13,7,15.79,160,6
M04846,Bagasse,36.58,7.37,91.21,1.24,60.14,4,15.41,149,5
M04847,Bagasse,36.29,6.65,92.74,1.32,69.46,5,15.78,153,5
M04848,Bagasse,39.57,5.39,97.49,1.17,63.04,5,14.41,119,5
M04849,Bagasse,28.79,6.5,95.5,1.36,67.86,6,14.03,129,7
M04850,Bagasse,39.56,6.86,94.89,1.1,69.88,4,14.96,134,3
M04851,Bagasse,33.52,8.23,96.73,1.19,75.0,8,14.95,130,5
M04852,Bagasse,25.33,4.54,96.4,1.14,65.07,5,14.03,140,5
M04853,Bagasse,39.13,6.35,99.43,1.21,66.88,5,14.66,125,4
M04854,Bagasse,40.0,6.69,100.0,1.23,65.54,4,16.3,160,5
M04855,Bagasse,21.52,7.66,94.31,1.1,70.09,5,12.7,121,5
M04856,Bagasse,32.0,7.13,94.33,1.34,67.26,6,14.0,122,6
M04857,Bagasse,30.94,5.67,92.03,1.44,70.46,6,13.59,116,3
M04858,Bagasse,27.81,5.18,95.79,1.11,71.09,4,12.68,112,7
M04859,Bagasse,40.0,8.53,95.26,1.13,64.29,7,14.3,108,3
M04860,Bagasse,24.4,9.0,95.28,1.25,66.66,5,11.94,100,5
M04861,Bagasse,30.86,6.4,96.02,1.17,66.58,6,14.24,129,4
M04862,Bagasse,37.94,6.06,96.65,1.38,67.09,6,15.04,131,3
M04863,Bagasse,25.93,5.38,99.12,1.12,67.74,5,12.29,104,4
M04864,Bagasse,25.01,7.27,97.15,1.42,60.92,8,15.15,151,3
M04865,Bagasse,21.22,8.03,95.07,1.2,75.0,5,13.12,130,5
M04866,Bagasse,35.69,9.0,98.15,1.35,75.0,5,15.37,146,4
M04867,Bagasse,20.0,8.86,95.31,1.28,67.87,7,13.2,126,4
M04868,Bagasse,27.78,4.95,96.16,1.13,66.18,6,15.08,152,3
M04869,Bagasse,33.19,7.23,92.7,1.11,73.66,4,14.62,140,5
M04870,Bagasse,27.52,6.36,95.84,1.14,71.04,6,14.85,148,3
M04871,Bagasse,27.84,7.68,94.11,1.27,74.41,4,13.28,124,4
M04872,Bagasse,34.09,5.01,96.14,1.5,70.38,6,13.21,102,4
M04873,Bagasse,21.18,8.8,92.58,1.13,67.59,7,14.17,143,4
M04874,Bagasse,26.66,7.6,95.32,1.12,66.69,5,13.97,136,5
M04875,Bagasse,37.52,6.28,92.14,1.5,66.78,7,15.7,141,5
M04876,Bagasse,25.74,6.17,95.12,1.12,69.15,4,12.87,120,5
M04877,Bagasse,31.42,8.46,95.93,1.31,69.94,7,14.44,128,6
M04878,Bagasse,32.42,7.19,95.39,1.29,63.71,5,13.94,124,4
M04879,Bagasse,32.07,6.56,95.65,1.47,67.72,6,13.96,121,4
M04880,Bagasse,33.61,7.92,94.33,1.15,68.93,4,12.66,100,5
M04881,Bagasse,26.32,7.93,96.53,1.15,71.67,7,14.03,130,5
M04882,Bagasse,26.62,9.0,94.57,1.0,65.61,5,13.71,131,6
M04883,Bagasse,27.7,6.66,98.77,1.2,65.45,6,14.82,147,5
M04884,Bagasse,34.25,7.49,96.97,1.06,69.99,5,15.93,160,6
M04885,Bagasse,20.0,6.68,98.28,1.0,66.82,6,13.95,145,6
M04886,Bagasse,28.45,8.92,96.34,1.36,74.8,6,14.25,134,3
M04887,Bagasse,29.16,8.2,93.18,1.46,70.6,7,14.82,140,5
M04888,Bagasse,33.6,5.92,94.68,1.46,61.66,5,13.81,119,3
M04889,Bagasse,32.1,8.04,99.27,1.27,66.99,6,13.76,117,4
M04890,Bagasse,34.03,7.88,96.13,1.26,62.91,5,15.1,144,3
M04891,Bagasse,30.14,7.04,96.63,1.3,69.23,5,14.26,135,4
M04892,Bagasse,32.79,9.0,95.13,1.29,63.37,6,14.08,122,4
M04893,Bagasse,39.88,5.36,97.59,1.42,64.42,6,14.79,122,4
M04894,Bagasse,32.89,5.52,98.39,1.5,70.94,7,14.59,128,6
M04895,Bagasse,28.06,6.13,98.32,1.0,66.04,6,14.61,142,4
M04896,Bagasse,30.41,7.63,97.17,1.09,63.65,4,14.24,138,5
M04897,Bagasse,20.0,7.47,97.92,1.08,73.33,5,12.35,117,3
M04898,Bagasse,35.04,8.09,97.83,1.35,62.24,5,14.7,134,5
M04899,Bagasse,25.84,8.28,96.98,1.21,65.73,4,13.03,123,7
M04900,Bagasse,21.78,7.77,96.54,1.02,65.03,6,13.13,125,5
M04901,Bagasse,32.68,5.26,100.0,1.09,73.05,6,13.82,117,5
M04902,Bagasse,23.77,5.89,95.01,1.4,68.44,4,13.83,143,5
M04903,Bagasse,33.28,8.6,94.17,1.27,72.67,8,15.13,134,5
M04904,Bagasse,26.86,7.26,97.75,1.05,66.23,4,14.04,141,4
M04905,Bagasse,28.82,6.56,96.96,1.32,68.63,6,13.03,109,5
M04906,Bagasse,23.22,6.18,95.85,1.23,60.58,7,15.22,160,6
M04907,Bagasse,26.04,8.42,96.06,1.36,60.0,6,13.8,130,6
M04908,Bagasse,36.88,9.0,95.83,1.24,65.94,7,14.64,121,5
M04909,Bagasse,36.99,7.89,98.13,1.39,62.18,4,13.75,115,5
M04910,Bagasse,29.81,6.6,95.58,1.33,67.63,6,13.13,109,4
M04911,Bagasse,37.66,7.27,95.13,1.22,67.37,6,14.77,126,4
M04912,Bagasse,37.44,8.09,96.65,1.5,63.75,7,14.34,114,5
M04913,Bagasse,26.81,5.5,96.06,1.22,74.55,6,13.98,132,4
M04914,Bagasse,38.94,6.19,98.8,1.43,72.52,5,14.14,115,4
M04915,Bagasse,24.66,6.87,92.84,1.32,63.87,5,13.82,137,5
M04916,Bagasse,37.17,6.75,94.2,1.47,69.26,6,14.77,127,4
M04917,Bagasse,31.88,9.0,98.68,1.34,73.01,4,13.59,122,6
M04918,Bagasse,34.45,6.48,98.46,1.47,72.53,5,14.75,136,3
M04919,Bagasse,34.12,6.48,98.02,1.36,69.09,4,13.61,118,3
M04920,Bagasse,33.39,9.0,97.05,1.32,65.9,5,14.84,140,5
M04921,Bagasse,25.73,7.39,96.8,1.25,60.95,6,13.62,127,5
M04922,Bagasse,32.07,6.36,92.17,1.21,67.21,5,13.86,123,4
M04923,Bagasse,27.95,7.84,96.66,1.0,75.0,6,12.8,106,4
M04924,Bagasse,32.8,5.99,94.34,1.35,68.24,6,14.68,134,4
M04925,Bagasse,27.74,4.93,94.56,1.21,68.28,5,14.77,150,5
M04926,Bagasse,30.95,6.28,98.36,1.01,66.6,6,13.1,106,7
M04927,Bagasse,28.65,8.13,98.19,1.35,72.53,4,13.42,125,3
M04928,Bagasse,25.6,8.52,97.62,1.13,66.93,5,13.51,129,3
M04929,Bagasse,32.65,8.35,96.34,1.42,65.0,6,14.66,134,5
M04930,Bagasse,30.3,6.29,96.65,1.34,65.37,4,13.83,130,7
M04931,Bagasse,22.72,6.89,95.19,1.43,67.27,5,13.47,134,5
M04932,Bagasse,31.83,6.78,92.44,1.07,69.37,8,15.63,147,3
M04933,Bagasse,30.72,6.06,95.97,1.45,75.0,6,15.52,155,7
M04934,Bagasse,34.75,5.42,98.01,1.2,72.49,4,14.53,135,5
M04935,Bagasse,25.8,4.0,95.24,1.35,68.3,5,13.33,125,5
M04936,Bagasse,26.71,5.89,99.29,1.39,74.98,8,14.27,130,4
M04937,Bagasse,28.95,4.69,98.15,1.37,69.44,7,15.49,154,6
M04938,Bagasse,30.39,5.14,100.0,1.5,65.43,5,13.84,126,3
M04939,Bagasse,36.04,5.95,96.15,1.37,73.04,7,14.7,124,4
M04940,Bagasse,33.13,7.38,95.82,1.4,70.42,7,15.11,138,5
M04941,Bagasse,26.59,7.74,96.81,1.42,67.91,4,14.66,154,6
M04942,Bagasse,31.04,6.51,94.8,1.46,69.55,5,15.1,150,4
M04943,Bagasse,33.61,8.52,96.45,1.34,72.96,6,14.01,119,5
M04944,Bagasse,28.9,7.37,93.92,1.49,68.83,7,14.24,129,3
M04945,Bagasse,30.32,5.94,94.52,1.14,60.33,4,13.63,126,4
M04946,Bagasse,34.74,5.63,97.99,1.26,66.88,5,14.87,138,6
M04947,Bagasse,29.25,8.3,97.52,1.36,71.76,6,13.82,124,4
M04948,Bagasse,25.35,5.06,98.83,1.36,62.7,6,13.84,132,5
M04949,Bagasse,32.89,6.31,94.83,1.29,68.72,6,13.79,116,6
M04950,Bagasse,32.47,8.01,96.95,1.5,67.24,6,15.4,149,6
M04951,Bagasse,25.03,8.64,96.69,1.09,65.75,5,13.25,125,4
M04952,Bagasse,23.97,6.5,95.8,1.02,73.23,5,12.95,121,5
M04953,Bagasse,24.59,6.67,95.56,1.22,70.51,7,13.61,125,5
M04954,Bagasse,20.03,5.95,93.4,1.37,74.43,4,13.95,153,4
M04955,Bagasse,24.17,7.96,93.35,1.35,63.08,4,13.17,129,4
M04956,Bagasse,31.94,7.43,96.77,1.39,72.37,4,13.14,113,4
M04957,Bagasse,30.75,6.55,95.73,1.3,71.2,5,13.03,109,3
M04958,Bagasse,21.82,7.56,93.45,1.06,64.93,4,12.63,123,6
M04959,Bagasse,35.61,8.3,98.82,1.37,67.58,5,13.46,108,6
M04960,Bagasse,34.14,6.74,94.18,1.15,64.71,5,15.56,153,4
M04961,Bagasse,33.67,7.36,97.46,1.09,68.54,5,15.62,155,4
M04962,Bagasse,26.47,5.78,98.37,1.26,61.95,5,13.4,125,5
M04963,Bagasse,30.72,7.04,94.45,1.01,67.16,5,14.82,145,5
M04964,Bagasse,33.12,7.42,99.03,1.5,73.56,5,14.16,127,6
M04965,Bagasse,27.64,7.19,96.39,1.0,60.78,6,14.06,132,4
M04966,Bagasse,33.74,6.12,94.8,1.44,72.64,4,13.62,119,3
M04967,Bagasse,32.45,8.1,94.34,1.19,67.53,6,14.6,133,5
M04968,Bagasse,28.74,6.22,97.38,1.17,69.26,6,12.62,101,6
M04969,Bagasse,33.78,9.0,97.26,1.1,66.29,5,14.53,133,6
M04970,Bagasse,26.64,4.29,95.45,1.2,66.75,4,13.86,138,4
M04971,Bagasse,23.23,8.04,96.55,1.16,66.53,6,13.42,128,4
M04972,Bagasse,29.33,8.05,96.37,1.05,67.53,6,13.03,108,4
M04973,Bagasse,27.35,6.2,95.59,1.17,69.71,5,13.48,125,5
M04974,Bagasse,33.08,6.55,98.83,1.17,70.29,5,13.56,115,4
M04975,Bagasse,32.47,5.58,92.17,1.48,62.01,6,13.65,114,5
M04976,Bagasse,40.0,6.51,97.53,1.5,69.11,5,16.5,160,4
M04977,Bagasse,32.64,8.52,97.94,1.34,69.86,6,14.41,129,3
M04978,Bagasse,30.43,5.4,96.92,1.38,62.85,5,13.19,113,6
M04979,Bagasse,31.95,6.73,94.52,1.27,65.5,6,13.3,108,5
M04980,Bagasse,25.06,8.07,95.23,1.0,70.51,5,14.26,145,6
M04981,Bagasse,24.53,6.5,97.51,1.25,70.26,6,12.75,112,3
M04982,Bagasse,30.6,7.68,96.14,1.22,72.44,4,14.61,145,5
M04983,Bagasse,38.34,8.0,94.97,1.28,63.93,6,15.53,140,3
M04984,Bagasse,26.52,6.6,93.91,1.01,69.42,6,14.45,142,5
M04985,Bagasse,37.86,5.58,96.52,1.24,66.36,5,15.69,148,3
M04986,Bagasse,29.53,5.77,95.75,1.5,68.39,4,13.2,119,4
M04987,Bagasse,24.2,5.83,97.93,1.42,66.07,5,13.22,126,5
M04988,Bagasse,22.3,6.38,98.72,1.14,60.94,6,13.03,122,6
M04989,Bagasse,30.57,4.68,97.5,1.05,65.71,6,14.86,142,5
M04990,Bagasse,37.27,6.9,95.34,1.46,69.96,5,15.38,143,4
M04991,Bagasse,34.51,8.03,98.58,1.23,64.0,5,15.0,141,4
M04992,Bagasse,29.03,5.6,96.3,1.0,62.84,4,14.2,140,4
M04993,Bagasse,29.87,4.0,94.44,1.21,68.31,5,14.84,147,4
M04994,Bagasse,24.93,5.09,95.71,1.13,72.91,5,13.39,128,6
M04995,Bagasse,35.46,7.8,95.96,1.27,73.05,5,13.6,111,4
M04996,Bagasse,30.66,7.87,97.15,1.32,68.4,4,13.42,121,3
M04997,Bagasse,28.06,6.24,97.15,1.22,65.11,5,14.41,142,3
M04998,Bagasse,27.84,8.29,97.65,1.18,72.62,7,14.98,146,4
M04999,Bagasse,27.58,5.09,98.0,1.1,70.61,7,14.01,127,6
M05000,Bagasse,26.3,5.67,95.5,1.17,69.05,6,13.98,133,4
M05001,Bagasse,24.9,5.82,96.42,1.03,66.14,5,12.34,107,5
M05002,Bagasse,40.0,6.63,94.83,1.26,72.71,6,14.8,122,4
M05003,Bagasse,35.32,8.49,94.12,1.3,65.09,5,13.48,109,5
M05004,Bagasse,30.09,8.63,94.43,1.35,70.44,5,13.81,126,5
M05005,Bagasse,22.06,9.0,92.75,1.11,70.64,5,12.46,115,4
M05006,Bagasse,26.53,9.0,96.91,1.31,67.86,7,15.1,151,6
M05007,Bagasse,30.66,7.09,97.1,1.28,70.83,5,13.42,117,3
M05008,Bagasse,32.08,5.64,96.96,1.38,71.84,5,14.11,128,4
M05009,Bagasse,27.14,5.95,93.77,1.18,68.79,6,12.96,111,5
M05010,Bagasse,25.21,6.98,90.99,1.1,67.94,5,13.77,135,4
M05011,Bagasse,23.04,6.74,97.01,1.19,65.11,6,13.65,133,4
M05012,Bagasse,30.21,7.91,97.73,1.15,66.89,6,14.12,128,4
M05013,Bagasse,33.88,7.12,96.96,1.35,67.98,6,15.34,145,3
M05014,Bagasse,27.86,4.31,94.99,1.28,67.33,4,13.44,127,6
M05015,Bagasse,30.15,7.81,99.57,1.32,69.9,6,13.77,121,6
M05016,Bagasse,24.28,7.52,99.62,1.19,60.0,5,13.03,122,6
M05017,Bagasse,34.7,8.52,96.51,1.42,65.5,4,14.62,137,6
M05018,Bagasse,34.14,7.98,95.68,1.26,65.8,7,14.96,133,3
M05019,Bagasse,27.21,8.17,97.49,1.3,60.1,6,12.92,110,5
M05020,Bagasse,28.32,7.3,97.12,1.32,72.15,4,14.03,138,3
M05021,Bagasse,23.12,6.09,93.42,1.37,66.91,6,13.86,137,4
M05022,Bagasse,35.73,6.07,95.76,1.27,64.64,5,14.77,134,4
M05023,Bagasse,30.01,7.2,99.32,1.19,70.81,5,13.45,119,5
M05024,Bagasse,24.51,6.65,92.94,1.26,72.27,5,13.4,129,5
M05025,Bagasse,25.45,7.12,95.71,1.0,71.0,5,15.04,160,3
M05026,Bagasse,22.0,4.59,97.67,1.0,66.99,5,14.35,153,3
M05027,Bagasse,20.63,5.59,96.24,1.08,69.78,6,13.51,135,5
M05028,Bagasse,33.38,5.81,96.64,1.21,70.51,6,14.39,127,5
M05029,Bagasse,24.83,9.0,97.87,1.21,73.61,6,12.88,114,5
M05030,Bagasse,32.36,8.56,97.83,1.26,69.96,4,13.64,122,5
M05031,Bagasse,22.27,7.04,93.47,1.21,60.0,6,13.13,124,5
M05032,Bagasse,24.23,8.77,95.61,1.44,72.91,6,13.67,131,6
M05033,Bagasse,24.73,7.2,97.82,1.02,68.34,7,14.52,143,5
M05034,Bagasse,27.23,6.48,96.81,1.07,69.83,5,13.97,135,3
M05035,Bagasse,28.56,5.08,95.64,1.19,70.27,7,12.96,104,7
M05036,Bagasse,23.11,7.26,97.64,1.07,63.2,4,13.61,140,4
M05037,Bagasse,37.11,7.6,95.5,1.5,69.62,6,15.71,146,6
M05038,Bagasse,40.0,9.0,95.07,1.46,65.86,5,14.85,127,4
M05039,Bagasse,29.87,7.08,97.17,1.33,68.61,6,14.29,132,5
M05040,Bagasse,29.45,9.0,93.89,1.35,67.42,7,14.04,124,6
M05041,Bagasse,27.61,6.36,95.5,1.14,75.0,6,14.56,142,5
M05042,Bagasse,32.91,5.21,97.85,1.1,72.0,6,13.89,118,4
M05043,Bagasse,25.15,8.61,96.49,1.22,65.47,6,14.62,148,4
M05044,Bagasse,30.39,7.43,98.54,1.35,68.28,4,13.44,122,4
M05045,Bagasse,31.8,5.43,97.19,1.22,62.09,5,13.88,124,4
M05046,Bagasse,32.13,7.18,97.23,1.26,70.37,6,13.71,116,5
M05047,Bagasse,23.87,6.72,95.76,1.26,61.93,5,13.99,142,3
M05048,Bagasse,31.85,8.28,95.18,1.24,69.74,4,13.84,127,3
M05049,Bagasse,28.73,4.12,97.68,1.49,68.24,5,14.32,139,5
M05050,Bagasse,36.34,8.02,98.14,1.29,69.57,5,15.88,155,4
M05051,Bagasse,28.58,7.99,96.19,1.0,74.85,5,12.86,110,5
M05052,Bagasse,32.92,7.07,95.75,1.39,63.7,7,15.89,154,5
M05053,Bagasse,29.99,4.06,97.94,1.24,65.26,5,14.0,130,5
M05054,Bagasse,39.13,8.42,95.96,1.15,70.9,5,14.06,113,4
M05055,Bagasse,26.99,6.88,94.73,1.18,70.12,8,13.8,120,5
M05056,Bagasse,27.9,6.48,94.39,1.3,68.51,7,13.74,121,3
M05057,Bagasse,29.1,7.61,97.06,1.25,68.36,5,12.41,100,3
M05058,Bagasse,28.47,7.52,91.91,1.05,66.14,6,14.5,139,4
M05059,Bagasse,33.51,7.45,95.94,1.26,60.0,6,14.2,123,6
M05060,Bagasse,32.06,7.4,96.76,1.13,64.35,6,14.01,122,3
M05061,Bagasse,25.82,7.17,95.3,1.19,64.95,6,13.58,126,3
M05062,Bagasse,34.75,7.71,92.93,1.28,63.91,6,14.82,133,3
M05063,Bagasse,30.99,9.0,96.17,1.5,71.68,5,15.55,159,6
M05064,Bagasse,35.92,4.79,96.07,1.06,66.39,6,15.04,135,5
M05065,Bagasse,30.93,5.68,95.39,1.09,66.27,5,12.99,108,4
M05066,Bagasse,36.27,4.95,90.91,1.19,62.55,4,14.53,132,3
M05067,Bagasse,34.86,6.5,100.0,1.35,69.07,5,15.09,142,4
M05068,Bagasse,31.74,8.52,96.99,1.02,65.24,4,14.47,140,4
M05069,Bagasse,30.73,5.66,97.35,1.06,60.0,5,15.12,151,5
M05070,Bagasse,31.59,9.0,94.46,1.27,67.41,7,14.76,134,4
M05071,Bagasse,30.01,5.35,95.98,1.43,68.31,6,14.85,143,5
M05072,Bagasse,34.3,7.76,100.0,1.42,62.62,5,14.13,124,6
M05073,Bagasse,30.97,5.26,96.88,1.39,64.45,5,14.95,147,3
M05074,Bagasse,28.57,9.0,94.72,1.22,72.84,5,13.41,121,3
M05075,Bagasse,32.22,5.61,92.63,1.27,70.38,4,14.37,137,4
M05076,Bagasse,31.66,6.12,95.83,1.27,60.0,7,15.52,149,4
M05077,Bagasse,26.95,7.19,96.56,1.38,65.42,6,12.39,100,5
M05078,Bagasse,25.39,6.53,94.78,1.29,68.79,5,14.34,146,5
M05079,Bagasse,39.33,7.27,97.72,1.44,67.17,8,15.18,123,6
M05080,Bagasse,31.64,6.09,95.24,1.44,62.29,6,14.61,135,4
M05081,Bagasse,26.97,8.64,96.15,1.19,72.07,6,14.3,138,4
M05082,Bagasse,31.9,7.07,97.05,1.11,71.49,5,12.69,100,5
M05083,Bagasse,33.15,6.43,97.35,1.41,70.09,5,14.41,132,4
M05084,Bagasse,32.7,6.49,97.12,1.17,65.12,6,15.62,153,5
M05085,Bagasse,31.15,8.52,95.26,1.27,71.57,4,13.47,121,5
M05086,Bagasse,30.76,6.41,95.18,1.5,68.73,6,14.18,128,5
M05087,Bagasse,37.84,6.08,97.16,1.39,71.32,4,14.93,137,4
M05088,Bagasse,28.66,7.26,95.29,1.2,65.19,7,14.32,131,6
M05089,Bagasse,21.99,5.66,96.32,1.21,71.47,6,12.65,115,4
M05090,Bagasse,26.67,4.43,99.27,1.15,66.8,6,13.57,124,5
M05091,Bagasse,29.54,7.19,93.19,1.16,60.0,5,14.15,134,6
M05092,Bagasse,27.97,8.13,96.59,1.1,75.0,4,13.85,135,4
M05093,Bagasse,26.98,9.0,97.38,1.27,62.56,5,14.55,147,4
M05094,Bagasse,37.16,9.0,98.51,1.24,68.54,4,13.82,116,5
M05095,Bagasse,27.54,4.27,99.47,1.24,70.93,5,13.85,132,5
M05096,Bagasse,32.11,8.45,97.42,1.21,66.75,6,14.41,130,5
M05097,Bagasse,35.75,6.42,97.42,1.15,70.42,7,15.68,144,7
M05098,Bagasse,27.66,6.24,96.91,1.32,66.06,5,13.97,134,6
M05099,Bagasse,27.87,6.79,93.74,1.06,62.9,6,13.19,114,5
M05100,Bagasse,29.06,7.61,97.86,1.46,63.74,6,13.21,112,5
M05101,Bagasse,36.84,7.42,97.85,1.5,65.1,6,15.23,137,4
M05102,Bagasse,26.56,7.41,95.46,1.26,68.55,4,12.96,120,4
M05103,Bagasse,32.62,6.94,95.98,1.3,71.81,6,15.56,152,3
M05104,Bagasse,27.19,6.12,94.68,1.2,68.59,4,13.17,123,5
M05105,Bagasse,30.63,5.18,92.12,1.37,62.91,7,14.21,125,5
M05106,Bagasse,34.0,6.97,91.16,1.48,71.73,4,14.6,138,6
M05107,Bagasse,33.34,8.96,95.28,1.23,69.75,6,13.03,100,4
M05108,Bagasse,29.38,7.29,95.35,1.25,68.63,4,15.24,160,4
M05109,Bagasse,32.64,7.73,93.02,1.24,65.54,5,13.96,124,4
M05110,Bagasse,32.62,8.86,99.16,1.03,65.81,6,14.41,129,3
M05111,Bagasse,23.82,6.36,94.19,1.32,70.1,4,12.53,117,4
M05112,Bagasse,30.85,6.83,96.21,1.29,75.0,6,14.94,143,6
M05113,Bagasse,25.73,5.33,97.92,1.12,62.13,5,13.17,122,5
M05114,Bagasse,23.16,5.31,91.77,1.0,74.45,6,12.52,110,4
M05115,Bagasse,36.32,7.45,95.14,1.2,70.71,4,13.63,114,3
M05116,Bagasse,36.24,6.51,94.81,1.48,63.13,4,14.97,141,4
M05117,Bagasse,28.69,7.22,94.59,1.07,67.75,6,14.37,136,3
M05118,Bagasse,29.99,8.2,95.44,1.46,64.21,6,14.9,144,5
M05119,Bagasse,25.8,6.48,94.93,1.24,67.18,6,13.38,122,5
M05120,Bagasse,28.76,6.57,97.63,1.06,66.5,5,13.98,132,4
M05121,Bagasse,33.41,6.91,98.24,1.49,60.0,5,14.94,142,4
M05122,Bagasse,21.72,6.25,96.53,1.32,66.25,4,13.32,137,3
M05123,Bagasse,25.92,8.74,98.7,1.35,67.36,5,13.39,126,5
M05124,Bagasse,23.27,6.81,97.3,1.13,66.92,6,13.78,135,6
M05125,Bagasse,24.6,7.02,95.34,1.0,66.39,5,13.36,128,5
M05126,Bagasse,28.29,6.6,94.42,1.33,65.9,4,14.18,141,4
M05127,Bagasse,23.66,8.98,96.96,1.2,69.79,5,12.72,117,5
M05128,Bagasse,31.28,9.0,96.56,1.11,68.51,6,14.73,138,4
M05129,Bagasse,26.23,8.18,95.01,1.46,72.84,4,13.32,128,5
M05130,Bagasse,31.69,9.0,95.19,1.32,75.0,6,14.42,131,4
M05131,Bagasse,30.05,7.06,95.08,1.33,60.0,7,14.81,138,6
M05132,Bagasse,35.58,6.39,97.28,1.24,72.23,4,14.66,136,4
M05133,Bagasse,33.69,9.0,96.04,1.35,70.38,5,14.57,134,5
M05134,Bagasse,29.07,8.52,93.29,1.34,72.36,4,13.76,131,3
M05135,Bagasse,27.48,5.91,92.5,1.47,68.69,5,14.05,136,3
M05136,Bagasse,25.33,6.98,96.28,1.22,72.62,5,12.88,117,5
M05137,Bagasse,33.85,8.48,93.46,1.39,64.22,5,14.59,134,6
M05138,Bagasse,32.2,6.62,96.81,1.31,62.1,5,14.77,141,3
M05139,Bagasse,35.54,8.64,97.08,1.41,69.72,6,14.1,117,5
M05140,Bagasse,31.75,8.97,94.9,1.02,67.03,6,14.12,125,5
M05141,Bagasse,24.13,8.0,94.58,1.43,66.69,5,12.51,112,5
M05142,Bagasse,31.86,4.4,92.58,1.43,69.44,6,15.14,145,4
M05143,Bagasse,32.93,8.97,94.66,1.19,67.64,5,14.14,127,5
M05144,Bagasse,35.8,6.73,98.93,1.5,67.38,5,15.03,139,3
M05145,Bagasse,30.7,8.14,96.98,1.39,69.96,6,15.22,149,5
M05146,Bagasse,30.25,7.89,95.86,1.23,67.33,6,13.57,117,5
M05147,Bagasse,25.55,7.49,94.16,1.21,70.59,4,13.46,132,4
M05148,Bagasse,26.46,5.9,98.97,1.19,68.6,6,12.35,100,5
M05149,Bagasse,26.33,9.0,97.92,1.25,63.49,6,13.98,133,5
M05150,Bagasse,33.15,9.0,95.1,1.23,67.51,4,14.71,142,5
M05151,Bagasse,31.49,5.57,95.0,1.27,67.04,6,15.2,147,4
M05152,Bagasse,29.85,8.69,94.58,1.22,70.88,6,14.43,135,5
M05153,Bagasse,26.8,8.07,98.48,1.41,73.17,4,13.83,137,6
M05154,Bagasse,23.3,6.34,94.14,1.34,69.78,4,14.63,160,5
M05155,Bagasse,28.79,7.48,95.37,1.15,67.35,6,12.58,100,4
M05156,Bagasse,32.37,7.49,95.74,1.28,69.55,5,14.29,131,5
M05157,Bagasse,34.9,7.14,94.28,1.3,70.57,7,14.79,128,3
M05158,Bagasse,24.41,4.0,97.45,1.18,67.55,5,13.39,129,6
M05159,Bagasse,31.35,7.78,98.26,1.24,66.7,4,13.79,127,5
M05160,Bagasse,27.38,8.15,91.42,1.18,66.85,5,13.74,130,6
M05161,Bagasse,26.52,6.36,94.19,1.14,64.84,6,13.55,124,4
M05162,Bagasse,32.49,5.49,96.42,1.37,72.6,6,15.05,142,4
M05163,Bagasse,31.36,8.0,96.85,1.27,68.46,6,13.54,114,5
M05164,Bagasse,28.6,8.66,96.86,1.2,75.0,4,13.81,133,6
M05165,Bagasse,34.11,5.64,95.7,1.21,65.25,6,14.91,136,5
M05166,Bagasse,26.74,7.0,97.13,1.09,65.61,6,14.02,133,4
M05167,Bagasse,32.53,4.69,95.91,1.16,72.42,5,15.75,160,5
M05168,Bagasse,30.06,7.1,94.99,1.36,67.41,7,14.96,141,4
M05169,Bagasse,35.93,6.75,97.23,1.2,67.95,4,13.99,122,5
M05170,Bagasse,34.94,7.91,96.9,1.26,63.77,7,13.99,112,6
M05171,Bagasse,38.65,9.0,97.55,1.5,65.32,6,16.07,150,4
M05172,Bagasse,40.0,8.03,96.29,1.5,74.84,5,16.1,152,3
M05173,Bagasse,32.77,4.4,96.67,1.41,66.64,6,15.23,145,4
M05174,Bagasse,39.57,5.19,94.22,1.28,63.94,6,15.36,134,5
M05175,Bagasse,28.05,9.0,97.76,1.4,60.82,5,13.61,126,6
M05176,Bagasse,29.72,9.0,97.74,1.34,68.02,4,14.17,138,4
M05177,Bagasse,24.96,6.17,97.2,1.3,74.31,4,12.1,106,5
M05178,Bagasse,27.3,7.49,96.86,1.43,67.63,6,13.13,114,5
M05179,Bagasse,29.17,7.44,94.09,1.0,67.46,4,12.52,106,5
M05180,Bagasse,39.52,7.83,94.48,1.34,64.66,5,15.35,138,5
M05181,Bagasse,24.72,7.53,99.17,1.36,69.4,7,13.92,131,3
M05182,Bagasse,31.54,6.92,97.1,1.5,69.77,6,14.15,126,4
M05183,Bagasse,26.05,6.41,93.83,1.22,65.39,6,12.75,109,4
M05184,Bagasse,24.62,9.0,95.48,1.25,63.54,5,12.81,117,3
M05185,Bagasse,33.06,8.59,96.92,1.16,66.66,7,13.21,100,4
M05186,Bagasse,28.39,7.41,94.87,1.39,69.03,8,14.99,141,3
M05187,Bagasse,27.91,7.79,91.92,1.3,64.83,4,12.34,105,4
M05188,Bagasse,32.81,6.74,98.59,1.31,67.18,6,13.78,116,4
M05189,Bagasse,32.9,6.01,91.74,1.26,64.21,5,15.34,151,5
M05190,Bagasse,27.87,6.21,94.51,1.43,63.05,4,14.34,145,3
M05191,Bagasse,30.45,8.51,92.87,1.16,67.04,6,14.14,128,4
M05192,Bagasse,26.21,5.98,96.0,1.17,66.29,4,13.47,131,4
M05193,Bagasse,22.04,5.86,90.98,1.3,68.98,5,13.8,142,5
M05194,Bagasse,23.81,6.52,95.72,1.34,63.36,6,13.08,120,6
M05195,Bagasse,26.76,5.28,96.89,1.0,75.0,5,12.88,114,6
M05196,Bagasse,23.14,5.73,96.3,1.43,60.0,5,11.81,100,4
M05197,Bagasse,32.35,8.11,98.37,1.34,61.57,5,13.44,114,6
M05198,Bagasse,26.07,6.36,99.1,1.16,68.23,6,14.51,144,4
M05199,Bagasse,23.79,6.17,96.54,1.13,67.77,6,15.08,160,5
M05200,Bagasse,37.83,6.89,96.33,1.42,62.85,5,14.78,130,4
M05201,Bagasse,31.74,6.88,96.75,1.04,75.0,6,13.97,122,4
M05202,Bagasse,27.73,7.13,96.81,1.2,74.42,5,13.17,118,4
M05203,Bagasse,23.52,7.48,96.93,1.17,63.09,5,12.0,103,4
M05204,Bagasse,34.56,5.74,95.79,1.4,66.62,7,13.96,112,5
M05205,Bagasse,23.76,4.26,97.71,1.0,67.49,4,12.93,125,5
M05206,Bagasse,27.69,6.02,97.58,1.2,72.64,4,13.52,129,5
M05207,Bagasse,29.14,8.38,90.76,1.1,70.43,5,12.81,108,4
M05208,Bagasse,29.13,7.0,98.09,1.12,70.31,5,14.81,148,7
M05209,Bagasse,30.02,7.67,96.7,1.32,62.8,7,15.3,148,5
M05210,Bagasse,31.96,9.0,98.7,1.41,71.95,5,14.9,144,4
M05211,Bagasse,32.07,6.04,100.0,1.17,66.66,5,13.76,121,3
M05212,Bagasse,35.64,7.36,95.04,1.45,63.01,7,14.46,120,4
M05213,Bagasse,30.63,6.94,97.22,1.3,73.67,4,14.31,139,5
M05214,Bagasse,26.38,6.08,97.24,1.3,66.27,5,12.49,107,5
M05215,Bagasse,25.45,8.06,93.66,1.17,73.58,6,13.45,124,4
M05216,Bagasse,36.57,5.46,99.09,1.26,70.93,6,16.36,160,4
M05217,Bagasse,29.6,7.22,96.42,1.22,67.21,8,14.56,130,5
M05218,Bagasse,31.26,6.82,96.17,1.25,66.29,6,14.88,141,6
M05219,Bagasse,33.16,4.3,94.95,1.22,69.51,6,15.02,140,5
M05220,Bagasse,34.17,6.86,93.6,1.32,72.35,7,13.92,112,4
M05221,Bagasse,31.59,9.0,92.95,1.31,68.14,4,15.46,160,4
M05222,Bagasse,37.67,6.96,94.1,1.17,62.97,4,14.52,129,4
M05223,Bagasse,30.21,7.37,96.05,1.34,70.38,6,12.82,102,4
M05224,Bagasse,21.97,6.43,98.1,1.24,62.77,5,12.85,123,5
M05225,Bagasse,32.59,6.54,95.8,1.46,66.15,7,14.41,125,5
M05226,Bagasse,32.3,5.86,95.53,1.2,72.02,6,15.23,146,4
M05227,Bagasse,34.49,6.23,98.37,1.36,67.88,6,13.15,100,5
M05228,Bagasse,25.5,6.57,95.76,1.29,65.24,4,14.1,145,4
M05229,Bagasse,31.89,6.27,93.03,1.5,65.76,5,13.09,108,5
M05230,Bagasse,35.13,5.91,95.21,1.36,65.39,7,15.91,150,3
M05231,Bagasse,27.04,6.11,95.18,1.0,67.57,6,13.15,115,5
M05232,Bagasse,31.22,4.26,97.72,1.12,66.47,5,13.02,108,6
M05233,Bagasse,32.64,7.17,94.71,1.46,70.71,6,13.71,115,3
M05234,Bagasse,34.57,9.0,92.79,1.5,72.09,4,14.36,132,5
M05235,Bagasse,31.69,7.2,96.76,1.14,65.84,5,15.22,151,5
M05236,Bagasse,20.64,6.54,91.55,1.09,67.18,5,14.01,149,5
M05237,Bagasse,33.25,5.39,95.79,1.3,60.31,5,12.82,100,5
M05238,Bagasse,30.6,9.0,94.73,1.2,71.95,4,13.96,132,4
M05239,Bagasse,33.65,4.94,94.17,1.24,62.4,5,15.02,143,6
M05240,Bagasse,28.22,7.91,94.92,1.42,64.73,4,12.67,111,4
M05241,Bagasse,28.0,8.37,97.77,1.14,70.12,4,12.8,114,3
M05242,Bagasse,37.82,4.35,98.47,1.1,70.4,6,14.63,123,5
M05243,Bagasse,31.04,4.94,95.56,1.02,70.75,7,14.0,120,5
M05244,Bagasse,31.84,5.29,95.78,1.23,64.5,6,14.23,127,7
M05245,Bagasse,32.04,7.06,97.31,1.02,75.0,4,13.5,120,3
M05246,Bagasse,30.56,6.75,94.14,1.37,60.0,6,13.61,117,4
M05247,Bagasse,31.63,7.15,97.15,1.18,70.53,6,14.51,133,5
M05248,Bagasse,27.3,7.28,96.89,1.36,60.7,6,13.83,128,4
M05249,Bagasse,23.5,6.34,93.74,1.21,68.63,5,13.0,123,6
M05250,Bagasse,31.97,7.1,95.31,1.43,74.73,5,13.7,120,3
M05251,Bagasse,23.82,7.06,95.89,1.15,69.09,4,14.43,155,3
M05252,Bagasse,31.9,4.92,94.79,1.48,64.45,6,15.09,144,5
M05253,Bagasse,28.23,8.44,93.98,1.32,69.88,4,13.42,126,4
M05254,Bagasse,38.14,4.68,93.57,1.37,66.0,6,15.71,144,5
M05255,Bagasse,29.74,8.97,97.96,1.2,63.84,6,13.37,114,4
M05256,Bagasse,33.09,5.12,94.57,1.5,64.34,6,15.11,142,3
M05257,Bagasse,24.91,6.82,95.29,1.28,66.32,6,14.04,137,5
M05258,Bagasse,30.43,6.46,98.96,1.13,69.61,4,13.44,122,4
M05259,Bagasse,28.71,9.0,94.57,1.42,71.93,5,14.12,135,5
M05260,Bagasse,27.63,7.8,96.43,1.31,69.98,5,13.01,115,5
M05261,Bagasse,24.09,7.84,94.4,1.25,73.46,7,13.31,120,5
M05262,Bagasse,29.91,5.98,94.33,1.06,70.75,7,14.74,137,4
M05263,Bagasse,25.65,9.0,98.87,1.46,65.83,5,13.91,137,4
M05264,Bagasse,31.34,7.39,93.76,1.06,64.78,5,13.03,108,5
M05265,Bagasse,20.0,6.63,93.75,1.12,65.62,5,13.05,131,5
M05266,Bagasse,29.05,4.04,95.95,1.45,70.84,4,12.91,114,5
M05267,Bagasse,39.71,6.96,95.47,1.27,66.06,5,15.12,133,6
M05268,Bagasse,31.65,7.37,96.39,1.08,72.58,6,15.52,153,5
M05269,Bagasse,28.46,4.74,95.12,1.19,66.04,6,14.1,131,6
M05270,Bagasse,20.82,7.3,96.45,1.15,74.59,4,11.63,105,3
M05271,Bagasse,32.06,8.58,98.55,1.13,60.0,7,15.31,144,5
M05272,Bagasse,28.98,6.53,93.27,1.43,68.36,6,13.7,122,5
M05273,Bagasse,31.34,5.89,97.77,1.01,74.56,4,13.83,128,4
M05274,Bagasse,30.72,7.86,96.03,1.28,68.5,6,15.57,156,5
M05275,Bagasse,24.83,6.61,95.29,1.0,63.07,6,13.58,128,4
M05276,Bagasse,33.66,5.52,92.75,1.1,73.49,6,13.52,109,6
M05277,Bagasse,26.29,8.61,98.46,1.0,69.19,6,12.68,107,5
M05278,Bagasse,20.0,5.7,94.28,1.29,73.42,4,13.0,134,5
M05279,Bagasse,31.66,6.39,94.31,1.34,70.15,5,14.82,143,5
M05280,Bagasse,33.64,6.85,94.76,1.27,69.92,4,14.06,128,6
M05281,Bagasse,28.39,7.3,97.35,1.31,62.36,5,13.49,123,5
M05282,Bagasse,25.78,5.46,97.33,1.3,71.21,6,13.13,117,4
M05283,Bagasse,33.69,8.18,99.58,1.45,65.65,5,14.22,127,5
M05284,Bagasse,24.54,7.05,90.21,1.01,64.63,4,12.85,122,3
M05285,Bagasse,21.92,8.66,99.25,1.4,67.0,7,13.04,119,4
M05286,Bagasse,38.39,8.63,95.66,1.26,66.43,5,14.19,117,4
M05287,Bagasse,31.48,7.37,93.22,1.5,72.86,5,13.95,126,5
M05288,Bagasse,24.85,8.36,97.45,1.15,68.5,5,12.54,111,5
M05289,Bagasse,26.73,7.6,97.54,1.1,75.0,5,13.47,126,4
M05290,Bagasse,28.99,6.51,94.65,1.4,61.46,5,15.15,155,4
M05291,Bagasse,35.33,8.27,94.65,1.43,66.04,6,14.28,121,5
M05292,Bagasse,29.99,5.82,98.25,1.18,73.17,5,15.5,160,3
M05293,Bagasse,24.76,6.95,94.87,1.29,72.02,4,13.88,142,3
M05294,Bagasse,28.65,8.71,95.57,1.22,70.98,5,13.52,123,5
M05295,Bagasse,35.1,8.4,94.91,1.15,67.39,6,13.96,115,4
M05296,Bagasse,31.28,6.57,97.79,1.12,68.5,5,13.38,115,3
M05297,Bagasse,25.91,6.36,95.06,1.16,70.87,5,13.39,126,4
M05298,Bagasse,33.31,6.85,95.64,1.31,70.2,7,14.63,128,5
M05299,Bagasse,31.52,7.36,96.99,1.34,71.51,4,13.0,111,4
M05300,Bagasse,32.05,7.08,98.72,1.24,67.14,5,12.76,101,6
M05301,Bagasse,38.6,6.12,94.88,1.34,71.51,5,16.01,153,4
M05302,Bagasse,20.61,6.0,96.1,1.0,66.28,5,13.36,136,6
M05303,Bagasse,32.49,6.62,96.75,1.35,68.55,6,14.4,129,4
M05304,Bagasse,26.7,6.45,96.17,1.09,67.06,8,15.77,160,5
M05305,Bagasse,28.04,7.26,97.26,1.3,72.62,6,15.5,160,5
M05306,Bagasse,32.45,6.72,95.03,1.25,69.58,6,15.14,144,3
M05307,Bagasse,33.45,6.2,96.23,1.5,67.64,5,14.05,124,3
M05308,Bagasse,31.78,9.0,98.0,1.27,65.52,6,13.73,117,5
M05309,Bagasse,36.77,5.32,99.29,1.16,70.69,5,15.03,137,5
M05310,Bagasse,36.88,7.48,98.34,1.07,74.64,6,14.34,119,6
M05311,Bagasse,28.78,6.93,97.31,1.3,75.0,4,12.73,111,5
M05312,Bagasse,35.7,5.94,95.65,1.4,67.9,6,14.77,130,4
M05313,Bagasse,30.92,7.82,96.44,1.02,64.84,6,13.44,113,5
M05314,Bagasse,29.79,6.5,95.12,1.31,71.23,5,13.93,129,5
M05315,Bagasse,28.38,5.59,96.43,1.1,65.0,5,14.29,139,4
M05316,Bagasse,27.57,6.25,95.31,1.21,66.21,5,13.36,122,5
M05317,Bagasse,36.38,8.08,99.73,1.5,75.0,5,15.49,147,4
M05318,Bagasse,25.72,4.53,95.28,1.23,69.82,6,15.12,157,6
M05319,Bagasse,25.84,9.0,97.52,1.28,63.04,7,13.83,127,4
M05320,Bagasse,26.22,4.18,97.96,1.18,66.19,5,13.12,120,4
M05321,Bagasse,37.76,6.99,96.39,1.33,75.0,6,15.13,133,3
M05322,Bagasse,28.17,5.93,97.48,1.04,67.93,6,13.62,122,3
M05323,Bagasse,34.93,8.02,95.41,1.42,66.95,5,15.04,141,4
M05324,Bagasse,26.34,5.55,94.14,1.19,70.38,6,13.58,125,6
M05325,Bagasse,27.31,7.17,94.77,1.28,72.72,6,13.38,119,5
M05326,Bagasse,33.41,8.6,96.21,1.22,66.07,6,15.19,143,5
M05327,Bagasse,36.0,6.03,95.24,1.28,66.25,6,14.35,121,5
M05328,Bagasse,29.3,7.37,92.13,1.0,69.75,6,14.18,131,4
M05329,Bagasse,28.63,6.39,92.7,1.05,72.43,7,12.76,100,4
M05330,Bagasse,27.52,7.71,94.32,1.21,73.1,8,14.0,123,4
M05331,Bagasse,40.0,7.37,96.98,1.23,67.73,5,14.95,129,5
M05332,Bagasse,33.93,6.95,95.95,1.47,70.82,6,15.44,147,5
M05333,Bagasse,40.0,5.08,98.12,1.5,64.28,4,13.75,109,5
M05334,Bagasse,28.54,9.0,98.9,1.36,65.26,5,13.45,122,4
M05335,Bagasse,25.76,6.34,95.88,1.0,68.99,4,12.83,119,6
M05336,Bagasse,25.26,7.69,98.0,1.2,69.25,6,13.38,123,5
M05337,Bagasse,35.71,7.51,93.76,1.3,75.0,7,14.67,124,4
M05338,Bagasse,31.56,6.06,92.26,1.5,66.73,5,13.96,126,5
M05339,Bagasse,21.26,5.96,95.62,1.08,69.32,6,13.83,140,4
M05340,Bagasse,27.19,8.65,97.91,1.28,75.0,5,13.37,123,3
M05341,Bagasse,29.84,6.99,96.39,1.19,72.9,6,13.28,112,4
M05342,Bagasse,23.66,8.08,96.08,1.29,66.62,5,12.92,121,4
M05343,Bagasse,24.3,6.8,98.19,1.24,71.3,6,14.13,140,4
M05344,Bagasse,29.04,5.79,96.5,1.05,63.98,5,14.9,150,3
M05345,Bagasse,28.11,7.26,93.16,1.21,61.68,5,13.56,125,4
M05346,Bagasse,20.0,6.37,93.03,1.0,75.0,6,11.7,100,6
M05347,Bagasse,21.96,6.48,95.33,1.2,71.93,5,12.8,122,4
M05348,Bagasse,40.0,7.04,94.58,1.1,68.78,6,14.5,116,5
M05349,Bagasse,26.17,7.23,99.3,1.26,70.64,5,14.52,148,5
M05350,Bagasse,28.21,7.59,95.83,1.0,62.74,5,12.97,113,4
M05351,Bagasse,40.0,7.01,95.93,1.15,68.79,6,15.75,141,4
M05352,Bagasse,29.85,6.4,98.27,1.42,70.3,7,13.63,115,4
M05353,Bagasse,25.58,5.61,95.31,1.27,67.92,4,13.26,128,3
M05354,Bagasse,28.23,4.87,95.2,1.29,64.38,4,13.72,132,6
M05355,Bagasse,32.27,5.96,96.11,1.25,72.25,5,14.63,138,6
M05356,Bagasse,40.0,7.21,92.07,1.28,68.24,5,14.7,124,6
M05357,Bagasse,32.05,5.76,96.39,1.34,62.89,6,13.55,113,4
M05358,Bagasse,29.35,7.24,95.55,1.24,73.54,7,13.34,110,5
M05359,Bagasse,31.78,7.32,91.48,1.24,70.79,5,13.83,123,5
M05360,Bagasse,27.62,6.59,98.11,1.48,65.2,7,14.46,136,5
M05361,Bagasse,29.5,5.87,93.77,1.19,68.15,6,13.45,116,4
M05362,Bagasse,33.7,6.07,92.58,1.04,65.31,4,13.42,115,4
M05363,Bagasse,34.45,6.69,93.01,1.5,66.39,6,14.64,130,4
M05364,Bagasse,24.3,7.21,92.28,1.19,67.02,5,13.93,140,5
M05365,Bagasse,39.24,7.17,97.52,1.24,60.0,5,14.37,119,5
M05366,Bagasse,27.29,6.82,100.0,1.17,69.89,5,15.08,157,5
M05367,Bagasse,25.78,8.25,96.39,1.23,69.21,5,12.63,111,4
M05368,Bagasse,31.37,6.11,93.97,1.22,74.07,7,14.29,125,4
M05369,Bagasse,31.08,7.74,97.33,1.38,63.55,4,14.26,137,4
M05370,Bagasse,26.29,5.72,96.07,1.34,72.06,7,12.63,102,5
M05371,Bagasse,36.12,6.04,99.76,1.12,70.6,5,14.36,125,5
M05372,Bagasse,38.24,9.0,97.17,1.16,73.74,6,15.12,132,4
M05373,Bagasse,26.26,8.0,93.41,1.09,70.87,5,13.98,137,3
M05374,Bagasse,39.92,8.11,96.75,1.5,71.74,6,15.69,140,5
M05375,Bagasse,23.82,6.78,93.58,1.06,71.08,7,13.58,126,4
M05376,Bagasse,36.69,7.34,100.0,1.24,65.18,5,14.87,134,5
M05377,Bagasse,28.73,7.13,96.32,1.36,65.35,7,14.12,127,6
M05378,Bagasse,21.04,6.51,95.21,1.41,71.45,6,13.45,133,6
M05379,Bagasse,27.06,6.36,95.35,1.3,67.11,4,12.51,110,3
M05380,Bagasse,33.31,7.06,96.86,1.5,67.4,7,14.28,121,3
M05381,Bagasse,34.35,6.14,96.19,1.48,69.39,7,15.24,138,3
M05382,Bagasse,29.31,5.85,97.05,1.0,73.42,8,14.58,131,5
M05383,Bagasse,29.31,7.41,94.71,1.42,75.0,5,14.43,140,6
M05384,Bagasse,27.27,5.71,90.34,1.19,65.14,6,13.53,122,3
M05385,Bagasse,38.56,7.52,95.5,1.5,60.0,6,15.31,135,4
M05386,Bagasse,26.89,8.62,92.04,1.32,68.94,6,14.19,136,6
M05387,Bagasse,37.85,7.47,100.0,1.28,75.0,6,14.89,128,4
M05388,Bagasse,27.21,7.01,93.65,1.34,73.88,7,13.82,124,7
M05389,Bagasse,27.78,4.0,96.9,1.17,65.43,7,14.68,140,5
M05390,Bagasse,39.28,6.81,93.15,1.3,70.91,7,14.53,114,3
M05391,Bagasse,25.33,6.89,98.4,1.45,65.46,6,14.58,147,4
M05392,Bagasse,35.44,8.0,99.58,1.5,70.38,7,14.94,130,3
M05393,Bagasse,33.54,7.57,97.96,1.1,67.61,6,14.7,133,4
M05394,Bagasse,26.39,6.08,96.63,1.32,67.84,5,15.14,160,4
M05395,Bagasse,36.88,8.74,96.9,1.5,61.41,5,13.44,105,5
M05396,Bagasse,33.67,6.38,94.57,1.14,71.8,6,14.42,127,6
M05397,Bagasse,35.56,6.06,94.84,1.46,67.32,5,13.56,110,3
M05398,Bagasse,27.84,7.47,96.68,1.44,63.31,6,12.58,102,6
M05399,Bagasse,36.37,7.12,94.11,1.41,60.69,6,14.74,128,3
M05400,Bagasse,26.86,8.69,93.96,1.06,74.27,6,12.39,100,5
M05401,Bagasse,32.95,6.21,99.09,1.41,68.73,5,13.29,110,3
M05402,Bagasse,35.51,6.85,98.48,1.28,67.45,6,14.55,126,4
M05403,Bagasse,26.91,8.09,92.27,1.34,65.88,4,12.69,114,4
M05404,Bagasse,35.02,6.42,98.26,1.37,68.5,5,14.4,128,7
M05405,Bagasse,28.28,8.1,91.96,1.22,67.69,5,13.43,122,4
M05406,Bagasse,26.13,8.06,95.86,1.27,64.74,5,14.11,140,6
M05407,Bagasse,26.98,7.07,96.82,1.05,68.43,5,13.1,118,6
M05408,Bagasse,35.92,7.76,92.87,1.21,63.99,5,14.49,128,4
M05409,Bagasse,30.94,7.8,95.84,1.04,66.88,5,14.29,134,4
M05410,Bagasse,28.34,8.99,94.23,1.0,65.15,6,14.73,144,7
M05411,Bagasse,32.53,6.17,94.03,1.04,67.49,5,14.65,138,6
M05412,Bagasse,28.53,4.87,95.86,1.32,65.61,6,13.85,126,4
M05413,Bagasse,34.91,7.21,96.93,1.4,67.99,5,15.74,155,5
M05414,Bagasse,37.91,6.01,95.81,1.34,71.18,5,15.19,138,4
M05415,Bagasse,36.58,7.94,95.98,1.33,63.91,5,14.76,132,4
M05416,Bagasse,32.4,7.49,94.88,1.23,66.89,6,13.69,115,6
M05417,Bagasse,25.14,5.94,97.45,1.19,70.52,5,14.26,145,3
M05418,Bagasse,32.26,7.89,97.1,1.12,75.0,7,13.33,104,4
M05419,Bagasse,22.29,7.34,94.73,1.16,69.66,5,12.63,118,3
M05420,Bagasse,20.0,9.0,96.16,1.09,71.0,6,14.55,157,5
M05421,Bagasse,28.29,6.78,99.84,1.34,71.6,5,13.73,128,5
M05422,Bagasse,30.83,9.0,98.23,1.2,66.07,5,13.08,110,6
M05423,Bagasse,29.38,5.82,95.22,1.22,67.76,6,13.04,108,4
M05424,Bagasse,32.33,6.45,99.98,1.27,64.51,5,15.73,160,4
M05425,Bagasse,26.19,8.66,95.56,1.27,67.19,5,13.97,137,5
M05426,Bagasse,25.15,7.08,97.01,1.23,68.97,5,13.52,130,3
M05427,Bagasse,36.12,7.04,95.04,1.37,69.46,5,13.96,117,4
M05428,Bagasse,34.57,6.59,96.29,1.39,68.93,7,13.91,111,4
M05429,Bagasse,26.18,6.59,100.0,1.16,65.92,8,13.62,118,4
M05430,Bagasse,24.54,7.11,94.0,1.34,67.91,6,14.9,155,5
M05431,Bagasse,21.79,8.44,95.4,1.09,69.68,8,14.08,136,4
M05432,Bagasse,27.99,7.54,97.0,1.08,65.59,6,14.3,136,4
M05433,Bagasse,23.68,8.78,94.21,1.16,74.8,7,12.62,107,5
M05434,Bagasse,27.53,4.49,92.74,1.13,68.51,6,13.65,124,3
M05435,Bagasse,40.0,7.66,98.61,1.33,72.85,5,14.8,126,3
M05436,Bagasse,26.08,8.88,96.18,1.27,75.0,6,15.31,160,3
M05437,Bagasse,32.86,6.16,94.21,1.13,73.57,7,14.89,134,5
M05438,Bagasse,26.89,8.81,96.21,1.11,69.55,5,13.39,124,5
M05439,Bagasse,26.72,5.15,93.82,1.18,69.84,6,13.72,127,6
M05440,Bagasse,35.72,4.92,94.22,1.45,67.82,6,14.22,119,5
M05441,Bagasse,24.82,5.35,98.67,1.43,65.8,6,12.83,113,4
M05442,Bagasse,30.53,6.78,98.1,1.34,64.42,6,14.2,129,5
M05443,Bagasse,22.37,6.17,94.99,1.21,65.41,6,12.94,120,5
M05444,Bagasse,28.43,8.38,92.38,1.2,63.93,6,13.59,121,5
M05445,Bagasse,27.24,4.0,94.47,1.21,74.64,5,14.27,141,5
M05446,Bagasse,26.56,6.55,94.88,1.24,67.21,5,14.61,149,6
M05447,Bagasse,24.84,6.31,97.29,1.03,71.15,6,14.33,143,3
M05448,Bagasse,31.07,7.01,97.85,1.1,65.46,5,13.61,120,5
M05449,Bagasse,38.31,7.47,91.83,1.08,73.94,5,16.33,160,3
M05450,Bagasse,22.69,7.99,95.44,1.36,66.47,4,13.92,147,5
M05451,Bagasse,32.25,5.87,97.19,1.5,68.7,5,15.03,146,5
M05452,Bagasse,28.52,9.0,96.39,1.0,66.87,6,13.35,116,4
M05453,Bagasse,33.77,6.0,99.26,1.5,69.89,6,14.83,135,6
M05454,Bagasse,26.4,6.77,96.09,1.4,65.47,7,14.84,146,3
M05455,Bagasse,29.16,5.71,94.89,1.25,68.35,6,14.07,129,3
M05456,Bagasse,31.73,4.78,98.36,1.45,66.86,5,13.32,113,3
M05457,Bagasse,32.99,5.59,99.71,1.4,71.52,4,14.05,129,3
M05458,Bagasse,32.13,8.41,96.85,1.37,67.37,5,14.51,136,4
M05459,Bagasse,31.76,7.83,94.77,1.35,67.73,5,14.68,140,4
M05460,Bagasse,31.07,7.37,95.12,1.12,64.82,5,14.41,136,5
M05461,Bagasse,33.72,6.47,97.85,1.04,68.25,5,15.12,145,4
M05462,Bagasse,32.5,9.0,95.86,1.21,67.06,5,14.9,143,4
M05463,Bagasse,33.99,9.0,96.91,1.38,63.62,6,15.35,145,5
M05464,Bagasse,20.62,8.05,98.07,1.29,67.26,7,11.96,100,4
M05465,Bagasse,25.99,6.2,96.23,1.28,65.38,6,14.0,134,3
M05466,Bagasse,20.51,7.73,98.13,1.27,68.89,6,12.8,121,5
M05467,Bagasse,28.67,6.45,97.35,1.19,70.69,4,13.77,132,6
M05468,Bagasse,25.69,9.0,95.68,1.31,65.79,5,13.77,134,4
M05469,Bagasse,24.96,7.57,95.15,1.13,66.74,5,12.9,118,3
M05470,Bagasse,25.83,8.36,95.47,1.08,67.66,5,12.63,111,5
M05471,Bagasse,27.32,7.27,91.98,1.33,67.41,6,13.68,125,3
M05472,Bagasse,28.78,6.75,96.54,1.49,71.32,5,15.18,156,5
M05473,Bagasse,27.51,6.05,96.54,1.15,66.84,6,13.35,118,5
M05474,Bagasse,30.63,6.99,98.02,1.45,65.67,6,15.16,148,5
M05475,Bagasse,33.59,9.0,96.28,1.14,64.84,5,14.66,136,5
M05476,Bagasse,29.87,8.4,93.34,1.31,65.15,5,13.79,126,5
M05477,Bagasse,32.92,7.05,94.67,1.32,70.24,6,14.79,136,6
M05478,Bagasse,27.62,6.25,92.89,1.0,75.0,4,12.06,100,4
M05479,Bagasse,29.43,9.0,96.16,1.44,66.26,6,14.64,140,6
M05480,Bagasse,36.46,6.83,94.84,1.26,68.58,4,14.9,139,5
M05481,Bagasse,20.0,8.8,96.25,1.03,71.74,5,12.45,119,5
M05482,Bagasse,25.23,6.4,99.47,1.41,72.75,6,13.82,132,5
M05483,Bagasse,31.96,6.81,97.03,1.22,70.09,6,14.7,136,4
M05484,Bagasse,30.38,5.63,95.41,1.28,71.12,5,13.84,126,3
M05485,Bagasse,21.84,7.45,91.0,1.19,72.41,5,13.23,131,6
M05486,Bagasse,37.34,5.86,93.09,1.5,74.0,4,15.93,158,5
M05487,Bagasse,33.49,9.0,95.18,1.19,63.47,5,14.05,124,4
M05488,Bagasse,20.54,7.06,95.06,1.2,72.32,8,13.85,134,4
M05489,Bagasse,30.66,9.0,96.02,1.41,72.94,6,13.47,114,3
M05490,Bagasse,30.74,7.62,98.27,1.21,67.12,7,14.12,123,6
M05491,Bagasse,25.27,6.44,97.63,1.21,75.0,8,15.08,149,6
M05492,Bagasse,32.54,5.98,94.24,1.19,68.53,6,13.45,110,6
M05493,Bagasse,35.38,7.6,99.5,1.33,70.64,5,16.04,160,4
M05494,Bagasse,33.54,5.37,95.88,1.26,72.46,5,13.9,121,4
M05495,Bagasse,38.1,7.71,96.87,1.23,71.68,5,14.56,125,5
M05496,Bagasse,28.82,7.01,100.0,1.26,68.44,6,15.58,160,4
M05497,Bagasse,31.96,7.23,94.6,1.42,73.84,6,13.35,109,4
M05498,Bagasse,32.68,4.88,98.46,1.18,69.96,5,13.32,111,6
M05499,Bagasse,29.25,8.1,96.46,1.25,73.53,8,14.08,121,5
M05500,Bagasse,29.37,7.53,95.77,1.39,71.36,7,14.84,140,4
M05501,Bagasse,32.19,6.73,97.73,1.37,64.34,6,14.97,141,4
M05502,Bagasse,35.72,6.4,93.26,1.38,75.0,4,13.62,115,4
M05503,Bagasse,34.55,9.0,100.0,1.35,67.98,6,14.55,128,5
M05504,Bagasse,29.78,6.4,97.6,1.0,61.9,4,13.38,122,4
M05505,Bagasse,21.38,8.94,98.27,1.16,68.49,5,13.34,134,6
M05506,Bagasse,32.78,4.98,98.54,1.14,73.28,6,14.93,139,5
M05507,Bagasse,26.16,9.0,98.26,1.46,68.11,5,15.02,158,3
M05508,Bagasse,28.71,6.45,97.36,1.08,64.45,4,14.77,152,5
M05509,Bagasse,28.85,6.73,92.11,1.19,71.67,6,15.14,151,3
M05510,Bagasse,36.91,6.89,96.72,1.15,70.39,4,15.89,158,4
M05511,Bagasse,27.88,8.89,99.5,1.14,65.87,7,12.69,100,4
M05512,Bagasse,25.76,5.63,96.28,1.17,67.15,4,14.38,150,3
M05513,Bagasse,22.4,6.86,96.61,1.29,65.72,6,13.94,140,4
M05514,Bagasse,20.16,6.78,95.75,1.24,63.86,4,13.97,153,3
M05515,Bagasse,29.65,5.79,95.29,1.32,70.63,6,13.91,125,5
M05516,Bagasse,30.63,9.0,92.31,1.46,73.09,4,13.66,126,5
M05517,Bagasse,31.84,5.54,95.49,1.11,70.27,6,14.08,124,4
M05518,Bagasse,40.0,6.38,96.31,1.43,71.11,6,15.1,128,3
M05519,Bagasse,27.19,8.51,99.11,1.03,69.64,4,13.02,120,4
M05520,Bagasse,32.16,6.08,98.7,1.04,68.12,6,13.67,115,4
M05521,Bagasse,32.92,9.0,94.57,1.5,60.0,5,14.24,129,6
M05522,Bagasse,33.64,7.37,93.57,1.3,64.08,6,14.46,128,5
M05523,Bagasse,31.86,7.22,95.8,1.04,64.87,5,14.79,142,4
M05524,Bagasse,35.87,6.97,95.12,1.27,62.1,7,14.39,118,4
M05525,Bagasse,27.52,9.0,96.08,1.14,75.0,6,14.35,138,5
M05526,Bagasse,32.6,6.99,95.94,1.31,62.71,6,15.61,153,5
M05527,Bagasse,35.29,8.55,96.36,1.15,74.05,6,15.03,136,5
M05528,Bagasse,26.08,6.77,95.33,1.24,70.09,5,12.96,117,5
M05529,Bagasse,32.07,6.16,96.5,1.26,66.87,5,14.16,129,5
M05530,Bagasse,28.0,6.42,93.79,1.43,62.98,5,15.3,160,3
M05531,Bagasse,32.96,7.06,99.49,1.04,75.0,5,12.8,100,5
M05532,Bagasse,31.17,8.71,96.29,1.35,64.05,4,13.97,131,4
M05533,Bagasse,32.19,7.05,100.0,1.24,75.0,5,14.32,132,3
M05534,Bagasse,35.22,8.79,97.52,1.5,67.47,4,13.62,116,5
M05535,Bagasse,33.07,6.66,91.15,1.19,71.31,7,13.96,115,3
M05536,Bagasse,40.0,5.85,94.29,1.36,75.0,7,15.35,129,3
M05537,Bagasse,28.28,8.28,96.2,1.21,67.82,5,13.03,114,4
M05538,Bagasse,35.05,6.78,95.72,1.25,70.07,7,14.46,121,4
M05539,Bagasse,24.47,8.45,97.22,1.18,63.77,5,12.95,120,6
M05540,Bagasse,23.76,6.89,95.66,1.21,67.09,6,14.18,142,5
M05541,Bagasse,26.99,8.61,98.87,1.3,67.61,7,13.85,125,5
M05542,Bagasse,32.98,9.0,96.06,1.17,63.14,5,13.7,118,6
M05543,Bagasse,35.74,7.15,96.63,1.49,63.97,4,14.07,124,3
M05544,Bagasse,35.78,7.1,94.27,1.2,63.92,5,14.38,126,5
M05545,Bagasse,35.94,5.52,97.08,1.06,74.98,5,13.89,116,4
M05546,Bagasse,29.36,8.44,99.33,1.47,69.85,5,13.29,117,5
M05547,Bagasse,31.03,8.01,96.06,1.23,68.07,7,14.75,135,5
M05548,Bagasse,23.88,7.04,94.12,1.38,71.25,6,12.09,100,4
M05549,Bagasse,36.1,6.77,95.51,1.5,64.67,5,13.71,112,3
M05550,Bagasse,25.32,6.5,94.87,1.36,71.49,5,13.83,136,3
M05551,Bagasse,36.21,6.91,94.98,1.35,67.96,5,14.57,129,3
M05552,Bagasse,29.45,8.07,95.52,1.09,71.03,4,12.3,101,5
M05553,Bagasse,40.0,4.64,97.56,1.5,64.41,5,15.3,136,7
M05554,Bagasse,30.02,8.83,95.08,1.27,72.36,5,13.85,127,4
M05555,Bagasse,33.78,5.15,94.44,1.44,74.23,4,15.53,157,6
M05556,Bagasse,29.82,5.83,98.24,1.12,69.98,7,13.68,116,5
M05557,Bagasse,28.28,7.06,97.42,1.29,62.9,7,15.23,150,4
M05558,Bagasse,33.15,7.79,97.43,1.07,72.76,6,14.11,122,5
M05559,Bagasse,34.82,5.95,99.29,1.18,68.2,5,14.73,135,5
M05560,Bagasse,24.24,8.88,97.76,1.0,66.38,5,12.87,119,4
M05561,Bagasse,24.79,5.84,97.5,1.38,63.04,7,12.83,109,4
M05562,Bagasse,32.61,7.85,99.24,1.41,62.92,5,13.71,119,3
M05563,Bagasse,20.0,6.77,95.78,1.18,67.68,8,13.15,121,5
M05564,Bagasse,34.32,7.23,95.27,1.06,68.34,7,15.48,143,5
M05565,Bagasse,29.43,5.45,95.95,1.22,65.13,4,14.14,138,5
M05566,Bagasse,22.92,6.68,98.12,1.16,65.83,4,13.39,136,4
M05567,Bagasse,27.06,8.18,93.09,1.47,73.23,4,13.91,138,7
M05568,Bagasse,22.32,8.23,94.07,1.25,66.0,6,12.88,119,5
M05569,Bagasse,26.13,5.81,98.84,1.18,64.37,6,14.81,150,3
M05570,Bagasse,37.48,5.18,99.01,1.5,62.44,5,15.95,154,6
M05571,Bagasse,23.23,5.54,91.57,1.34,70.09,7,12.52,106,5
M05572,Bagasse,31.37,4.0,94.25,1.04,65.7,4,14.04,132,4
M05573,Bagasse,28.79,7.95,95.49,1.34,66.87,6,14.83,145,5
M05574,Bagasse,30.32,4.96,96.05,1.3,70.07,7,14.23,126,5
M05575,Bagasse,34.67,6.39,98.74,1.2,71.51,4,14.37,132,4
M05576,Bagasse,24.33,6.17,97.37,1.44,66.38,6,12.18,101,5
M05577,Bagasse,25.01,7.47,97.14,1.23,73.78,6,13.2,120,4
M05578,Bagasse,23.04,6.29,95.42,1.35,72.64,5,13.05,125,6
M05579,Bagasse,34.83,7.36,93.87,1.08,68.97,4,14.53,135,6
M05580,Bagasse,29.65,7.76,97.86,1.0,65.02,6,12.66,100,3
M05581,Bagasse,35.52,6.6,97.16,1.06,65.3,6,13.65,108,4
M05582,Bagasse,26.17,5.22,97.06,1.16,68.84,5,13.07,119,6
M05583,Bagasse,24.4,6.92,98.17,1.34,64.64,6,14.34,144,4
M05584,Bagasse,28.15,8.03,96.09,1.27,71.94,4,13.21,122,4
M05585,Bagasse,34.15,5.61,93.09,1.12,64.88,7,13.37,101,3
M05586,Bagasse,34.46,9.0,96.01,1.5,72.54,6,15.15,140,3
M05587,Bagasse,30.36,9.0,96.26,1.5,65.88,7,15.24,146,5
M05588,Bagasse,20.29,8.46,96.17,1.22,62.53,5,12.13,112,6
M05589,Bagasse,29.33,8.35,96.77,1.26,67.0,4,13.68,129,4
M05590,Bagasse,23.18,6.83,100.0,1.04,68.11,6,13.72,134,5
M05591,Bagasse,34.95,6.7,95.74,1.5,69.46,7,14.25,117,3
M05592,Bagasse,28.98,4.86,97.25,1.38,64.49,5,13.7,126,4
M05593,Bagasse,27.91,7.8,96.2,1.21,69.96,5,12.54,105,4
M05594,Bagasse,28.1,9.0,96.16,1.24,74.03,6,12.96,109,5
M05595,Bagasse,23.65,9.0,99.67,1.01,67.93,4,13.37,134,4
M05596,Bagasse,32.13,5.46,96.73,1.04,70.43,5,13.51,116,5
M05597,Bagasse,27.18,8.76,98.0,1.47,73.04,6,13.47,121,3
M05598,Bagasse,29.36,8.61,100.0,1.27,67.58,7,13.89,121,6
M05599,Bagasse,35.36,5.98,94.37,1.08,60.95,4,14.04,124,6
M05600,Bagasse,33.83,7.94,98.67,1.39,69.56,6,15.08,140,5
M05601,Bagasse,33.28,7.88,100.0,1.15,72.79,4,13.58,119,4
M05602,Bagasse,40.0,6.22,96.54,1.34,65.63,6,14.85,123,5
M05603,Bagasse,27.93,5.97,94.36,1.31,66.15,5,14.59,146,5
M05604,Bagasse,24.92,5.92,95.04,1.0,62.81,5,14.29,146,5
M05605,Bagasse,35.31,9.0,95.89,1.37,75.0,6,14.53,126,3
M05606,Bagasse,33.03,7.81,95.7,1.41,65.64,6,13.45,109,6
M05607,Bagasse,28.78,7.71,93.86,1.21,63.55,4,13.93,135,5
M05608,Bagasse,32.71,9.0,97.89,1.35,68.72,6,14.37,128,6
M05609,Bagasse,34.99,7.6,93.51,1.5,67.23,4,13.2,108,4
M05610,Bagasse,36.47,5.57,97.77,1.47,74.31,6,15.35,140,5
M05611,Bagasse,28.67,6.72,95.71,1.12,72.21,6,14.52,139,4
M05612,Bagasse,26.86,7.46,98.5,1.34,62.12,6,13.59,124,6
M05613,Bagasse,34.91,9.0,95.3,1.22,75.0,5,12.99,100,6
M05614,Bagasse,27.21,8.06,94.21,1.18,69.14,5,12.22,100,5
M05615,Bagasse,37.02,7.06,99.59,1.14,61.27,7,15.75,143,4
M05616,Bagasse,28.03,8.44,97.21,1.34,68.57,5,13.1,116,5
M05617,Bagasse,35.06,8.64,100.0,1.26,67.91,6,14.16,119,6
M05618,Bagasse,32.61,5.15,99.1,1.3,66.85,7,13.21,101,5
M05619,Bagasse,20.0,6.99,94.8,1.0,65.87,6,13.2,130,5
M05620,Bagasse,27.03,9.0,94.56,1.07,67.51,6,13.65,125,4
M05621,Bagasse,28.81,6.83,99.07,1.49,65.63,5,13.08,114,5
M05622,Bagasse,20.0,4.92,96.35,1.34,65.52,6,14.2,150,3
M05623,Bagasse,34.02,7.91,95.6,1.25,74.46,8,14.9,128,5
M05624,Bagasse,31.96,8.31,96.46,1.37,70.39,6,14.55,133,5
M05625,Bagasse,35.02,6.72,100.0,1.46,66.79,5,14.0,120,4
M05626,Bagasse,23.01,5.17,92.61,1.04,71.17,8,13.8,128,5
M05627,Bagasse,30.14,5.29,97.28,1.33,71.33,6,14.66,139,5
M05628,Bagasse,27.81,6.41,95.01,1.1,68.52,6,14.48,140,5
M05629,Bagasse,23.93,5.61,94.63,1.33,72.13,5,13.49,132,4
M05630,Bagasse,29.03,6.52,94.07,1.16,74.96,8,13.0,100,4
M05631,Bagasse,36.07,6.25,93.6,1.5,63.19,6,14.91,132,3
M05632,Bagasse,36.23,6.71,93.96,1.31,61.77,8,15.12,128,4
M05633,Bagasse,27.61,6.56,98.15,1.37,60.15,6,13.81,127,6
M05634,Bagasse,34.24,8.39,97.26,1.23,68.0,6,13.52,108,3
M05635,Bagasse,28.98,8.36,97.81,1.49,67.27,6,13.9,126,5
M05636,Bagasse,28.33,7.54,95.96,1.2,69.82,6,14.63,142,4
M05637,Bagasse,30.01,5.49,96.66,1.25,66.07,5,13.05,111,5
M05638,Bagasse,29.86,6.86,96.15,1.19,64.8,6,13.94,125,4
M05639,Bagasse,31.09,9.0,97.05,1.35,66.7,6,13.51,114,5
M05640,Bagasse,28.92,4.48,94.82,1.2,67.09,6,14.14,131,4
M05641,Bagasse,34.7,7.07,98.7,1.21,62.02,6,14.12,119,5
M05642,Bagasse,36.76,6.93,95.73,1.48,72.97,5,14.58,128,3
M05643,Bagasse,36.44,7.12,100.0,1.5,70.5,6,15.94,152,4
M05644,Bagasse,40.0,9.0,95.09,1.38,66.85,5,13.5,100,4
M05645,Bagasse,25.54,7.11,97.48,1.11,71.19,4,12.55,114,4
M05646,Bagasse,30.43,8.51,93.4,1.37,73.21,6,13.69,119,5
M05647,Bagasse,26.81,7.28,92.73,1.25,75.0,5,13.63,129,4
M05648,Bagasse,39.41,9.0,94.32,1.45,72.49,6,15.24,132,4
M05649,Bagasse,22.31,6.53,94.09,1.27,67.42,5,12.43,114,4
M05650,Bagasse,34.5,7.05,96.84,1.04,64.38,5,14.25,126,4
M05651,Bagasse,35.59,6.97,95.33,1.22,60.0,8,14.06,108,4
M05652,Bagasse,21.77,7.34,97.16,1.39,67.2,5,12.93,125,5
M05653,Bagasse,33.05,5.48,92.98,1.23,68.83,4,14.3,134,5
M05654,Bagasse,31.0,5.41,100.0,1.26,69.68,6,15.15,147,5
M05655,Bagasse,29.57,5.66,99.52,1.0,65.95,6,12.91,105,4
M05656,Bagasse,28.69,4.56,98.63,1.17,62.9,5,13.52,123,4
M05657,Bagasse,39.79,5.69,98.65,1.33,66.17,8,14.93,117,4
M05658,Bagasse,37.08,5.45,96.38,1.46,71.42,5,14.11,118,6
M05659,Bagasse,23.12,6.58,97.52,1.31,60.52,6,12.36,107,3
M05660,Bagasse,34.1,4.0,95.29,1.18,68.47,5,14.01,122,4
M05661,Bagasse,24.37,6.67,96.78,1.36,67.42,4,12.89,123,5
M05662,Bagasse,30.6,7.17,99.86,1.31,69.19,6,14.76,140,4
M05663,Bagasse,36.54,7.9,99.15,1.38,63.17,5,15.95,156,3
M05664,Bagasse,31.89,6.4,92.19,1.16,70.34,6,13.39,110,4
M05665,Bagasse,27.43,7.68,96.15,1.14,60.0,5,13.39,123,4
M05666,Bagasse,20.58,8.26,92.23,1.0,66.34,7,13.96,140,4
M05667,Bagasse,22.33,7.08,96.77,1.0,70.59,6,13.18,125,5
M05668,Bagasse,39.48,5.28,97.94,1.33,72.81,5,13.45,100,3
M05669,Bagasse,30.6,5.43,97.09,1.04,62.7,6,14.41,133,5
M05670,Bagasse,25.51,7.31,95.07,1.07,63.53,6,14.5,145,5
M05671,Bagasse,31.95,6.98,94.59,1.24,66.93,6,13.8,118,4
M05672,Bagasse,39.83,8.04,93.67,1.27,65.38,5,16.08,152,6
M05673,Bagasse,40.0,6.75,95.85,1.45,62.98,7,16.55,153,5
M05674,Bagasse,35.4,6.73,94.67,1.24,65.58,4,13.99,123,4
M05675,Bagasse,33.11,5.97,94.71,1.21,61.86,7,14.21,120,5
M05676,Bagasse,39.63,8.56,100.0,1.1,74.51,5,14.71,125,4
M05677,Bagasse,29.92,6.07,92.65,1.21,72.87,6,13.34,113,3
M05678,Bagasse,27.3,8.31,94.47,1.0,70.7,5,14.48,145,6
M05679,Bagasse,23.18,6.86,95.63,1.13,70.98,7,15.22,160,4
M05680,Bagasse,37.21,4.1,95.6,1.27,69.57,4,13.92,118,5
M05681,Bagasse,29.05,8.71,96.25,1.38,68.91,5,14.21,136,5
M05682,Bagasse,33.39,7.21,94.73,1.3,63.25,6,14.24,124,6
M05683,Bagasse,37.53,6.04,97.07,1.33,63.37,6,15.95,150,3
M05684,Bagasse,38.7,7.17,96.53,1.22,69.25,5,13.47,102,5
M05685,Bagasse,37.53,7.17,96.65,1.29,73.41,4,15.2,143,5
M05686,Bagasse,31.58,5.87,92.45,1.18,74.14,6,14.71,137,3
M05687,Bagasse,35.16,8.34,97.09,1.22,71.69,5,14.07,121,3
M05688,Bagasse,22.89,6.72,99.0,1.32,70.32,6,14.39,148,5
M05689,Bagasse,32.43,6.12,98.86,1.15,69.92,6,14.29,127,3
M05690,Bagasse,24.35,8.82,96.3,1.33,73.74,6,13.89,135,4
M05691,Bagasse,32.94,6.87,99.34,1.22,62.41,4,14.09,130,5
M05692,Bagasse,33.74,6.71,92.13,1.5,60.0,6,14.27,124,5
M05693,Bagasse,27.77,7.72,96.12,1.1,66.92,5,14.03,135,5
M05694,Bagasse,38.84,6.13,94.76,1.09,72.62,4,13.93,115,3
M05695,Bagasse,29.65,8.51,93.26,1.27,73.25,5,13.71,125,4
M05696,Bagasse,30.31,6.47,95.96,1.18,74.05,5,14.43,138,6
M05697,Bagasse,28.58,5.74,95.46,1.27,67.14,6,14.56,140,4
M05698,Bagasse,29.05,6.59,92.06,1.05,66.43,7,14.31,130,4
M05699,Bagasse,26.02,6.86,99.75,1.17,73.14,5,12.7,112,6
M05700,Bagasse,33.91,7.25,99.93,1.38,65.43,6,15.14,141,5
M05701,Bagasse,31.88,7.57,95.71,1.32,66.5,6,14.24,127,6
M05702,Bagasse,28.63,4.84,97.86,1.17,61.57,6,14.46,138,5
M05703,Bagasse,33.24,5.97,95.44,1.28,67.14,5,14.12,126,6
M05704,Bagasse,28.99,8.32,95.81,1.14,72.34,7,15.1,146,5
M05705,Bagasse,29.23,7.21,94.82,1.07,67.28,6,14.52,138,5
M05706,Bagasse,32.47,5.37,96.89,1.5,66.38,5,14.2,129,5
M05707,Bagasse,29.53,9.0,100.0,1.5,62.26,5,14.25,136,4
M05708,Bagasse,29.37,6.44,94.77,1.09,71.29,5,12.44,100,6
M05709,Bagasse,32.93,9.0,93.65,1.13,68.91,5,15.24,149,4
M05710,Bagasse,36.42,6.52,99.57,1.2,68.6,7,14.49,119,4
M05711,Bagasse,32.24,8.83,99.32,1.2,69.3,5,13.57,117,6
M05712,Bagasse,25.8,7.88,93.19,1.0,60.0,7,13.83,127,4
M05713,Bagasse,31.9,7.35,95.77,1.22,72.38,5,15.54,157,4
M05714,Bagasse,33.03,9.0,99.04,1.28,66.33,4,14.0,128,4
M05715,Bagasse,33.2,8.51,92.56,1.5,72.45,6,15.12,142,4
M05716,Bagasse,24.07,9.0,93.95,1.15,70.2,5,12.96,121,4
M05717,Bagasse,32.08,6.78,98.12,1.14,68.75,4,14.26,135,5
M05718,Bagasse,30.37,6.38,95.96,1.28,69.32,6,13.34,112,3
M05719,Bagasse,20.0,6.09,98.41,1.14,66.11,5,11.5,100,5
M05720,Bagasse,33.05,6.79,94.99,1.5,70.05,5,15.8,160,3
M05721,Bagasse,26.75,8.74,96.45,1.32,67.76,6,14.98,152,4
M05722,Bagasse,30.44,6.81,99.37,1.34,66.15,6,14.59,137,6
M05723,Bagasse,35.2,5.44,93.31,1.27,60.0,8,14.82,124,4
M05724,Bagasse,24.85,7.0,96.38,1.0,70.64,6,14.43,145,4
M05725,Bagasse,24.75,6.31,97.08,1.29,73.35,5,13.28,126,3
M05726,Bagasse,33.87,9.0,97.39,1.2,67.51,6,15.64,151,5
M05727,Bagasse,30.91,9.0,95.81,1.17,62.26,6,13.59,116,4
M05728,Bagasse,20.0,5.87,97.71,1.0,65.95,6,12.95,125,3
M05729,Bagasse,26.97,8.64,94.55,1.18,60.0,6,13.85,129,6
M05730,Bagasse,34.16,9.0,95.9,1.45,66.12,5,13.17,105,5
M05731,Bagasse,30.93,8.04,96.88,1.4,68.81,5,15.59,160,4
M05732,Bagasse,29.55,7.04,98.45,1.0,60.94,4,13.56,126,3
M05733,Bagasse,27.57,4.63,96.17,1.14,68.09,6,12.46,100,3
M05734,Bagasse,32.87,8.1,94.89,1.19,71.65,5,15.29,150,6
M05735,Bagasse,23.44,6.31,96.6,1.01,74.2,7,14.09,137,5
M05736,Bagasse,38.67,8.18,100.0,1.41,73.35,5,14.42,121,6
M05737,Bagasse,31.38,5.44,96.09,1.26,71.98,6,14.29,129,4
M05738,Bagasse,34.03,8.52,95.05,1.5,75.0,6,13.75,113,5
M05739,Bagasse,30.27,8.7,98.06,1.11,69.42,5,13.28,115,4
M05740,Bagasse,29.34,6.22,98.64,1.34,64.79,6,12.83,104,4
M05741,Bagasse,22.18,5.96,92.63,1.29,63.58,7,12.92,116,4
M05742,Bagasse,28.15,8.2,97.55,1.2,61.13,6,13.61,122,4
M05743,Bagasse,32.05,7.05,94.68,1.35,68.82,4,14.26,135,4
M05744,Bagasse,27.78,7.41,94.73,1.32,72.66,8,14.98,142,4
M05745,Bagasse,25.3,6.22,94.07,1.45,69.81,5,12.73,114,4
M05746,Bagasse,25.89,6.26,96.94,1.19,72.0,6,12.94,113,4
M05747,Bagasse,33.66,4.58,96.27,1.04,69.11,6,16.07,160,3
M05748,Bagasse,38.08,7.23,96.71,1.5,70.9,6,14.46,119,4
M05749,Bagasse,34.18,7.24,100.0,1.12,69.64,4,14.22,130,5
M05750,Bagasse,24.26,7.44,95.72,1.12,67.5,5,13.28,127,4
M05751,Bagasse,36.29,6.9,94.12,1.46,67.4,6,15.28,139,5
M05752,Bagasse,37.65,7.41,92.42,1.42,61.51,4,15.92,157,5
M05753,Bagasse,26.04,4.05,93.33,1.27,74.18,5,12.45,107,5
M05754,Bagasse,36.54,5.41,96.28,1.07,71.97,5,14.25,122,3
M05755,Bagasse,27.42,8.36,94.62,1.43,68.61,5,13.49,125,6
M05756,Bagasse,27.86,6.9,96.36,1.18,63.05,5,13.14,117,5
M05757,Bagasse,30.18,8.24,99.0,1.14,72.9,5,13.57,121,5
M05758,Bagasse,26.83,7.12,97.83,1.21,62.98,4,13.03,121,4
M05759,Bagasse,40.0,6.45,96.58,1.43,66.0,7,14.95,121,5
M05760,Bagasse,33.5,8.5,97.18,1.29,70.07,5,14.8,139,6
M05761,Bagasse,33.7,4.76,92.5,1.04,71.12,4,13.82,123,3
M05762,Bagasse,23.61,8.94,96.61,1.44,60.03,6,12.06,100,4
M05763,Bagasse,34.25,5.35,95.28,1.39,70.93,5,14.68,135,5
M05764,Bagasse,31.75,5.91,94.72,1.18,62.55,6,14.32,129,4
M05765,Bagasse,28.44,8.14,95.69,1.07,60.79,4,12.14,100,4
M05766,Bagasse,35.61,8.75,96.12,1.43,73.85,5,15.46,148,6
M05767,Bagasse,38.26,4.97,100.0,1.29,66.99,4,14.53,128,3
M05768,Bagasse,20.0,6.64,93.76,1.04,72.73,4,13.05,135,5
M05769,Bagasse,24.32,4.74,96.27,1.07,72.74,4,13.98,145,4
M05770,Bagasse,22.18,8.25,95.96,1.13,64.47,6,12.02,102,5
M05771,Bagasse,32.99,6.45,96.74,1.1,64.96,6,14.95,139,4
M05772,Bagasse,27.2,6.87,97.16,1.27,75.0,5,14.47,145,4
M05773,Bagasse,34.07,8.29,95.74,1.04,64.11,6,14.61,130,4
M05774,Bagasse,25.32,5.45,93.17,1.26,64.87,6,13.93,134,4
M05775,Bagasse,35.97,8.48,98.69,1.39,70.15,5,13.5,108,5
M05776,Bagasse,31.99,7.33,97.45,1.11,72.58,5,13.95,125,5
M05777,Bagasse,40.0,5.87,93.69,1.43,61.95,5,15.7,144,6
M05778,Bagasse,40.0,6.79,94.6,1.5,67.54,5,15.7,144,5
M05779,Bagasse,24.54,8.24,94.08,1.33,63.1,5,13.25,126,4
M05780,Bagasse,37.33,7.15,96.86,1.27,62.79,5,13.33,102,6
M05781,Bagasse,36.29,8.41,95.83,1.21,63.43,6,14.63,126,5
M05782,Bagasse,32.0,8.12,97.58,1.5,73.08,7,15.25,143,3
M05783,Bagasse,26.27,6.23,95.97,1.21,71.15,7,13.53,120,4
M05784,Bagasse,32.58,5.98,96.07,1.2,69.19,6,14.36,128,5
M05785,Bagasse,27.19,6.19,97.19,1.31,63.41,6,12.77,107,4
M05786,Bagasse,36.84,7.17,96.18,1.18,68.72,6,15.28,138,4
M05787,Bagasse,31.42,5.4,98.83,1.32,65.89,6,13.74,118,4
M05788,Bagasse,25.5,7.88,96.67,1.08,63.47,5,13.0,119,6
M05789,Bagasse,21.97,7.95,95.78,1.18,70.38,4,13.35,137,5
M05790,Bagasse,20.0,5.53,95.97,1.22,60.46,7,13.0,122,4
M05791,Bagasse,32.46,8.98,96.41,1.26,65.37,6,13.75,116,4
M05792,Bagasse,26.55,5.62,99.77,1.2,66.02,6,14.61,145,3
M05793,Bagasse,21.38,6.83,98.04,1.0,66.27,5,12.19,111,5
M05794,Bagasse,25.65,6.67,97.78,1.11,67.23,5,13.21,123,5
M05795,Bagasse,28.13,6.57,96.68,1.2,68.1,6,13.91,128,5
M05796,Bagasse,32.61,7.95,95.98,1.45,73.96,6,15.06,142,3
M05797,Bagasse,37.38,5.17,96.37,1.35,61.4,5,15.24,140,4
M05798,Bagasse,26.42,6.83,96.34,1.35,70.01,6,12.84,110,3
M05799,Bagasse,33.49,7.11,97.82,1.3,66.99,4,13.9,125,6
M05800,Bagasse,34.62,7.39,95.36,1.17,62.27,7,16.26,158,5
M05801,Bagasse,29.9,6.66,96.07,1.32,71.5,5,13.79,126,5
M05802,Bagasse,39.46,7.59,97.07,1.26,68.99,5,15.15,134,5
M05803,Bagasse,26.96,6.53,96.49,1.21,66.59,6,14.7,146,5
M05804,Bagasse,28.41,5.88,96.31,1.0,63.23,7,13.94,124,4
M05805,Bagasse,33.57,7.08,93.06,1.31,61.86,5,14.61,135,5
M05806,Bagasse,29.02,6.33,99.55,1.33,68.44,5,14.0,132,5
M05807,Bagasse,32.52,6.52,95.28,1.21,75.0,8,15.65,146,5
M05808,Bagasse,30.38,6.71,94.02,1.18,73.61,6,13.84,122,6
M05809,Bagasse,29.03,5.1,94.75,1.22,65.01,6,13.8,124,4
M05810,Bagasse,36.11,6.75,96.44,1.4,72.68,5,15.16,141,4
M05811,Bagasse,21.24,7.73,94.3,1.27,70.47,6,13.32,130,5
M05812,Bagasse,25.16,6.43,97.38,1.01,68.91,5,13.87,137,3
M05813,Bagasse,27.2,8.36,95.43,1.14,69.09,4,13.72,134,6
M05814,Bagasse,37.8,6.83,93.28,1.08,65.49,5,15.48,144,4
M05815,Bagasse,28.73,7.19,93.56,1.0,70.39,7,15.12,147,4
M05816,Bagasse,35.72,8.14,95.38,1.37,66.84,8,16.22,151,4
M05817,Bagasse,24.25,7.39,91.62,1.29,63.07,4,13.98,145,4
M05818,Bagasse,28.53,6.05,93.4,1.06,62.71,5,14.4,141,5
M05819,Bagasse,28.28,8.19,95.79,1.18,70.21,6,13.93,128,5
M05820,Bagasse,32.92,4.81,97.15,1.23,68.99,6,13.64,113,4
M05821,Bagasse,28.13,5.75,98.99,1.37,71.24,5,13.91,132,5
M05822,Bagasse,27.48,9.0,98.27,1.15,74.6,6,13.2,115,5
M05823,Bagasse,27.91,7.38,96.26,1.26,67.8,4,13.24,123,4
M05824,Bagasse,26.78,9.0,92.8,1.17,65.88,5,13.18,120,5
M05825,Bagasse,23.19,6.14,95.89,1.18,65.08,7,14.52,146,5
M05826,Bagasse,31.72,6.99,98.63,1.25,68.86,5,12.67,100,4
M05827,Bagasse,22.11,6.34,94.26,1.0,66.82,5,12.56,117,4
M05828,Bagasse,30.94,8.7,98.71,1.43,72.75,5,13.79,124,3
M05829,Bagasse,25.34,4.25,97.45,1.33,62.53,6,13.53,126,6
M05830,Bagasse,27.25,8.23,95.68,1.0,66.35,4,13.58,131,6
M05831,Bagasse,26.29,6.68,94.32,1.11,70.76,6,12.83,110,5
M05832,Bagasse,37.02,5.17,99.28,1.5,69.54,4,13.5,110,4
M05833,Bagasse,34.34,6.41,97.44,1.25,61.57,5,15.18,145,5
M05834,Bagasse,26.34,7.57,93.42,1.37,71.67,8,14.73,140,4
M05835,Bagasse,25.79,5.88,96.23,1.32,72.41,6,13.33,121,4
M05836,Bagasse,30.5,8.49,97.44,1.02,63.14,7,15.35,148,4
M05837,Bagasse,37.71,5.68,91.15,1.41,67.03,6,15.72,145,5
M05838,Bagasse,29.15,6.9,95.95,1.28,68.2,7,13.92,122,5
M05839,Bagasse,26.8,6.53,93.09,1.28,68.32,7,13.63,121,6
M05840,Bagasse,25.87,6.0,94.16,1.0,67.25,6,14.24,139,4
M05841,Bagasse,25.91,7.58,91.93,1.32,70.51,7,13.29,116,5
M05842,Bagasse,34.83,7.55,97.26,1.42,68.66,6,16.03,157,4
M05843,Bagasse,21.94,4.0,94.87,1.0,68.73,6,12.79,118,3
M05844,Bagasse,26.52,7.1,96.81,1.17,68.57,7,13.25,114,6
M05845,Bagasse,29.1,7.43,98.55,1.48,71.01,6,14.11,130,5
M05846,Bagasse,31.6,7.7,97.55,1.04,72.22,5,13.16,110,5
M05847,Bagasse,30.59,4.97,96.38,1.44,60.58,5,14.36,136,4
M05848,Bagasse,32.9,6.95,91.89,1.11,69.21,5,14.14,127,4
M05849,Bagasse,33.22,6.22,95.52,1.07,74.9,4,14.27,133,4
M05850,Bagasse,30.85,4.57,97.39,1.17,70.38,5,14.69,142,6
M05851,Bagasse,36.25,6.14,97.67,1.29,68.13,5,13.57,109,5
M05852,Bagasse,28.85,7.38,98.93,1.21,71.15,5,14.84,149,4
M05853,Bagasse,26.51,7.11,97.96,1.15,63.35,5,13.2,121,4
M05854,Bagasse,29.72,6.41,95.36,1.25,72.77,6,14.12,129,4
M05855,Bagasse,27.23,5.88,94.18,1.21,65.9,5,14.87,153,4
M05856,Bagasse,30.39,6.96,90.17,1.34,64.99,6,14.49,135,5
M05857,Bagasse,28.71,7.04,98.99,1.18,66.3,6,13.02,109,3
M05858,Bagasse,29.05,9.0,96.39,1.14,68.01,7,13.81,120,3
M05859,Bagasse,33.87,7.48,98.43,1.37,70.29,4,13.79,122,4
M05860,Bagasse,33.36,6.78,96.19,1.17,66.3,5,14.79,139,5
M05861,Bagasse,28.14,8.12,94.0,1.19,69.28,5,12.31,100,4
M05862,Bagasse,28.08,4.84,91.84,1.08,67.23,5,14.51,144,4
M05863,Bagasse,30.84,7.33,96.88,1.11,68.71,8,15.18,140,4
M05864,Bagasse,28.21,5.76,96.37,1.3,72.0,6,14.67,143,6
M05865,Bagasse,28.81,6.24,97.94,1.13,69.65,4,14.03,137,4
M05866,Bagasse,26.04,5.34,95.07,1.39,65.7,6,12.4,102,3
M05867,Bagasse,32.53,7.58,97.64,1.28,60.0,7,13.95,116,3
M05868,Bagasse,28.7,5.97,98.08,1.0,74.52,6,15.57,160,5
M05869,Bagasse,29.4,7.79,99.17,1.09,67.23,5,14.19,135,5
M05870,Bagasse,34.28,6.21,96.23,1.48,65.15,5,15.53,152,4
M05871,Bagasse,30.57,5.63,95.62,1.22,63.48,6,14.26,130,3
M05872,Bagasse,22.41,4.71,98.0,1.23,67.1,6,13.14,124,5
M05873,Bagasse,25.81,6.03,96.45,1.18,63.52,4,12.63,115,5
M05874,Bagasse,23.04,6.67,98.78,1.03,73.2,6,13.7,134,5
M05875,Bagasse,28.66,6.54,95.65,1.35,70.86,6,13.87,126,6
M05876,Bagasse,26.03,6.44,97.44,1.02,67.28,4,13.2,126,4
M05877,Bagasse,37.29,8.71,97.85,1.29,67.94,5,13.83,112,4
M05878,Bagasse,31.32,6.6,94.92,1.3,60.0,6,13.28,109,4
M05879,Bagasse,23.15,6.28,97.91,1.28,71.47,6,14.36,147,4
M05880,Bagasse,21.34,7.01,98.75,1.24,69.83,5,13.93,146,4
M05881,Bagasse,29.86,7.48,94.86,1.04,66.5,7,14.09,124,5
M05882,Bagasse,35.05,7.02,98.57,1.27,68.9,6,15.3,142,4
M05883,Bagasse,28.13,4.74,93.81,1.0,66.52,5,13.86,131,5
M05884,Bagasse,28.54,8.06,92.93,1.27,69.49,6,14.5,139,4
M05885,Bagasse,30.16,5.8,93.57,1.11,66.36,6,14.77,141,4
M05886,Bagasse,36.51,7.49,95.36,1.25,68.47,4,14.0,121,3
M05887,Bagasse,34.98,8.85,95.2,1.25,70.62,8,16.6,160,3
M05888,Bagasse,40.0,5.8,94.45,1.36,71.12,4,14.8,130,3
M05889,Bagasse,38.71,8.68,97.38,1.09,67.1,5,15.77,148,5
M05890,Bagasse,30.98,7.54,96.22,1.36,66.36,5,14.15,131,4
M05891,Bagasse,26.37,6.15,95.67,1.18,65.36,6,14.04,134,4
M05892,Bagasse,35.05,8.36,100.0,1.05,71.8,5,14.55,131,4
M05893,Bagasse,37.41,6.34,99.51,1.22,69.56,5,14.04,116,4
M05894,Bagasse,36.81,5.44,94.35,1.31,67.65,6,13.98,112,6
M05895,Bagasse,22.45,7.83,96.78,1.25,65.01,4,13.8,145,3
M05896,Bagasse,32.64,6.1,93.87,1.27,66.51,4,14.86,146,6
M05897,Bagasse,30.87,5.88,96.47,1.38,70.47,6,14.59,136,4
M05898,Bagasse,26.12,6.08,96.56,1.3,66.43,6,14.36,141,4
M05899,Bagasse,40.0,7.32,95.52,1.41,68.17,4,14.6,126,5
M05900,Bagasse,25.49,7.35,98.32,1.05,66.46,6,14.25,140,6
M05901,Bagasse,20.39,6.74,98.07,1.05,67.57,6,14.34,152,3
M05902,Bagasse,27.53,5.68,99.19,1.2,67.72,4,13.05,120,6
M05903,Bagasse,27.21,9.0,94.51,1.18,69.25,8,14.97,143,5
M05904,Bagasse,27.28,8.54,96.32,1.34,67.8,6,14.83,148,6
M05905,Bagasse,33.56,9.0,95.12,1.32,72.1,6,14.46,128,4
M05906,Bagasse,37.93,5.32,95.62,1.32,69.66,7,15.44,135,4
M05907,Bagasse,27.79,8.82,93.81,1.07,68.92,5,14.18,138,3
M05908,Bagasse,27.0,9.0,95.38,1.24,63.48,5,14.0,136,3
M05909,Bagasse,25.68,6.75,97.04,1.25,71.9,5,13.72,133,4
M05910,Bagasse,26.94,8.21,97.9,1.32,66.59,5,14.69,150,3
M05911,Bagasse,32.63,5.77,92.87,1.03,64.4,6,13.11,103,3
M05912,Bagasse,29.41,5.64,95.13,1.28,69.82,7,14.34,130,4
M05913,Bagasse,30.1,8.82,94.45,1.37,72.33,4,13.06,115,3
M05914,Bagasse,30.04,6.36,97.62,1.29,67.44,4,13.4,122,4
M05915,Bagasse,20.0,7.59,94.69,1.08,65.93,5,12.95,129,5
M05916,Bagasse,26.4,8.03,93.15,1.09,75.0,7,14.34,136,4
M05917,Bagasse,31.62,4.53,93.42,1.28,65.29,7,14.61,131,6
M05918,Bagasse,33.43,6.41,96.61,1.43,68.03,5,12.84,100,5
M05919,Bagasse,32.71,7.49,95.46,1.2,62.6,6,13.32,107,3
M05920,Bagasse,20.0,5.69,96.84,1.2,72.98,6,13.8,142,4
M05921,Bagasse,33.74,6.54,94.48,1.21,65.79,5,14.27,128,4
M05922,Bagasse,25.94,8.83,96.69,1.1,60.37,7,13.74,125,5
M05923,Bagasse,21.14,5.8,96.39,1.0,69.82,7,12.46,109,6
M05924,Bagasse,23.18,7.83,95.69,1.21,68.54,4,13.37,135,5
M05925,Bagasse,26.13,8.6,97.22,1.29,67.95,5,13.06,119,3
M05926,Bagasse,24.76,4.42,96.77,1.14,71.52,7,13.63,125,6
M05927,Bagasse,29.4,6.76,97.39,1.46,66.6,7,13.84,120,5
M05928,Bagasse,30.83,7.0,97.59,1.5,70.86,6,14.98,144,4
M05929,Bagasse,30.85,5.97,93.95,1.41,69.36,6,14.69,138,4
M05930,Bagasse,34.13,7.43,96.15,1.16,61.42,5,13.81,118,5
M05931,Bagasse,33.49,7.45,95.3,1.37,68.06,6,14.1,121,5
M05932,Bagasse,26.68,4.91,93.67,1.26,69.6,5,14.37,144,5
M05933,Bagasse,33.51,6.92,95.81,1.5,60.0,5,13.35,110,6
M05934,Bagasse,40.0,7.68,93.92,1.27,72.88,5,15.15,133,5
M05935,Bagasse,28.74,8.75,95.34,1.32,69.52,7,14.12,127,5
M05936,Bagasse,26.96,4.03,97.45,1.21,74.26,6,12.4,100,4
M05937,Bagasse,32.39,5.48,97.02,1.34,64.94,4,14.79,145,5
M05938,Bagasse,20.0,5.69,97.5,1.14,73.63,8,13.25,123,6
M05939,Bagasse,32.03,7.65,99.37,1.18,64.41,7,13.55,109,4
M05940,Bagasse,20.0,7.66,97.86,1.0,65.58,5,11.6,102,3
M05941,Bagasse,28.76,6.98,96.47,1.49,63.42,6,15.13,151,5
M05942,Bagasse,29.06,7.96,95.26,1.12,66.45,5,14.46,141,5
M05943,Bagasse,30.5,5.85,95.04,1.18,69.82,4,12.9,111,6
M05944,Bagasse,40.0,4.0,96.19,1.33,69.69,5,16.5,160,5
M05945,Bagasse,29.13,4.0,95.97,1.36,66.69,5,12.96,111,5
M05946,Bagasse,35.24,8.04,96.82,1.26,66.86,6,15.47,145,4
M05947,Bagasse,25.72,5.02,96.46,1.13,69.87,5,13.72,133,5
M05948,Bagasse,22.94,8.28,96.56,1.31,69.44,4,14.29,154,3
M05949,Bagasse,38.48,7.67,94.22,1.25,65.56,5,14.85,130,4
M05950,Bagasse,31.34,7.59,99.14,1.2,70.24,5,12.63,100,3
M05951,Bagasse,26.4,7.9,97.09,1.06,70.81,4,14.29,147,4
M05952,Bagasse,26.18,6.5,96.41,1.45,66.19,6,14.17,137,4
M05953,Bagasse,20.0,9.0,94.77,1.02,68.27,7,12.15,105,5
M05954,Bagasse,32.02,6.43,95.33,1.29,68.1,6,13.75,117,3
M05955,Bagasse,24.54,6.91,93.51,1.16,62.64,7,13.8,129,4
M05956,Bagasse,20.0,4.0,97.24,1.31,65.51,5,13.05,131,4
M05957,Bagasse,20.14,6.81,96.15,1.29,64.18,7,13.41,130,3
M05958,Bagasse,29.2,7.77,98.12,1.29,60.0,7,13.57,115,4
M05959,Bagasse,23.29,7.07,94.44,1.21,67.89,4,14.63,160,6
M05960,Bagasse,30.49,8.15,95.68,1.15,63.85,5,14.5,139,6
M05961,Bagasse,23.58,7.08,96.55,1.0,61.8,7,13.86,132,4
M05962,Bagasse,23.01,7.41,93.56,1.17,63.55,6,12.0,100,5
M05963,Bagasse,28.6,7.48,95.63,1.41,63.74,4,14.51,147,4
M05964,Bagasse,28.16,9.0,93.86,1.17,66.41,6,14.57,141,6
M05965,Bagasse,26.88,5.97,100.0,1.2,61.21,4,13.59,132,6
M05966,Bagasse,34.04,5.75,98.01,1.06,65.97,5,14.25,127,4
M05967,Bagasse,21.59,8.23,95.56,1.34,60.85,7,13.36,126,6
M05968,Bagasse,33.84,8.52,94.28,1.13,65.38,7,15.28,140,5
M05969,Bagasse,26.71,9.0,93.13,1.07,65.78,5,12.82,113,5
M05970,Bagasse,37.37,9.0,97.19,1.46,65.89,4,15.79,155,5
M05971,Bagasse,23.48,7.22,95.01,1.43,68.56,6,14.8,155,4
M05972,Bagasse,33.71,7.45,92.21,1.17,72.95,6,13.07,100,4
M05973,Bagasse,40.0,5.52,97.36,1.42,67.83,6,15.2,130,4
M05974,Bagasse,26.17,7.5,94.62,1.45,62.12,4,13.62,134,4
M05975,Bagasse,23.65,7.06,96.35,1.3,65.56,5,13.37,130,5
M05976,Bagasse,30.5,6.62,95.9,1.15,68.12,6,12.75,100,4
M05977,Bagasse,29.04,8.7,95.86,1.0,60.78,6,13.8,124,4
M05978,Bagasse,28.66,6.5,97.12,1.33,71.45,5,15.02,153,4
M05979,Bagasse,28.12,7.27,95.01,1.26,69.42,5,14.01,134,5
M05980,Bagasse,30.97,6.13,98.27,1.07,68.3,6,13.45,113,5
M05981,Bagasse,31.17,7.78,95.46,1.08,68.63,6,13.87,121,4
M05982,Bagasse,34.39,7.81,98.61,1.23,64.81,6,14.44,126,5
M05983,Bagasse,37.42,7.7,93.13,1.38,70.02,6,14.44,120,5
M05984,Bagasse,33.0,7.94,95.91,1.25,64.95,4,13.3,114,6
M05985,Bagasse,30.18,7.38,94.74,1.45,64.89,5,13.22,114,4
M05986,Bagasse,26.03,7.12,93.15,1.22,71.54,5,12.5,108,5
M05987,Bagasse,27.87,7.51,94.28,1.25,60.19,6,13.34,117,4
M05988,Bagasse,23.24,9.0,94.8,1.06,71.9,5,12.32,110,6
M05989,Bagasse,28.92,8.3,93.88,1.17,63.9,5,14.09,134,4
M05990,Bagasse,32.37,8.8,99.83,1.39,69.21,7,14.49,127,5
M05991,Bagasse,27.18,6.41,97.55,1.01,60.09,7,14.97,147,4
M05992,Bagasse,27.43,7.06,96.3,1.09,68.2,6,15.44,160,3
M05993,Bagasse,40.0,5.26,96.13,1.3,64.64,4,16.3,160,5
M05994,Bagasse,26.59,5.53,96.71,1.41,64.18,6,13.76,128,6
M05995,Bagasse,25.32,5.27,96.94,1.13,67.95,4,12.48,113,6
M05996,Bagasse,28.29,7.6,94.39,1.0,66.37,5,13.93,132,4
M05997,Bagasse,31.38,6.95,95.01,1.15,72.51,5,14.29,133,4
M05998,Bagasse,22.97,8.81,94.12,1.18,72.19,5,13.6,136,5
M05999,Bagasse,28.92,7.02,99.04,1.32,72.84,5,14.34,139,3
M06000,Bagasse,36.59,4.7,96.47,1.38,72.33,4,14.31,127,4
M06001,Bamboo Fiber,45.98,3.94,100.0,0.65,40.58,6,18.3,150,2
M06002,Bamboo Fiber,45.96,5.45,96.51,0.7,34.01,8,19.45,165,2
M06003,Bamboo Fiber,47.09,3.35,100.0,0.9,33.74,7,19.31,164,2
M06004,Bamboo Fiber,47.09,4.5,97.19,0.7,39.62,6,19.81,178,4
M06005,Bamboo Fiber,55.0,4.64,97.39,0.9,36.44,7,19.4,150,3
M06006,Bamboo Fiber,52.6,3.81,97.75,0.82,30.0,7,20.11,169,4
M06007,Bamboo Fiber,50.59,3.52,91.48,0.78,45.0,6,20.31,181,3
M06008,Bamboo Fiber,41.9,3.47,94.9,0.69,36.36,7,19.14,171,2
M06009,Bamboo Fiber,52.97,3.23,94.55,0.9,37.7,6,20.6,182,3
M06010,Bamboo Fiber,36.05,3.53,94.03,0.79,39.89,5,18.01,168,3
M06011,Bamboo Fiber,54.92,5.14,94.46,0.9,37.3,6,19.09,148,2
M06012,Bamboo Fiber,55.0,3.21,96.27,0.83,37.76,7,19.6,154,4
M06013,Bamboo Fiber,41.96,4.03,97.9,0.68,38.64,5,18.65,169,3
M06014,Bamboo Fiber,42.52,4.21,94.25,0.79,39.06,6,18.5,161,3
M06015,Bamboo Fiber,47.4,5.91,96.97,0.75,39.65,6,18.59,153,2
M06016,Bamboo Fiber,42.74,3.8,96.75,0.68,39.67,8,18.57,154,2
M06017,Bamboo Fiber,50.48,5.59,96.28,0.82,44.39,6,18.75,150,2
M06018,Bamboo Fiber,42.69,4.26,97.4,0.68,37.95,8,17.87,140,4
M06019,Bamboo Fiber,43.22,3.73,97.9,0.6,38.52,7,17.72,140,3
M06020,Bamboo Fiber,45.52,4.34,95.77,0.79,39.25,6,17.4,133,3
M06021,Bamboo Fiber,45.63,2.0,96.43,0.79,31.23,6,17.81,141,2
M06022,Bamboo Fiber,46.11,4.32,99.11,0.74,34.32,7,19.91,178,3
M06023,Bamboo Fiber,46.54,3.73,97.42,0.87,38.38,6,19.7,177,3
M06024,Bamboo Fiber,55.0,5.75,98.07,0.87,37.1,5,19.55,161,2
M06025,Bamboo Fiber,49.23,2.95,95.78,0.83,35.11,6,17.72,132,2
M06026,Bamboo Fiber,46.3,5.24,100.0,0.86,30.77,6,19.88,181,2
M06027,Bamboo Fiber,42.49,3.45,96.0,0.7,36.79,6,18.55,162,2
M06028,Bamboo Fiber,42.48,2.62,97.94,0.74,37.77,8,17.7,137,3
M06029,Bamboo Fiber,45.6,4.5,96.53,0.78,36.8,7,19.46,170,2
M06030,Bamboo Fiber,46.18,2.99,98.11,0.67,35.31,5,19.37,175,4
M06031,Bamboo Fiber,35.27,3.69,93.49,0.6,36.41,7,16.88,139,2
M06032,Bamboo Fiber,46.47,4.64,96.17,0.73,39.14,7,19.0,159,2
M06033,Bamboo Fiber,48.8,4.03,98.83,0.7,34.14,7,18.73,149,3
M06034,Bamboo Fiber,41.75,4.86,99.21,0.61,38.06,6,17.93,151,3
M06035,Bamboo Fiber,44.16,3.9,96.12,0.89,36.47,6,17.97,147,2
M06036,Bamboo Fiber,40.18,3.92,96.81,0.71,39.78,7,18.42,160,2
M06037,Bamboo Fiber,48.75,5.24,92.24,0.76,36.55,6,17.77,134,4
M06038,Bamboo Fiber,49.88,4.48,98.07,0.65,38.68,6,19.24,161,2
M06039,Bamboo Fiber,48.76,3.49,96.51,0.83,39.06,7,20.48,184,2
M06040,Bamboo Fiber,38.84,4.36,96.78,0.69,37.3,6,18.33,165,2
M06041,Bamboo Fiber,45.63,5.68,95.24,0.87,34.04,6,18.41,153,3
M06042,Bamboo Fiber,49.59,4.94,94.91,0.78,37.19,8,20.06,170,3
M06043,Bamboo Fiber,36.08,3.2,100.0,0.76,39.92,6,18.21,168,2
M06044,Bamboo Fiber,47.69,4.33,95.55,0.76,43.35,6,19.37,168,3
M06045,Bamboo Fiber,39.23,5.15,100.0,0.7,45.0,5,17.77,157,2
M06046,Bamboo Fiber,43.7,4.07,96.56,0.71,37.95,5,18.42,161,4
M06047,Bamboo Fiber,40.77,5.57,94.24,0.7,41.08,7,18.23,155,3
M06048,Bamboo Fiber,36.59,2.94,95.52,0.78,38.1,6,17.86,160,2
M06049,Bamboo Fiber,54.72,3.51,91.66,0.86,45.0,5,19.87,168,2
M06050,Bamboo Fiber,47.32,4.94,100.0,0.67,38.5,6,17.98,141,3
M06051,Bamboo Fiber,36.08,4.28,98.32,0.71,37.89,5,18.21,172,3
M06052,Bamboo Fiber,39.34,3.0,97.48,0.72,38.09,7,18.48,163,2
M06053,Bamboo Fiber,51.98,6.0,98.66,0.85,37.61,6,20.45,181,2
M06054,Bamboo Fiber,49.77,5.23,98.57,0.9,39.91,8,19.88,166,4
M06055,Bamboo Fiber,35.0,5.0,97.18,0.71,35.37,6,17.5,156,3
M06056,Bamboo Fiber,47.52,5.36,100.0,0.85,41.15,7,19.75,172,3
M06057,Bamboo Fiber,45.06,3.75,95.66,0.79,36.81,8,19.61,170,2
M06058,Bamboo Fiber,47.37,4.56,95.28,0.76,30.65,5,19.84,182,2
M06059,Bamboo Fiber,55.0,4.81,96.88,0.9,37.14,6,19.2,150,3
M06060,Bamboo Fiber,43.5,2.88,99.18,0.73,42.46,6,17.9,147,4
M06061,Bamboo Fiber,49.98,3.21,91.93,0.78,42.89,6,19.4,164,3
M06062,Bamboo Fiber,48.24,4.49,96.45,0.63,38.96,7,18.87,153,2
M06063,Bamboo Fiber,46.63,4.47,100.0,0.69,35.47,8,19.11,157,4
M06064,Bamboo Fiber,46.47,4.45,98.91,0.9,39.62,8,19.35,162,3
M06065,Bamboo Fiber,51.96,4.54,95.31,0.84,41.44,6,19.05,153,3
M06066,Bamboo Fiber,47.74,3.63,97.95,0.75,41.56,7,19.92,175,3
M06067,Bamboo Fiber,39.11,6.0,100.0,0.6,32.51,7,19.31,180,2
M06068,Bamboo Fiber,48.08,4.56,99.29,0.74,42.39,6,19.41,168,2
M06069,Bamboo Fiber,54.03,2.85,97.74,0.87,42.37,5,19.55,163,3
M06070,Bamboo Fiber,42.66,4.32,100.0,0.88,32.82,8,18.77,158,2
M06071,Bamboo Fiber,39.19,5.22,94.66,0.6,35.47,7,17.72,148,3
M06072,Bamboo Fiber,43.16,3.11,97.95,0.81,31.96,7,20.22,190,2
M06073,Bamboo Fiber,53.81,5.72,98.54,0.78,36.05,6,20.58,180,2
M06074,Bamboo Fiber,49.49,3.93,95.54,0.71,34.51,6,20.3,183,3
M06075,Bamboo Fiber,42.48,3.51,97.57,0.87,42.47,6,19.0,171,2
M06076,Bamboo Fiber,37.9,4.11,95.48,0.83,34.42,7,19.09,178,2
M06077,Bamboo Fiber,45.92,4.59,96.87,0.76,42.78,7,17.79,136,4
M06078,Bamboo Fiber,48.49,3.28,98.47,0.64,38.54,7,20.1,177,2
M06079,Bamboo Fiber,45.87,3.11,96.25,0.77,36.22,6,19.39,172,3
M06080,Bamboo Fiber,51.51,3.43,95.8,0.83,45.0,6,17.85,130,2
M06081,Bamboo Fiber,47.14,5.32,96.79,0.78,38.27,6,17.41,130,3
M06082,Bamboo Fiber,48.97,4.86,96.37,0.67,32.22,7,19.05,155,3
M06083,Bamboo Fiber,39.88,3.9,94.75,0.6,34.69,7,17.49,142,2
M06084,Bamboo Fiber,36.85,5.37,97.73,0.66,37.99,7,18.34,165,4
M06085,Bamboo Fiber,35.0,4.35,96.66,0.6,40.81,5,16.3,136,2
M06086,Bamboo Fiber,49.97,2.89,98.13,0.68,39.43,5,20.4,188,3
M06087,Bamboo Fiber,47.76,2.61,100.0,0.84,39.27,7,19.08,158,2
M06088,Bamboo Fiber,38.1,2.0,97.53,0.73,40.63,5,17.41,152,3
M06089,Bamboo Fiber,44.06,4.9,96.61,0.64,37.03,7,19.46,173,3
M06090,Bamboo Fiber,47.21,2.46,97.36,0.87,34.37,6,19.07,163,4
M06091,Bamboo Fiber,50.24,3.93,100.0,0.9,36.37,7,20.02,172,2
M06092,Bamboo Fiber,47.06,4.4,95.33,0.62,30.0,6,17.76,137,3
M06093,Bamboo Fiber,37.4,4.03,100.0,0.69,30.0,7,17.89,155,4
M06094,Bamboo Fiber,53.94,3.62,100.0,0.73,45.0,7,19.14,147,3
M06095,Bamboo Fiber,49.99,4.02,97.68,0.86,32.89,9,19.5,154,3
M06096,Bamboo Fiber,43.82,3.38,93.27,0.7,34.07,6,19.38,176,3
M06097,Bamboo Fiber,52.39,5.95,94.45,0.78,39.18,6,18.14,134,3
M06098,Bamboo Fiber,44.01,4.1,97.67,0.65,32.92,7,17.95,143,3
M06099,Bamboo Fiber,39.33,3.94,99.82,0.78,37.1,7,19.68,187,3
M06100,Bamboo Fiber,51.92,3.42,95.18,0.81,39.95,5,19.34,163,2
M06101,Bamboo Fiber,47.57,2.27,95.13,0.76,36.93,7,18.11,139,4
M06102,Bamboo Fiber,53.28,4.05,97.78,0.89,41.09,7,20.33,172,3
M06103,Bamboo Fiber,48.8,3.04,99.49,0.7,43.09,6,19.08,160,3
M06104,Bamboo Fiber,48.62,5.24,100.0,0.75,43.68,7,19.71,169,2
M06105,Bamboo Fiber,40.96,5.03,97.16,0.61,45.0,7,19.2,174,2
M06106,Bamboo Fiber,46.4,3.25,96.42,0.89,38.81,7,17.94,138,3
M06107,Bamboo Fiber,55.0,2.93,92.77,0.79,31.76,7,19.8,158,2
M06108,Bamboo Fiber,46.45,3.71,96.05,0.61,40.06,5,19.55,178,2
M06109,Bamboo Fiber,45.02,3.7,99.72,0.6,39.29,7,18.3,148,3
M06110,Bamboo Fiber,44.44,3.75,100.0,0.75,34.97,7,18.99,163,2
M06111,Bamboo Fiber,46.08,5.06,98.27,0.65,41.65,6,18.26,149,3
M06112,Bamboo Fiber,44.97,5.97,97.26,0.62,35.78,7,18.8,158,3
M06113,Bamboo Fiber,41.48,5.34,95.05,0.66,30.0,6,18.8,169,2
M06114,Bamboo Fiber,35.0,3.94,94.92,0.66,38.57,7,18.8,178,2
M06115,Bamboo Fiber,50.14,3.28,99.22,0.7,32.47,6,19.51,166,3
M06116,Bamboo Fiber,38.97,2.81,97.33,0.6,39.58,6,17.9,156,3
M06117,Bamboo Fiber,37.43,2.0,97.79,0.69,42.62,6,18.14,164,3
M06118,Bamboo Fiber,49.29,5.43,93.13,0.68,43.36,6,18.38,145,2
M06119,Bamboo Fiber,41.05,4.77,92.57,0.86,38.59,6,18.5,164,3
M06120,Bamboo Fiber,42.77,3.39,93.8,0.64,40.78,7,18.58,158,3
M06121,Bamboo Fiber,44.72,3.59,99.25,0.86,43.69,8,19.12,161,2
M06122,Bamboo Fiber,36.34,2.45,95.64,0.6,33.23,7,18.28,165,4
M06123,Bamboo Fiber,40.21,4.3,98.21,0.68,36.67,6,18.97,175,2
M06124,Bamboo Fiber,41.62,3.9,98.42,0.71,30.66,5,17.26,142,2
M06125,Bamboo Fiber,43.58,4.33,98.11,0.79,32.71,6,18.81,165,2
M06126,Bamboo Fiber,46.91,3.0,97.65,0.89,38.82,6,18.69,156,2
M06127,Bamboo Fiber,45.05,4.53,96.99,0.7,41.81,7,19.4,170,3
M06128,Bamboo Fiber,47.71,3.25,96.85,0.77,36.5,6,19.22,165,2
M06129,Bamboo Fiber,54.98,5.89,94.29,0.89,36.69,7,18.4,130,4
M06130,Bamboo Fiber,43.35,4.81,99.56,0.67,36.0,5,17.44,142,5
M06131,Bamboo Fiber,41.15,3.98,95.27,0.6,40.54,7,17.71,144,2
M06132,Bamboo Fiber,41.67,3.34,97.49,0.68,41.22,5,18.07,158,2
M06133,Bamboo Fiber,44.84,4.26,99.45,0.87,36.74,6,18.18,150,3
M06134,Bamboo Fiber,41.68,4.46,93.33,0.6,37.1,6,19.42,181,3
M06135,Bamboo Fiber,45.88,6.0,96.0,0.61,40.3,6,18.54,155,2
M06136,Bamboo Fiber,44.33,4.11,97.96,0.68,37.88,7,18.83,160,4
M06137,Bamboo Fiber,49.63,4.59,96.26,0.85,35.98,6,18.66,150,3
M06138,Bamboo Fiber,45.31,4.23,100.0,0.7,37.35,6,17.88,143,2
M06139,Bamboo Fiber,43.77,3.87,96.35,0.72,37.99,6,18.93,167,2
M06140,Bamboo Fiber,48.46,2.72,100.0,0.86,34.29,6,19.8,175,2
M06141,Bamboo Fiber,44.23,3.27,94.85,0.77,42.83,8,19.87,177,2
M06142,Bamboo Fiber,45.67,5.27,100.0,0.77,37.22,7,18.77,156,2
M06143,Bamboo Fiber,40.14,3.92,96.4,0.81,31.24,8,17.16,131,2
M06144,Bamboo Fiber,47.26,5.1,93.01,0.62,38.55,8,18.18,137,3
M06145,Bamboo Fiber,41.62,3.84,98.01,0.76,34.34,7,18.71,163,2
M06146,Bamboo Fiber,43.33,4.43,98.69,0.61,45.0,7,20.23,190,3
M06147,Bamboo Fiber,35.25,3.37,94.8,0.6,37.5,5,18.52,180,3
M06148,Bamboo Fiber,43.2,2.07,100.0,0.6,36.72,7,20.22,190,4
M06149,Bamboo Fiber,46.64,3.23,92.39,0.9,38.13,6,19.66,176,2
M06150,Bamboo Fiber,49.45,5.41,94.95,0.64,38.95,7,19.2,157,3
M06151,Bamboo Fiber,46.86,3.28,100.0,0.69,34.46,8,20.14,177,2
M06152,Bamboo Fiber,51.36,4.15,99.08,0.79,37.27,7,19.44,158,3
M06153,Bamboo Fiber,47.42,4.36,93.21,0.69,38.67,7,19.24,162,3
M06154,Bamboo Fiber,45.95,4.21,99.51,0.83,32.15,6,18.54,155,3
M06155,Bamboo Fiber,49.0,4.59,98.1,0.9,40.48,7,19.35,161,3
M06156,Bamboo Fiber,47.28,2.73,95.57,0.62,33.51,6,18.98,161,3
M06157,Bamboo Fiber,50.84,5.25,94.18,0.84,35.11,9,18.38,130,3
M06158,Bamboo Fiber,50.66,4.38,97.4,0.77,34.22,8,18.77,142,2
M06159,Bamboo Fiber,51.36,4.24,96.69,0.77,41.77,7,19.39,157,3
M06160,Bamboo Fiber,47.66,3.77,96.46,0.76,37.68,5,19.02,165,2
M06161,Bamboo Fiber,36.62,3.74,97.89,0.6,39.89,8,17.86,152,2
M06162,Bamboo Fiber,49.13,4.91,100.0,0.76,33.94,5,18.56,153,2
M06163,Bamboo Fiber,42.81,4.8,100.0,0.75,37.28,7,17.58,138,3
M06164,Bamboo Fiber,54.35,5.27,95.73,0.72,30.98,7,19.68,157,2
M06165,Bamboo Fiber,49.67,2.0,98.02,0.9,31.73,7,19.22,157,3
M06166,Bamboo Fiber,52.39,2.47,98.77,0.76,41.04,7,18.94,146,3
M06167,Bamboo Fiber,38.84,6.0,95.8,0.84,45.0,9,19.68,180,3
M06168,Bamboo Fiber,43.67,4.2,97.27,0.73,41.87,8,20.22,185,2
M06169,Bamboo Fiber,44.63,3.8,95.0,0.9,36.94,7,19.76,178,4
M06170,Bamboo Fiber,42.71,4.23,95.02,0.67,43.48,6,18.97,170,2
M06171,Bamboo Fiber,43.15,4.24,98.91,0.73,38.93,6,19.46,179,2
M06172,Bamboo Fiber,40.44,2.86,98.18,0.66,33.46,6,17.64,148,3
M06173,Bamboo Fiber,44.63,4.69,98.88,0.67,30.0,6,19.06,168,2
M06174,Bamboo Fiber,50.0,3.15,97.79,0.81,32.17,5,18.45,149,2
M06175,Bamboo Fiber,46.02,2.66,95.97,0.82,38.88,6,19.95,183,2
M06176,Bamboo Fiber,52.7,3.29,98.13,0.76,41.11,7,20.47,176,2
M06177,Bamboo Fiber,48.38,2.33,98.18,0.9,40.65,7,18.89,153,2
M06178,Bamboo Fiber,47.75,3.52,97.48,0.82,33.09,7,20.67,190,2
M06179,Bamboo Fiber,40.87,3.96,95.63,0.8,40.35,6,18.24,159,3
M06180,Bamboo Fiber,46.98,4.11,96.1,0.86,35.35,8,18.75,149,2
M06181,Bamboo Fiber,42.71,3.79,96.03,0.6,32.29,5,18.37,162,4
M06182,Bamboo Fiber,51.35,5.49,97.37,0.9,37.72,8,20.04,166,3
M06183,Bamboo Fiber,40.54,3.78,98.29,0.66,39.16,8,17.6,139,4
M06184,Bamboo Fiber,43.09,3.95,99.61,0.77,37.85,7,18.31,152,2
M06185,Bamboo Fiber,48.03,5.41,96.52,0.75,34.1,6,18.35,147,2
M06186,Bamboo Fiber,38.2,6.0,95.5,0.76,36.74,6,19.32,186,5
M06187,Bamboo Fiber,39.79,4.63,99.19,0.66,44.3,6,18.43,165,4
M06188,Bamboo Fiber,45.95,3.81,97.92,0.77,37.75,6,18.54,155,3
M06189,Bamboo Fiber,45.41,2.88,95.7,0.72,42.9,6,19.39,173,3
M06190,Bamboo Fiber,44.2,5.47,94.41,0.71,39.38,7,19.42,172,3
M06191,Bamboo Fiber,44.42,5.1,94.87,0.67,33.33,7,17.59,135,2
M06192,Bamboo Fiber,50.92,3.89,96.56,0.66,34.56,8,19.84,163,3
M06193,Bamboo Fiber,40.14,3.93,96.19,0.62,38.0,9,18.56,155,2
M06194,Bamboo Fiber,46.77,3.84,97.27,0.88,40.17,6,17.38,130,3
M06195,Bamboo Fiber,48.46,5.27,97.38,0.86,42.51,5,19.65,176,2
M06196,Bamboo Fiber,39.0,2.0,96.03,0.74,32.49,7,18.85,171,4
M06197,Bamboo Fiber,55.0,3.92,94.43,0.9,40.1,7,20.8,178,3
M06198,Bamboo Fiber,44.59,4.9,95.6,0.84,37.15,6,19.81,183,2
M06199,Bamboo Fiber,43.69,5.44,95.88,0.79,44.14,6,19.62,181,3
M06200,Bamboo Fiber,42.35,3.77,96.34,0.78,35.9,7,18.84,164,2
M06201,Bamboo Fiber,48.67,4.15,99.51,0.76,38.52,6,18.72,153,3
M06202,Bamboo Fiber,45.87,4.31,96.82,0.7,34.53,6,19.34,171,2
M06203,Bamboo Fiber,44.94,3.98,96.29,0.64,42.64,6,18.89,164,3
M06204,Bamboo Fiber,43.92,4.18,95.93,0.63,39.31,6,18.79,164,4
M06205,Bamboo Fiber,47.34,3.62,100.0,0.63,44.41,5,18.68,159,3
M06206,Bamboo Fiber,42.37,4.04,98.1,0.73,35.16,6,18.74,166,2
M06207,Bamboo Fiber,48.62,4.25,95.1,0.74,37.05,7,17.96,134,2
M06208,Bamboo Fiber,53.92,3.61,97.48,0.8,35.8,6,19.79,164,2
M06209,Bamboo Fiber,45.84,3.1,98.4,0.62,39.29,6,18.93,163,3
M06210,Bamboo Fiber,41.36,4.35,97.98,0.75,37.79,6,17.99,153,2
M06211,Bamboo Fiber,44.74,4.71,94.67,0.75,39.27,7,18.37,150,2
M06212,Bamboo Fiber,44.74,5.02,96.74,0.72,39.23,5,18.47,160,2
M06213,Bamboo Fiber,48.31,2.0,98.61,0.73,36.7,6,19.43,168,2
M06214,Bamboo Fiber,46.8,3.47,95.76,0.9,37.96,7,18.63,151,3
M06215,Bamboo Fiber,41.69,4.15,98.53,0.65,41.1,6,18.07,154,2
M06216,Bamboo Fiber,45.63,4.21,97.94,0.78,41.42,7,19.16,164,2
M06217,Bamboo Fiber,52.29,4.07,100.0,0.68,44.11,6,19.73,166,2
M06218,Bamboo Fiber,44.6,4.17,95.58,0.63,35.42,7,18.46,152,2
M06219,Bamboo Fiber,52.27,3.4,97.34,0.68,37.6,7,20.08,169,2
M06220,Bamboo Fiber,45.93,3.31,97.89,0.85,45.0,8,18.39,144,2
M06221,Bamboo Fiber,46.39,3.23,96.51,0.64,30.97,7,18.99,159,2
M06222,Bamboo Fiber,48.16,4.09,97.98,0.81,35.66,6,19.22,164,3
M06223,Bamboo Fiber,48.09,4.13,94.94,0.73,42.33,6,19.11,162,2
M06224,Bamboo Fiber,40.82,3.47,97.88,0.75,41.98,5,17.83,155,2
M06225,Bamboo Fiber,50.26,3.39,98.69,0.87,40.63,7,20.13,174,2
M06226,Bamboo Fiber,35.0,3.84,98.54,0.6,33.06,7,17.95,161,3
M06227,Bamboo Fiber,49.57,4.73,96.31,0.9,40.85,9,20.96,184,3
M06228,Bamboo Fiber,46.38,2.71,98.09,0.9,44.78,5,18.94,166,2
M06229,Bamboo Fiber,42.91,2.06,96.25,0.67,34.92,7,17.19,130,3
M06230,Bamboo Fiber,51.64,2.93,97.29,0.67,40.6,6,19.36,160,2
M06231,Bamboo Fiber,43.65,5.58,100.0,0.68,39.82,5,18.16,156,3
M06232,Bamboo Fiber,47.07,3.24,95.82,0.82,36.53,5,18.81,162,2
M06233,Bamboo Fiber,39.57,4.19,99.0,0.6,43.56,6,18.56,168,4
M06234,Bamboo Fiber,43.22,3.5,97.81,0.7,34.99,7,19.17,169,2
M06235,Bamboo Fiber,44.29,2.75,99.9,0.62,41.4,8,19.48,169,2
M06236,Bamboo Fiber,44.0,5.26,98.38,0.6,43.4,5,18.15,155,4
M06237,Bamboo Fiber,43.46,3.94,98.24,0.88,45.0,6,17.05,130,2
M06238,Bamboo Fiber,44.34,3.04,95.6,0.6,36.59,8,18.38,147,2
M06239,Bamboo Fiber,46.79,2.0,94.5,0.85,31.86,5,18.63,159,3
M06240,Bamboo Fiber,36.06,3.01,97.02,0.62,34.8,6,19.11,186,2
M06241,Bamboo Fiber,54.61,2.81,96.36,0.87,33.17,7,18.71,137,2
M06242,Bamboo Fiber,45.07,3.41,97.05,0.65,38.43,8,20.06,179,2
M06243,Bamboo Fiber,45.32,4.02,92.63,0.82,37.69,5,20.03,190,2
M06244,Bamboo Fiber,43.54,4.99,97.7,0.6,35.98,8,19.1,163,2
M06245,Bamboo Fiber,42.46,4.14,97.72,0.87,38.74,8,19.55,174,3
M06246,Bamboo Fiber,45.85,4.0,98.21,0.61,36.57,8,17.84,133,3
M06247,Bamboo Fiber,40.52,4.63,98.8,0.69,31.68,8,17.55,138,2
M06248,Bamboo Fiber,55.0,4.26,98.09,0.85,42.33,6,20.3,172,2
M06249,Bamboo Fiber,55.0,3.7,98.73,0.88,39.03,7,20.05,163,2
M06250,Bamboo Fiber,44.11,4.2,96.32,0.72,37.06,6,17.76,143,2
M06251,Bamboo Fiber,41.45,2.0,95.38,0.71,37.23,6,18.2,157,2
M06252,Bamboo Fiber,35.0,2.95,95.39,0.77,40.4,6,18.3,172,2
M06253,Bamboo Fiber,43.58,4.24,97.75,0.6,33.78,6,17.71,143,3
M06254,Bamboo Fiber,44.9,4.76,95.3,0.66,35.89,6,18.54,157,3
M06255,Bamboo Fiber,40.1,4.55,99.74,0.67,39.68,6,19.46,185,2
M06256,Bamboo Fiber,43.64,3.88,97.01,0.69,39.28,5,18.81,169,2
M06257,Bamboo Fiber,46.83,4.07,98.31,0.62,38.22,5,18.83,163,2
M06258,Bamboo Fiber,41.89,4.23,93.44,0.7,37.17,5,18.44,165,4
M06259,Bamboo Fiber,35.0,4.34,95.44,0.64,36.59,7,19.1,184,3
M06260,Bamboo Fiber,41.07,3.12,97.32,0.62,37.81,7,19.46,179,3
M06261,Bamboo Fiber,43.63,3.51,94.22,0.65,36.56,8,17.96,140,3
M06262,Bamboo Fiber,46.9,4.92,99.74,0.9,45.0,6,18.64,155,4
M06263,Bamboo Fiber,47.05,4.19,96.06,0.76,39.74,6,19.46,171,4
M06264,Bamboo Fiber,46.41,3.11,99.85,0.64,43.03,7,18.54,150,2
M06265,Bamboo Fiber,45.08,2.96,99.8,0.74,40.43,5,19.96,189,3
M06266,Bamboo Fiber,46.09,3.32,91.79,0.68,42.63,7,19.26,165,2
M06267,Bamboo Fiber,40.07,3.55,100.0,0.6,38.12,7,18.76,167,2
M06268,Bamboo Fiber,42.85,4.84,98.14,0.8,38.45,7,19.63,179,2
M06269,Bamboo Fiber,48.19,3.92,96.79,0.72,34.21,6,19.52,170,2
M06270,Bamboo Fiber,43.32,3.37,96.23,0.88,44.4,7,18.58,157,3
M06271,Bamboo Fiber,41.97,3.48,97.65,0.79,39.8,5,18.6,168,3
M06272,Bamboo Fiber,45.1,3.61,96.34,0.69,37.62,6,17.46,135,4
M06273,Bamboo Fiber,36.54,3.94,98.21,0.6,38.34,8,19.75,190,2
M06274,Bamboo Fiber,50.44,5.68,96.73,0.9,36.93,6,18.94,154,3
M06275,Bamboo Fiber,42.21,4.2,92.15,0.76,36.07,5,19.32,182,2
M06276,Bamboo Fiber,42.92,3.86,94.39,0.72,36.33,9,20.59,190,4
M06277,Bamboo Fiber,46.72,4.43,96.18,0.73,38.4,5,19.27,172,2
M06278,Bamboo Fiber,46.83,2.97,94.58,0.9,40.7,5,19.13,169,2
M06279,Bamboo Fiber,52.44,2.78,97.06,0.72,38.92,8,20.29,169,2
M06280,Bamboo Fiber,47.22,3.3,95.64,0.9,35.78,6,19.07,163,3
M06281,Bamboo Fiber,41.67,5.5,97.77,0.8,39.86,8,18.47,154,3
M06282,Bamboo Fiber,55.0,4.29,96.13,0.88,37.01,6,20.85,183,3
M06283,Bamboo Fiber,43.74,3.03,95.8,0.8,44.44,6,20.07,190,3
M06284,Bamboo Fiber,48.0,3.21,97.8,0.8,40.15,5,19.5,174,2
M06285,Bamboo Fiber,44.58,4.6,97.85,0.77,35.33,5,19.06,172,2
M06286,Bamboo Fiber,41.42,4.45,95.63,0.78,40.68,7,18.34,156,2
M06287,Bamboo Fiber,37.84,4.15,98.05,0.6,31.44,7,18.28,162,2
M06288,Bamboo Fiber,45.65,3.11,95.63,0.9,34.55,6,19.02,165,2
M06289,Bamboo Fiber,47.14,3.75,97.73,0.87,38.29,6,18.31,148,2
M06290,Bamboo Fiber,44.85,3.7,96.73,0.69,41.01,7,17.53,133,3
M06291,Bamboo Fiber,36.65,2.0,96.85,0.6,38.57,5,17.66,160,2
M06292,Bamboo Fiber,39.99,2.73,94.38,0.61,40.14,7,18.55,163,3
M06293,Bamboo Fiber,39.16,4.49,98.83,0.6,40.99,7,17.07,135,2
M06294,Bamboo Fiber,40.19,3.15,99.25,0.75,41.84,8,19.27,173,2
M06295,Bamboo Fiber,45.39,4.65,92.36,0.7,33.26,8,20.04,178,3
M06296,Bamboo Fiber,48.31,4.86,96.68,0.9,40.13,7,19.23,160,3
M06297,Bamboo Fiber,43.23,4.39,98.21,0.77,40.31,6,19.67,183,2
M06298,Bamboo Fiber,49.64,4.16,98.92,0.9,39.37,6,18.96,156,3
M06299,Bamboo Fiber,45.95,4.42,99.55,0.86,33.3,7,20.34,187,2
M06300,Bamboo Fiber,51.52,6.0,97.62,0.9,34.2,6,19.25,158,2
M06301,Bamboo Fiber,49.34,3.93,93.52,0.86,37.43,6,19.23,162,2
M06302,Bamboo Fiber,46.16,6.0,97.93,0.61,43.15,6,19.07,165,2
M06303,Bamboo Fiber,48.04,4.77,95.68,0.8,34.55,6,18.3,146,3
M06304,Bamboo Fiber,52.24,3.93,100.0,0.9,38.94,6,20.42,180,3
M06305,Bamboo Fiber,49.06,5.37,94.5,0.9,34.36,5,19.71,176,3
M06306,Bamboo Fiber,48.66,4.46,98.11,0.79,38.17,6,18.92,157,2
M06307,Bamboo Fiber,35.0,6.0,97.83,0.65,37.42,6,17.1,148,4
M06308,Bamboo Fiber,42.32,4.68,96.14,0.75,40.27,6,16.93,130,2
M06309,Bamboo Fiber,52.23,4.8,96.51,0.85,39.76,7,19.27,153,2
M06310,Bamboo Fiber,41.52,3.41,100.0,0.71,35.85,6,18.2,157,5
M06311,Bamboo Fiber,39.42,3.62,95.91,0.6,37.38,5,18.34,168,4
M06312,Bamboo Fiber,47.07,2.18,98.13,0.83,36.44,7,19.01,158,2
M06313,Bamboo Fiber,44.96,2.63,98.23,0.76,36.88,6,18.4,154,3
M06314,Bamboo Fiber,55.0,4.19,95.18,0.82,34.56,8,21.6,190,2
M06315,Bamboo Fiber,39.49,3.2,96.88,0.76,35.8,8,18.35,156,4
M06316,Bamboo Fiber,38.49,4.32,97.08,0.64,36.98,7,19.4,183,2
M06317,Bamboo Fiber,36.85,2.14,96.83,0.78,34.23,5,19.19,190,2
M06318,Bamboo Fiber,42.84,5.35,96.25,0.63,36.87,7,20.18,190,3
M06319,Bamboo Fiber,42.87,6.0,95.69,0.68,37.42,7,18.99,166,2
M06320,Bamboo Fiber,43.07,3.96,96.85,0.6,39.18,8,19.66,175,2
M06321,Bamboo Fiber,47.06,4.51,95.29,0.9,36.28,7,18.06,139,3
M06322,Bamboo Fiber,43.81,4.39,97.3,0.67,39.37,8,20.48,190,3
M06323,Bamboo Fiber,47.18,5.69,95.76,0.75,33.42,6,19.62,174,2
M06324,Bamboo Fiber,44.15,3.31,94.73,0.87,33.47,5,18.21,156,2
M06325,Bamboo Fiber,55.0,5.69,96.15,0.9,41.11,5,19.6,162,2
M06326,Bamboo Fiber,43.75,3.3,93.69,0.8,44.08,7,20.23,189,4
M06327,Bamboo Fiber,44.63,2.0,97.69,0.64,32.81,8,19.26,164,3
M06328,Bamboo Fiber,46.25,3.02,99.85,0.78,36.56,7,19.23,164,2
M06329,Bamboo Fiber,46.33,4.06,98.03,0.71,39.25,6,19.73,178,3
M06330,Bamboo Fiber,42.11,4.62,96.16,0.71,41.67,7,18.66,161,2
M06331,Bamboo Fiber,41.8,3.3,96.63,0.76,44.04,7,18.53,159,2
M06332,Bamboo Fiber,55.0,3.43,95.17,0.88,35.63,6,18.2,130,3
M06333,Bamboo Fiber,48.39,4.15,95.9,0.73,42.66,6,18.89,157,3
M06334,Bamboo Fiber,46.2,3.58,96.01,0.74,37.18,7,18.82,156,3
M06335,Bamboo Fiber,48.57,3.99,95.68,0.78,41.03,6,20.46,188,4
M06336,Bamboo Fiber,45.67,3.89,97.39,0.72,36.82,5,18.12,151,2
M06337,Bamboo Fiber,45.29,2.0,97.16,0.63,44.86,8,19.38,165,3
M06338,Bamboo Fiber,45.19,2.84,97.75,0.7,37.7,6,18.47,155,4
M06339,Bamboo Fiber,44.76,4.36,97.06,0.9,34.14,5,18.58,162,2
M06340,Bamboo Fiber,48.92,4.21,94.8,0.72,33.77,7,19.74,169,2
M06341,Bamboo Fiber,45.71,5.03,96.26,0.8,44.59,5,18.87,166,2
M06342,Bamboo Fiber,47.72,3.99,95.47,0.89,38.31,6,19.67,174,2
M06343,Bamboo Fiber,42.73,2.5,97.17,0.67,41.04,7,18.82,163,3
M06344,Bamboo Fiber,47.72,5.51,98.72,0.85,38.9,7,19.22,161,4
M06345,Bamboo Fiber,46.25,4.28,95.27,0.72,42.45,6,19.32,170,3
M06346,Bamboo Fiber,51.51,4.53,98.28,0.83,35.95,6,18.55,144,4
M06347,Bamboo Fiber,41.83,5.07,99.65,0.7,43.44,7,19.53,179,4
M06348,Bamboo Fiber,50.32,4.81,96.0,0.82,39.95,5,18.18,143,2
M06349,Bamboo Fiber,51.4,2.91,92.64,0.84,41.28,8,21.24,190,2
M06350,Bamboo Fiber,51.48,4.32,95.03,0.87,43.15,6,19.5,163,3
M06351,Bamboo Fiber,45.44,5.38,98.61,0.78,35.42,7,18.89,159,3
M06352,Bamboo Fiber,46.72,2.0,96.12,0.68,39.32,9,18.72,145,2
M06353,Bamboo Fiber,43.88,3.93,97.85,0.65,37.72,6,17.54,139,2
M06354,Bamboo Fiber,48.27,4.44,97.67,0.9,30.0,6,18.48,149,2
M06355,Bamboo Fiber,48.69,4.59,100.0,0.85,35.88,6,18.12,141,2
M06356,Bamboo Fiber,46.11,3.86,98.6,0.69,45.0,6,18.71,158,2
M06357,Bamboo Fiber,39.48,5.22,99.35,0.64,44.16,8,19.05,170,3
M06358,Bamboo Fiber,48.19,4.43,95.84,0.75,40.5,7,19.17,159,3
M06359,Bamboo Fiber,48.88,4.06,100.0,0.89,36.13,7,19.29,160,2
M06360,Bamboo Fiber,39.88,5.96,97.53,0.64,40.99,6,17.84,153,2
M06361,Bamboo Fiber,47.35,2.0,93.4,0.81,37.53,8,20.39,181,3
M06362,Bamboo Fiber,41.96,5.26,100.0,0.84,39.01,8,17.5,134,2
M06363,Bamboo Fiber,39.96,4.41,99.01,0.69,41.59,7,18.65,165,4
M06364,Bamboo Fiber,45.14,5.53,99.41,0.78,37.13,6,18.01,146,4
M06365,Bamboo Fiber,42.0,2.55,96.46,0.7,41.44,7,19.7,182,2
M06366,Bamboo Fiber,44.68,2.36,97.46,0.89,39.71,9,19.02,155,3
M06367,Bamboo Fiber,47.17,4.01,95.18,0.71,39.99,7,19.12,160,2
M06368,Bamboo Fiber,50.62,3.4,98.72,0.86,34.54,8,20.01,167,3
M06369,Bamboo Fiber,42.26,5.95,97.26,0.74,34.63,7,20.13,190,3
M06370,Bamboo Fiber,39.16,5.65,96.65,0.6,37.15,6,18.37,165,3
M06371,Bamboo Fiber,41.39,3.55,97.79,0.77,39.75,5,16.84,134,2
M06372,Bamboo Fiber,51.95,4.07,99.48,0.76,44.13,8,19.1,146,3
M06373,Bamboo Fiber,35.0,4.67,96.4,0.6,33.99,7,16.4,130,4
M06374,Bamboo Fiber,55.0,3.62,99.13,0.7,41.37,6,21.15,189,2
M06375,Bamboo Fiber,50.91,3.94,99.99,0.66,40.51,6,18.89,152,3
M06376,Bamboo Fiber,46.97,2.0,99.63,0.76,40.86,6,19.0,162,2
M06377,Bamboo Fiber,44.32,3.4,96.37,0.89,34.15,8,17.98,139,3
M06378,Bamboo Fiber,49.84,4.24,95.57,0.79,37.7,6,20.38,184,3
M06379,Bamboo Fiber,51.51,2.61,95.85,0.9,33.65,6,19.7,167,4
M06380,Bamboo Fiber,39.6,4.04,100.0,0.6,32.85,7,19.01,173,3
M06381,Bamboo Fiber,49.75,4.43,96.66,0.89,40.8,7,20.62,185,2
M06382,Bamboo Fiber,46.92,2.0,94.77,0.76,35.49,6,18.69,156,2
M06383,Bamboo Fiber,42.82,2.92,94.64,0.6,38.49,6,17.83,147,4
M06384,Bamboo Fiber,39.9,5.33,97.9,0.79,41.26,8,18.99,168,3
M06385,Bamboo Fiber,38.75,4.94,97.17,0.6,34.19,7,18.38,162,2
M06386,Bamboo Fiber,44.37,5.57,96.98,0.76,36.41,8,19.14,162,2
M06387,Bamboo Fiber,42.8,3.31,97.07,0.71,44.96,8,19.43,171,2
M06388,Bamboo Fiber,39.65,4.82,95.36,0.6,36.07,7,16.86,130,3
M06389,Bamboo Fiber,42.33,4.18,97.54,0.75,35.71,5,16.93,134,2
M06390,Bamboo Fiber,41.22,5.88,98.01,0.68,37.8,8,18.57,157,2
M06391,Bamboo Fiber,42.27,4.09,99.65,0.71,31.05,7,19.13,170,4
M06392,Bamboo Fiber,45.33,4.41,97.25,0.89,35.52,7,18.28,147,2
M06393,Bamboo Fiber,52.04,3.15,96.78,0.9,37.88,8,18.3,130,4
M06394,Bamboo Fiber,43.26,3.91,98.44,0.6,39.29,6,17.83,146,3
M06395,Bamboo Fiber,36.6,3.46,99.39,0.63,34.38,7,18.41,167,2
M06396,Bamboo Fiber,38.67,4.35,95.59,0.67,35.95,7,17.27,140,3
M06397,Bamboo Fiber,41.93,2.61,99.51,0.74,32.82,5,18.24,161,4
M06398,Bamboo Fiber,51.52,3.94,98.31,0.9,32.7,6,20.15,176,2
M06399,Bamboo Fiber,35.91,3.29,98.61,0.61,31.23,6,18.49,174,2
M06400,Bamboo Fiber,44.16,3.87,94.88,0.89,39.99,5,17.72,146,2
M06401,Bamboo Fiber,48.57,4.9,98.88,0.9,34.52,7,20.21,179,2
M06402,Bamboo Fiber,50.09,5.67,95.88,0.65,42.52,6,19.51,166,3
M06403,Bamboo Fiber,47.49,4.72,96.97,0.84,33.65,6,19.75,176,2
M06404,Bamboo Fiber,48.49,4.17,98.53,0.81,38.41,8,20.15,174,3
M06405,Bamboo Fiber,47.19,4.73,95.9,0.9,39.15,7,19.62,170,3
M06406,Bamboo Fiber,55.0,2.1,96.51,0.77,33.25,5,19.25,155,2
M06407,Bamboo Fiber,49.55,6.0,96.96,0.71,34.13,7,20.0,173,3
M06408,Bamboo Fiber,38.58,5.6,98.57,0.72,35.31,8,18.46,160,3
M06409,Bamboo Fiber,43.99,3.27,94.84,0.6,42.9,8,19.2,164,2
M06410,Bamboo Fiber,46.36,4.7,94.04,0.61,40.14,8,19.39,163,3
M06411,Bamboo Fiber,51.62,5.14,98.81,0.73,40.61,5,18.96,156,3
M06412,Bamboo Fiber,43.18,2.0,96.3,0.75,41.05,5,17.82,150,2
M06413,Bamboo Fiber,37.62,3.42,97.87,0.77,34.89,7,17.41,145,2
M06414,Bamboo Fiber,48.08,4.86,94.75,0.84,36.17,7,18.26,141,3
M06415,Bamboo Fiber,36.61,2.98,97.82,0.72,38.74,5,18.11,169,4
M06416,Bamboo Fiber,35.0,5.23,98.74,0.6,32.1,8,17.4,146,3
M06417,Bamboo Fiber,46.91,3.37,98.48,0.63,38.41,5,18.34,153,3
M06418,Bamboo Fiber,50.78,3.23,96.37,0.79,38.79,6,18.58,146,3
M06419,Bamboo Fiber,44.15,2.17,95.53,0.77,42.21,5,18.56,163,3
M06420,Bamboo Fiber,35.0,3.97,95.27,0.6,36.21,7,18.9,180,2
M06421,Bamboo Fiber,43.06,4.55,97.4,0.6,33.29,5,18.11,156,3
M06422,Bamboo Fiber,42.78,2.94,96.77,0.67,39.64,6,18.08,152,2
M06423,Bamboo Fiber,49.71,5.76,96.0,0.9,35.45,6,19.32,163,2
M06424,Bamboo Fiber,43.37,5.08,98.16,0.84,36.32,7,19.69,179,2
M06425,Bamboo Fiber,48.46,3.91,92.9,0.7,32.12,6,19.1,161,3
M06426,Bamboo Fiber,48.85,5.03,97.92,0.71,34.09,7,19.69,168,3
M06427,Bamboo Fiber,47.92,4.01,95.66,0.64,44.62,9,19.74,163,2
M06428,Bamboo Fiber,50.25,3.91,96.79,0.83,36.41,6,18.12,138,3
M06429,Bamboo Fiber,42.33,3.13,97.83,0.71,38.83,7,18.63,160,3
M06430,Bamboo Fiber,35.0,3.59,97.01,0.6,39.07,8,17.25,143,3
M06431,Bamboo Fiber,41.86,4.67,93.51,0.87,37.59,5,17.64,149,2
M06432,Bamboo Fiber,48.92,5.11,96.48,0.85,45.0,8,20.39,178,2
M06433,Bamboo Fiber,55.0,4.77,95.17,0.78,38.18,5,19.6,162,2
M06434,Bamboo Fiber,46.44,4.71,99.15,0.67,37.63,5,18.24,152,3
M06435,Bamboo Fiber,49.77,4.71,98.51,0.77,37.57,6,18.73,151,3
M06436,Bamboo Fiber,51.7,3.49,94.35,0.84,38.75,7,19.17,152,2
M06437,Bamboo Fiber,53.34,3.8,95.46,0.8,45.0,7,19.68,159,3
M06438,Bamboo Fiber,40.8,2.49,97.14,0.66,30.0,6,17.83,151,2
M06439,Bamboo Fiber,44.28,3.1,99.8,0.84,44.33,7,18.08,145,2
M06440,Bamboo Fiber,38.6,4.85,96.09,0.63,37.83,6,18.81,175,2
M06441,Bamboo Fiber,44.89,2.68,96.48,0.8,34.13,6,18.54,157,3
M06442,Bamboo Fiber,41.14,3.38,96.21,0.66,37.31,6,17.76,149,3
M06443,Bamboo Fiber,45.98,5.07,95.06,0.87,38.74,7,18.7,154,3
M06444,Bamboo Fiber,49.76,2.0,97.29,0.85,45.0,7,20.43,181,3
M06445,Bamboo Fiber,39.4,2.93,96.01,0.62,40.86,6,17.74,152,2
M06446,Bamboo Fiber,47.74,4.53,95.97,0.64,33.67,8,19.62,165,2
M06447,Bamboo Fiber,47.56,4.2,97.19,0.66,35.41,7,20.51,187,3
M06448,Bamboo Fiber,42.52,3.76,97.86,0.6,31.45,7,17.95,146,4
M06449,Bamboo Fiber,45.27,4.62,98.9,0.6,33.91,8,19.23,162,5
M06450,Bamboo Fiber,39.17,3.72,95.9,0.6,43.38,5,18.22,166,4
M06451,Bamboo Fiber,45.19,3.74,98.02,0.83,45.0,7,18.12,144,4
M06452,Bamboo Fiber,50.37,3.59,95.19,0.69,36.61,6,20.64,188,3
M06453,Bamboo Fiber,40.39,2.27,95.62,0.76,39.44,5,18.24,164,4
M06454,Bamboo Fiber,49.56,3.47,97.76,0.7,42.13,7,18.51,143,2
M06455,Bamboo Fiber,49.86,3.82,100.0,0.78,37.82,5,19.19,164,3
M06456,Bamboo Fiber,46.92,3.38,94.55,0.77,40.91,6,18.94,161,3
M06457,Bamboo Fiber,45.87,3.67,95.85,0.74,36.8,7,18.29,146,3
M06458,Bamboo Fiber,43.88,3.52,95.62,0.6,35.83,7,17.49,134,4
M06459,Bamboo Fiber,44.14,4.37,97.47,0.67,35.09,7,18.66,157,2
M06460,Bamboo Fiber,42.97,2.81,97.46,0.68,43.55,5,17.9,152,2
M06461,Bamboo Fiber,41.38,4.02,96.68,0.6,35.68,6,18.14,156,2
M06462,Bamboo Fiber,42.18,4.21,97.87,0.87,38.91,8,19.72,178,3
M06463,Bamboo Fiber,43.66,4.72,95.6,0.8,38.76,6,18.37,156,3
M06464,Bamboo Fiber,50.19,3.8,93.28,0.79,33.14,5,18.17,143,2
M06465,Bamboo Fiber,38.36,3.25,95.92,0.74,36.86,5,18.19,167,4
M06466,Bamboo Fiber,45.88,3.44,96.01,0.78,30.0,6,18.89,162,2
M06467,Bamboo Fiber,40.72,3.73,94.75,0.85,34.95,6,18.47,164,3
M06468,Bamboo Fiber,45.41,2.85,95.56,0.77,38.46,6,19.29,171,3
M06469,Bamboo Fiber,45.09,2.64,94.45,0.69,32.77,6,18.86,163,2
M06470,Bamboo Fiber,52.77,3.82,98.53,0.9,36.29,6,18.63,143,2
M06471,Bamboo Fiber,35.0,4.79,99.18,0.78,32.71,7,17.6,154,2
M06472,Bamboo Fiber,47.61,2.99,96.3,0.76,38.51,7,18.31,143,2
M06473,Bamboo Fiber,47.66,5.64,94.01,0.81,42.31,5,20.27,190,3
M06474,Bamboo Fiber,43.86,4.22,97.8,0.84,34.76,6,18.24,153,3
M06475,Bamboo Fiber,48.02,5.59,98.91,0.78,35.59,6,19.1,162,2
M06476,Bamboo Fiber,41.21,6.0,97.79,0.78,30.0,6,18.87,171,4
M06477,Bamboo Fiber,53.51,2.19,100.0,0.7,38.08,8,18.7,135,2
M06478,Bamboo Fiber,46.76,3.93,97.67,0.89,37.62,6,20.18,186,4
M06479,Bamboo Fiber,36.05,4.82,98.73,0.81,40.41,5,17.86,165,2
M06480,Bamboo Fiber,52.18,5.04,95.3,0.81,34.34,7,19.32,154,2
M06481,Bamboo Fiber,39.85,3.85,100.0,0.63,40.58,6,17.73,151,2
M06482,Bamboo Fiber,48.0,3.92,98.75,0.89,33.59,6,19.85,177,3
M06483,Bamboo Fiber,37.18,4.01,98.85,0.66,39.07,7,18.02,158,2
M06484,Bamboo Fiber,43.85,3.84,98.93,0.68,34.78,5,17.59,144,3
M06485,Bamboo Fiber,47.99,4.45,96.64,0.82,35.52,8,19.7,166,2
M06486,Bamboo Fiber,48.04,4.01,98.87,0.71,39.51,7,18.65,149,2
M06487,Bamboo Fiber,43.55,2.78,95.78,0.76,36.53,8,19.36,168,3
M06488,Bamboo Fiber,41.46,4.41,95.95,0.86,45.0,6,19.05,174,2
M06489,Bamboo Fiber,43.74,4.6,96.62,0.87,35.29,6,18.77,164,2
M06490,Bamboo Fiber,45.58,5.02,98.15,0.72,30.09,8,20.11,179,3
M06491,Bamboo Fiber,38.21,3.42,92.89,0.78,34.31,5,18.67,177,2
M06492,Bamboo Fiber,46.53,4.07,96.08,0.73,41.86,7,18.6,151,3
M06493,Bamboo Fiber,43.89,3.73,99.01,0.77,34.17,7,19.84,181,2
M06494,Bamboo Fiber,43.64,3.75,96.88,0.81,43.25,8,18.86,158,2
M06495,Bamboo Fiber,41.77,2.87,98.01,0.72,36.03,6,17.78,148,3
M06496,Bamboo Fiber,40.93,5.06,96.92,0.6,36.83,5,19.34,185,3
M06497,Bamboo Fiber,50.36,2.99,97.19,0.83,44.52,7,18.74,146,2
M06498,Bamboo Fiber,45.58,2.35,94.95,0.63,38.41,5,18.11,151,3
M06499,Bamboo Fiber,49.76,4.26,98.67,0.75,35.73,8,20.08,170,3
M06500,Bamboo Fiber,41.24,4.46,100.0,0.6,37.06,6,19.02,174,2
M06501,Bamboo Fiber,40.0,2.62,94.07,0.8,37.9,5,18.9,178,2
M06502,Bamboo Fiber,37.17,4.32,98.53,0.8,33.88,6,18.42,170,2
M06503,Bamboo Fiber,35.3,3.97,96.36,0.6,35.38,7,17.83,158,3
M06504,Bamboo Fiber,38.18,2.0,93.9,0.6,33.95,6,16.67,133,3
M06505,Bamboo Fiber,55.0,3.62,98.36,0.9,39.97,6,18.2,130,2
M06506,Bamboo Fiber,50.73,2.62,93.6,0.9,38.5,5,19.57,170,2
M06507,Bamboo Fiber,50.34,2.0,97.86,0.83,42.96,7,19.33,158,3
M06508,Bamboo Fiber,45.87,2.92,96.17,0.73,35.6,6,19.14,167,4
M06509,Bamboo Fiber,48.62,2.51,96.72,0.8,34.72,6,18.06,140,4
M06510,Bamboo Fiber,45.49,2.3,97.57,0.65,31.09,5,18.8,165,2
M06511,Bamboo Fiber,38.98,5.19,97.3,0.69,44.64,8,18.1,152,3
M06512,Bamboo Fiber,50.61,4.55,99.61,0.73,42.91,7,20.21,175,2
M06513,Bamboo Fiber,43.23,2.0,97.36,0.83,42.72,5,18.62,166,4
M06514,Bamboo Fiber,45.58,3.42,96.97,0.78,38.86,6,18.81,161,4
M06515,Bamboo Fiber,43.67,6.0,95.78,0.73,32.95,8,18.32,147,2
M06516,Bamboo Fiber,47.87,3.23,100.0,0.81,33.53,7,19.24,161,2
M06517,Bamboo Fiber,55.0,4.95,96.79,0.77,31.77,6,21.1,188,3
M06518,Bamboo Fiber,53.65,4.28,96.17,0.9,36.11,6,20.61,181,2
M06519,Bamboo Fiber,36.71,6.0,99.17,0.71,30.0,6,17.77,158,3
M06520,Bamboo Fiber,49.12,4.91,95.86,0.76,45.0,6,17.86,135,2
M06521,Bamboo Fiber,42.88,5.76,98.28,0.86,37.96,5,17.54,145,3
M06522,Bamboo Fiber,49.46,4.78,92.01,0.81,34.55,7,18.7,147,3
M06523,Bamboo Fiber,42.02,4.26,95.46,0.84,35.33,5,17.9,154,3
M06524,Bamboo Fiber,55.0,3.65,96.71,0.9,38.22,7,20.85,179,4
M06525,Bamboo Fiber,51.87,2.55,95.44,0.9,30.0,6,19.39,160,2
M06526,Bamboo Fiber,40.87,5.41,96.17,0.82,35.29,7,18.74,165,3
M06527,Bamboo Fiber,38.31,3.87,100.0,0.65,37.75,7,17.98,155,2
M06528,Bamboo Fiber,46.58,2.49,98.34,0.62,37.02,6,19.36,170,2
M06529,Bamboo Fiber,48.7,4.22,96.65,0.8,42.67,8,19.97,170,2
M06530,Bamboo Fiber,52.46,2.54,96.3,0.9,38.17,8,19.95,162,2
M06531,Bamboo Fiber,42.53,2.84,97.2,0.6,38.26,6,18.05,152,4
M06532,Bamboo Fiber,45.83,4.76,98.44,0.71,36.82,6,18.38,152,2
M06533,Bamboo Fiber,43.26,2.66,99.43,0.77,33.18,7,17.83,142,2
M06534,Bamboo Fiber,41.59,2.0,97.42,0.79,40.0,6,17.56,144,2
M06535,Bamboo Fiber,45.66,4.68,96.93,0.77,36.88,8,18.27,142,3
M06536,Bamboo Fiber,52.23,4.67,98.62,0.72,42.58,6,20.17,175,2
M06537,Bamboo Fiber,43.17,4.63,97.86,0.77,39.66,7,19.72,180,2
M06538,Bamboo Fiber,47.14,4.2,96.71,0.82,45.0,7,18.31,144,3
M06539,Bamboo Fiber,42.8,5.42,96.4,0.75,39.45,6,19.58,182,3
M06540,Bamboo Fiber,41.56,3.8,99.06,0.63,30.0,6,16.86,130,2
M06541,Bamboo Fiber,53.13,2.74,98.41,0.83,36.57,6,21.01,190,2
M06542,Bamboo Fiber,44.06,4.14,95.55,0.69,37.79,7,18.71,158,4
M06543,Bamboo Fiber,43.35,5.25,97.61,0.88,40.45,7,17.68,139,3
M06544,Bamboo Fiber,47.48,5.1,99.16,0.84,41.11,6,18.3,147,3
M06545,Bamboo Fiber,46.12,4.95,96.34,0.85,40.92,7,19.26,165,2
M06546,Bamboo Fiber,42.12,3.49,93.51,0.62,33.93,7,18.66,161,2
M06547,Bamboo Fiber,40.2,4.57,97.48,0.6,37.61,6,18.57,167,3
M06548,Bamboo Fiber,37.18,2.0,95.44,0.6,39.45,6,18.02,162,2
M06549,Bamboo Fiber,48.12,5.56,95.18,0.89,43.36,7,19.41,164,3
M06550,Bamboo Fiber,47.21,5.16,95.7,0.79,31.38,8,19.87,171,3
M06551,Bamboo Fiber,38.56,3.33,96.61,0.67,30.72,6,18.76,174,4
M06552,Bamboo Fiber,50.45,4.22,95.07,0.9,36.65,7,18.95,150,3
M06553,Bamboo Fiber,45.02,3.86,98.11,0.79,38.73,7,18.65,155,2
M06554,Bamboo Fiber,38.13,3.37,99.96,0.73,36.01,8,18.66,165,3
M06555,Bamboo Fiber,35.0,2.95,95.46,0.67,36.55,9,17.75,149,2
M06556,Bamboo Fiber,42.05,6.0,96.43,0.6,36.55,6,17.16,135,2
M06557,Bamboo Fiber,35.0,5.14,99.52,0.6,38.46,7,18.05,163,2
M06558,Bamboo Fiber,50.77,4.56,100.0,0.76,40.68,6,19.73,169,3
M06559,Bamboo Fiber,44.38,4.65,97.56,0.82,34.72,6,18.44,156,4
M06560,Bamboo Fiber,48.69,5.38,97.95,0.78,33.2,8,20.02,171,4
M06561,Bamboo Fiber,44.01,3.44,93.35,0.89,35.63,7,18.85,161,2
M06562,Bamboo Fiber,50.17,4.54,94.57,0.85,35.6,7,19.87,169,2
M06563,Bamboo Fiber,46.13,4.91,94.22,0.81,30.07,5,17.96,147,3
M06564,Bamboo Fiber,35.0,3.14,96.97,0.8,44.52,6,18.0,166,3
M06565,Bamboo Fiber,48.24,5.06,97.84,0.66,42.11,7,19.22,160,2
M06566,Bamboo Fiber,47.75,5.02,96.24,0.9,40.51,9,18.93,147,4
M06567,Bamboo Fiber,48.76,4.27,95.62,0.82,35.78,8,19.33,157,3
M06568,Bamboo Fiber,46.01,6.0,98.67,0.87,38.83,6,18.75,159,4
M06569,Bamboo Fiber,40.04,3.77,98.34,0.64,37.84,7,18.0,152,3
M06570,Bamboo Fiber,37.89,3.9,97.22,0.6,36.67,8,17.84,149,4
M06571,Bamboo Fiber,39.6,3.99,94.59,0.78,35.46,7,17.86,150,3
M06572,Bamboo Fiber,39.3,4.71,94.09,0.75,39.96,6,19.58,189,2
M06573,Bamboo Fiber,40.64,3.53,96.79,0.84,37.39,6,18.06,156,4
M06574,Bamboo Fiber,53.79,3.47,93.54,0.9,40.78,6,20.93,187,2
M06575,Bamboo Fiber,43.98,3.73,96.51,0.89,37.33,7,19.05,165,3
M06576,Bamboo Fiber,41.52,3.0,96.78,0.6,45.0,6,17.65,146,2
M06577,Bamboo Fiber,51.22,4.57,98.99,0.9,43.74,7,20.82,186,3
M06578,Bamboo Fiber,53.43,5.48,97.5,0.87,31.22,6,20.29,175,2
M06579,Bamboo Fiber,45.74,3.93,98.08,0.73,41.19,6,18.27,150,4
M06580,Bamboo Fiber,42.77,3.25,95.48,0.66,36.02,6,18.18,154,4
M06581,Bamboo Fiber,39.83,2.59,97.33,0.6,31.8,6,19.23,181,4
M06582,Bamboo Fiber,41.77,2.41,96.67,0.72,37.37,6,18.28,158,2
M06583,Bamboo Fiber,48.67,5.68,97.37,0.77,38.79,7,19.57,166,2
M06584,Bamboo Fiber,47.18,4.49,98.55,0.9,41.53,7,18.47,147,3
M06585,Bamboo Fiber,50.29,4.09,95.35,0.74,44.41,6,20.03,176,3
M06586,Bamboo Fiber,50.99,4.55,95.84,0.81,37.05,7,19.75,165,2
M06587,Bamboo Fiber,40.3,2.0,95.11,0.85,42.74,6,18.53,166,2
M06588,Bamboo Fiber,44.74,3.72,98.8,0.79,42.51,5,17.72,145,3
M06589,Bamboo Fiber,41.31,3.19,98.64,0.7,35.62,8,17.63,138,2
M06590,Bamboo Fiber,51.44,4.17,100.0,0.9,35.45,7,19.09,151,3
M06591,Bamboo Fiber,41.84,3.2,95.6,0.75,40.74,7,20.08,190,3
M06592,Bamboo Fiber,41.79,4.05,96.98,0.86,45.0,7,18.03,149,3
M06593,Bamboo Fiber,53.14,5.31,96.29,0.81,33.58,6,18.81,146,3
M06594,Bamboo Fiber,38.74,3.4,94.78,0.73,34.68,7,18.32,161,3
M06595,Bamboo Fiber,46.47,3.89,96.32,0.78,36.87,7,18.9,157,2
M06596,Bamboo Fiber,44.72,2.9,94.86,0.6,34.74,7,17.42,131,2
M06597,Bamboo Fiber,37.45,3.91,94.88,0.6,38.57,6,17.89,159,3
M06598,Bamboo Fiber,42.06,3.83,98.08,0.67,42.61,7,17.91,146,2
M06599,Bamboo Fiber,48.97,3.31,99.47,0.74,44.12,7,19.9,172,2
M06600,Bamboo Fiber,37.97,4.85,95.69,0.83,35.19,8,18.35,159,3
M06601,Bamboo Fiber,35.22,5.62,97.61,0.64,37.24,6,17.82,162,3
M06602,Bamboo Fiber,46.85,5.28,92.89,0.63,42.0,7,19.23,163,4
M06603,Bamboo Fiber,45.4,3.06,94.48,0.77,38.78,6,18.09,147,4
M06604,Bamboo Fiber,43.69,3.71,95.36,0.72,43.38,7,18.22,149,4
M06605,Bamboo Fiber,35.21,4.8,96.07,0.6,39.73,5,16.47,139,3
M06606,Bamboo Fiber,41.52,4.33,95.86,0.82,36.83,5,17.65,150,2
M06607,Bamboo Fiber,53.54,3.22,95.4,0.86,35.51,6,19.65,162,2
M06608,Bamboo Fiber,44.62,5.04,96.52,0.67,42.03,6,18.61,159,2
M06609,Bamboo Fiber,45.62,3.2,93.9,0.76,39.89,6,18.51,155,3
M06610,Bamboo Fiber,44.51,3.76,97.94,0.79,36.8,5,18.8,167,3
M06611,Bamboo Fiber,43.09,4.67,97.1,0.68,45.0,9,18.76,153,4
M06612,Bamboo Fiber,42.31,4.34,97.93,0.69,36.22,7,18.28,153,3
M06613,Bamboo Fiber,51.09,5.42,95.92,0.88,37.27,6,19.76,169,2
M06614,Bamboo Fiber,49.35,6.0,96.99,0.77,32.13,7,20.23,178,3
M06615,Bamboo Fiber,41.02,3.58,96.17,0.6,41.5,7,19.3,176,3
M06616,Bamboo Fiber,47.93,3.89,100.0,0.74,44.87,6,19.94,179,3
M06617,Bamboo Fiber,43.2,3.96,100.0,0.88,31.28,7,18.57,157,2
M06618,Bamboo Fiber,45.88,5.22,99.65,0.9,33.48,6,18.99,164,2
M06619,Bamboo Fiber,49.88,3.24,99.45,0.9,33.8,6,19.59,168,3
M06620,Bamboo Fiber,43.75,4.6,95.3,0.73,35.42,8,19.12,163,2
M06621,Bamboo Fiber,49.28,4.55,97.71,0.85,35.07,6,19.93,176,2
M06622,Bamboo Fiber,50.7,5.48,98.63,0.9,41.2,7,19.62,163,2
M06623,Bamboo Fiber,36.32,5.21,93.25,0.69,34.15,7,17.83,156,4
M06624,Bamboo Fiber,39.43,6.0,97.29,0.7,30.63,6,18.79,173,3
M06625,Bamboo Fiber,44.93,4.15,92.36,0.71,45.0,6,18.14,149,2
M06626,Bamboo Fiber,55.0,5.43,99.6,0.7,36.69,5,18.7,144,2
M06627,Bamboo Fiber,42.85,2.81,97.25,0.88,39.4,7,18.48,156,3
M06628,Bamboo Fiber,47.61,4.06,100.0,0.84,36.77,7,18.66,150,3
M06629,Bamboo Fiber,47.45,4.33,94.26,0.68,34.7,8,18.85,150,2
M06630,Bamboo Fiber,35.0,4.11,96.51,0.6,44.12,7,17.25,147,3
M06631,Bamboo Fiber,50.69,4.5,97.56,0.69,36.23,6,18.82,151,2
M06632,Bamboo Fiber,39.06,2.09,97.18,0.6,42.98,6,17.46,147,2
M06633,Bamboo Fiber,39.01,5.54,97.71,0.64,34.64,7,19.8,190,2
M06634,Bamboo Fiber,55.0,2.84,99.47,0.9,34.34,6,19.6,158,5
M06635,Bamboo Fiber,49.72,3.92,97.73,0.76,36.35,5,19.12,163,2
M06636,Bamboo Fiber,45.29,3.28,97.41,0.79,32.44,6,18.68,159,2
M06637,Bamboo Fiber,45.57,4.04,95.87,0.9,33.33,6,19.91,183,3
M06638,Bamboo Fiber,43.18,2.92,92.32,0.75,38.14,6,20.02,190,3
M06639,Bamboo Fiber,50.33,4.53,97.22,0.89,38.02,7,18.68,145,2
M06640,Bamboo Fiber,51.85,3.19,95.38,0.67,44.12,7,19.73,163,3
M06641,Bamboo Fiber,48.57,2.69,97.25,0.81,33.0,6,19.11,161,2
M06642,Bamboo Fiber,38.15,3.53,100.0,0.6,39.0,6,16.96,139,2
M06643,Bamboo Fiber,55.0,5.25,92.8,0.82,33.02,6,20.35,173,2
M06644,Bamboo Fiber,48.52,3.56,96.94,0.9,30.8,7,19.85,172,4
M06645,Bamboo Fiber,47.12,3.95,99.04,0.74,38.95,6,19.51,172,3
M06646,Bamboo Fiber,41.32,2.87,94.88,0.78,41.65,7,20.03,190,4
M06647,Bamboo Fiber,44.28,3.63,96.92,0.63,42.32,8,19.58,171,4
M06648,Bamboo Fiber,35.29,2.37,96.12,0.65,33.28,5,17.58,161,3
M06649,Bamboo Fiber,50.53,4.81,95.29,0.82,36.6,6,19.15,158,4
M06650,Bamboo Fiber,39.75,4.76,98.78,0.64,30.83,8,19.08,170,3
M06651,Bamboo Fiber,44.57,2.61,97.17,0.71,33.82,7,18.26,148,3
M06652,Bamboo Fiber,39.65,4.01,96.53,0.71,40.62,5,18.52,171,2
M06653,Bamboo Fiber,47.87,2.68,94.06,0.63,39.26,6,20.04,181,3
M06654,Bamboo Fiber,47.36,4.41,97.71,0.88,40.98,8,20.14,176,3
M06655,Bamboo Fiber,46.7,3.74,95.59,0.79,36.83,6,19.42,171,2
M06656,Bamboo Fiber,47.74,5.99,97.69,0.85,37.19,7,19.82,173,2
M06657,Bamboo Fiber,48.02,2.76,98.36,0.9,38.88,7,19.75,171,4
M06658,Bamboo Fiber,45.45,3.7,96.58,0.86,39.89,6,18.3,151,2
M06659,Bamboo Fiber,55.0,3.36,99.17,0.89,36.46,6,19.2,150,3
M06660,Bamboo Fiber,40.12,4.47,94.33,0.6,40.93,7,19.06,173,5
M06661,Bamboo Fiber,48.79,5.38,95.63,0.64,32.06,7,19.68,168,2
M06662,Bamboo Fiber,47.66,4.28,94.76,0.63,44.19,6,18.27,146,2
M06663,Bamboo Fiber,50.74,4.36,98.88,0.9,39.91,7,20.67,184,3
M06664,Bamboo Fiber,38.2,2.97,91.31,0.71,38.5,6,17.12,142,3
M06665,Bamboo Fiber,47.89,3.81,93.14,0.65,43.92,8,20.44,181,3
M06666,Bamboo Fiber,39.69,2.88,99.78,0.76,40.9,5,19.47,190,3
M06667,Bamboo Fiber,35.0,3.2,100.0,0.63,35.93,6,17.7,160,3
M06668,Bamboo Fiber,41.39,4.72,97.58,0.71,40.7,6,17.54,144,2
M06669,Bamboo Fiber,39.38,4.88,96.83,0.6,35.54,5,19.39,189,3
M06670,Bamboo Fiber,43.41,4.05,98.26,0.7,36.7,6,18.19,153,3
M06671,Bamboo Fiber,43.17,5.37,96.41,0.78,44.04,6,18.67,163,3
M06672,Bamboo Fiber,46.27,4.49,93.42,0.75,38.69,7,17.73,134,2
M06673,Bamboo Fiber,40.83,4.79,98.98,0.67,40.51,6,17.58,146,2
M06674,Bamboo Fiber,48.9,2.95,98.7,0.81,33.39,6,17.94,137,4
M06675,Bamboo Fiber,42.21,2.0,96.9,0.65,35.98,9,20.37,187,3
M06676,Bamboo Fiber,42.09,2.26,93.49,0.87,37.81,6,17.31,138,3
M06677,Bamboo Fiber,49.99,3.01,94.89,0.9,37.14,8,19.35,155,2
M06678,Bamboo Fiber,39.15,4.64,97.2,0.84,45.0,7,17.66,147,2
M06679,Bamboo Fiber,51.76,3.1,95.69,0.77,31.24,7,19.93,167,2
M06680,Bamboo Fiber,42.89,3.96,95.26,0.88,45.0,5,17.74,149,2
M06681,Bamboo Fiber,35.95,4.43,97.59,0.63,34.79,8,18.9,174,3
M06682,Bamboo Fiber,43.92,6.0,98.47,0.84,33.53,6,19.39,176,2
M06683,Bamboo Fiber,46.43,5.67,100.0,0.71,37.91,7,19.79,175,3
M06684,Bamboo Fiber,49.34,2.16,92.59,0.83,32.26,5,18.83,158,4
M06685,Bamboo Fiber,48.97,4.55,96.72,0.76,31.39,7,18.85,151,2
M06686,Bamboo Fiber,47.87,2.94,100.0,0.84,36.5,6,18.84,157,3
M06687,Bamboo Fiber,45.64,3.15,96.07,0.7,37.16,8,18.61,149,3
M06688,Bamboo Fiber,42.49,3.39,99.37,0.86,37.38,9,19.95,178,3
M06689,Bamboo Fiber,52.58,4.56,98.05,0.9,31.5,9,20.21,163,3
M06690,Bamboo Fiber,38.79,3.6,97.36,0.6,40.85,6,18.08,160,2
M06691,Bamboo Fiber,51.09,3.72,99.16,0.82,38.51,7,19.46,159,2
M06692,Bamboo Fiber,48.55,5.23,98.8,0.78,34.71,7,18.3,141,2
M06693,Bamboo Fiber,53.66,2.47,94.79,0.9,44.69,6,19.82,165,3
M06694,Bamboo Fiber,42.27,3.84,96.89,0.73,38.8,6,18.48,161,3
M06695,Bamboo Fiber,44.18,5.21,97.27,0.81,42.37,7,18.12,146,4
M06696,Bamboo Fiber,42.79,2.78,98.44,0.73,41.67,7,17.78,142,5
M06697,Bamboo Fiber,49.33,5.41,99.36,0.9,33.71,5,19.83,178,4
M06698,Bamboo Fiber,36.0,4.87,95.75,0.75,34.17,7,18.1,162,4
M06699,Bamboo Fiber,45.22,4.45,98.02,0.66,39.98,6,19.22,170,2
M06700,Bamboo Fiber,43.49,3.62,97.02,0.64,42.53,7,18.4,153,4
M06701,Bamboo Fiber,37.46,5.24,97.65,0.68,45.0,6,16.9,139,2
M06702,Bamboo Fiber,45.75,3.42,97.24,0.75,36.43,7,17.47,130,2
M06703,Bamboo Fiber,46.88,5.47,95.4,0.72,31.21,8,19.24,159,2
M06704,Bamboo Fiber,49.33,5.2,94.96,0.9,36.28,6,19.83,174,3
M06705,Bamboo Fiber,42.05,2.37,92.92,0.76,33.48,6,17.75,147,3
M06706,Bamboo Fiber,39.74,4.11,97.79,0.6,33.5,6,17.72,151,5
M06707,Bamboo Fiber,43.24,4.09,94.42,0.6,36.52,6,17.72,144,4
M06708,Bamboo Fiber,43.98,4.34,97.76,0.89,41.53,6,19.05,169,2
M06709,Bamboo Fiber,46.02,3.3,98.65,0.68,32.73,8,19.95,175,2
M06710,Bamboo Fiber,42.46,5.09,96.36,0.61,34.39,6,17.8,147,4
M06711,Bamboo Fiber,43.71,2.93,95.11,0.6,30.0,7,18.72,159,3
M06712,Bamboo Fiber,50.19,3.06,96.29,0.72,39.87,7,20.02,172,2
M06713,Bamboo Fiber,50.91,3.61,94.44,0.9,38.69,6,18.49,144,3
M06714,Bamboo Fiber,45.5,5.74,99.8,0.8,34.42,6,19.55,176,2
M06715,Bamboo Fiber,48.17,4.37,98.06,0.63,34.94,7,19.57,167,2
M06716,Bamboo Fiber,41.6,3.76,98.19,0.6,30.44,7,17.76,144,2
M06717,Bamboo Fiber,45.34,5.66,96.13,0.75,39.75,7,18.63,154,3
M06718,Bamboo Fiber,36.1,3.64,97.99,0.6,41.68,6,18.11,166,3
M06719,Bamboo Fiber,43.02,4.91,95.44,0.82,33.09,7,18.65,159,3
M06720,Bamboo Fiber,46.22,4.38,94.38,0.75,35.28,7,19.72,174,2
M06721,Bamboo Fiber,40.34,4.22,92.18,0.65,35.82,7,18.93,170,3
M06722,Bamboo Fiber,49.55,2.52,93.64,0.76,40.65,8,18.66,142,4
M06723,Bamboo Fiber,52.88,4.72,97.91,0.79,34.59,6,20.04,171,5
M06724,Bamboo Fiber,48.42,4.75,98.32,0.76,35.58,6,18.89,157,2
M06725,Bamboo Fiber,48.32,4.19,93.53,0.8,35.68,7,19.13,158,4
M06726,Bamboo Fiber,47.0,5.43,95.86,0.79,45.0,5,18.15,149,5
M06727,Bamboo Fiber,52.17,2.72,98.68,0.82,35.79,5,19.17,159,2
M06728,Bamboo Fiber,38.96,5.79,95.64,0.7,45.0,6,17.8,154,3
M06729,Bamboo Fiber,54.56,4.83,93.22,0.9,45.0,8,19.36,146,2
M06730,Bamboo Fiber,40.5,3.44,96.3,0.81,33.74,7,18.8,167,2
M06731,Bamboo Fiber,49.43,2.93,97.11,0.79,44.86,6,18.89,155,3
M06732,Bamboo Fiber,43.22,4.55,95.55,0.76,34.67,8,19.77,177,3
M06733,Bamboo Fiber,45.43,4.23,100.0,0.73,32.02,7,18.79,157,2
M06734,Bamboo Fiber,46.23,3.34,95.85,0.89,30.27,6,18.12,146,2
M06735,Bamboo Fiber,53.88,4.36,97.72,0.69,37.42,7,19.59,156,3
M06736,Bamboo Fiber,37.74,2.93,96.18,0.69,43.25,7,18.27,162,2
M06737,Bamboo Fiber,43.26,4.43,98.14,0.72,35.62,6,18.53,160,2
M06738,Bamboo Fiber,48.96,2.41,99.35,0.9,36.49,6,19.45,167,3
M06739,Bamboo Fiber,49.87,3.71,93.55,0.8,35.55,7,18.34,139,3
M06740,Bamboo Fiber,55.0,5.73,96.58,0.9,43.85,7,19.6,154,3
M06741,Bamboo Fiber,49.25,4.03,99.0,0.78,36.05,5,19.27,167,3
M06742,Bamboo Fiber,44.36,4.8,100.0,0.66,38.88,5,17.89,149,2
M06743,Bamboo Fiber,41.06,2.72,95.67,0.86,38.66,8,18.26,151,4
M06744,Bamboo Fiber,51.59,3.56,97.14,0.75,38.74,7,20.76,184,3
M06745,Bamboo Fiber,39.76,5.0,98.18,0.65,43.94,6,17.63,149,2
M06746,Bamboo Fiber,41.64,2.89,97.7,0.7,30.76,5,17.66,150,2
M06747,Bamboo Fiber,40.79,3.99,100.0,0.6,38.82,7,18.38,158,4
M06748,Bamboo Fiber,47.0,3.36,95.86,0.76,38.53,7,20.25,183,2
M06749,Bamboo Fiber,42.58,5.86,95.09,0.65,40.83,7,19.51,177,2
M06750,Bamboo Fiber,48.15,4.2,96.46,0.88,36.67,5,17.32,130,4
M06751,Bamboo Fiber,35.0,3.52,97.25,0.8,43.6,5,17.05,151,3
M06752,Bamboo Fiber,40.4,4.38,95.52,0.71,36.0,7,18.54,162,2
M06753,Bamboo Fiber,50.78,3.7,98.99,0.77,40.48,5,18.98,158,3
M06754,Bamboo Fiber,39.95,4.73,94.5,0.66,36.31,6,19.14,179,3
M06755,Bamboo Fiber,42.31,2.49,97.3,0.76,45.0,6,19.18,175,2
M06756,Bamboo Fiber,48.52,4.26,97.78,0.87,39.62,7,18.7,149,2
M06757,Bamboo Fiber,50.54,5.24,98.07,0.82,38.51,8,19.45,156,2
M06758,Bamboo Fiber,40.41,4.64,98.8,0.77,44.55,7,19.09,173,4
M06759,Bamboo Fiber,40.54,2.08,97.87,0.74,44.93,6,18.0,155,2
M06760,Bamboo Fiber,44.4,6.0,96.76,0.8,34.45,5,19.29,177,4
M06761,Bamboo Fiber,46.58,4.56,96.94,0.79,38.06,6,18.91,161,2
M06762,Bamboo Fiber,39.1,3.98,97.28,0.84,40.27,8,19.31,176,5
M06763,Bamboo Fiber,39.02,5.49,97.93,0.68,32.58,6,18.25,163,3
M06764,Bamboo Fiber,38.32,4.42,96.79,0.82,38.77,6,18.13,162,3
M06765,Bamboo Fiber,52.23,2.85,97.42,0.88,40.43,5,18.82,152,3
M06766,Bamboo Fiber,42.87,2.35,100.0,0.68,43.96,6,18.89,168,2
M06767,Bamboo Fiber,40.07,4.63,97.97,0.62,38.5,7,18.16,155,4
M06768,Bamboo Fiber,46.8,6.0,98.33,0.7,42.91,7,18.23,143,2
M06769,Bamboo Fiber,35.0,4.08,93.24,0.7,32.26,6,18.75,181,2
M06770,Bamboo Fiber,38.77,5.35,96.31,0.77,30.0,8,18.43,159,4
M06771,Bamboo Fiber,41.6,3.14,97.0,0.87,35.18,7,19.81,185,4
M06772,Bamboo Fiber,40.11,3.95,98.22,0.77,37.84,8,18.96,167,2
M06773,Bamboo Fiber,46.23,4.39,96.58,0.83,44.23,6,18.67,157,2
M06774,Bamboo Fiber,37.42,4.8,99.63,0.6,42.35,9,18.29,155,4
M06775,Bamboo Fiber,55.0,2.84,97.29,0.86,33.44,6,19.6,158,2
M06776,Bamboo Fiber,42.98,5.55,95.37,0.61,38.23,6,18.75,165,2
M06777,Bamboo Fiber,51.94,5.27,95.9,0.82,36.81,8,20.29,170,3
M06778,Bamboo Fiber,44.81,5.82,94.3,0.85,34.78,6,20.08,188,3
M06779,Bamboo Fiber,44.04,3.59,97.09,0.8,31.77,6,18.15,151,2
M06780,Bamboo Fiber,46.88,4.08,94.84,0.78,43.86,8,19.44,163,4
M06781,Bamboo Fiber,40.03,4.38,93.44,0.84,35.68,6,17.8,152,2
M06782,Bamboo Fiber,46.77,3.91,98.4,0.68,39.48,6,18.48,152,4
M06783,Bamboo Fiber,44.86,2.45,98.16,0.88,41.09,8,19.64,171,3
M06784,Bamboo Fiber,43.71,4.19,98.54,0.73,37.94,5,17.92,151,3
M06785,Bamboo Fiber,50.68,3.23,95.63,0.88,38.39,5,19.07,160,2
M06786,Bamboo Fiber,45.99,5.54,94.94,0.83,42.0,5,18.75,163,2
M06787,Bamboo Fiber,47.02,4.68,96.07,0.74,30.0,5,18.0,146,2
M06788,Bamboo Fiber,49.48,4.66,96.8,0.87,33.63,7,18.45,142,2
M06789,Bamboo Fiber,45.09,4.84,93.32,0.72,44.9,5,19.21,174,2
M06790,Bamboo Fiber,44.85,4.3,97.05,0.89,36.0,6,19.04,167,3
M06791,Bamboo Fiber,44.2,3.43,96.84,0.69,44.0,6,19.52,178,2
M06792,Bamboo Fiber,40.54,3.52,93.84,0.85,37.22,8,18.05,148,3
M06793,Bamboo Fiber,35.76,3.14,95.98,0.63,43.29,6,17.93,163,2
M06794,Bamboo Fiber,46.33,3.36,96.42,0.88,35.13,7,19.58,171,2
M06795,Bamboo Fiber,47.12,5.93,98.7,0.89,32.69,5,19.21,170,2
M06796,Bamboo Fiber,50.14,4.67,96.55,0.76,38.22,6,20.71,190,5
M06797,Bamboo Fiber,47.37,2.35,94.99,0.81,39.93,7,19.14,160,3
M06798,Bamboo Fiber,50.14,4.22,96.74,0.83,36.25,8,18.96,147,4
M06799,Bamboo Fiber,46.38,6.0,97.71,0.74,36.43,7,19.39,167,3
M06800,Bamboo Fiber,41.77,5.79,96.66,0.6,41.98,7,18.28,154,4
M06801,Bamboo Fiber,43.49,5.05,95.79,0.77,36.34,6,18.3,155,3
M06802,Bamboo Fiber,53.84,5.22,99.3,0.9,35.37,7,19.33,151,2
M06803,Bamboo Fiber,48.77,3.05,97.61,0.9,45.0,8,20.33,177,2
M06804,Bamboo Fiber,45.11,3.69,99.07,0.81,44.05,6,19.61,178,3
M06805,Bamboo Fiber,46.72,4.58,93.31,0.89,40.42,6,19.27,168,2
M06806,Bamboo Fiber,44.04,5.38,98.62,0.68,45.0,8,19.85,177,3
M06807,Bamboo Fiber,38.72,4.43,97.41,0.75,38.89,6,16.57,130,3
M06808,Bamboo Fiber,42.12,4.56,100.0,0.72,32.43,6,18.36,159,2
M06809,Bamboo Fiber,45.9,3.98,97.89,0.85,37.62,8,18.49,146,2
M06810,Bamboo Fiber,43.89,3.13,94.04,0.89,33.32,8,20.49,190,2
M06811,Bamboo Fiber,45.22,3.41,96.73,0.73,38.23,6,18.17,149,2
M06812,Bamboo Fiber,40.45,3.55,96.97,0.85,45.0,6,16.75,130,2
M06813,Bamboo Fiber,36.66,5.59,100.0,0.73,30.0,6,18.52,173,4
M06814,Bamboo Fiber,55.0,3.93,93.92,0.77,40.4,5,19.05,151,2
M06815,Bamboo Fiber,48.29,4.99,96.77,0.75,40.07,6,19.73,174,3
M06816,Bamboo Fiber,45.25,4.89,96.94,0.64,38.25,5,18.93,168,4
M06817,Bamboo Fiber,41.23,2.3,96.66,0.62,42.07,6,17.42,142,2
M06818,Bamboo Fiber,40.15,3.5,95.34,0.81,39.59,5,19.52,190,2
M06819,Bamboo Fiber,39.69,3.92,100.0,0.65,42.59,6,17.77,152,2
M06820,Bamboo Fiber,50.24,2.55,98.79,0.88,42.44,5,19.07,161,2
M06821,Bamboo Fiber,35.0,4.48,96.57,0.6,32.88,8,17.55,149,3
M06822,Bamboo Fiber,36.24,5.68,95.06,0.63,40.07,5,16.47,137,3
M06823,Bamboo Fiber,49.58,3.81,96.33,0.78,39.12,7,19.66,166,3
M06824,Bamboo Fiber,40.78,3.45,95.19,0.61,40.85,6,17.38,142,2
M06825,Bamboo Fiber,47.59,6.0,98.01,0.73,33.12,7,18.96,156,4
M06826,Bamboo Fiber,48.3,4.05,98.5,0.86,37.59,8,18.58,143,3
M06827,Bamboo Fiber,42.46,3.88,97.45,0.6,40.49,7,19.85,184,4
M06828,Bamboo Fiber,50.16,4.14,96.72,0.82,36.57,7,19.42,160,2
M06829,Bamboo Fiber,52.21,3.23,96.9,0.71,30.0,7,20.82,184,3
M06830,Bamboo Fiber,41.58,5.45,96.55,0.69,33.46,7,19.31,175,2
M06831,Bamboo Fiber,40.37,5.4,97.72,0.64,30.0,5,18.44,168,3
M06832,Bamboo Fiber,40.97,2.13,96.66,0.76,35.77,7,18.15,153,3
M06833,Bamboo Fiber,43.26,4.88,98.75,0.6,39.52,9,18.08,139,4
M06834,Bamboo Fiber,46.69,4.42,98.25,0.86,45.0,8,19.87,172,2
M06835,Bamboo Fiber,53.41,4.41,98.24,0.9,42.66,7,19.39,153,5
M06836,Bamboo Fiber,42.81,5.0,97.52,0.84,36.48,7,18.03,147,2
M06837,Bamboo Fiber,40.78,4.2,98.27,0.7,38.76,7,19.33,177,2
M06838,Bamboo Fiber,39.92,2.2,98.3,0.68,41.91,5,17.49,150,2
M06839,Bamboo Fiber,41.26,3.74,100.0,0.62,33.25,6,18.08,155,3
M06840,Bamboo Fiber,43.24,5.3,98.4,0.75,36.61,6,19.62,182,3
M06841,Bamboo Fiber,46.56,4.06,99.58,0.62,37.01,9,19.46,160,3
M06842,Bamboo Fiber,39.23,3.45,98.69,0.6,42.24,7,18.47,163,3
M06843,Bamboo Fiber,48.94,2.87,97.62,0.71,32.93,8,17.99,130,3
M06844,Bamboo Fiber,43.53,5.32,97.95,0.69,40.29,5,17.55,144,2
M06845,Bamboo Fiber,52.5,3.78,97.28,0.74,36.89,7,20.75,182,2
M06846,Bamboo Fiber,47.77,4.5,97.67,0.89,35.69,7,19.38,164,3
M06847,Bamboo Fiber,43.08,2.0,94.42,0.88,36.83,5,18.86,171,2
M06848,Bamboo Fiber,40.98,6.0,94.51,0.79,36.64,6,19.4,182,2
M06849,Bamboo Fiber,41.35,3.33,99.2,0.66,42.81,6,17.34,140,2
M06850,Bamboo Fiber,44.85,6.0,97.5,0.74,45.0,7,19.68,176,2
M06851,Bamboo Fiber,43.85,3.72,94.39,0.89,31.26,5,19.09,174,2
M06852,Bamboo Fiber,42.63,4.51,96.84,0.78,43.23,8,17.56,134,2
M06853,Bamboo Fiber,35.0,4.2,98.88,0.68,41.35,8,16.6,130,2
M06854,Bamboo Fiber,44.78,3.66,99.66,0.9,39.2,6,18.08,148,4
M06855,Bamboo Fiber,39.07,4.11,97.43,0.84,35.21,8,17.36,137,3
M06856,Bamboo Fiber,42.29,6.0,98.6,0.62,36.85,8,20.33,190,2
M06857,Bamboo Fiber,50.9,3.96,97.42,0.74,40.01,8,18.34,133,2
M06858,Bamboo Fiber,47.78,3.2,96.17,0.85,34.06,7,20.18,180,4
M06859,Bamboo Fiber,38.91,4.76,96.98,0.8,33.29,6,17.64,151,2
M06860,Bamboo Fiber,47.33,3.92,93.95,0.78,37.36,6,17.68,135,2
M06861,Bamboo Fiber,51.43,5.85,96.76,0.73,35.53,7,19.19,153,4
M06862,Bamboo Fiber,48.18,4.0,96.88,0.81,41.15,7,19.52,166,2
M06863,Bamboo Fiber,40.32,3.49,98.15,0.68,35.59,7,18.13,154,3
M06864,Bamboo Fiber,39.64,4.38,98.22,0.74,33.85,6,19.16,180,2
M06865,Bamboo Fiber,43.66,4.67,97.79,0.83,37.28,8,17.97,140,3
M06866,Bamboo Fiber,46.99,3.65,96.99,0.68,37.32,8,18.7,148,3
M06867,Bamboo Fiber,42.05,5.35,96.0,0.63,37.34,6,18.55,163,3
M06868,Bamboo Fiber,51.61,4.5,96.91,0.82,38.74,8,20.11,167,2
M06869,Bamboo Fiber,54.39,3.15,97.68,0.88,37.79,8,21.29,185,2
M06870,Bamboo Fiber,51.93,3.66,100.0,0.85,43.05,5,19.04,157,3
M06871,Bamboo Fiber,41.81,4.09,92.65,0.6,36.0,6,17.93,151,3
M06872,Bamboo Fiber,38.46,2.75,100.0,0.7,40.13,7,17.85,152,3
M06873,Bamboo Fiber,52.63,5.1,99.41,0.85,37.06,5,19.96,174,2
M06874,Bamboo Fiber,37.48,3.04,94.11,0.62,39.61,7,16.65,130,3
M06875,Bamboo Fiber,46.52,3.61,95.28,0.74,38.63,7,17.85,136,3
M06876,Bamboo Fiber,46.65,2.62,97.03,0.79,32.6,7,18.01,139,3
M06877,Bamboo Fiber,37.85,5.43,96.16,0.63,37.72,5,19.29,190,3
M06878,Bamboo Fiber,40.87,3.6,95.73,0.83,33.72,6,17.99,154,2
M06879,Bamboo Fiber,48.51,3.99,92.8,0.81,38.86,8,19.6,163,2
M06880,Bamboo Fiber,48.48,3.13,95.39,0.81,37.11,6,18.05,140,2
M06881,Bamboo Fiber,49.2,4.14,97.42,0.78,45.0,8,18.32,136,2
M06882,Bamboo Fiber,50.2,3.6,95.88,0.9,41.54,6,19.47,165,2
M06883,Bamboo Fiber,47.18,5.06,95.88,0.73,42.82,7,19.32,164,2
M06884,Bamboo Fiber,40.43,4.7,98.47,0.63,41.7,9,18.24,148,4
M06885,Bamboo Fiber,51.09,4.29,98.27,0.89,38.96,6,18.31,140,2
M06886,Bamboo Fiber,43.68,4.62,97.72,0.7,40.31,5,18.37,160,2
M06887,Bamboo Fiber,38.0,3.33,97.24,0.8,39.25,8,19.0,172,3
M06888,Bamboo Fiber,43.72,3.76,97.05,0.6,38.29,8,18.02,141,2
M06889,Bamboo Fiber,42.57,4.43,96.22,0.78,42.66,6,18.16,154,3
M06890,Bamboo Fiber,41.62,3.85,94.66,0.7,36.64,7,18.06,150,3
M06891,Bamboo Fiber,36.13,3.83,98.29,0.69,39.64,6,18.51,174,3
M06892,Bamboo Fiber,44.19,6.0,93.54,0.6,44.08,5,19.92,190,2
M06893,Bamboo Fiber,38.9,3.45,98.5,0.6,41.52,6,18.24,163,2
M06894,Bamboo Fiber,46.71,2.73,97.04,0.62,40.01,6,19.42,171,2
M06895,Bamboo Fiber,49.25,3.55,96.16,0.89,33.84,7,18.38,141,3
M06896,Bamboo Fiber,40.42,5.13,98.95,0.85,38.52,7,18.19,155,3
M06897,Bamboo Fiber,39.16,4.42,97.64,0.82,39.75,8,19.37,177,2
M06898,Bamboo Fiber,39.29,3.79,96.82,0.84,36.29,7,17.98,153,2
M06899,Bamboo Fiber,43.39,2.61,97.34,0.84,44.51,6,19.14,172,3
M06900,Bamboo Fiber,41.12,3.92,96.45,0.75,37.83,6,18.21,158,3
M06901,Bamboo Fiber,43.89,3.29,96.61,0.7,43.25,6,18.64,161,4
M06902,Bamboo Fiber,47.66,4.18,100.0,0.71,37.99,5,18.17,148,3
M06903,Bamboo Fiber,51.36,3.71,99.75,0.82,37.07,5,19.99,177,4
M06904,Bamboo Fiber,45.27,3.85,98.39,0.83,33.69,7,18.83,158,4
M06905,Bamboo Fiber,42.81,4.96,96.36,0.79,39.41,6,19.53,181,3
M06906,Bamboo Fiber,53.72,3.55,92.98,0.73,42.11,8,20.67,174,2
M06907,Bamboo Fiber,38.94,4.71,97.21,0.83,37.83,5,18.49,172,4
M06908,Bamboo Fiber,46.35,3.49,98.25,0.87,30.8,7,19.54,170,2
M06909,Bamboo Fiber,41.9,4.36,96.64,0.61,44.79,5,18.54,167,2
M06910,Bamboo Fiber,54.73,3.46,97.45,0.89,45.0,5,19.67,164,2
M06911,Bamboo Fiber,35.0,3.5,100.0,0.6,38.84,7,18.45,171,5
M06912,Bamboo Fiber,37.29,3.3,97.04,0.73,37.24,7,17.83,154,3
M06913,Bamboo Fiber,50.74,3.75,93.1,0.7,36.82,7,18.12,133,2
M06914,Bamboo Fiber,44.66,4.36,99.39,0.88,44.67,7,18.57,154,2
M06915,Bamboo Fiber,36.14,2.0,97.41,0.78,34.32,7,18.66,173,3
M06916,Bamboo Fiber,50.66,3.91,97.67,0.72,38.87,7,18.82,147,2
M06917,Bamboo Fiber,35.0,5.82,96.17,0.8,38.65,7,16.85,139,2
M06918,Bamboo Fiber,42.69,3.23,96.26,0.69,36.08,6,17.87,148,2
M06919,Bamboo Fiber,45.9,4.31,96.4,0.64,39.5,6,18.49,154,4
M06920,Bamboo Fiber,42.28,4.53,97.12,0.67,31.53,8,17.38,131,2
M06921,Bamboo Fiber,47.95,4.67,97.82,0.9,33.38,9,18.9,146,2
M06922,Bamboo Fiber,35.0,2.48,94.73,0.62,35.31,8,17.2,142,3
M06923,Bamboo Fiber,50.12,4.79,97.87,0.74,37.6,7,20.06,173,4
M06924,Bamboo Fiber,49.63,5.19,99.36,0.83,42.17,8,20.36,176,3
M06925,Bamboo Fiber,48.44,3.61,94.01,0.78,31.26,9,19.24,152,2
M06926,Bamboo Fiber,43.9,4.21,97.62,0.82,35.18,7,19.14,167,3
M06927,Bamboo Fiber,43.78,3.89,97.09,0.69,41.71,8,18.93,159,2
M06928,Bamboo Fiber,37.78,4.01,96.41,0.67,38.8,8,18.38,160,5
M06929,Bamboo Fiber,39.86,3.5,92.47,0.71,39.61,7,18.74,167,2
M06930,Bamboo Fiber,47.32,3.44,97.05,0.9,32.4,7,19.13,160,2
M06931,Bamboo Fiber,39.71,5.5,98.1,0.72,34.51,7,18.97,172,3
M06932,Bamboo Fiber,40.12,4.09,92.91,0.6,42.59,8,18.06,149,3
M06933,Bamboo Fiber,40.89,3.85,94.32,0.6,43.81,8,18.49,156,2
M06934,Bamboo Fiber,43.03,4.27,93.77,0.6,36.7,8,18.65,155,3
M06935,Bamboo Fiber,40.73,3.75,99.11,0.8,32.22,7,18.07,152,3
M06936,Bamboo Fiber,41.4,3.69,99.65,0.79,40.29,7,19.64,182,3
M06937,Bamboo Fiber,41.78,4.23,93.36,0.87,38.16,6,19.18,176,2
M06938,Bamboo Fiber,43.86,3.89,99.35,0.67,41.99,8,18.59,152,4
M06939,Bamboo Fiber,39.98,5.02,95.25,0.6,45.0,7,19.4,180,2
M06940,Bamboo Fiber,40.77,3.95,98.11,0.67,43.67,7,19.38,178,3
M06941,Bamboo Fiber,42.06,3.48,95.95,0.67,35.6,9,19.06,161,2
M06942,Bamboo Fiber,43.96,3.36,98.53,0.86,42.24,5,17.8,148,2
M06943,Bamboo Fiber,38.55,5.58,98.03,0.66,33.65,7,18.05,156,2
M06944,Bamboo Fiber,44.73,4.14,96.51,0.86,30.0,7,18.57,154,2
M06945,Bamboo Fiber,49.97,3.23,100.0,0.74,41.28,5,20.3,186,3
M06946,Bamboo Fiber,46.33,4.55,99.04,0.61,39.38,6,19.83,180,2
M06947,Bamboo Fiber,48.49,4.0,95.44,0.74,41.42,5,18.0,143,4
M06948,Bamboo Fiber,49.68,5.08,95.21,0.71,33.39,6,18.32,143,2
M06949,Bamboo Fiber,41.55,4.78,94.98,0.8,38.19,8,19.91,183,2
M06950,Bamboo Fiber,42.57,4.92,98.69,0.71,35.57,6,17.66,144,3
M06951,Bamboo Fiber,49.14,5.84,98.35,0.83,42.35,7,18.91,152,2
M06952,Bamboo Fiber,47.82,5.42,95.48,0.73,41.77,6,19.73,175,4
M06953,Bamboo Fiber,42.33,3.82,99.89,0.78,45.0,5,18.53,166,3
M06954,Bamboo Fiber,43.62,5.31,96.6,0.83,38.37,5,17.71,147,2
M06955,Bamboo Fiber,46.79,5.92,97.02,0.87,35.35,6,19.13,165,3
M06956,Bamboo Fiber,45.91,6.0,98.29,0.9,40.44,7,19.84,177,2
M06957,Bamboo Fiber,44.09,5.49,98.61,0.83,41.49,6,18.61,160,2
M06958,Bamboo Fiber,39.65,2.35,96.26,0.83,38.64,5,18.52,171,3
M06959,Bamboo Fiber,52.63,3.84,100.0,0.76,43.42,7,18.96,146,3
M06960,Bamboo Fiber,41.56,2.99,95.24,0.74,40.86,6,19.66,186,2
M06961,Bamboo Fiber,47.8,4.77,99.0,0.75,37.65,6,17.88,138,2
M06962,Bamboo Fiber,35.5,4.72,97.55,0.6,30.41,5,16.35,136,3
M06963,Bamboo Fiber,41.16,3.47,97.23,0.7,33.89,7,18.37,157,2
M06964,Bamboo Fiber,51.51,5.63,98.12,0.86,31.43,6,19.05,154,5
M06965,Bamboo Fiber,45.44,3.88,93.64,0.76,39.75,6,17.74,140,2
M06966,Bamboo Fiber,46.52,3.69,98.05,0.67,39.59,5,17.5,137,4
M06967,Bamboo Fiber,43.54,2.85,95.47,0.69,43.59,7,17.75,140,2
M06968,Bamboo Fiber,46.4,4.36,97.64,0.74,34.14,7,18.79,155,2
M06969,Bamboo Fiber,43.01,4.08,92.83,0.81,38.76,5,17.2,138,3
M06970,Bamboo Fiber,46.65,4.45,98.38,0.66,44.5,7,19.06,160,3
M06971,Bamboo Fiber,45.74,3.63,96.46,0.62,45.0,8,18.72,151,2
M06972,Bamboo Fiber,47.08,4.98,98.04,0.77,41.48,7,19.76,173,3
M06973,Bamboo Fiber,41.62,2.66,94.9,0.74,40.72,8,18.51,155,2
M06974,Bamboo Fiber,45.99,2.32,95.13,0.69,37.43,7,19.6,172,3
M06975,Bamboo Fiber,37.07,2.76,96.5,0.6,37.59,7,18.56,169,2
M06976,Bamboo Fiber,46.64,3.56,93.62,0.9,35.38,6,18.31,149,3
M06977,Bamboo Fiber,43.84,4.98,98.55,0.78,41.5,7,18.68,158,3
M06978,Bamboo Fiber,45.86,2.6,99.89,0.79,40.7,7,18.74,155,2
M06979,Bamboo Fiber,44.13,4.22,95.29,0.76,36.67,7,18.16,147,2
M06980,Bamboo Fiber,55.0,2.84,97.63,0.9,35.74,6,19.05,147,3
M06981,Bamboo Fiber,47.53,3.49,96.46,0.74,38.84,8,17.85,130,2
M06982,Bamboo Fiber,37.72,2.76,96.8,0.74,35.97,6,18.32,167,3
M06983,Bamboo Fiber,49.85,3.06,97.11,0.72,45.0,7,19.63,165,4
M06984,Bamboo Fiber,48.35,4.87,96.25,0.81,39.3,5,19.04,164,4
M06985,Bamboo Fiber,48.3,3.8,97.41,0.88,40.45,5,18.68,157,3
M06986,Bamboo Fiber,35.0,4.17,97.96,0.75,34.27,6,17.5,156,2
M06987,Bamboo Fiber,40.64,5.62,98.01,0.74,44.39,7,18.41,159,2
M06988,Bamboo Fiber,37.47,2.64,97.31,0.66,43.57,7,17.4,145,2
M06989,Bamboo Fiber,40.86,4.14,95.13,0.66,45.0,6,18.84,171,3
M06990,Bamboo Fiber,44.85,4.78,94.42,0.64,39.55,7,19.84,179,3
M06991,Bamboo Fiber,49.98,4.67,95.81,0.86,35.98,7,19.5,162,2
M06992,Bamboo Fiber,43.03,4.22,97.26,0.78,40.09,7,18.1,148,4
M06993,Bamboo Fiber,55.0,4.31,98.54,0.9,39.2,6,20.9,184,2
M06994,Bamboo Fiber,41.71,4.58,99.09,0.78,43.02,7,18.22,153,2
M06995,Bamboo Fiber,48.86,3.09,96.05,0.73,40.44,7,19.39,162,2
M06996,Bamboo Fiber,46.31,3.72,98.28,0.68,35.2,8,20.73,190,3
M06997,Bamboo Fiber,47.94,3.34,91.13,0.74,41.34,5,19.64,177,4
M06998,Bamboo Fiber,38.8,4.33,98.94,0.67,30.0,7,17.13,137,2
M06999,Bamboo Fiber,45.71,5.2,97.24,0.79,36.75,5,18.57,160,3
M07000,Bamboo Fiber,35.97,3.18,99.44,0.6,38.65,6,16.7,138,2
M07001,Bamboo Fiber,49.34,4.64,95.83,0.74,37.1,7,19.63,166,3
M07002,Bamboo Fiber,47.01,2.78,98.26,0.7,34.18,6,19.55,173,5
M07003,Bamboo Fiber,43.43,5.34,100.0,0.67,36.62,6,20.04,190,4
M07004,Bamboo Fiber,51.69,4.48,95.42,0.87,44.08,6,19.52,163,3
M07005,Bamboo Fiber,41.91,5.13,95.75,0.62,33.3,7,17.19,132,3
M07006,Bamboo Fiber,35.0,2.0,97.3,0.71,37.79,6,17.75,161,2
M07007,Bamboo Fiber,50.82,2.91,95.93,0.9,37.28,7,19.18,154,3
M07008,Bamboo Fiber,42.17,2.84,93.0,0.78,36.33,9,18.42,148,2
M07009,Bamboo Fiber,46.78,3.49,97.01,0.83,32.74,6,18.43,151,3
M07010,Bamboo Fiber,47.87,4.84,96.52,0.84,38.21,5,18.09,146,3
M07011,Bamboo Fiber,39.5,2.74,98.99,0.76,36.82,6,18.15,160,3
M07012,Bamboo Fiber,47.36,3.41,98.66,0.84,33.68,6,19.04,162,2
M07013,Bamboo Fiber,42.5,2.37,94.81,0.6,38.58,5,18.45,164,2
M07014,Bamboo Fiber,44.33,6.0,94.98,0.7,40.23,7,19.08,165,3
M07015,Bamboo Fiber,41.75,3.89,98.57,0.81,41.21,6,18.28,158,2
M07016,Bamboo Fiber,40.75,5.82,97.78,0.81,36.66,6,17.18,138,2
M07017,Bamboo Fiber,42.73,5.5,91.6,0.8,33.42,7,18.92,165,2
M07018,Bamboo Fiber,47.58,4.51,95.15,0.64,38.56,8,20.56,184,3
M07019,Bamboo Fiber,41.74,4.59,94.92,0.67,33.26,8,18.27,150,3
M07020,Bamboo Fiber,50.6,4.5,97.84,0.9,42.01,7,20.81,187,3
M07021,Bamboo Fiber,46.98,2.2,95.04,0.62,38.94,7,19.5,168,3
M07022,Bamboo Fiber,39.26,3.15,97.7,0.79,37.78,6,17.73,152,2
M07023,Bamboo Fiber,38.59,3.83,97.42,0.75,30.0,7,19.41,183,3
M07024,Bamboo Fiber,47.04,3.82,97.41,0.9,30.0,5,17.2,130,4
M07025,Bamboo Fiber,53.19,2.37,97.2,0.81,38.2,8,19.07,143,2
M07026,Bamboo Fiber,39.98,3.12,97.66,0.6,32.57,7,18.85,169,5
M07027,Bamboo Fiber,36.31,4.27,99.49,0.69,37.72,6,18.23,168,3
M07028,Bamboo Fiber,44.75,4.95,91.75,0.77,38.38,8,18.48,148,2
M07029,Bamboo Fiber,54.7,4.64,97.56,0.85,31.98,6,20.62,179,5
M07030,Bamboo Fiber,39.94,4.42,96.55,0.64,39.92,6,19.19,180,3
M07031,Bamboo Fiber,38.69,3.23,98.78,0.71,39.31,7,17.92,153,2
M07032,Bamboo Fiber,45.75,2.8,96.86,0.81,37.72,7,20.17,184,2
M07033,Bamboo Fiber,53.5,3.99,94.6,0.9,37.54,7,18.85,142,2
M07034,Bamboo Fiber,41.91,5.16,99.75,0.78,39.07,7,18.24,153,5
M07035,Bamboo Fiber,41.49,3.94,94.78,0.74,42.67,6,17.55,144,2
M07036,Bamboo Fiber,46.28,4.19,96.77,0.85,34.69,6,18.38,151,3
M07037,Bamboo Fiber,42.78,4.49,91.06,0.6,39.11,9,19.83,175,2
M07038,Bamboo Fiber,44.55,2.92,98.99,0.71,39.02,5,18.61,163,3
M07039,Bamboo Fiber,49.66,5.23,99.37,0.78,39.7,5,18.12,143,2
M07040,Bamboo Fiber,39.2,3.38,99.41,0.6,38.23,8,18.37,157,3
M07041,Bamboo Fiber,46.4,4.25,97.94,0.9,38.22,7,17.74,134,2
M07042,Bamboo Fiber,41.05,2.48,95.69,0.74,31.83,6,19.55,185,4
M07043,Bamboo Fiber,49.94,4.28,94.13,0.69,36.54,7,20.04,173,2
M07044,Bamboo Fiber,43.87,4.91,97.43,0.84,30.0,6,18.99,168,3
M07045,Bamboo Fiber,51.15,3.36,98.49,0.9,41.23,6,20.57,185,2
M07046,Bamboo Fiber,43.63,4.35,95.24,0.6,38.88,6,17.06,130,2
M07047,Bamboo Fiber,44.75,3.7,100.0,0.7,37.41,6,17.18,130,3
M07048,Bamboo Fiber,46.68,5.41,100.0,0.87,40.54,6,20.37,190,4
M07049,Bamboo Fiber,45.96,4.11,96.13,0.71,30.33,6,17.35,131,3
M07050,Bamboo Fiber,38.76,5.17,95.18,0.6,38.69,7,17.78,150,2
M07051,Bamboo Fiber,40.73,4.68,97.9,0.6,40.05,5,17.27,144,3
M07052,Bamboo Fiber,42.66,3.83,94.34,0.7,32.24,7,17.62,139,2
M07053,Bamboo Fiber,40.82,3.71,100.0,0.8,35.78,6,17.18,138,2
M07054,Bamboo Fiber,53.33,5.26,98.69,0.9,32.63,6,19.08,151,2
M07055,Bamboo Fiber,47.39,4.18,94.92,0.83,37.35,6,18.99,161,3
M07056,Bamboo Fiber,47.69,2.56,99.6,0.68,39.85,9,20.47,178,3
M07057,Bamboo Fiber,45.15,4.62,93.58,0.9,34.62,7,17.61,134,2
M07058,Bamboo Fiber,43.42,4.7,98.47,0.78,36.45,7,18.89,163,2
M07059,Bamboo Fiber,41.27,5.53,97.9,0.77,40.43,6,18.23,158,3
M07060,Bamboo Fiber,40.87,5.15,97.25,0.67,43.44,6,17.99,154,2
M07061,Bamboo Fiber,50.33,5.89,94.64,0.88,33.73,7,18.53,142,4
M07062,Bamboo Fiber,42.22,3.27,98.59,0.67,42.61,6,18.57,163,2
M07063,Bamboo Fiber,38.74,4.47,97.55,0.6,40.14,7,19.42,183,4
M07064,Bamboo Fiber,38.99,4.92,97.57,0.6,41.39,6,17.9,156,3
M07065,Bamboo Fiber,55.0,2.72,95.88,0.84,32.1,6,19.75,161,2
M07066,Bamboo Fiber,51.21,4.34,98.78,0.76,41.0,6,18.92,152,3
M07067,Bamboo Fiber,40.95,4.32,96.57,0.81,36.22,9,18.95,161,2
M07068,Bamboo Fiber,44.37,4.82,97.84,0.69,39.31,6,20.14,190,2
M07069,Bamboo Fiber,41.96,2.2,97.27,0.8,30.32,7,19.95,187,2
M07070,Bamboo Fiber,54.77,4.46,97.21,0.76,45.0,5,20.23,175,4
M07071,Bamboo Fiber,38.65,3.37,96.33,0.84,30.0,6,18.36,166,2
M07072,Bamboo Fiber,47.69,3.78,98.16,0.64,36.33,7,18.32,143,5
M07073,Bamboo Fiber,44.02,3.79,96.32,0.83,33.93,6,18.05,149,5
M07074,Bamboo Fiber,41.57,4.42,97.06,0.77,33.41,6,18.61,165,4
M07075,Bamboo Fiber,46.93,3.93,95.9,0.73,40.7,8,19.89,172,2
M07076,Bamboo Fiber,46.71,4.01,98.86,0.74,38.74,5,17.22,131,3
M07077,Bamboo Fiber,49.25,4.8,100.0,0.74,40.38,7,19.57,165,3
M07078,Bamboo Fiber,35.0,4.4,98.97,0.6,34.35,6,17.2,150,4
M07079,Bamboo Fiber,40.28,4.37,97.89,0.69,38.2,8,17.78,143,4
M07080,Bamboo Fiber,40.84,3.91,95.55,0.62,41.0,6,17.88,152,2
M07081,Bamboo Fiber,55.0,4.43,97.28,0.9,34.92,6,18.2,130,3
M07082,Bamboo Fiber,44.96,4.35,93.17,0.81,37.33,6,18.3,152,3
M07083,Bamboo Fiber,35.0,5.76,95.97,0.75,44.38,6,17.5,156,3
M07084,Bamboo Fiber,48.34,4.75,95.78,0.8,38.07,6,17.78,135,2
M07085,Bamboo Fiber,43.43,4.71,99.21,0.76,38.53,8,19.29,167,3
M07086,Bamboo Fiber,40.75,4.61,94.85,0.68,33.97,5,17.77,154,3
M07087,Bamboo Fiber,55.0,3.67,92.95,0.87,44.64,8,19.0,138,2
M07088,Bamboo Fiber,39.87,3.55,97.6,0.81,38.31,8,19.49,178,2
M07089,Bamboo Fiber,51.11,4.09,91.43,0.79,30.52,7,20.31,176,4
M07090,Bamboo Fiber,44.01,4.47,96.76,0.63,38.42,9,19.3,162,3
M07091,Bamboo Fiber,41.03,4.98,93.86,0.72,38.54,5,18.7,172,2
M07092,Bamboo Fiber,42.24,3.6,96.21,0.69,35.39,6,19.87,189,2
M07093,Bamboo Fiber,41.72,4.44,95.85,0.77,34.51,8,18.27,150,2
M07094,Bamboo Fiber,46.45,3.3,97.01,0.89,38.84,6,18.25,148,5
M07095,Bamboo Fiber,53.8,3.67,99.53,0.75,43.71,7,20.18,168,2
M07096,Bamboo Fiber,49.69,4.37,97.33,0.82,39.73,7,19.22,157,2
M07097,Bamboo Fiber,50.98,2.0,97.15,0.72,40.73,5,18.15,141,2
M07098,Bamboo Fiber,46.58,5.22,91.09,0.85,33.91,5,18.51,157,2
M07099,Bamboo Fiber,43.24,3.72,96.37,0.75,36.8,9,18.17,141,4
M07100,Bamboo Fiber,39.25,3.06,98.41,0.6,41.23,6,17.57,149,2
M07101,Bamboo Fiber,43.77,6.0,94.32,0.72,39.55,7,19.08,166,3
M07102,Bamboo Fiber,47.43,3.48,98.63,0.69,38.23,7,19.24,162,2
M07103,Bamboo Fiber,39.58,3.39,94.89,0.7,41.54,5,17.86,158,2
M07104,Bamboo Fiber,45.49,3.77,100.0,0.8,39.92,6,18.6,157,2
M07105,Bamboo Fiber,44.34,2.33,95.81,0.6,42.75,7,19.58,175,4
M07106,Bamboo Fiber,37.37,5.84,97.23,0.62,43.52,6,17.14,144,2
M07107,Bamboo Fiber,46.82,3.24,96.99,0.66,34.39,6,19.28,168,4
M07108,Bamboo Fiber,45.98,6.0,99.87,0.7,43.07,7,18.45,149,3
M07109,Bamboo Fiber,37.05,4.31,95.74,0.73,34.27,6,19.25,187,3
M07110,Bamboo Fiber,35.0,4.67,98.59,0.6,36.22,8,18.5,168,2
M07111,Bamboo Fiber,45.65,4.15,94.16,0.68,38.71,6,19.52,175,3
M07112,Bamboo Fiber,47.31,5.08,95.01,0.77,36.35,7,18.68,151,2
M07113,Bamboo Fiber,41.9,3.69,98.02,0.82,38.33,6,17.84,149,5
M07114,Bamboo Fiber,42.07,2.77,95.63,0.87,39.29,8,19.01,164,3
M07115,Bamboo Fiber,48.23,2.47,96.18,0.72,36.77,8,19.57,163,3
M07116,Bamboo Fiber,53.08,4.65,97.78,0.76,45.0,9,19.81,154,2
M07117,Bamboo Fiber,39.64,4.17,96.64,0.68,30.0,6,19.06,178,4
M07118,Bamboo Fiber,41.27,3.4,97.78,0.66,38.06,6,18.23,158,2
M07119,Bamboo Fiber,44.51,3.6,98.06,0.83,35.59,7,18.9,161,2
M07120,Bamboo Fiber,46.69,2.95,95.4,0.9,30.0,8,19.22,159,4
M07121,Bamboo Fiber,51.16,4.32,91.61,0.8,36.85,5,17.82,134,2
M07122,Bamboo Fiber,42.59,5.03,95.78,0.76,38.42,5,19.56,186,4
M07123,Bamboo Fiber,40.32,3.82,98.11,0.8,38.19,6,17.83,152,4
M07124,Bamboo Fiber,39.98,3.32,98.62,0.67,33.32,7,19.15,175,2
M07125,Bamboo Fiber,45.77,4.03,99.06,0.64,30.0,8,18.93,155,5
M07126,Bamboo Fiber,50.39,4.52,98.7,0.81,41.93,5,18.59,151,5
M07127,Bamboo Fiber,41.89,3.49,98.44,0.87,43.88,6,19.59,184,3
M07128,Bamboo Fiber,55.0,3.83,94.88,0.9,41.12,7,18.7,136,4
M07129,Bamboo Fiber,43.3,6.0,96.96,0.78,35.17,5,18.68,167,2
M07130,Bamboo Fiber,50.21,2.62,99.36,0.73,33.12,8,18.87,145,3
M07131,Bamboo Fiber,55.0,4.72,94.08,0.83,37.14,7,19.95,161,3
M07132,Bamboo Fiber,39.37,2.39,95.61,0.66,31.81,5,16.64,134,2
M07133,Bamboo Fiber,41.32,2.64,96.95,0.77,36.59,6,18.93,172,3
M07134,Bamboo Fiber,41.26,4.3,94.39,0.86,44.84,8,17.78,141,3
M07135,Bamboo Fiber,43.87,4.0,95.62,0.71,39.84,6,18.54,159,3
M07136,Bamboo Fiber,41.2,3.95,95.33,0.63,38.37,7,18.87,167,3
M07137,Bamboo Fiber,45.1,4.56,97.61,0.66,39.27,7,17.91,140,5
M07138,Bamboo Fiber,41.46,4.57,97.31,0.77,33.9,6,17.95,152,2
M07139,Bamboo Fiber,48.85,4.4,97.24,0.76,37.25,7,19.29,160,2
M07140,Bamboo Fiber,43.78,5.23,98.81,0.89,40.09,7,19.13,167,2
M07141,Bamboo Fiber,49.77,3.78,98.19,0.76,40.79,6,17.68,130,4
M07142,Bamboo Fiber,40.73,3.7,96.6,0.73,37.2,7,19.82,187,3
M07143,Bamboo Fiber,35.0,3.34,96.47,0.75,43.86,7,17.8,158,3
M07144,Bamboo Fiber,41.2,4.0,95.96,0.69,41.21,5,18.87,175,4
M07145,Bamboo Fiber,43.5,4.19,94.27,0.89,44.85,6,18.2,153,3
M07146,Bamboo Fiber,43.85,4.71,99.5,0.89,31.61,5,18.14,155,2
M07147,Bamboo Fiber,38.53,4.02,93.84,0.6,37.98,6,18.1,161,3
M07148,Bamboo Fiber,47.64,4.68,97.7,0.78,34.9,8,19.31,159,2
M07149,Bamboo Fiber,48.9,4.82,100.0,0.87,35.8,6,18.49,148,2
M07150,Bamboo Fiber,46.4,2.8,97.8,0.9,40.75,9,19.54,162,4
M07151,Bamboo Fiber,55.0,5.21,94.21,0.89,35.3,6,20.05,167,2
M07152,Bamboo Fiber,41.47,3.15,97.58,0.69,42.93,7,18.15,152,3
M07153,Bamboo Fiber,52.71,4.48,96.93,0.78,40.78,7,18.52,137,5
M07154,Bamboo Fiber,45.34,4.7,98.67,0.6,31.12,5,17.53,140,2
M07155,Bamboo Fiber,44.55,4.83,94.45,0.75,44.2,6,19.11,169,4
M07156,Bamboo Fiber,37.53,4.01,97.85,0.63,43.86,6,18.0,161,3
M07157,Bamboo Fiber,42.07,5.13,96.58,0.68,36.61,6,19.01,172,3
M07158,Bamboo Fiber,41.95,6.0,99.19,0.67,39.76,7,18.59,160,2
M07159,Bamboo Fiber,41.57,2.96,96.97,0.87,35.71,8,17.61,137,4
M07160,Bamboo Fiber,46.25,3.53,94.5,0.7,45.0,8,18.43,144,2
M07161,Bamboo Fiber,42.74,4.17,94.9,0.66,39.6,5,19.27,180,3
M07162,Bamboo Fiber,43.02,4.14,95.3,0.73,40.7,8,18.4,150,2
M07163,Bamboo Fiber,45.64,3.33,98.88,0.78,36.76,7,17.71,135,2
M07164,Bamboo Fiber,48.8,4.1,98.9,0.72,38.04,8,20.28,176,2
M07165,Bamboo Fiber,42.35,3.96,100.0,0.64,30.0,7,18.98,167,3
M07166,Bamboo Fiber,42.24,4.21,98.12,0.76,33.77,6,18.07,153,2
M07167,Bamboo Fiber,48.61,3.52,96.39,0.72,33.88,5,19.71,177,3
M07168,Bamboo Fiber,46.26,3.91,99.21,0.62,37.88,8,19.23,160,2
M07169,Bamboo Fiber,48.08,4.34,93.36,0.9,37.49,7,18.86,153,3
M07170,Bamboo Fiber,48.33,4.28,98.69,0.71,39.21,5,19.93,182,2
M07171,Bamboo Fiber,39.7,3.98,97.42,0.72,42.07,8,17.47,138,2
M07172,Bamboo Fiber,39.8,3.4,96.43,0.72,40.15,6,19.38,184,4
M07173,Bamboo Fiber,40.47,2.42,96.28,0.62,45.0,6,19.45,184,2
M07174,Bamboo Fiber,38.29,5.55,97.98,0.6,40.17,6,16.93,138,3
M07175,Bamboo Fiber,41.57,5.46,98.76,0.74,31.97,6,17.71,147,3
M07176,Bamboo Fiber,40.23,4.47,98.8,0.6,37.68,7,19.17,175,3
M07177,Bamboo Fiber,35.0,5.95,97.85,0.78,34.5,6,18.8,182,3
M07178,Bamboo Fiber,46.66,4.8,96.51,0.81,33.89,6,18.92,161,3
M07179,Bamboo Fiber,55.0,3.96,93.06,0.7,39.78,6,20.75,181,3
M07180,Bamboo Fiber,44.88,2.95,100.0,0.79,42.61,7,18.24,147,2
M07181,Bamboo Fiber,40.94,3.58,93.92,0.66,40.82,8,19.54,177,2
M07182,Bamboo Fiber,48.91,5.02,96.68,0.64,36.74,8,19.14,153,2
M07183,Bamboo Fiber,41.8,4.54,92.55,0.74,36.09,8,18.63,157,3
M07184,Bamboo Fiber,42.05,2.85,94.89,0.7,40.95,7,18.1,150,4
M07185,Bamboo Fiber,35.06,4.48,100.0,0.6,33.38,6,17.41,154,3
M07186,Bamboo Fiber,41.78,2.22,93.55,0.83,40.59,7,18.33,155,2
M07187,Bamboo Fiber,41.19,3.68,95.4,0.6,35.09,5,19.17,181,4
M07188,Bamboo Fiber,39.36,4.37,96.75,0.67,32.27,8,18.29,155,4
M07189,Bamboo Fiber,40.75,4.64,96.43,0.6,33.26,7,19.02,171,2
M07190,Bamboo Fiber,39.91,4.06,96.87,0.81,32.91,7,17.74,147,3
M07191,Bamboo Fiber,43.78,4.34,96.45,0.63,38.43,6,18.73,163,2
M07192,Bamboo Fiber,40.88,2.85,93.68,0.76,32.07,7,16.99,130,2
M07193,Bamboo Fiber,36.65,4.43,98.79,0.69,39.85,6,17.86,160,2
M07194,Bamboo Fiber,45.84,3.8,100.0,0.72,30.56,7,19.83,177,3
M07195,Bamboo Fiber,49.32,4.01,97.33,0.84,30.31,5,18.98,161,2
M07196,Bamboo Fiber,41.2,3.48,95.1,0.6,42.0,7,18.92,168,3
M07197,Bamboo Fiber,45.76,4.17,98.05,0.9,32.43,7,19.08,162,3
M07198,Bamboo Fiber,45.76,2.9,95.47,0.77,37.81,7,19.03,161,4
M07199,Bamboo Fiber,47.63,3.54,95.64,0.75,37.06,7,18.76,152,2
M07200,Bamboo Fiber,40.53,4.0,100.0,0.63,41.11,8,19.45,176,2
M07201,Bamboo Fiber,41.09,2.0,96.62,0.71,32.75,7,18.21,154,2
M07202,Bamboo Fiber,50.86,4.57,95.21,0.69,41.48,6,18.09,136,3
M07203,Bamboo Fiber,38.79,3.29,98.02,0.6,44.66,8,18.33,157,2
M07204,Bamboo Fiber,47.14,2.98,98.67,0.78,37.57,6,18.96,161,3
M07205,Bamboo Fiber,35.23,4.51,95.23,0.71,34.37,5,17.47,159,2
M07206,Bamboo Fiber,48.57,2.9,96.85,0.78,37.42,6,19.61,171,2
M07207,Bamboo Fiber,40.56,4.55,93.95,0.7,35.28,6,19.56,186,2
M07208,Bamboo Fiber,43.09,2.9,94.91,0.72,31.51,5,18.51,164,2
M07209,Bamboo Fiber,45.16,5.7,98.54,0.62,39.21,5,18.97,169,2
M07210,Bamboo Fiber,36.25,4.8,98.89,0.6,40.22,6,18.28,169,2
M07211,Bamboo Fiber,46.41,3.83,99.56,0.76,38.74,5,17.14,130,2
M07212,Bamboo Fiber,49.02,2.76,98.06,0.75,33.85,6,17.6,130,2
M07213,Bamboo Fiber,40.25,2.48,96.07,0.65,38.57,6,18.82,172,4
M07214,Bamboo Fiber,43.23,6.0,96.77,0.78,32.12,8,18.97,161,2
M07215,Bamboo Fiber,53.89,2.81,96.62,0.78,42.08,8,19.94,159,2
M07216,Bamboo Fiber,45.53,5.0,94.96,0.82,41.3,5,17.2,133,2
M07217,Bamboo Fiber,54.03,4.72,95.8,0.9,37.74,8,20.25,165,4
M07218,Bamboo Fiber,50.26,3.81,99.03,0.69,41.71,8,20.03,168,2
M07219,Bamboo Fiber,52.53,4.58,97.33,0.82,35.84,6,18.95,150,3
M07220,Bamboo Fiber,45.38,4.22,99.32,0.75,35.91,5,19.44,178,4
M07221,Bamboo Fiber,36.71,5.08,97.28,0.68,35.34,6,18.27,168,4
M07222,Bamboo Fiber,48.76,4.53,99.15,0.78,37.13,7,18.03,135,2
M07223,Bamboo Fiber,42.76,5.45,98.49,0.77,39.27,7,17.88,144,2
M07224,Bamboo Fiber,47.67,2.51,98.0,0.81,34.37,5,17.67,138,4
M07225,Bamboo Fiber,38.74,4.6,99.28,0.6,33.74,5,17.02,143,2
M07226,Bamboo Fiber,51.1,4.09,96.16,0.75,35.88,6,19.66,167,2
M07227,Bamboo Fiber,42.08,2.81,96.96,0.69,32.43,7,18.16,151,4
M07228,Bamboo Fiber,41.99,4.89,98.2,0.71,42.59,6,19.1,174,3
M07229,Bamboo Fiber,46.63,5.3,95.92,0.86,37.71,6,19.41,171,2
M07230,Bamboo Fiber,41.05,4.82,98.0,0.62,40.35,6,18.4,162,3
M07231,Bamboo Fiber,37.78,2.6,98.42,0.72,45.0,6,17.23,145,4
M07232,Bamboo Fiber,43.35,3.2,95.16,0.87,39.81,7,17.29,131,2
M07233,Bamboo Fiber,49.81,4.46,96.26,0.9,44.3,8,19.73,163,3
M07234,Bamboo Fiber,51.05,4.75,96.33,0.74,37.84,7,18.7,144,4
M07235,Bamboo Fiber,44.71,3.72,97.31,0.78,34.64,5,18.62,163,5
M07236,Bamboo Fiber,49.93,3.1,99.12,0.9,33.91,5,20.04,181,3
M07237,Bamboo Fiber,49.88,4.59,98.87,0.9,39.01,7,20.84,189,3
M07238,Bamboo Fiber,47.88,4.89,93.05,0.83,42.53,5,18.24,149,2
M07239,Bamboo Fiber,50.53,4.06,96.13,0.78,38.36,5,18.7,153,3
M07240,Bamboo Fiber,52.54,4.12,97.56,0.68,33.67,7,18.15,130,3
M07241,Bamboo Fiber,48.07,4.86,97.82,0.9,40.86,6,18.31,146,3
M07242,Bamboo Fiber,48.33,4.19,95.1,0.64,41.19,7,19.53,166,2
M07243,Bamboo Fiber,50.3,3.67,93.17,0.75,35.1,7,19.58,163,3
M07244,Bamboo Fiber,38.53,4.84,100.0,0.8,39.32,7,19.3,181,4
M07245,Bamboo Fiber,43.22,5.81,98.6,0.6,34.56,7,18.52,156,5
M07246,Bamboo Fiber,46.65,4.74,97.82,0.74,33.44,7,18.71,153,3
M07247,Bamboo Fiber,50.65,3.1,93.56,0.74,39.21,7,18.46,140,4
M07248,Bamboo Fiber,49.8,3.49,99.53,0.65,39.82,5,18.73,155,3
M07249,Bamboo Fiber,53.24,3.72,97.44,0.9,36.63,7,20.62,178,2
M07250,Bamboo Fiber,46.15,4.48,97.23,0.82,31.16,8,18.32,142,4
M07251,Bamboo Fiber,47.58,3.09,95.42,0.81,45.0,6,17.46,130,2
M07252,Bamboo Fiber,37.96,4.93,97.73,0.8,35.82,6,18.0,160,3
M07253,Bamboo Fiber,45.4,3.43,97.53,0.6,39.96,7,18.64,154,2
M07254,Bamboo Fiber,41.65,4.25,96.5,0.6,32.18,7,17.21,133,2
M07255,Bamboo Fiber,44.83,5.87,97.57,0.75,32.99,6,17.93,145,2
M07256,Bamboo Fiber,47.65,3.79,100.0,0.77,35.63,7,18.96,156,3
M07257,Bamboo Fiber,44.97,5.45,98.28,0.9,35.91,9,19.65,167,3
M07258,Bamboo Fiber,41.84,3.82,98.18,0.66,45.0,7,17.28,134,2
M07259,Bamboo Fiber,52.17,3.52,98.31,0.74,36.43,7,19.52,158,4
M07260,Bamboo Fiber,48.45,6.0,96.49,0.78,37.1,7,17.74,130,2
M07261,Bamboo Fiber,37.7,4.62,94.23,0.6,44.15,8,18.07,154,2
M07262,Bamboo Fiber,44.02,3.58,93.12,0.76,32.37,8,19.6,172,2
M07263,Bamboo Fiber,35.0,3.25,97.89,0.67,42.49,7,18.85,179,2
M07264,Bamboo Fiber,42.59,3.37,98.3,0.61,44.08,5,18.11,157,5
M07265,Bamboo Fiber,43.64,3.46,95.7,0.67,36.5,9,19.76,172,2
M07266,Bamboo Fiber,37.82,4.55,95.02,0.7,34.95,8,18.33,159,2
M07267,Bamboo Fiber,45.17,4.32,92.6,0.9,35.76,6,17.22,130,2
M07268,Bamboo Fiber,53.86,5.5,99.39,0.89,45.0,6,19.64,161,4
M07269,Bamboo Fiber,39.43,3.03,93.02,0.78,38.85,7,17.34,140,2
M07270,Bamboo Fiber,48.47,2.32,97.53,0.64,44.65,6,19.7,173,3
M07271,Bamboo Fiber,45.43,4.28,96.33,0.65,42.04,6,17.54,136,3
M07272,Bamboo Fiber,47.78,4.51,98.32,0.66,39.49,7,19.83,173,3
M07273,Bamboo Fiber,39.09,4.39,96.04,0.6,35.66,7,18.26,159,2
M07274,Bamboo Fiber,43.01,4.43,92.55,0.79,38.18,7,18.1,148,3
M07275,Bamboo Fiber,47.37,3.22,96.58,0.67,37.45,5,18.94,164,2
M07276,Bamboo Fiber,47.93,2.0,100.0,0.8,45.0,6,20.34,187,3
M07277,Bamboo Fiber,55.0,2.85,96.02,0.9,39.11,6,20.0,166,3
M07278,Bamboo Fiber,42.26,3.8,96.65,0.76,36.52,6,18.58,163,2
M07279,Bamboo Fiber,47.7,2.0,98.25,0.78,41.17,8,19.77,168,2
M07280,Bamboo Fiber,42.67,2.44,93.16,0.81,45.0,6,16.97,130,2
M07281,Bamboo Fiber,53.81,4.53,100.0,0.9,36.05,6,19.43,157,2
M07282,Bamboo Fiber,48.74,3.0,95.27,0.82,35.58,7,19.17,158,3
M07283,Bamboo Fiber,46.26,3.65,100.0,0.79,40.57,7,17.93,138,3
M07284,Bamboo Fiber,45.75,6.0,93.98,0.9,39.56,5,18.32,155,3
M07285,Bamboo Fiber,48.62,4.29,95.97,0.66,39.79,8,20.16,174,2
M07286,Bamboo Fiber,48.08,4.27,95.2,0.63,42.91,7,19.71,170,2
M07287,Bamboo Fiber,41.57,2.72,94.32,0.7,39.5,8,18.36,152,2
M07288,Bamboo Fiber,36.7,3.7,97.9,0.67,37.74,5,17.32,153,2
M07289,Bamboo Fiber,35.0,4.11,98.99,0.6,37.6,6,16.85,143,2
M07290,Bamboo Fiber,53.37,3.1,98.17,0.9,34.38,8,20.14,164,2
M07291,Bamboo Fiber,50.24,4.01,98.02,0.9,37.03,8,19.22,152,3
M07292,Bamboo Fiber,49.8,3.34,97.1,0.8,33.01,6,19.83,173,3
M07293,Bamboo Fiber,41.35,3.23,93.75,0.6,34.64,5,18.94,176,3
M07294,Bamboo Fiber,35.82,4.49,97.72,0.74,36.96,6,17.93,163,3
M07295,Bamboo Fiber,50.04,3.68,98.22,0.73,41.98,6,18.35,143,2
M07296,Bamboo Fiber,46.67,4.92,96.47,0.83,40.86,5,19.37,174,4
M07297,Bamboo Fiber,48.69,2.59,98.01,0.69,38.0,8,19.57,162,2
M07298,Bamboo Fiber,48.42,4.09,95.94,0.85,33.95,6,18.59,151,3
M07299,Bamboo Fiber,46.88,2.3,95.86,0.79,36.5,7,20.24,183,3
M07300,Bamboo Fiber,45.58,3.48,100.0,0.8,33.49,6,18.81,161,2
M07301,Bamboo Fiber,46.27,4.9,93.86,0.71,38.39,8,20.38,183,4
M07302,Bamboo Fiber,39.43,3.87,99.06,0.83,44.89,8,18.14,152,2
M07303,Bamboo Fiber,37.68,5.11,97.0,0.83,43.5,7,17.27,142,3
M07304,Bamboo Fiber,47.67,3.65,96.68,0.9,32.04,7,18.97,156,2
M07305,Bamboo Fiber,42.74,3.94,97.42,0.6,37.01,5,18.92,173,2
M07306,Bamboo Fiber,48.85,3.58,94.07,0.77,42.42,7,19.48,164,5
M07307,Bamboo Fiber,43.53,5.36,96.51,0.65,42.25,5,17.75,148,4
M07308,Bamboo Fiber,38.72,4.67,97.64,0.82,40.37,5,17.02,143,4
M07309,Bamboo Fiber,42.1,4.76,95.25,0.63,42.77,7,18.41,156,2
M07310,Bamboo Fiber,45.48,4.74,95.93,0.87,37.84,5,19.35,176,4
M07311,Bamboo Fiber,48.8,2.34,93.62,0.79,36.85,7,19.13,157,4
M07312,Bamboo Fiber,42.88,3.61,99.56,0.74,42.79,8,18.79,158,2
M07313,Bamboo Fiber,49.4,6.0,95.82,0.67,45.0,6,19.54,168,2
M07314,Bamboo Fiber,49.22,4.91,97.16,0.66,40.62,5,18.77,157,2
M07315,Bamboo Fiber,44.39,4.12,97.94,0.7,40.54,8,18.34,146,2
M07316,Bamboo Fiber,46.29,4.08,97.69,0.7,41.41,7,19.58,171,2
M07317,Bamboo Fiber,46.37,3.73,97.87,0.7,41.41,6,19.79,179,3
M07318,Bamboo Fiber,37.5,3.46,95.46,0.6,39.87,7,18.95,176,2
M07319,Bamboo Fiber,43.45,3.68,95.2,0.7,45.0,7,18.2,149,4
M07320,Bamboo Fiber,44.15,2.0,99.55,0.74,43.65,7,19.36,171,3
M07321,Bamboo Fiber,46.2,3.63,98.74,0.61,30.0,8,19.72,170,4
M07322,Bamboo Fiber,55.0,4.03,97.99,0.84,43.88,5,19.55,161,3
M07323,Bamboo Fiber,40.78,3.72,96.81,0.69,38.82,5,17.88,156,2
M07324,Bamboo Fiber,55.0,3.24,96.33,0.87,34.62,6,20.2,170,4
M07325,Bamboo Fiber,53.96,4.72,97.77,0.79,43.93,6,19.35,155,2
M07326,Bamboo Fiber,39.09,3.89,100.0,0.74,37.24,8,18.61,162,4
M07327,Bamboo Fiber,48.73,5.85,93.29,0.79,45.0,9,20.47,176,2
M07328,Bamboo Fiber,49.03,3.14,95.59,0.69,38.69,8,19.7,164,4
M07329,Bamboo Fiber,45.33,2.02,94.48,0.6,34.66,7,19.03,162,2
M07330,Bamboo Fiber,48.11,3.14,95.98,0.82,35.67,6,18.51,150,2
M07331,Bamboo Fiber,53.73,4.83,96.75,0.7,37.4,6,19.02,149,2
M07332,Bamboo Fiber,37.25,2.4,97.54,0.8,39.19,6,17.22,146,4
M07333,Bamboo Fiber,46.94,5.09,97.5,0.69,36.5,6,18.54,153,2
M07334,Bamboo Fiber,44.22,6.0,95.0,0.81,36.2,6,17.97,147,2
M07335,Bamboo Fiber,47.5,6.0,94.29,0.89,38.47,5,18.0,145,2
M07336,Bamboo Fiber,40.49,2.56,97.45,0.73,39.18,6,18.65,168,3
M07337,Bamboo Fiber,50.71,4.14,95.11,0.77,39.3,7,18.82,147,4
M07338,Bamboo Fiber,44.81,3.95,96.67,0.79,33.86,7,19.23,167,4
M07339,Bamboo Fiber,39.29,4.58,97.88,0.66,36.64,6,18.78,173,2
M07340,Bamboo Fiber,52.62,4.85,95.21,0.88,35.53,5,18.76,150,3
M07341,Bamboo Fiber,39.75,3.65,96.71,0.7,38.67,5,19.12,183,2
M07342,Bamboo Fiber,47.64,4.42,99.52,0.74,39.6,5,19.31,171,3
M07343,Bamboo Fiber,44.82,3.84,94.33,0.85,35.53,6,18.58,158,2
M07344,Bamboo Fiber,44.29,4.04,98.16,0.73,34.1,7,18.23,148,2
M07345,Bamboo Fiber,38.73,2.83,96.28,0.69,34.79,6,17.67,152,4
M07346,Bamboo Fiber,46.57,2.0,97.73,0.69,39.4,8,19.56,166,2
M07347,Bamboo Fiber,41.81,4.65,96.38,0.79,36.61,7,18.63,161,2
M07348,Bamboo Fiber,48.31,5.09,95.74,0.89,30.94,6,19.63,172,2
M07349,Bamboo Fiber,46.79,3.52,97.31,0.85,33.36,7,19.88,176,2
M07350,Bamboo Fiber,47.98,3.49,96.81,0.63,35.5,8,20.35,179,3
M07351,Bamboo Fiber,37.69,3.05,97.62,0.69,39.75,5,17.97,164,2
M07352,Bamboo Fiber,52.41,4.07,97.74,0.88,31.46,8,20.79,179,2
M07353,Bamboo Fiber,46.86,2.92,99.33,0.83,40.71,6,20.39,190,4
M07354,Bamboo Fiber,48.45,4.76,98.33,0.8,32.88,9,20.95,186,3
M07355,Bamboo Fiber,45.28,4.31,97.72,0.69,43.14,7,19.08,163,3
M07356,Bamboo Fiber,45.65,4.79,94.52,0.77,44.22,6,19.36,172,3
M07357,Bamboo Fiber,36.86,4.57,96.77,0.63,43.32,6,18.49,172,2
M07358,Bamboo Fiber,40.88,5.09,99.09,0.71,41.87,7,17.64,143,2
M07359,Bamboo Fiber,35.45,4.35,98.88,0.68,39.02,5,16.7,143,2
M07360,Bamboo Fiber,35.31,4.92,94.38,0.6,42.36,7,16.98,141,2
M07361,Bamboo Fiber,48.81,4.05,95.9,0.87,38.06,7,19.38,162,2
M07362,Bamboo Fiber,35.7,4.37,94.91,0.61,30.65,7,17.57,152,2
M07363,Bamboo Fiber,49.09,2.96,95.34,0.9,39.99,5,18.66,155,4
M07364,Bamboo Fiber,45.41,4.21,98.18,0.81,35.34,9,19.99,173,3
M07365,Bamboo Fiber,43.92,4.24,95.55,0.7,42.63,6,18.89,166,4
M07366,Bamboo Fiber,46.12,5.1,97.7,0.75,32.72,5,19.31,174,2
M07367,Bamboo Fiber,42.97,3.21,96.09,0.74,35.11,6,18.15,153,3
M07368,Bamboo Fiber,35.0,4.14,95.17,0.69,41.17,5,17.9,168,4
M07369,Bamboo Fiber,43.59,3.59,98.74,0.66,44.5,6,18.71,163,2
M07370,Bamboo Fiber,50.79,4.28,100.0,0.77,35.7,7,20.53,181,3
M07371,Bamboo Fiber,41.79,4.99,96.54,0.84,39.81,6,17.13,135,3
M07372,Bamboo Fiber,51.29,3.53,95.48,0.9,33.35,7,20.38,177,3
M07373,Bamboo Fiber,44.04,4.6,95.95,0.76,40.9,7,18.85,161,2
M07374,Bamboo Fiber,45.8,6.0,97.52,0.62,30.54,6,20.08,186,2
M07375,Bamboo Fiber,41.13,4.54,95.89,0.73,34.44,7,18.81,166,3
M07376,Bamboo Fiber,41.42,3.65,96.84,0.6,33.63,6,18.59,165,3
M07377,Bamboo Fiber,52.4,5.22,95.34,0.9,40.73,8,19.39,151,2
M07378,Bamboo Fiber,38.37,5.66,96.24,0.71,39.01,7,18.09,157,3
M07379,Bamboo Fiber,52.83,4.26,97.19,0.75,40.37,7,19.58,158,4
M07380,Bamboo Fiber,42.85,6.0,100.0,0.69,40.03,5,18.38,162,2
M07381,Bamboo Fiber,43.92,3.04,94.86,0.8,37.89,6,19.19,172,3
M07382,Bamboo Fiber,36.04,4.59,98.43,0.81,39.37,7,18.2,164,2
M07383,Bamboo Fiber,38.76,4.86,98.12,0.72,41.82,7,18.88,172,4
M07384,Bamboo Fiber,44.16,5.36,96.21,0.72,37.72,6,18.12,150,3
M07385,Bamboo Fiber,45.51,5.39,97.53,0.79,38.15,7,18.2,145,3
M07386,Bamboo Fiber,46.68,4.22,97.56,0.7,37.53,6,18.92,161,3
M07387,Bamboo Fiber,45.88,3.58,99.55,0.64,40.85,7,18.04,141,2
M07388,Bamboo Fiber,55.0,4.49,93.76,0.9,41.22,8,20.9,176,2
M07389,Bamboo Fiber,55.0,5.01,95.16,0.81,44.32,5,19.45,159,2
M07390,Bamboo Fiber,44.86,4.12,93.96,0.67,45.0,5,17.64,143,3
M07391,Bamboo Fiber,40.44,3.56,94.81,0.74,37.18,6,18.84,172,2
M07392,Bamboo Fiber,48.89,5.5,94.73,0.8,39.55,6,19.49,168,3
M07393,Bamboo Fiber,35.7,3.0,94.84,0.64,34.61,7,18.02,161,2
M07394,Bamboo Fiber,38.89,4.99,98.85,0.63,45.0,8,17.44,139,2
M07395,Bamboo Fiber,46.66,2.92,95.08,0.66,32.26,7,18.02,139,2
M07396,Bamboo Fiber,46.13,5.25,95.01,0.85,33.9,6,18.66,157,3
M07397,Bamboo Fiber,40.8,5.47,95.07,0.81,33.57,7,18.73,165,2
M07398,Bamboo Fiber,45.09,3.23,96.65,0.85,38.78,5,18.96,169,3
M07399,Bamboo Fiber,38.55,4.9,94.21,0.6,36.65,6,18.3,165,4
M07400,Bamboo Fiber,52.16,4.7,97.87,0.9,42.31,6,19.32,158,2
M07401,Bamboo Fiber,42.42,3.82,94.82,0.8,33.72,6,17.74,146,2
M07402,Bamboo Fiber,42.76,4.38,95.04,0.8,38.23,5,18.68,168,2
M07403,Bamboo Fiber,43.45,3.21,98.86,0.67,33.11,6,18.25,154,3
M07404,Bamboo Fiber,50.49,3.57,93.77,0.7,32.21,7,19.75,166,2
M07405,Bamboo Fiber,45.38,2.95,97.72,0.79,37.32,5,18.39,157,3
M07406,Bamboo Fiber,44.43,4.77,92.47,0.7,34.86,6,19.29,173,3
M07407,Bamboo Fiber,45.97,2.99,96.84,0.74,36.0,7,17.65,133,2
M07408,Bamboo Fiber,52.2,6.0,99.78,0.9,34.1,7,19.42,156,3
M07409,Bamboo Fiber,39.5,3.27,100.0,0.63,40.73,7,16.85,130,2
M07410,Bamboo Fiber,50.89,3.77,94.94,0.89,37.49,6,19.99,174,3
M07411,Bamboo Fiber,48.7,6.0,97.58,0.89,42.31,6,20.02,179,3
M07412,Bamboo Fiber,55.0,3.85,96.09,0.89,36.29,6,19.4,154,2
M07413,Bamboo Fiber,43.32,3.54,95.23,0.77,32.34,6,18.53,160,2
M07414,Bamboo Fiber,48.94,3.54,99.4,0.9,34.35,6,18.54,149,3
M07415,Bamboo Fiber,46.66,2.87,97.79,0.73,41.13,5,17.67,140,3
M07416,Bamboo Fiber,52.19,3.55,95.46,0.82,39.15,8,19.02,144,2
M07417,Bamboo Fiber,52.48,4.46,99.48,0.75,31.66,7,19.4,155,4
M07418,Bamboo Fiber,37.97,3.78,98.06,0.67,38.18,6,18.5,170,2
M07419,Bamboo Fiber,41.79,5.26,97.16,0.71,35.17,5,19.08,178,4
M07420,Bamboo Fiber,47.44,3.33,100.0,0.86,35.49,6,18.24,146,2
M07421,Bamboo Fiber,52.25,3.47,95.69,0.74,37.87,6,18.43,140,2
M07422,Bamboo Fiber,44.12,3.23,94.53,0.85,36.73,5,18.16,155,5
M07423,Bamboo Fiber,41.81,2.41,96.51,0.69,40.08,8,19.03,165,2
M07424,Bamboo Fiber,43.36,3.71,97.5,0.65,32.52,8,19.64,174,2
M07425,Bamboo Fiber,49.41,5.3,96.01,0.83,40.93,7,18.49,143,4
M07426,Bamboo Fiber,40.52,4.13,99.45,0.71,36.29,6,17.8,151,4
M07427,Bamboo Fiber,42.14,3.5,95.25,0.64,42.89,7,17.26,133,2
M07428,Bamboo Fiber,45.49,3.64,97.65,0.85,38.21,6,19.45,174,3
M07429,Bamboo Fiber,35.0,5.02,95.67,0.6,30.49,6,17.25,151,3
M07430,Bamboo Fiber,49.64,3.89,96.81,0.81,34.97,7,18.51,143,2
M07431,Bamboo Fiber,35.0,3.58,95.16,0.8,34.32,5,17.3,156,3
M07432,Bamboo Fiber,47.17,3.6,97.03,0.76,32.37,5,19.62,178,2
M07433,Bamboo Fiber,45.85,4.49,96.77,0.66,45.0,8,18.54,147,3
M07434,Bamboo Fiber,47.75,2.89,94.75,0.85,33.27,6,20.32,187,3
M07435,Bamboo Fiber,47.14,3.16,93.87,0.76,41.7,5,18.86,163,2
M07436,Bamboo Fiber,44.53,4.04,96.41,0.68,35.06,6,18.1,149,3
M07437,Bamboo Fiber,50.37,3.66,95.93,0.77,30.89,7,20.79,187,2
M07438,Bamboo Fiber,45.27,2.9,97.7,0.71,40.55,7,20.08,183,2
M07439,Bamboo Fiber,44.71,4.9,96.4,0.71,32.96,6,17.82,143,3
M07440,Bamboo Fiber,49.82,4.9,97.7,0.83,37.74,7,18.88,150,3
M07441,Bamboo Fiber,45.09,4.37,95.68,0.72,43.33,9,20.11,176,4
M07442,Bamboo Fiber,51.98,3.9,93.85,0.67,40.63,7,19.0,148,3
M07443,Bamboo Fiber,49.15,5.8,95.84,0.77,30.18,7,19.52,164,2
M07444,Bamboo Fiber,44.99,5.01,97.14,0.78,38.95,6,19.3,172,4
M07445,Bamboo Fiber,39.95,3.01,95.09,0.74,41.37,7,17.25,137,4
M07446,Bamboo Fiber,46.23,4.48,97.15,0.73,39.54,6,18.57,155,3
M07447,Bamboo Fiber,45.02,4.02,98.62,0.86,39.11,6,19.6,178,2
M07448,Bamboo Fiber,46.44,4.86,95.36,0.71,34.31,7,20.24,184,2
M07449,Bamboo Fiber,43.21,3.75,95.66,0.81,35.03,7,19.02,166,2
M07450,Bamboo Fiber,51.4,4.38,95.51,0.77,43.39,6,18.39,141,5
M07451,Bamboo Fiber,35.69,5.25,97.34,0.6,45.0,5,16.87,146,2
M07452,Bamboo Fiber,47.38,4.13,97.21,0.62,36.62,5,19.09,167,3
M07453,Bamboo Fiber,38.16,3.31,96.19,0.61,35.61,7,17.82,152,3
M07454,Bamboo Fiber,46.72,4.28,95.38,0.88,41.28,5,18.12,149,2
M07455,Bamboo Fiber,46.9,4.65,97.17,0.88,40.79,5,19.74,181,4
M07456,Bamboo Fiber,47.66,3.81,96.35,0.88,37.56,7,19.57,168,4
M07457,Bamboo Fiber,41.66,4.07,97.05,0.71,31.91,7,17.07,130,2
M07458,Bamboo Fiber,39.83,5.01,95.14,0.85,42.59,6,19.33,183,2
M07459,Bamboo Fiber,47.64,4.07,97.48,0.87,39.72,6,18.96,160,3
M07460,Bamboo Fiber,46.71,2.64,99.59,0.81,44.12,7,19.62,171,3
M07461,Bamboo Fiber,44.35,5.48,95.77,0.6,39.86,6,19.39,175,2
M07462,Bamboo Fiber,41.8,3.73,95.94,0.79,35.17,7,18.53,159,3
M07463,Bamboo Fiber,46.85,3.3,95.72,0.8,43.05,8,19.14,157,3
M07464,Bamboo Fiber,46.53,3.17,95.42,0.74,36.13,6,19.55,174,4
M07465,Bamboo Fiber,42.71,3.86,93.34,0.77,41.1,7,18.62,159,5
M07466,Bamboo Fiber,43.33,4.9,97.33,0.81,31.58,6,19.63,182,3
M07467,Bamboo Fiber,46.34,3.57,97.92,0.78,43.26,7,18.98,159,3
M07468,Bamboo Fiber,55.0,5.03,95.35,0.9,38.69,7,19.2,146,3
M07469,Bamboo Fiber,49.74,3.95,96.57,0.85,42.94,5,19.12,163,2
M07470,Bamboo Fiber,43.06,3.42,96.69,0.74,34.56,6,17.91,148,3
M07471,Bamboo Fiber,38.64,3.47,95.64,0.66,33.76,7,18.36,162,2
M07472,Bamboo Fiber,44.13,4.7,97.22,0.6,36.45,6,17.26,133,2
M07473,Bamboo Fiber,45.15,2.62,98.1,0.76,43.55,5,18.87,167,4
M07474,Bamboo Fiber,39.59,4.42,100.0,0.61,35.98,5,18.66,174,2
M07475,Bamboo Fiber,43.56,2.56,100.0,0.84,30.0,6,18.76,164,2
M07476,Bamboo Fiber,48.88,4.07,100.0,0.9,32.06,6,19.24,163,2
M07477,Bamboo Fiber,49.61,5.89,95.03,0.8,38.97,7,18.86,150,3
M07478,Bamboo Fiber,53.76,4.76,99.3,0.73,37.69,7,20.73,179,2
M07479,Bamboo Fiber,47.31,3.77,99.35,0.66,38.34,8,17.88,131,2
M07480,Bamboo Fiber,48.05,2.72,96.83,0.83,39.71,7,19.91,174,2
M07481,Bamboo Fiber,49.69,2.71,96.56,0.71,37.81,8,19.12,151,2
M07482,Bamboo Fiber,46.89,4.66,96.6,0.86,36.46,6,19.59,174,3
M07483,Bamboo Fiber,51.01,3.33,95.32,0.88,40.55,6,18.95,153,3
M07484,Bamboo Fiber,40.35,3.65,97.12,0.6,37.66,7,19.28,177,3
M07485,Bamboo Fiber,46.97,5.08,97.54,0.82,39.61,5,19.25,171,2
M07486,Bamboo Fiber,48.2,4.28,98.13,0.8,38.09,7,19.57,167,2
M07487,Bamboo Fiber,48.39,3.67,99.72,0.84,39.66,8,19.64,164,2
M07488,Bamboo Fiber,39.61,3.92,97.47,0.81,36.63,6,17.61,149,4
M07489,Bamboo Fiber,42.63,2.0,95.19,0.6,33.48,5,18.36,162,3
M07490,Bamboo Fiber,49.82,4.91,98.23,0.69,30.22,7,19.03,153,2
M07491,Bamboo Fiber,43.52,2.94,97.17,0.74,31.3,6,18.35,156,3
M07492,Bamboo Fiber,43.36,2.94,94.35,0.62,31.6,6,17.99,149,3
M07493,Bamboo Fiber,40.06,6.0,98.07,0.71,43.42,8,18.16,151,3
M07494,Bamboo Fiber,46.57,3.25,98.15,0.75,35.05,7,19.41,167,2
M07495,Bamboo Fiber,51.73,3.09,99.07,0.9,37.01,6,19.97,172,2
M07496,Bamboo Fiber,52.77,3.49,96.24,0.85,41.7,6,19.03,151,2
M07497,Bamboo Fiber,45.61,4.85,99.18,0.66,40.75,5,18.46,158,3
M07498,Bamboo Fiber,50.13,3.86,99.35,0.76,36.34,8,19.86,165,2
M07499,Bamboo Fiber,43.46,2.94,98.21,0.77,33.8,6,20.05,190,4
M07500,Bamboo Fiber,44.11,2.15,95.16,0.63,35.89,7,18.91,162,2
M07501,Bamboo Fiber,46.18,3.33,94.63,0.73,42.1,7,19.07,161,2
M07502,Bamboo Fiber,48.93,4.56,100.0,0.9,43.21,7,19.24,159,3
M07503,Bamboo Fiber,41.03,4.94,95.94,0.86,41.57,6,16.8,130,3
M07504,Bamboo Fiber,47.56,4.56,94.77,0.78,41.09,8,20.41,181,2
M07505,Bamboo Fiber,46.92,4.05,98.58,0.87,42.41,7,18.39,146,2
M07506,Bamboo Fiber,40.42,4.36,96.09,0.73,34.09,6,18.29,161,2
M07507,Bamboo Fiber,48.8,4.84,95.94,0.71,41.48,6,18.03,139,2
M07508,Bamboo Fiber,43.91,4.6,97.98,0.7,34.67,5,18.89,170,2
M07509,Bamboo Fiber,46.02,3.38,94.67,0.82,38.88,7,18.95,159,4
M07510,Bamboo Fiber,52.69,3.91,93.55,0.68,39.72,5,18.82,151,3
M07511,Bamboo Fiber,46.0,3.74,95.46,0.71,42.31,5,17.25,133,2
M07512,Bamboo Fiber,48.44,4.58,94.81,0.85,35.94,6,18.44,148,4
M07513,Bamboo Fiber,36.45,4.3,99.6,0.67,38.5,8,17.6,147,4
M07514,Bamboo Fiber,41.89,3.92,98.28,0.6,33.16,6,19.79,188,3
M07515,Bamboo Fiber,35.0,4.83,100.0,0.68,41.8,6,17.0,146,2
M07516,Bamboo Fiber,41.01,3.06,96.23,0.6,32.18,7,18.95,169,4
M07517,Bamboo Fiber,41.59,4.11,100.0,0.6,40.17,8,19.26,170,2
M07518,Bamboo Fiber,45.23,3.05,96.7,0.85,35.72,6,18.82,162,3
M07519,Bamboo Fiber,35.0,5.78,97.51,0.71,33.46,7,18.65,175,3
M07520,Bamboo Fiber,43.54,3.18,97.81,0.6,33.76,5,17.7,147,2
M07521,Bamboo Fiber,46.51,3.67,94.21,0.65,36.36,7,19.55,170,5
M07522,Bamboo Fiber,48.81,3.32,98.16,0.9,31.04,6,18.68,152,2
M07523,Bamboo Fiber,48.71,4.08,92.95,0.86,35.29,6,19.77,174,3
M07524,Bamboo Fiber,42.93,4.44,98.99,0.62,33.91,6,17.84,147,4
M07525,Bamboo Fiber,46.63,3.49,94.65,0.66,38.84,6,18.21,147,4
M07526,Bamboo Fiber,42.9,3.81,97.59,0.6,42.01,7,20.19,190,2
M07527,Bamboo Fiber,43.47,3.28,95.36,0.85,37.01,8,20.15,184,2
M07528,Bamboo Fiber,46.27,4.34,93.59,0.84,34.75,8,18.33,142,2
M07529,Bamboo Fiber,51.34,4.29,98.86,0.82,43.3,6,18.13,136,3
M07530,Bamboo Fiber,51.53,4.77,99.92,0.73,35.0,8,18.75,140,2
M07531,Bamboo Fiber,44.43,4.24,95.24,0.62,41.24,8,19.84,176,3
M07532,Bamboo Fiber,50.9,3.28,94.31,0.66,43.7,6,19.64,167,3
M07533,Bamboo Fiber,49.53,3.24,95.17,0.9,44.24,8,19.55,160,2
M07534,Bamboo Fiber,41.12,2.95,96.98,0.6,43.25,7,18.86,167,4
M07535,Bamboo Fiber,38.97,3.17,95.0,0.66,34.96,6,17.65,151,4
M07536,Bamboo Fiber,36.3,4.6,93.72,0.6,36.12,6,16.88,141,3
M07537,Bamboo Fiber,37.16,4.08,96.02,0.6,44.09,6,18.27,167,2
M07538,Bamboo Fiber,41.01,4.25,96.87,0.6,38.1,5,18.6,170,4
M07539,Bamboo Fiber,40.02,4.41,98.72,0.64,34.53,6,17.05,137,3
M07540,Bamboo Fiber,45.05,3.72,96.23,0.71,35.7,6,18.7,160,2
M07541,Bamboo Fiber,45.87,4.61,98.82,0.67,35.05,6,18.44,153,3
M07542,Bamboo Fiber,45.89,2.51,99.81,0.61,41.51,8,18.79,152,2
M07543,Bamboo Fiber,42.09,2.0,93.31,0.6,36.0,6,19.26,177,3
M07544,Bamboo Fiber,55.0,2.97,94.51,0.83,32.02,7,19.85,159,2
M07545,Bamboo Fiber,41.35,4.38,97.82,0.6,37.45,6,19.84,190,3
M07546,Bamboo Fiber,44.61,3.66,98.41,0.6,37.2,7,18.11,145,2
M07547,Bamboo Fiber,49.14,5.27,98.49,0.7,41.04,7,19.36,161,2
M07548,Bamboo Fiber,50.49,3.55,98.64,0.8,35.57,6,18.75,150,2
M07549,Bamboo Fiber,47.35,3.88,95.98,0.76,39.53,7,19.68,171,3
M07550,Bamboo Fiber,50.57,4.35,98.29,0.77,41.63,6,19.21,159,3
M07551,Bamboo Fiber,40.87,4.01,95.29,0.83,33.38,7,17.74,145,2
M07552,Bamboo Fiber,46.41,3.95,98.12,0.62,36.4,7,18.64,152,2
M07553,Bamboo Fiber,48.71,4.83,95.31,0.79,43.02,6,19.12,161,3
M07554,Bamboo Fiber,47.79,3.85,94.0,0.8,42.14,7,18.33,143,4
M07555,Bamboo Fiber,49.64,4.56,96.04,0.69,40.43,6,19.56,168,2
M07556,Bamboo Fiber,41.71,3.3,95.42,0.83,41.23,5,18.02,157,2
M07557,Bamboo Fiber,43.44,3.3,95.93,0.61,42.28,8,18.04,142,3
M07558,Bamboo Fiber,45.11,4.71,94.5,0.82,36.99,6,18.66,159,2
M07559,Bamboo Fiber,55.0,3.84,97.48,0.84,40.53,6,20.15,169,3
M07560,Bamboo Fiber,43.3,4.5,100.0,0.6,40.02,6,19.43,178,3
M07561,Bamboo Fiber,38.01,4.71,97.86,0.73,42.39,7,18.65,169,3
M07562,Bamboo Fiber,50.81,4.47,96.86,0.88,37.44,7,18.58,142,2
M07563,Bamboo Fiber,43.25,4.71,98.0,0.74,33.67,5,17.07,135,3
M07564,Bamboo Fiber,50.46,2.95,98.06,0.88,39.6,7,20.0,171,2
M07565,Bamboo Fiber,49.27,3.92,98.37,0.7,40.99,7,19.28,159,2
M07566,Bamboo Fiber,42.24,4.03,98.82,0.79,42.52,8,19.12,166,2
M07567,Bamboo Fiber,42.65,4.06,94.73,0.8,44.32,7,18.36,154,3
M07568,Bamboo Fiber,35.47,2.28,96.96,0.72,35.29,7,16.75,136,3
M07569,Bamboo Fiber,48.1,2.22,97.11,0.69,34.21,5,18.96,163,2
M07570,Bamboo Fiber,45.69,3.68,96.2,0.74,39.69,7,19.77,176,3
M07571,Bamboo Fiber,39.81,4.78,92.82,0.74,40.08,8,18.33,155,3
M07572,Bamboo Fiber,49.57,5.68,99.83,0.69,33.23,5,19.41,169,3
M07573,Bamboo Fiber,40.01,4.6,98.35,0.65,37.97,6,17.05,137,2
M07574,Bamboo Fiber,35.92,3.73,96.25,0.6,36.47,9,19.89,190,3
M07575,Bamboo Fiber,41.53,3.8,94.0,0.74,30.94,5,19.65,190,2
M07576,Bamboo Fiber,44.28,5.08,93.26,0.7,42.94,6,18.78,163,2
M07577,Bamboo Fiber,52.14,4.35,97.28,0.77,39.48,6,19.21,156,2
M07578,Bamboo Fiber,45.38,3.42,100.0,0.67,37.27,7,20.29,187,3
M07579,Bamboo Fiber,43.39,5.34,99.03,0.62,45.0,6,19.14,172,3
M07580,Bamboo Fiber,41.03,3.73,97.3,0.62,38.8,9,18.55,153,3
M07581,Bamboo Fiber,47.24,4.18,95.64,0.9,37.53,7,18.32,144,4
M07582,Bamboo Fiber,40.37,4.31,96.65,0.7,35.01,6,18.79,171,2
M07583,Bamboo Fiber,49.25,3.64,97.09,0.9,33.15,7,19.88,171,2
M07584,Bamboo Fiber,39.36,4.39,97.23,0.62,38.65,6,18.69,171,3
M07585,Bamboo Fiber,44.61,3.02,94.59,0.87,30.0,6,18.41,155,4
M07586,Bamboo Fiber,43.17,3.93,98.8,0.84,41.3,6,19.52,180,2
M07587,Bamboo Fiber,42.63,3.32,93.99,0.72,35.0,6,18.51,161,2
M07588,Bamboo Fiber,41.06,4.69,97.67,0.6,31.49,5,18.01,158,2
M07589,Bamboo Fiber,48.8,5.0,99.05,0.82,33.43,8,20.98,190,3
M07590,Bamboo Fiber,38.46,3.25,96.56,0.74,42.09,7,17.75,150,5
M07591,Bamboo Fiber,43.31,3.31,96.89,0.72,36.36,6,17.83,146,3
M07592,Bamboo Fiber,45.01,5.63,97.31,0.62,38.25,7,18.95,161,2
M07593,Bamboo Fiber,48.95,3.26,96.94,0.75,37.09,8,19.35,157,2
M07594,Bamboo Fiber,48.83,3.67,96.45,0.69,41.11,6,19.88,176,2
M07595,Bamboo Fiber,51.96,2.82,97.15,0.9,33.73,8,19.25,149,4
M07596,Bamboo Fiber,52.93,5.23,96.12,0.75,33.1,7,18.99,146,2
M07597,Bamboo Fiber,44.45,3.16,99.26,0.77,37.85,7,18.45,152,5
M07598,Bamboo Fiber,46.29,2.58,98.51,0.64,43.42,8,20.73,190,4
M07599,Bamboo Fiber,47.01,2.45,97.88,0.88,38.59,5,18.8,162,2
M07600,Bamboo Fiber,46.9,3.09,99.65,0.86,38.36,8,18.54,145,2
M07601,Bamboo Fiber,44.0,2.65,95.91,0.65,37.08,7,19.4,172,2
M07602,Bamboo Fiber,55.0,5.03,93.91,0.81,42.2,7,19.65,155,2
M07603,Bamboo Fiber,45.78,3.51,94.29,0.64,39.69,6,20.13,187,2
M07604,Bamboo Fiber,46.96,4.35,98.25,0.89,39.63,6,18.35,149,3
M07605,Bamboo Fiber,50.23,4.64,97.59,0.74,44.81,6,19.02,156,3
M07606,Bamboo Fiber,46.46,4.66,95.02,0.71,37.62,6,18.45,152,2
M07607,Bamboo Fiber,48.11,5.43,97.88,0.82,43.18,5,18.11,146,2
M07608,Bamboo Fiber,46.01,2.49,93.87,0.9,41.09,5,17.7,142,2
M07609,Bamboo Fiber,35.0,3.14,97.49,0.6,39.77,6,18.55,177,4
M07610,Bamboo Fiber,42.64,3.8,99.87,0.6,40.7,5,17.66,148,3
M07611,Bamboo Fiber,48.46,2.72,97.22,0.66,37.83,8,20.95,190,4
M07612,Bamboo Fiber,46.61,2.21,96.79,0.75,35.73,6,18.21,147,2
M07613,Bamboo Fiber,43.24,3.71,96.21,0.88,38.7,7,18.82,162,3
M07614,Bamboo Fiber,45.62,3.3,94.64,0.7,36.78,6,17.81,141,4
M07615,Bamboo Fiber,45.42,5.93,97.73,0.81,31.42,6,19.54,176,2
M07616,Bamboo Fiber,43.55,4.5,94.85,0.6,35.45,7,20.25,190,2
M07617,Bamboo Fiber,46.09,3.5,98.07,0.9,38.4,8,18.81,152,3
M07618,Bamboo Fiber,38.86,4.11,94.97,0.73,36.51,7,17.94,153,3
M07619,Bamboo Fiber,49.29,4.68,96.28,0.77,40.02,7,19.08,155,3
M07620,Bamboo Fiber,46.48,4.49,95.89,0.82,37.18,6,18.95,162,3
M07621,Bamboo Fiber,46.09,5.35,99.38,0.78,39.14,6,19.31,170,2
M07622,Bamboo Fiber,51.48,4.34,95.75,0.66,33.99,6,18.6,145,2
M07623,Bamboo Fiber,38.7,4.4,94.73,0.66,42.03,6,19.37,186,2
M07624,Bamboo Fiber,49.35,5.1,99.33,0.89,42.51,8,20.14,172,3
M07625,Bamboo Fiber,47.14,4.88,95.11,0.62,42.53,7,19.06,159,3
M07626,Bamboo Fiber,40.67,3.75,99.94,0.61,43.51,5,17.92,157,2
M07627,Bamboo Fiber,42.64,5.92,98.81,0.73,38.77,5,19.31,181,2
M07628,Bamboo Fiber,47.36,4.29,94.44,0.71,44.19,6,18.89,159,5
M07629,Bamboo Fiber,45.97,3.95,91.38,0.9,38.86,6,18.0,144,3
M07630,Bamboo Fiber,36.69,3.05,97.87,0.66,45.0,6,18.57,174,2
M07631,Bamboo Fiber,48.96,2.88,98.43,0.82,38.76,6,18.05,139,3
M07632,Bamboo Fiber,50.64,3.44,98.44,0.69,37.36,6,20.76,190,2
M07633,Bamboo Fiber,42.17,2.78,98.25,0.72,44.38,7,18.87,165,3
M07634,Bamboo Fiber,43.42,3.87,92.31,0.6,40.26,6,19.79,185,3
M07635,Bamboo Fiber,45.68,5.25,97.59,0.61,31.79,7,18.72,155,3
M07636,Bamboo Fiber,44.35,5.53,94.97,0.77,42.37,9,17.73,130,3
M07637,Bamboo Fiber,41.56,4.12,97.35,0.76,40.4,6,18.66,166,3
M07638,Bamboo Fiber,37.29,3.59,97.72,0.6,32.92,6,18.43,170,4
M07639,Bamboo Fiber,51.49,3.76,92.06,0.83,34.07,6,19.15,156,3
M07640,Bamboo Fiber,46.0,5.75,98.17,0.62,42.85,6,18.3,150,3
M07641,Bamboo Fiber,35.0,3.99,98.33,0.6,35.03,8,18.15,161,2
M07642,Bamboo Fiber,49.47,4.35,99.44,0.8,35.35,6,18.85,154,2
M07643,Bamboo Fiber,55.0,4.05,99.35,0.8,31.32,6,19.2,150,5
M07644,Bamboo Fiber,43.44,3.44,100.0,0.69,36.77,6,19.29,175,4
M07645,Bamboo Fiber,35.0,3.43,96.42,0.77,42.12,6,16.95,145,2
M07646,Bamboo Fiber,36.72,6.0,96.5,0.63,41.11,6,19.37,190,2
M07647,Bamboo Fiber,39.55,4.4,98.45,0.78,34.43,7,17.5,143,2
M07648,Bamboo Fiber,45.15,2.59,98.92,0.9,36.43,5,18.41,158,2
M07649,Bamboo Fiber,46.67,3.41,95.26,0.9,38.79,6,19.67,176,3
M07650,Bamboo Fiber,50.24,4.16,97.27,0.68,37.26,8,19.27,153,3
M07651,Bamboo Fiber,38.79,3.39,93.56,0.68,32.28,8,18.93,169,3
M07652,Bamboo Fiber,35.0,3.62,98.45,0.6,37.81,5,17.75,165,5
M07653,Bamboo Fiber,42.92,2.65,98.81,0.85,30.0,7,19.09,168,3
M07654,Bamboo Fiber,35.9,3.19,96.96,0.6,43.02,6,17.89,162,4
M07655,Bamboo Fiber,49.93,4.19,96.97,0.88,41.77,8,19.99,168,2
M07656,Bamboo Fiber,38.45,2.96,97.76,0.69,42.12,7,17.8,151,2
M07657,Bamboo Fiber,45.12,2.97,98.92,0.6,38.36,6,20.21,190,3
M07658,Bamboo Fiber,44.12,3.22,97.81,0.78,40.39,7,18.11,146,2
M07659,Bamboo Fiber,35.0,4.03,98.93,0.62,35.73,7,19.1,184,3
M07660,Bamboo Fiber,43.11,4.43,95.95,0.72,45.0,9,18.71,152,2
M07661,Bamboo Fiber,45.06,3.3,99.4,0.65,40.1,7,19.66,175,2
M07662,Bamboo Fiber,42.81,3.23,99.11,0.77,38.28,8,18.83,159,2
M07663,Bamboo Fiber,44.21,2.95,93.8,0.74,44.11,8,19.02,160,2
M07664,Bamboo Fiber,46.17,3.95,99.72,0.72,40.81,7,19.12,162,2
M07665,Bamboo Fiber,55.0,5.56,95.09,0.89,30.62,7,18.75,137,2
M07666,Bamboo Fiber,35.0,3.94,96.96,0.73,38.79,7,17.05,143,3
M07667,Bamboo Fiber,41.51,4.16,97.0,0.6,33.88,6,18.45,162,2
M07668,Bamboo Fiber,35.83,4.43,98.92,0.6,35.34,5,17.33,155,4
M07669,Bamboo Fiber,42.75,5.55,95.93,0.85,39.6,6,18.07,152,2
M07670,Bamboo Fiber,42.81,4.87,95.32,0.88,33.14,7,17.18,130,3
M07671,Bamboo Fiber,41.77,4.1,92.6,0.72,33.65,9,20.23,185,2
M07672,Bamboo Fiber,53.69,4.85,95.63,0.77,33.78,6,19.57,160,3
M07673,Bamboo Fiber,41.08,4.23,96.44,0.76,39.56,8,18.96,165,3
M07674,Bamboo Fiber,48.36,2.55,96.04,0.85,38.14,7,20.24,180,2
M07675,Bamboo Fiber,55.0,4.64,98.76,0.9,40.27,8,20.45,167,4
M07676,Bamboo Fiber,36.41,4.02,96.28,0.6,31.76,7,17.89,157,4
M07677,Bamboo Fiber,49.1,4.3,98.86,0.67,36.8,6,19.11,160,2
M07678,Bamboo Fiber,44.74,3.28,97.08,0.82,37.16,7,18.72,157,3
M07679,Bamboo Fiber,53.14,4.11,100.0,0.87,41.21,6,20.96,189,3
M07680,Bamboo Fiber,46.07,5.7,96.95,0.79,31.2,7,19.21,164,2
M07681,Bamboo Fiber,35.0,3.6,95.43,0.65,35.56,7,18.3,168,3
M07682,Bamboo Fiber,55.0,5.21,98.44,0.83,38.65,7,18.9,140,4
M07683,Bamboo Fiber,48.71,4.28,99.31,0.9,37.04,6,17.97,138,2
M07684,Bamboo Fiber,51.06,4.28,95.99,0.81,40.09,6,19.16,157,3
M07685,Bamboo Fiber,50.87,4.6,97.65,0.66,38.79,7,18.44,139,2
M07686,Bamboo Fiber,45.39,4.85,96.14,0.86,45.0,5,19.54,180,2
M07687,Bamboo Fiber,55.0,3.28,97.6,0.83,38.28,8,18.95,137,3
M07688,Bamboo Fiber,35.81,4.47,97.02,0.67,34.38,6,17.38,152,2
M07689,Bamboo Fiber,42.38,2.64,93.48,0.72,38.89,7,17.79,143,4
M07690,Bamboo Fiber,52.4,4.11,98.63,0.9,37.6,6,19.04,152,3
M07691,Bamboo Fiber,46.47,4.25,98.27,0.78,42.53,6,19.2,167,3
M07692,Bamboo Fiber,45.63,3.85,100.0,0.9,37.31,9,19.06,154,4
M07693,Bamboo Fiber,44.7,4.94,96.77,0.7,40.7,6,17.77,142,2
M07694,Bamboo Fiber,40.85,3.61,95.16,0.86,37.47,7,18.79,166,3
M07695,Bamboo Fiber,42.6,4.56,95.75,0.69,41.19,6,18.21,155,2
M07696,Bamboo Fiber,42.3,3.69,96.43,0.73,43.41,5,18.08,157,2
M07697,Bamboo Fiber,55.0,3.59,95.72,0.9,35.47,8,19.65,151,5
M07698,Bamboo Fiber,44.91,3.89,95.09,0.64,37.06,7,18.24,147,4
M07699,Bamboo Fiber,41.84,3.26,94.52,0.73,41.19,7,18.48,158,4
M07700,Bamboo Fiber,50.3,2.7,97.25,0.9,37.63,6,19.83,172,2
M07701,Bamboo Fiber,54.31,4.87,97.01,0.79,43.01,6,20.23,172,2
M07702,Bamboo Fiber,41.93,4.6,98.87,0.76,37.95,6,18.34,159,2
M07703,Bamboo Fiber,41.97,5.02,95.74,0.74,40.93,8,19.1,166,2
M07704,Bamboo Fiber,55.0,5.44,97.93,0.81,35.31,7,19.35,149,2
M07705,Bamboo Fiber,38.52,2.92,97.33,0.6,39.3,7,18.3,161,2
M07706,Bamboo Fiber,47.58,3.99,95.27,0.76,33.04,5,18.46,154,3
M07707,Bamboo Fiber,48.73,5.54,98.74,0.66,37.66,9,20.02,167,2
M07708,Bamboo Fiber,35.37,6.0,96.39,0.73,38.31,7,19.44,190,2
M07709,Bamboo Fiber,41.32,6.0,95.3,0.63,45.0,6,18.03,154,4
M07710,Bamboo Fiber,40.88,2.94,98.33,0.6,43.18,5,18.29,164,2
M07711,Bamboo Fiber,51.93,4.11,97.38,0.9,35.72,6,20.19,176,3
M07712,Bamboo Fiber,43.24,3.23,97.41,0.73,30.0,8,18.37,149,3
M07713,Bamboo Fiber,52.58,4.44,97.08,0.86,38.6,7,19.06,148,3
M07714,Bamboo Fiber,46.73,4.09,95.61,0.87,45.0,6,18.72,157,5
M07715,Bamboo Fiber,43.46,3.23,92.95,0.79,42.92,6,18.5,159,2
M07716,Bamboo Fiber,42.01,5.0,95.75,0.8,36.33,6,17.7,146,3
M07717,Bamboo Fiber,43.77,4.62,95.04,0.87,45.0,7,18.83,161,4
M07718,Bamboo Fiber,46.04,5.1,97.38,0.85,40.38,6,19.85,181,2
M07719,Bamboo Fiber,36.66,4.33,93.64,0.8,42.13,8,18.12,157,2
M07720,Bamboo Fiber,38.68,4.69,96.36,0.67,37.26,5,18.47,172,3
M07721,Bamboo Fiber,43.78,2.19,93.8,0.79,31.02,8,17.88,138,2
M07722,Bamboo Fiber,35.11,3.04,97.71,0.7,43.12,7,17.66,155,2
M07723,Bamboo Fiber,55.0,4.82,97.84,0.7,35.62,5,19.8,166,4
M07724,Bamboo Fiber,51.12,3.46,93.48,0.7,39.94,7,19.16,153,3
M07725,Bamboo Fiber,45.21,2.0,97.04,0.66,37.6,7,18.97,161,2
M07726,Bamboo Fiber,40.87,3.64,97.76,0.6,38.6,6,17.79,150,2
M07727,Bamboo Fiber,43.19,5.88,95.89,0.66,39.65,6,18.67,163,2
M07728,Bamboo Fiber,41.88,3.96,96.03,0.64,36.32,6,18.39,160,3
M07729,Bamboo Fiber,43.96,3.9,95.97,0.61,37.26,6,18.05,149,4
M07730,Bamboo Fiber,41.64,3.24,100.0,0.65,35.52,5,17.36,144,3
M07731,Bamboo Fiber,51.34,4.11,100.0,0.86,37.87,7,19.73,164,2
M07732,Bamboo Fiber,51.31,4.38,96.9,0.9,34.66,5,18.18,141,3
M07733,Bamboo Fiber,47.79,4.18,96.22,0.8,32.54,7,20.33,183,3
M07734,Bamboo Fiber,43.65,2.37,99.92,0.8,33.91,8,17.46,130,3
M07735,Bamboo Fiber,49.5,4.46,90.77,0.9,39.86,7,20.75,188,2
M07736,Bamboo Fiber,48.31,3.62,96.89,0.79,43.84,8,18.23,136,3
M07737,Bamboo Fiber,43.29,4.5,95.37,0.79,40.4,7,19.58,177,3
M07738,Bamboo Fiber,47.51,4.06,94.56,0.76,35.37,7,19.85,174,2
M07739,Bamboo Fiber,41.97,2.04,95.62,0.68,36.31,5,16.8,132,4
M07740,Bamboo Fiber,44.56,3.75,99.14,0.72,41.81,6,18.56,158,2
M07741,Bamboo Fiber,42.12,3.55,95.69,0.69,40.4,6,18.91,170,2
M07742,Bamboo Fiber,44.07,4.24,96.03,0.63,38.71,7,18.16,147,2
M07743,Bamboo Fiber,45.54,5.13,93.11,0.8,40.26,6,18.35,152,2
M07744,Bamboo Fiber,37.74,4.56,98.6,0.83,38.33,6,17.92,159,2
M07745,Bamboo Fiber,51.54,3.88,97.44,0.74,40.39,5,18.6,149,3
M07746,Bamboo Fiber,46.29,2.82,100.0,0.83,39.66,9,18.28,137,2
M07747,Bamboo Fiber,52.38,4.47,90.0,0.69,32.92,7,18.19,131,3
M07748,Bamboo Fiber,38.91,4.47,97.17,0.71,36.75,5,17.49,152,3
M07749,Bamboo Fiber,46.51,4.26,94.14,0.75,36.57,5,20.0,187,3
M07750,Bamboo Fiber,45.87,5.99,95.19,0.61,39.26,6,19.79,180,3
M07751,Bamboo Fiber,50.66,4.78,98.46,0.82,37.03,7,19.42,159,2
M07752,Bamboo Fiber,47.88,3.28,92.59,0.73,37.15,6,18.84,157,2
M07753,Bamboo Fiber,48.58,5.09,94.67,0.69,33.81,7,18.61,147,2
M07754,Bamboo Fiber,36.93,6.0,97.24,0.73,41.89,9,18.24,155,3
M07755,Bamboo Fiber,46.8,5.06,95.09,0.78,40.02,5,18.33,153,2
M07756,Bamboo Fiber,48.95,4.23,94.46,0.88,39.28,7,19.7,168,3
M07757,Bamboo Fiber,40.24,3.33,97.65,0.6,36.58,6,18.72,170,3
M07758,Bamboo Fiber,39.55,3.4,97.21,0.61,43.06,7,19.45,182,3
M07759,Bamboo Fiber,51.36,2.95,93.98,0.9,38.79,7,19.29,155,2
M07760,Bamboo Fiber,36.4,2.57,95.22,0.6,44.79,6,18.09,165,2
M07761,Bamboo Fiber,39.79,2.64,98.13,0.6,41.37,7,18.78,168,2
M07762,Bamboo Fiber,45.86,2.6,96.62,0.74,40.6,7,19.69,174,3
M07763,Bamboo Fiber,38.14,3.91,94.4,0.61,36.61,9,19.66,181,2
M07764,Bamboo Fiber,41.22,3.74,99.19,0.86,32.71,6,18.22,158,2
M07765,Bamboo Fiber,42.93,4.94,93.87,0.66,41.94,7,18.84,163,3
M07766,Bamboo Fiber,50.14,3.98,98.6,0.74,39.0,7,19.41,160,4
M07767,Bamboo Fiber,53.44,5.07,96.91,0.85,33.25,6,18.04,130,3
M07768,Bamboo Fiber,49.48,3.86,95.91,0.85,30.22,5,19.05,162,2
M07769,Bamboo Fiber,39.31,3.14,93.78,0.84,38.32,8,17.88,147,2
M07770,Bamboo Fiber,44.08,4.24,97.14,0.79,41.78,7,18.81,160,5
M07771,Bamboo Fiber,53.7,4.46,97.67,0.82,41.2,6,19.42,157,2
M07772,Bamboo Fiber,44.76,3.55,97.36,0.63,38.57,6,18.38,154,2
M07773,Bamboo Fiber,43.35,3.85,97.34,0.65,36.57,6,17.93,148,4
M07774,Bamboo Fiber,44.62,4.92,100.0,0.9,37.36,6,17.71,141,4
M07775,Bamboo Fiber,43.26,3.66,94.98,0.71,42.72,8,20.18,185,5
M07776,Bamboo Fiber,44.27,4.77,100.0,0.81,40.19,6,17.13,130,4
M07777,Bamboo Fiber,48.96,2.24,96.03,0.85,38.13,8,19.45,159,3
M07778,Bamboo Fiber,48.22,2.92,97.9,0.71,40.3,5,19.07,165,4
M07779,Bamboo Fiber,52.24,4.09,95.13,0.88,36.94,7,19.62,160,2
M07780,Bamboo Fiber,42.9,5.61,97.8,0.88,43.22,5,19.54,185,2
M07781,Bamboo Fiber,55.0,2.49,97.23,0.7,30.0,6,19.3,152,3
M07782,Bamboo Fiber,47.43,3.74,98.93,0.78,34.12,5,18.89,163,2
M07783,Bamboo Fiber,35.64,3.78,94.7,0.61,36.58,8,19.01,177,2
M07784,Bamboo Fiber,41.64,2.34,97.86,0.72,31.63,7,18.26,154,3
M07785,Bamboo Fiber,35.64,5.38,99.34,0.81,30.0,7,18.26,166,4
M07786,Bamboo Fiber,44.82,3.3,98.24,0.9,45.0,5,17.03,131,2
M07787,Bamboo Fiber,45.78,2.5,92.76,0.61,34.71,6,19.28,170,3
M07788,Bamboo Fiber,35.0,4.52,96.55,0.75,38.37,6,16.2,130,3
M07789,Bamboo Fiber,44.32,3.67,95.93,0.74,34.09,5,18.08,153,2
M07790,Bamboo Fiber,38.86,3.6,97.12,0.66,45.0,8,17.64,143,3
M07791,Bamboo Fiber,53.24,5.18,98.26,0.78,40.72,6,20.62,182,3
M07792,Bamboo Fiber,48.63,3.54,100.0,0.64,34.23,7,20.76,190,3
M07793,Bamboo Fiber,42.22,4.59,97.92,0.83,39.37,7,18.02,148,2
M07794,Bamboo Fiber,47.12,2.0,96.25,0.75,37.25,6,19.16,165,2
M07795,Bamboo Fiber,39.61,4.76,94.93,0.79,33.93,7,17.71,147,3
M07796,Bamboo Fiber,43.66,3.45,96.84,0.7,35.91,6,17.37,136,2
M07797,Bamboo Fiber,46.31,3.16,98.54,0.86,34.84,7,19.33,166,3
M07798,Bamboo Fiber,43.57,3.13,92.02,0.81,35.81,6,18.86,166,2
M07799,Bamboo Fiber,44.91,4.87,98.95,0.83,37.61,8,18.69,152,4
M07800,Bamboo Fiber,42.02,5.1,96.38,0.87,32.35,7,18.15,151,4
M07801,Bamboo Fiber,43.91,4.98,97.75,0.77,36.01,6,19.24,173,3
M07802,Bamboo Fiber,41.19,2.0,97.45,0.81,31.96,7,18.47,159,2
M07803,Bamboo Fiber,44.9,2.0,99.12,0.67,38.62,7,19.59,174,3
M07804,Bamboo Fiber,47.66,3.07,98.96,0.76,36.72,7,19.22,161,2
M07805,Bamboo Fiber,50.43,5.38,98.24,0.68,33.89,5,18.09,141,3
M07806,Bamboo Fiber,52.19,4.77,98.7,0.9,45.0,8,19.97,163,2
M07807,Bamboo Fiber,40.48,3.69,94.67,0.85,31.82,6,18.0,155,3
M07808,Bamboo Fiber,43.91,4.61,100.0,0.83,39.64,5,18.99,172,3
M07809,Bamboo Fiber,55.0,2.13,93.93,0.8,34.75,6,20.05,167,2
M07810,Bamboo Fiber,46.52,3.08,95.99,0.72,33.22,5,18.85,164,5
M07811,Bamboo Fiber,49.8,4.61,93.2,0.82,42.92,6,19.03,157,2
M07812,Bamboo Fiber,48.5,4.5,100.0,0.74,34.08,7,19.25,160,3
M07813,Bamboo Fiber,47.47,4.57,94.23,0.77,30.0,7,19.25,162,3
M07814,Bamboo Fiber,44.59,5.3,95.71,0.7,38.3,6,19.76,182,3
M07815,Bamboo Fiber,44.11,2.06,94.65,0.82,39.01,5,18.51,162,2
M07816,Bamboo Fiber,50.91,5.04,96.34,0.9,37.79,5,18.94,157,5
M07817,Bamboo Fiber,45.89,4.96,99.71,0.68,43.93,7,19.39,168,2
M07818,Bamboo Fiber,48.45,3.94,97.12,0.85,30.45,6,18.95,158,2
M07819,Bamboo Fiber,46.82,5.61,93.81,0.78,37.55,7,18.38,146,5
M07820,Bamboo Fiber,42.67,2.85,95.92,0.66,34.37,6,18.42,159,2
M07821,Bamboo Fiber,47.61,4.44,96.19,0.67,42.03,8,19.21,157,2
M07822,Bamboo Fiber,46.58,3.54,100.0,0.81,43.31,5,19.56,178,5
M07823,Bamboo Fiber,49.94,5.74,97.08,0.79,37.12,7,19.59,164,3
M07824,Bamboo Fiber,43.27,6.0,96.45,0.6,34.27,5,18.88,171,2
M07825,Bamboo Fiber,40.17,5.86,96.38,0.76,33.91,6,17.92,154,2
M07826,Bamboo Fiber,35.0,3.97,97.35,0.6,45.0,7,18.6,174,2
M07827,Bamboo Fiber,39.66,2.36,95.51,0.64,42.77,6,18.57,168,2
M07828,Bamboo Fiber,51.71,4.51,95.39,0.9,38.0,5,18.82,153,2
M07829,Bamboo Fiber,45.5,4.19,99.5,0.69,38.79,5,17.65,142,3
M07830,Bamboo Fiber,50.04,2.59,97.55,0.82,35.27,6,19.35,163,3
M07831,Bamboo Fiber,38.32,3.97,94.91,0.6,38.57,6,18.68,173,3
M07832,Bamboo Fiber,44.46,2.2,96.12,0.66,41.62,8,20.55,190,2
M07833,Bamboo Fiber,49.85,2.17,99.71,0.8,40.02,6,18.79,152,3
M07834,Bamboo Fiber,40.17,3.72,98.69,0.64,35.82,5,17.02,140,3
M07835,Bamboo Fiber,40.04,2.84,91.39,0.81,41.89,6,18.35,163,2
M07836,Bamboo Fiber,44.31,2.99,98.82,0.8,37.38,7,18.73,158,2
M07837,Bamboo Fiber,40.54,2.0,93.77,0.6,45.0,6,16.75,130,2
M07838,Bamboo Fiber,42.6,3.31,93.71,0.77,32.87,7,18.01,147,3
M07839,Bamboo Fiber,45.94,3.25,98.07,0.66,33.46,6,18.49,154,2
M07840,Bamboo Fiber,43.17,3.94,94.72,0.88,43.08,8,20.27,187,4
M07841,Bamboo Fiber,43.27,3.57,98.72,0.64,42.15,8,18.38,149,3
M07842,Bamboo Fiber,49.61,4.94,93.89,0.71,36.31,8,18.41,137,4
M07843,Bamboo Fiber,39.1,5.35,96.76,0.65,39.1,7,17.91,152,3
M07844,Bamboo Fiber,51.98,5.62,98.15,0.84,34.2,8,20.5,174,2
M07845,Bamboo Fiber,43.39,3.84,96.19,0.6,39.37,6,17.84,146,2
M07846,Bamboo Fiber,50.52,3.28,95.72,0.66,30.0,7,19.95,170,2
M07847,Bamboo Fiber,45.94,5.42,99.81,0.84,37.12,7,19.59,172,4
M07848,Bamboo Fiber,42.67,4.14,94.5,0.8,38.92,6,18.67,164,3
M07849,Bamboo Fiber,40.94,4.78,97.38,0.77,35.99,5,17.74,153,3
M07850,Bamboo Fiber,44.03,4.41,92.67,0.66,42.85,6,19.45,177,3
M07851,Bamboo Fiber,43.16,3.87,93.62,0.65,42.91,7,19.12,168,3
M07852,Bamboo Fiber,35.0,3.52,99.53,0.68,37.24,6,17.65,159,4
M07853,Bamboo Fiber,40.77,5.3,98.14,0.63,35.85,5,17.48,148,3
M07854,Bamboo Fiber,49.67,3.99,99.71,0.84,34.92,8,18.32,135,3
M07855,Bamboo Fiber,47.07,3.88,99.08,0.76,41.76,8,18.31,140,2
M07856,Bamboo Fiber,51.35,3.16,90.94,0.78,36.25,8,20.14,168,3
M07857,Bamboo Fiber,55.0,5.09,95.66,0.9,40.49,6,20.4,174,2
M07858,Bamboo Fiber,37.14,3.81,98.2,0.6,34.19,5,18.11,168,2
M07859,Bamboo Fiber,35.0,2.32,97.74,0.68,38.95,6,17.3,152,2
M07860,Bamboo Fiber,45.47,3.41,95.67,0.6,34.96,6,19.2,169,4
M07861,Bamboo Fiber,41.63,2.93,95.21,0.68,38.46,7,18.66,162,2
M07862,Bamboo Fiber,41.89,5.4,95.02,0.67,35.33,6,18.49,162,2
M07863,Bamboo Fiber,40.09,4.53,99.01,0.6,39.65,6,18.91,174,2
M07864,Bamboo Fiber,45.53,4.59,97.23,0.79,32.67,6,18.45,154,3
M07865,Bamboo Fiber,42.4,4.68,97.26,0.73,40.17,8,18.64,156,5
M07866,Bamboo Fiber,51.11,3.94,96.71,0.71,37.31,8,19.41,154,2
M07867,Bamboo Fiber,45.45,4.08,96.35,0.72,40.59,7,18.89,159,3
M07868,Bamboo Fiber,50.61,5.8,97.96,0.9,43.34,8,20.11,169,2
M07869,Bamboo Fiber,37.17,2.47,99.87,0.6,33.52,5,18.12,168,2
M07870,Bamboo Fiber,44.93,3.65,96.86,0.71,35.48,8,18.34,145,2
M07871,Bamboo Fiber,46.04,5.81,98.94,0.67,35.92,6,18.7,158,3
M07872,Bamboo Fiber,40.25,3.87,98.19,0.6,39.24,6,18.47,165,3
M07873,Bamboo Fiber,44.1,4.98,100.0,0.76,40.49,5,18.06,153,3
M07874,Bamboo Fiber,35.2,2.0,97.84,0.62,45.0,5,18.32,176,2
M07875,Bamboo Fiber,43.88,4.25,97.59,0.83,42.33,6,18.64,161,2
M07876,Bamboo Fiber,49.95,3.2,93.96,0.9,31.75,7,19.74,167,2
M07877,Bamboo Fiber,49.76,4.22,97.59,0.9,36.56,8,19.38,156,3
M07878,Bamboo Fiber,44.93,3.01,97.58,0.83,38.35,6,19.34,173,4
M07879,Bamboo Fiber,43.11,2.46,95.61,0.68,43.62,7,19.06,167,3
M07880,Bamboo Fiber,43.94,5.0,96.05,0.75,30.0,7,19.29,170,3
M07881,Bamboo Fiber,37.95,2.81,96.76,0.65,34.7,8,18.25,157,4
M07882,Bamboo Fiber,40.92,2.79,96.56,0.76,41.01,6,17.04,135,3
M07883,Bamboo Fiber,36.38,3.76,95.53,0.81,36.86,7,18.64,172,2
M07884,Bamboo Fiber,43.16,4.02,99.47,0.79,39.31,6,18.37,157,2
M07885,Bamboo Fiber,49.35,3.96,99.19,0.83,38.26,8,18.99,149,3
M07886,Bamboo Fiber,48.38,3.93,97.24,0.9,34.58,6,19.89,177,3
M07887,Bamboo Fiber,49.84,3.38,92.74,0.9,37.22,7,18.08,134,3
M07888,Bamboo Fiber,52.65,6.0,97.55,0.73,41.5,8,19.42,151,2
M07889,Bamboo Fiber,47.41,5.84,95.92,0.77,41.32,5,18.69,159,3
M07890,Bamboo Fiber,49.41,2.62,100.0,0.88,38.39,7,18.49,143,2
M07891,Bamboo Fiber,41.93,5.03,99.04,0.83,33.41,5,17.99,156,2
M07892,Bamboo Fiber,40.86,5.16,97.3,0.65,39.37,7,19.04,171,2
M07893,Bamboo Fiber,45.2,3.08,95.84,0.6,35.38,8,19.42,166,3
M07894,Bamboo Fiber,42.79,5.3,98.73,0.69,33.17,6,19.53,181,4
M07895,Bamboo Fiber,47.07,4.77,100.0,0.74,36.93,7,19.51,168,2
M07896,Bamboo Fiber,41.94,3.24,95.71,0.71,38.93,6,17.69,146,2
M07897,Bamboo Fiber,47.56,4.89,100.0,0.77,38.69,8,18.46,142,2
M07898,Bamboo Fiber,43.68,3.06,97.95,0.73,36.95,7,20.27,190,3
M07899,Bamboo Fiber,48.39,3.97,97.75,0.8,36.35,6,19.59,171,4
M07900,Bamboo Fiber,50.9,3.69,98.73,0.9,38.54,9,20.34,169,2
M07901,Bamboo Fiber,41.05,4.16,93.85,0.67,34.54,5,18.41,166,3
M07902,Bamboo Fiber,51.93,4.4,98.04,0.79,39.75,6,18.89,150,4
M07903,Bamboo Fiber,41.71,3.86,98.39,0.83,37.71,8,18.67,158,3
M07904,Bamboo Fiber,43.62,4.53,97.71,0.64,36.68,6,19.41,177,3
M07905,Bamboo Fiber,51.07,2.75,93.79,0.8,41.02,6,20.51,184,4
M07906,Bamboo Fiber,40.33,2.58,97.38,0.8,42.3,8,17.68,141,2
M07907,Bamboo Fiber,48.88,3.42,98.89,0.9,32.34,6,18.89,156,2
M07908,Bamboo Fiber,46.08,4.59,98.94,0.85,39.45,7,19.06,161,2
M07909,Bamboo Fiber,47.84,3.2,99.01,0.74,39.21,6,20.03,181,3
M07910,Bamboo Fiber,46.83,5.76,98.56,0.87,40.57,6,19.23,167,3
M07911,Bamboo Fiber,52.54,4.07,94.53,0.88,35.95,6,18.4,139,2
M07912,Bamboo Fiber,40.54,4.56,98.28,0.66,39.38,6,17.95,154,2
M07913,Bamboo Fiber,51.25,2.0,98.26,0.78,45.0,7,19.77,165,2
M07914,Bamboo Fiber,35.0,4.46,98.69,0.63,36.95,6,17.95,165,3
M07915,Bamboo Fiber,45.54,2.95,100.0,0.82,34.64,6,17.55,136,2
M07916,Bamboo Fiber,43.34,5.42,95.2,0.74,38.13,7,17.93,144,3
M07917,Bamboo Fiber,50.09,5.27,93.79,0.87,45.0,5,19.41,168,4
M07918,Bamboo Fiber,50.53,4.88,95.16,0.87,30.0,8,20.45,176,3
M07919,Bamboo Fiber,53.36,3.1,95.22,0.9,40.29,6,19.04,150,3
M07920,Bamboo Fiber,42.64,4.51,95.85,0.79,37.86,8,18.86,160,2
M07921,Bamboo Fiber,47.97,5.16,95.09,0.78,33.41,5,17.65,137,3
M07922,Bamboo Fiber,43.24,5.89,96.56,0.74,35.96,8,19.47,171,2
M07923,Bamboo Fiber,41.15,6.0,95.9,0.86,33.67,6,18.16,157,2
M07924,Bamboo Fiber,45.59,3.07,97.0,0.67,35.24,7,19.71,175,3
M07925,Bamboo Fiber,35.0,4.21,95.32,0.8,33.27,7,19.25,187,3
M07926,Bamboo Fiber,38.39,3.68,97.58,0.73,30.0,7,18.49,165,3
M07927,Bamboo Fiber,43.8,4.65,97.04,0.78,34.34,7,19.23,169,3
M07928,Bamboo Fiber,42.39,3.18,93.36,0.86,42.28,7,17.79,143,3
M07929,Bamboo Fiber,42.82,3.68,96.47,0.77,35.69,5,17.53,145,2
M07930,Bamboo Fiber,47.11,2.38,100.0,0.73,41.21,6,19.06,163,3
M07931,Bamboo Fiber,49.64,2.97,93.56,0.74,38.44,9,19.91,163,3
M07932,Bamboo Fiber,51.71,5.07,97.62,0.77,34.38,6,17.87,130,2
M07933,Bamboo Fiber,47.64,5.63,99.85,0.81,43.73,7,20.11,179,4
M07934,Bamboo Fiber,47.65,3.22,96.05,0.63,41.04,6,18.91,159,3
M07935,Bamboo Fiber,39.09,4.06,97.96,0.68,34.42,6,17.01,138,2
M07936,Bamboo Fiber,46.49,2.0,99.24,0.84,35.24,6,18.95,162,2
M07937,Bamboo Fiber,44.33,2.99,98.48,0.71,39.21,7,19.18,167,3
M07938,Bamboo Fiber,49.2,4.99,95.19,0.83,44.83,8,19.07,151,5
M07939,Bamboo Fiber,39.66,4.76,95.18,0.64,38.79,7,19.22,177,3
M07940,Bamboo Fiber,40.29,5.73,96.49,0.73,32.49,6,16.88,133,2
M07941,Bamboo Fiber,52.41,3.68,98.73,0.73,40.09,7,19.29,153,2
M07942,Bamboo Fiber,49.51,5.83,97.08,0.9,45.0,6,17.9,135,2
M07943,Bamboo Fiber,50.57,3.57,100.0,0.66,44.7,5,19.86,176,3
M07944,Bamboo Fiber,39.89,2.93,96.6,0.6,34.46,9,19.19,168,2
M07945,Bamboo Fiber,42.25,3.84,95.42,0.87,37.45,8,20.13,186,3
M07946,Bamboo Fiber,40.52,4.61,100.0,0.64,40.1,6,18.0,155,3
M07947,Bamboo Fiber,44.62,5.41,96.04,0.71,43.65,6,19.16,170,5
M07948,Bamboo Fiber,45.99,2.89,96.69,0.68,34.26,6,18.0,144,3
M07949,Bamboo Fiber,42.73,4.12,99.25,0.67,38.75,6,17.72,145,2
M07950,Bamboo Fiber,51.72,3.73,96.1,0.72,39.27,5,19.27,162,2
M07951,Bamboo Fiber,48.01,2.81,95.45,0.79,31.39,8,20.05,173,4
M07952,Bamboo Fiber,35.03,4.88,94.49,0.66,42.32,6,18.3,172,3
M07953,Bamboo Fiber,37.19,4.57,99.27,0.6,35.81,8,18.82,170,4
M07954,Bamboo Fiber,48.62,2.87,94.86,0.64,36.53,6,20.41,187,2
M07955,Bamboo Fiber,43.13,4.69,96.37,0.64,37.9,6,20.01,190,2
M07956,Bamboo Fiber,48.46,4.44,97.26,0.77,37.36,6,19.05,160,3
M07957,Bamboo Fiber,46.94,3.79,98.53,0.76,41.56,8,19.44,163,2
M07958,Bamboo Fiber,45.94,5.36,96.15,0.87,44.97,5,18.84,165,3
M07959,Bamboo Fiber,47.46,6.0,96.51,0.89,37.46,5,19.35,172,2
M07960,Bamboo Fiber,48.38,4.54,96.55,0.67,34.12,6,19.39,167,2
M07961,Bamboo Fiber,47.28,5.56,96.52,0.9,30.02,5,19.33,172,2
M07962,Bamboo Fiber,46.5,4.31,97.72,0.69,36.69,6,18.95,162,4
M07963,Bamboo Fiber,44.92,3.82,95.96,0.77,42.28,7,18.49,152,3
M07964,Bamboo Fiber,46.63,3.22,97.82,0.9,40.15,5,19.51,177,2
M07965,Bamboo Fiber,45.16,4.44,95.48,0.78,36.46,7,19.77,177,2
M07966,Bamboo Fiber,45.05,5.0,96.19,0.86,41.45,7,18.85,159,3
M07967,Bamboo Fiber,53.27,3.17,96.44,0.76,38.67,6,20.48,179,2
M07968,Bamboo Fiber,44.35,3.18,98.94,0.7,36.28,6,19.84,184,2
M07969,Bamboo Fiber,50.73,2.5,100.0,0.82,37.59,7,20.52,181,2
M07970,Bamboo Fiber,41.63,4.2,99.18,0.68,36.41,6,18.56,164,2
M07971,Bamboo Fiber,41.04,4.32,98.0,0.66,35.78,6,19.0,174,2
M07972,Bamboo Fiber,52.98,3.54,94.44,0.78,38.79,7,19.3,152,3
M07973,Bamboo Fiber,39.56,2.9,96.18,0.64,43.49,6,19.06,178,3
M07974,Bamboo Fiber,42.43,4.12,96.92,0.78,39.63,5,18.94,174,2
M07975,Bamboo Fiber,48.2,3.46,96.45,0.63,38.97,6,17.57,131,2
M07976,Bamboo Fiber,50.73,2.1,98.77,0.87,42.78,6,20.22,179,2
M07977,Bamboo Fiber,42.96,5.86,99.05,0.76,35.18,8,18.7,156,2
M07978,Bamboo Fiber,51.66,2.45,97.95,0.85,40.25,6,18.22,137,3
M07979,Bamboo Fiber,54.61,3.74,99.26,0.72,38.54,7,19.91,161,2
M07980,Bamboo Fiber,41.22,4.84,95.6,0.81,42.51,7,19.87,187,3
M07981,Bamboo Fiber,45.73,4.49,94.02,0.86,34.66,7,19.97,180,3
M07982,Bamboo Fiber,42.17,3.73,100.0,0.6,35.46,7,19.57,179,3
M07983,Bamboo Fiber,43.08,2.79,94.66,0.8,40.16,8,19.06,163,2
M07984,Bamboo Fiber,39.53,4.44,94.66,0.6,40.43,8,18.6,161,2
M07985,Bamboo Fiber,46.58,2.97,96.64,0.83,42.92,8,19.61,167,3
M07986,Bamboo Fiber,41.44,3.63,98.5,0.61,34.26,5,17.84,154,2
M07987,Bamboo Fiber,37.73,3.1,98.51,0.67,40.92,6,17.62,153,2
M07988,Bamboo Fiber,44.07,2.83,94.63,0.73,41.87,6,18.16,151,2
M07989,Bamboo Fiber,45.97,3.49,97.87,0.87,40.6,8,19.2,160,2
M07990,Bamboo Fiber,51.05,3.99,96.62,0.76,38.6,6,18.21,138,2
M07991,Bamboo Fiber,46.14,4.49,92.11,0.61,39.18,6,19.81,180,4
M07992,Bamboo Fiber,46.37,2.15,96.11,0.9,44.26,8,19.94,174,3
M07993,Bamboo Fiber,38.94,3.85,94.33,0.79,39.08,7,19.39,182,2
M07994,Bamboo Fiber,53.6,4.87,96.98,0.9,32.0,5,19.76,168,4
M07995,Bamboo Fiber,43.61,5.26,96.63,0.81,31.26,7,18.86,162,2
M07996,Bamboo Fiber,52.1,4.12,94.96,0.83,36.92,6,18.96,151,3
M07997,Bamboo Fiber,49.02,4.03,100.0,0.68,34.35,7,19.6,166,3
M07998,Bamboo Fiber,44.12,2.73,98.48,0.89,32.34,5,17.91,150,4
M07999,Bamboo Fiber,45.85,5.06,95.95,0.8,42.45,7,18.48,150,2
M08000,Bamboo Fiber,43.13,4.05,96.44,0.67,45.0,5,18.41,162,4
M08001,Bioplastic (PLA),80.0,5.23,90.17,1.68,59.85,6,23.45,165,6
M08002,Bioplastic (PLA),71.77,5.67,83.62,1.62,56.52,8,22.33,151,5
M08003,Bioplastic (PLA),68.11,3.43,86.39,2.25,57.88,6,22.06,161,7
M08004,Bioplastic (PLA),69.45,4.8,89.7,1.93,61.99,8,22.7,163,8
M08005,Bioplastic (PLA),68.29,5.53,83.98,2.01,59.39,7,21.48,145,6
M08006,Bioplastic (PLA),73.25,5.31,82.1,1.43,56.65,8,20.93,120,8
M08007,Bioplastic (PLA),67.61,4.32,89.41,1.57,56.98,8,21.16,136,6
M08008,Bioplastic (PLA),65.74,4.56,83.82,1.69,58.39,8,21.42,145,7
M08009,Bioplastic (PLA),66.87,4.47,87.43,1.84,54.09,8,23.04,175,7
M08010,Bioplastic (PLA),73.99,3.91,88.67,2.31,56.56,7,22.3,150,7
M08011,Bioplastic (PLA),63.65,6.0,86.36,2.08,56.98,8,20.82,137,7
M08012,Bioplastic (PLA),68.26,4.43,90.57,2.1,57.42,6,21.68,153,5
M08013,Bioplastic (PLA),70.59,3.0,93.79,1.5,60.92,9,21.16,126,9
M08014,Bioplastic (PLA),72.73,5.09,81.87,1.71,57.66,8,22.42,151,6
M08015,Bioplastic (PLA),71.82,5.63,85.78,2.0,57.71,7,22.88,166,7
M08016,Bioplastic (PLA),70.24,5.93,80.0,2.08,53.81,10,21.72,134,6
M08017,Bioplastic (PLA),69.78,5.13,81.65,1.83,59.59,8,21.38,136,7
M08018,Bioplastic (PLA),76.44,6.0,84.7,2.5,57.79,8,21.39,123,6
M08019,Bioplastic (PLA),60.0,4.27,86.79,1.73,52.25,8,21.3,154,6
M08020,Bioplastic (PLA),71.85,3.75,95.0,1.87,59.77,8,22.09,146,7
M08021,Bioplastic (PLA),64.7,4.53,89.95,2.45,60.96,8,20.07,120,5
M08022,Bioplastic (PLA),70.96,5.11,82.97,1.47,59.68,10,23.55,169,5
M08023,Bioplastic (PLA),71.21,6.0,85.86,1.55,60.23,9,22.57,153,8
M08024,Bioplastic (PLA),76.2,5.45,84.51,1.83,57.43,9,22.92,150,7
M08025,Bioplastic (PLA),62.94,5.15,80.0,1.9,58.91,7,22.44,175,7
M08026,Bioplastic (PLA),67.14,4.99,84.09,2.09,59.59,8,22.76,169,8
M08027,Bioplastic (PLA),73.8,4.62,82.51,1.91,58.97,9,23.33,163,7
M08028,Bioplastic (PLA),68.23,4.78,92.46,1.67,55.47,7,20.57,127,7
M08029,Bioplastic (PLA),61.9,4.37,89.52,1.4,61.21,9,21.24,145,6
M08030,Bioplastic (PLA),67.89,5.33,85.76,1.76,53.95,8,22.54,163,8
M08031,Bioplastic (PLA),63.43,6.0,86.58,1.49,60.88,8,21.64,154,7
M08032,Bioplastic (PLA),68.69,4.89,93.02,2.15,62.29,8,22.52,161,5
M08033,Bioplastic (PLA),72.39,6.0,90.11,1.72,60.3,7,23.39,175,7
M08034,Bioplastic (PLA),64.3,4.9,84.22,1.59,56.36,7,20.03,124,8
M08035,Bioplastic (PLA),74.44,4.13,84.26,1.44,61.73,8,23.04,160,5
M08036,Bioplastic (PLA),70.6,6.0,80.55,1.72,57.77,9,21.66,136,7
M08037,Bioplastic (PLA),67.38,5.31,89.19,1.89,59.3,6,20.09,123,6
M08038,Bioplastic (PLA),69.11,4.36,95.0,2.1,54.52,7,23.11,176,7
M08039,Bioplastic (PLA),71.76,6.0,89.42,1.92,61.38,8,23.13,167,8
M08040,Bioplastic (PLA),65.93,4.16,90.12,1.91,59.1,9,23.69,186,8
M08041,Bioplastic (PLA),73.67,3.64,83.12,1.44,56.88,8,22.82,157,6
M08042,Bioplastic (PLA),72.71,3.87,88.88,1.86,57.18,8,22.57,154,6
M08043,Bioplastic (PLA),75.77,4.16,82.55,1.85,56.48,7,21.73,135,6
M08044,Bioplastic (PLA),75.69,4.82,80.0,1.46,52.8,6,21.37,132,6
M08045,Bioplastic (PLA),73.03,5.62,85.87,1.94,60.73,10,23.05,155,6
M08046,Bioplastic (PLA),69.7,5.94,88.6,1.67,52.74,6,22.42,165,7
M08047,Bioplastic (PLA),70.59,4.87,85.06,1.57,52.94,9,21.51,133,8
M08048,Bioplastic (PLA),77.81,4.36,89.61,1.85,65.0,6,23.33,167,7
M08049,Bioplastic (PLA),73.25,5.55,90.65,1.78,56.42,9,23.68,171,6
M08050,Bioplastic (PLA),71.7,3.54,95.0,2.0,58.98,7,23.77,184,7
M08051,Bioplastic (PLA),73.43,6.0,91.07,1.63,59.41,7,21.99,145,6
M08052,Bioplastic (PLA),60.0,4.87,87.55,1.43,54.47,9,22.45,173,6
M08053,Bioplastic (PLA),74.89,3.0,95.0,1.57,55.55,8,23.19,162,6
M08054,Bioplastic (PLA),70.54,4.94,88.47,2.29,61.95,8,23.45,176,7
M08055,Bioplastic (PLA),79.12,5.66,80.0,1.49,56.75,9,22.51,136,6
M08056,Bioplastic (PLA),62.38,3.82,88.24,1.91,64.01,7,21.54,158,8
M08057,Bioplastic (PLA),70.68,4.5,93.32,2.16,55.96,9,24.37,190,6
M08058,Bioplastic (PLA),68.03,4.94,88.67,1.93,56.85,7,21.3,142,6
M08059,Bioplastic (PLA),69.66,4.95,89.59,1.89,54.87,7,21.47,142,5
M08060,Bioplastic (PLA),70.49,3.66,86.32,2.39,62.34,9,22.0,143,6
M08061,Bioplastic (PLA),72.51,3.08,92.72,2.12,51.15,8,22.85,160,6
M08062,Bioplastic (PLA),65.6,6.0,86.5,1.93,50.0,7,21.51,151,9
M08063,Bioplastic (PLA),72.94,5.44,82.32,2.29,51.81,8,22.34,149,6
M08064,Bioplastic (PLA),67.29,4.03,83.62,1.53,56.19,8,22.23,158,8
M08065,Bioplastic (PLA),68.75,4.39,94.25,1.73,62.68,7,22.38,162,6
M08066,Bioplastic (PLA),69.67,4.22,85.96,1.77,50.0,9,22.52,155,7
M08067,Bioplastic (PLA),68.14,3.52,93.64,1.72,61.28,7,20.71,130,6
M08068,Bioplastic (PLA),64.56,5.67,84.36,1.4,64.35,6,21.86,164,7
M08069,Bioplastic (PLA),64.94,4.23,90.48,2.04,55.83,7,20.49,132,5
M08070,Bioplastic (PLA),61.21,3.84,89.88,1.73,60.84,7,20.27,135,7
M08071,Bioplastic (PLA),75.36,5.75,89.66,2.42,61.47,8,23.04,158,8
M08072,Bioplastic (PLA),73.99,4.95,88.9,1.92,58.34,7,22.2,148,5
M08073,Bioplastic (PLA),71.49,4.43,87.87,1.82,61.04,8,21.7,139,7
M08074,Bioplastic (PLA),67.37,4.59,88.48,2.2,57.12,7,21.74,152,7
M08075,Bioplastic (PLA),73.41,5.19,84.2,1.63,50.0,6,21.84,146,8
M08076,Bioplastic (PLA),73.79,5.57,85.77,1.73,55.76,8,23.08,162,5
M08077,Bioplastic (PLA),72.49,5.35,89.96,1.71,61.51,8,21.9,141,6
M08078,Bioplastic (PLA),63.96,4.59,86.59,1.99,59.89,7,21.15,147,7
M08079,Bioplastic (PLA),70.3,6.0,93.57,1.82,59.16,6,20.23,120,7
M08080,Bioplastic (PLA),66.26,4.23,86.51,2.17,62.7,8,20.23,120,8
M08081,Bioplastic (PLA),67.22,4.99,88.6,2.22,55.71,7,20.92,136,7
M08082,Bioplastic (PLA),60.38,4.88,82.16,1.99,57.07,8,21.74,162,7
M08083,Bioplastic (PLA),66.27,6.0,81.25,2.01,59.65,9,21.98,151,6
M08084,Bioplastic (PLA),63.46,4.77,87.7,1.99,61.62,6,20.55,140,6
M08085,Bioplastic (PLA),75.72,4.89,91.96,1.96,59.14,10,23.82,165,6
M08086,Bioplastic (PLA),60.0,5.65,89.29,1.4,52.04,7,21.1,154,7
M08087,Bioplastic (PLA),68.55,5.23,86.1,1.77,59.45,7,22.7,169,5
M08088,Bioplastic (PLA),68.77,5.06,85.95,1.43,58.22,7,20.28,120,6
M08089,Bioplastic (PLA),63.73,3.1,88.1,1.77,55.95,7,20.67,138,6
M08090,Bioplastic (PLA),73.28,6.0,84.01,1.43,55.85,6,20.53,120,6
M08091,Bioplastic (PLA),64.14,4.38,91.67,1.84,61.53,8,20.01,120,5
M08092,Bioplastic (PLA),60.0,4.97,92.72,1.73,55.6,8,21.35,155,6
M08093,Bioplastic (PLA),68.21,4.0,85.25,1.7,55.12,8,21.92,150,7
M08094,Bioplastic (PLA),60.0,4.88,82.99,1.61,52.79,7,21.4,160,7
M08095,Bioplastic (PLA),62.62,4.68,88.43,1.64,63.84,7,21.21,151,6
M08096,Bioplastic (PLA),67.66,5.47,86.33,1.85,55.91,7,22.92,175,7
M08097,Bioplastic (PLA),68.45,5.68,83.89,1.96,60.98,7,22.34,162,8
M08098,Bioplastic (PLA),74.81,4.42,82.74,1.82,61.76,7,22.78,158,7
M08099,Bioplastic (PLA),66.07,4.68,93.16,1.66,60.85,8,21.16,139,7
M08100,Bioplastic (PLA),66.77,5.13,84.17,2.01,63.23,7,22.23,163,7
M08101,Bioplastic (PLA),69.49,3.97,89.12,1.4,59.82,8,21.75,144,7
M08102,Bioplastic (PLA),77.69,4.9,85.7,1.87,58.61,7,22.42,145,9
M08103,Bioplastic (PLA),78.07,5.77,89.42,1.8,65.0,7,22.76,151,7
M08104,Bioplastic (PLA),62.02,4.0,88.31,1.89,58.77,9,20.55,131,6
M08105,Bioplastic (PLA),74.69,4.29,80.0,2.06,65.0,7,23.22,167,6
M08106,Bioplastic (PLA),73.49,5.3,88.66,2.28,53.21,8,22.05,142,8
M08107,Bioplastic (PLA),75.01,6.0,89.05,1.94,56.24,9,23.25,159,6
M08108,Bioplastic (PLA),74.41,4.63,91.0,2.15,63.36,7,21.69,137,5
M08109,Bioplastic (PLA),69.32,4.52,86.67,1.87,53.44,8,22.93,168,7
M08110,Bioplastic (PLA),66.77,5.29,88.83,2.21,56.09,7,20.73,133,8
M08111,Bioplastic (PLA),69.01,4.44,84.95,1.49,63.34,7,20.35,121,9
M08112,Bioplastic (PLA),63.44,4.35,91.72,1.61,60.88,8,20.39,129,6
M08113,Bioplastic (PLA),60.58,3.65,80.0,1.88,54.83,6,20.86,152,6
M08114,Bioplastic (PLA),67.52,3.12,92.09,2.0,62.07,7,23.65,190,7
M08115,Bioplastic (PLA),68.16,3.89,88.47,1.4,61.79,8,22.07,153,8
M08116,Bioplastic (PLA),68.95,5.25,90.9,2.03,60.05,7,21.89,152,6
M08117,Bioplastic (PLA),76.28,6.0,84.09,2.24,63.6,8,22.63,148,7
M08118,Bioplastic (PLA),69.97,4.69,87.33,1.62,53.42,6,22.85,173,9
M08119,Bioplastic (PLA),62.31,6.0,90.86,1.56,57.73,9,22.58,171,6
M08120,Bioplastic (PLA),65.17,3.95,90.54,1.85,57.34,8,21.22,142,7
M08121,Bioplastic (PLA),64.88,3.39,86.92,1.51,57.6,7,19.89,120,6
M08122,Bioplastic (PLA),67.91,3.0,93.56,2.45,57.68,7,21.79,152,8
M08123,Bioplastic (PLA),66.16,6.0,95.0,1.96,57.32,7,21.57,151,7
M08124,Bioplastic (PLA),72.04,5.2,90.9,1.49,57.73,7,22.85,165,6
M08125,Bioplastic (PLA),76.38,6.0,83.4,2.04,60.87,7,22.09,141,7
M08126,Bioplastic (PLA),66.83,4.25,83.68,1.78,52.36,8,21.63,147,7
M08127,Bioplastic (PLA),72.04,4.91,92.38,1.97,60.02,8,22.1,146,8
M08128,Bioplastic (PLA),80.0,4.01,86.15,2.23,62.65,8,22.95,147,6
M08129,Bioplastic (PLA),68.46,5.57,83.1,2.1,59.85,9,23.0,167,6
M08130,Bioplastic (PLA),72.88,5.57,87.74,1.96,63.46,6,22.14,153,5
M08131,Bioplastic (PLA),67.92,5.59,86.82,1.84,63.7,7,20.34,123,7
M08132,Bioplastic (PLA),64.26,4.83,90.41,1.95,50.96,7,20.23,128,6
M08133,Bioplastic (PLA),63.19,6.0,84.73,2.03,58.42,7,22.07,167,7
M08134,Bioplastic (PLA),66.04,4.72,88.55,1.59,60.56,9,23.3,178,6
M08135,Bioplastic (PLA),64.4,4.64,85.56,1.97,56.18,7,22.19,167,7
M08136,Bioplastic (PLA),67.26,5.74,92.44,2.31,58.86,8,22.03,154,7
M08137,Bioplastic (PLA),67.64,5.39,86.02,1.6,55.41,9,21.66,142,6
M08138,Bioplastic (PLA),67.69,6.0,87.41,1.83,58.39,8,22.82,169,7
M08139,Bioplastic (PLA),60.29,5.54,95.0,1.74,58.33,8,21.63,160,6
M08140,Bioplastic (PLA),66.33,4.78,92.0,1.4,60.74,9,20.43,120,9
M08141,Bioplastic (PLA),74.35,4.85,87.96,2.04,59.08,6,22.33,154,5
M08142,Bioplastic (PLA),79.21,6.0,80.0,1.85,52.69,10,25.07,183,6
M08143,Bioplastic (PLA),63.89,4.84,89.33,2.23,58.95,7,20.19,128,6
M08144,Bioplastic (PLA),68.35,5.54,86.25,1.76,59.31,8,20.69,125,7
M08145,Bioplastic (PLA),65.52,3.5,82.02,1.7,54.64,9,20.35,120,5
M08146,Bioplastic (PLA),61.32,4.54,87.39,2.17,55.7,7,20.53,140,6
M08147,Bioplastic (PLA),70.75,6.0,87.46,2.03,55.92,8,21.83,143,8
M08148,Bioplastic (PLA),64.59,5.74,88.41,2.01,57.66,6,21.31,153,5
M08149,Bioplastic (PLA),60.0,5.0,83.32,1.82,56.7,8,19.7,122,7
M08150,Bioplastic (PLA),68.93,4.35,88.54,2.17,52.59,6,21.89,156,8
M08151,Bioplastic (PLA),70.5,6.0,83.6,2.06,56.43,8,21.7,141,8
M08152,Bioplastic (PLA),60.0,5.31,95.0,1.59,58.82,7,19.95,131,8
M08153,Bioplastic (PLA),62.84,5.84,91.14,1.62,65.0,8,21.78,158,5
M08154,Bioplastic (PLA),67.23,5.24,81.96,2.34,63.93,7,20.97,137,7
M08155,Bioplastic (PLA),69.34,4.32,85.59,2.39,62.65,8,22.98,169,7
M08156,Bioplastic (PLA),75.73,4.55,89.4,2.07,52.57,7,21.52,131,7
M08157,Bioplastic (PLA),72.7,4.2,86.83,1.98,56.78,7,22.82,163,5
M08158,Bioplastic (PLA),68.55,3.98,82.32,1.54,58.81,7,20.91,133,6
M08159,Bioplastic (PLA),71.9,4.37,89.25,1.75,57.12,9,23.79,176,7
M08160,Bioplastic (PLA),68.18,5.31,88.35,2.19,59.38,7,23.02,176,7
M08161,Bioplastic (PLA),80.0,5.39,85.33,2.02,57.59,7,21.4,120,7
M08162,Bioplastic (PLA),72.28,3.46,87.88,2.18,63.13,8,21.93,142,5
M08163,Bioplastic (PLA),72.01,6.0,81.89,1.55,60.89,8,21.95,143,5
M08164,Bioplastic (PLA),62.63,3.34,92.14,2.0,61.91,9,22.51,169,6
M08165,Bioplastic (PLA),64.79,4.91,89.16,1.97,59.17,6,19.68,120,6
M08166,Bioplastic (PLA),67.16,5.43,90.09,1.78,61.11,6,20.62,134,7
M08167,Bioplastic (PLA),71.07,4.62,86.11,2.11,64.85,7,21.11,132,7
M08168,Bioplastic (PLA),70.4,3.0,90.01,2.18,57.57,7,21.94,150,8
M08169,Bioplastic (PLA),76.37,4.54,87.71,2.25,57.22,9,23.29,157,6
M08170,Bioplastic (PLA),64.55,4.25,83.71,1.66,50.0,9,22.36,162,5
M08171,Bioplastic (PLA),69.13,4.21,90.26,2.3,58.6,6,20.51,128,9
M08172,Bioplastic (PLA),63.75,4.92,87.41,2.28,50.0,7,19.77,120,7
M08173,Bioplastic (PLA),80.0,6.0,85.39,2.15,57.74,7,21.4,120,6
M08174,Bioplastic (PLA),61.84,5.43,83.7,2.16,58.53,8,22.63,177,6
M08175,Bioplastic (PLA),80.0,3.63,90.6,1.75,55.72,6,23.55,167,8
M08176,Bioplastic (PLA),62.45,5.3,84.05,2.06,59.31,7,20.8,143,5
M08177,Bioplastic (PLA),69.37,5.42,85.72,2.28,58.29,7,22.09,155,6
M08178,Bioplastic (PLA),72.03,5.79,86.79,1.91,57.36,8,23.8,180,6
M08179,Bioplastic (PLA),63.55,4.19,80.0,1.48,59.08,8,21.01,141,6
M08180,Bioplastic (PLA),65.43,3.44,92.62,1.89,58.35,9,23.54,184,7
M08181,Bioplastic (PLA),74.38,3.32,89.01,1.86,50.0,7,24.34,190,6
M08182,Bioplastic (PLA),71.31,6.0,85.04,1.84,54.89,7,22.78,165,6
M08183,Bioplastic (PLA),69.72,6.0,86.58,1.94,59.63,8,21.62,141,7
M08184,Bioplastic (PLA),67.38,4.0,87.69,2.11,50.56,9,21.79,145,6
M08185,Bioplastic (PLA),69.47,5.34,81.43,2.25,60.78,6,20.15,120,9
M08186,Bioplastic (PLA),66.75,5.22,86.72,2.47,53.23,7,20.07,120,7
M08187,Bioplastic (PLA),69.76,5.23,85.39,1.75,57.41,7,21.78,148,7
M08188,Bioplastic (PLA),72.73,3.61,91.86,2.01,55.69,8,21.82,139,8
M08189,Bioplastic (PLA),76.67,5.29,87.23,2.22,58.03,8,24.52,185,7
M08190,Bioplastic (PLA),66.93,4.28,82.23,1.88,57.97,6,21.49,152,8
M08191,Bioplastic (PLA),72.53,4.68,84.29,1.73,52.39,7,21.7,141,5
M08192,Bioplastic (PLA),77.21,3.49,86.82,2.39,63.59,8,23.92,172,5
M08193,Bioplastic (PLA),66.51,4.77,83.74,1.83,54.12,7,21.15,142,6
M08194,Bioplastic (PLA),64.64,5.33,89.08,2.02,60.2,8,21.21,143,8
M08195,Bioplastic (PLA),67.47,4.2,83.48,1.4,53.63,8,22.6,165,7
M08196,Bioplastic (PLA),75.53,4.6,85.5,2.12,52.88,7,21.95,140,7
M08197,Bioplastic (PLA),70.53,4.82,90.57,2.3,53.58,7,20.6,123,8
M08198,Bioplastic (PLA),75.17,6.0,84.06,1.8,55.52,8,22.92,156,6
M08199,Bioplastic (PLA),67.57,4.92,92.37,1.87,59.9,8,21.26,138,6
M08200,Bioplastic (PLA),77.24,5.18,82.32,1.87,61.22,9,22.72,144,6
M08201,Bioplastic (PLA),74.43,5.94,89.53,2.15,53.04,6,20.64,120,7
M08202,Bioplastic (PLA),65.47,5.23,87.16,1.54,56.55,7,20.45,130,6
M08203,Bioplastic (PLA),66.22,4.77,86.43,2.05,59.16,8,22.67,169,6
M08204,Bioplastic (PLA),76.41,4.48,89.24,1.59,54.01,8,22.34,142,7
M08205,Bioplastic (PLA),72.58,5.74,89.44,1.72,58.03,9,21.86,136,6
M08206,Bioplastic (PLA),66.73,4.46,85.09,2.11,55.46,6,21.82,159,7
M08207,Bioplastic (PLA),70.19,4.8,86.43,1.81,61.85,8,20.62,120,6
M08208,Bioplastic (PLA),60.68,5.13,88.37,1.54,54.63,7,20.92,149,7
M08209,Bioplastic (PLA),63.06,6.0,85.02,1.55,53.33,7,22.16,169,7
M08210,Bioplastic (PLA),75.03,5.97,89.5,2.01,53.64,8,22.85,155,7
M08211,Bioplastic (PLA),67.8,4.3,92.04,1.64,53.74,8,22.98,172,6
M08212,Bioplastic (PLA),70.89,4.95,84.44,2.08,64.0,6,22.54,165,6
M08213,Bioplastic (PLA),72.17,4.69,88.84,1.42,55.76,8,22.37,151,5
M08214,Bioplastic (PLA),68.43,6.0,92.96,1.78,60.4,7,21.94,154,5
M08215,Bioplastic (PLA),70.21,5.24,94.48,2.0,63.4,6,21.92,154,7
M08216,Bioplastic (PLA),66.74,4.64,85.44,1.4,55.02,7,21.42,147,6
M08217,Bioplastic (PLA),61.37,6.0,91.37,1.75,57.68,8,20.39,133,8
M08218,Bioplastic (PLA),60.0,3.22,84.42,1.68,55.81,10,20.0,120,5
M08219,Bioplastic (PLA),72.37,4.27,93.73,2.23,54.06,7,23.24,172,5
M08220,Bioplastic (PLA),68.0,5.3,83.67,2.23,63.65,7,21.95,155,6
M08221,Bioplastic (PLA),69.43,4.65,95.0,1.47,57.27,8,22.44,158,6
M08222,Bioplastic (PLA),69.36,5.07,91.85,1.93,55.61,7,22.59,165,7
M08223,Bioplastic (PLA),67.77,4.46,82.51,1.82,57.65,7,23.68,190,8
M08224,Bioplastic (PLA),72.26,5.62,84.17,1.91,60.9,7,20.93,126,8
M08225,Bioplastic (PLA),66.95,4.34,89.32,2.1,61.1,9,21.5,140,6
M08226,Bioplastic (PLA),69.32,3.68,90.82,1.92,56.45,6,22.63,170,6
M08227,Bioplastic (PLA),72.65,5.94,94.38,1.43,60.04,9,21.71,133,7
M08228,Bioplastic (PLA),68.81,4.12,90.11,2.06,54.5,7,22.58,166,8
M08229,Bioplastic (PLA),68.86,5.29,82.5,2.36,65.0,8,21.09,132,5
M08230,Bioplastic (PLA),68.53,5.82,86.67,1.96,54.11,9,22.55,158,7
M08231,Bioplastic (PLA),64.33,4.89,83.93,1.98,53.27,7,20.63,136,5
M08232,Bioplastic (PLA),74.58,4.75,93.67,1.83,56.09,7,21.56,134,6
M08233,Bioplastic (PLA),67.25,4.89,95.0,1.76,55.25,9,23.23,174,5
M08234,Bioplastic (PLA),68.44,6.0,89.62,1.63,55.5,7,21.59,147,6
M08235,Bioplastic (PLA),60.0,5.98,88.48,1.58,58.8,7,22.15,175,7
M08236,Bioplastic (PLA),69.14,5.67,89.14,2.24,65.0,7,21.46,143,7
M08237,Bioplastic (PLA),71.72,5.18,87.33,1.92,63.12,9,22.27,146,7
M08238,Bioplastic (PLA),67.07,5.66,87.88,2.13,58.38,7,20.11,120,5
M08239,Bioplastic (PLA),64.63,4.94,91.95,1.67,59.86,7,21.11,145,7
M08240,Bioplastic (PLA),63.82,5.25,87.43,1.4,62.36,7,20.98,144,5
M08241,Bioplastic (PLA),66.5,4.14,81.63,1.96,59.68,7,21.8,155,8
M08242,Bioplastic (PLA),70.77,4.03,85.55,2.12,60.59,8,22.43,155,6
M08243,Bioplastic (PLA),68.33,4.23,85.62,2.15,52.31,9,20.63,120,6
M08244,Bioplastic (PLA),68.75,5.38,91.16,2.06,54.97,9,23.43,175,8
M08245,Bioplastic (PLA),77.92,4.47,86.45,1.85,54.84,7,22.09,138,6
M08246,Bioplastic (PLA),70.54,4.33,86.45,1.9,58.81,8,22.8,163,6
M08247,Bioplastic (PLA),60.0,4.12,88.56,2.38,50.05,8,21.05,149,7
M08248,Bioplastic (PLA),66.53,5.54,88.6,2.03,55.09,7,22.65,172,7
M08249,Bioplastic (PLA),64.2,5.74,91.49,1.45,50.38,8,21.17,143,7
M08250,Bioplastic (PLA),67.21,4.98,93.76,1.4,54.05,7,21.92,156,6
M08251,Bioplastic (PLA),74.2,4.87,89.42,1.9,55.22,6,23.07,169,9
M08252,Bioplastic (PLA),70.21,5.64,91.97,2.22,50.83,7,21.92,150,7
M08253,Bioplastic (PLA),75.32,5.31,91.05,1.66,59.89,8,22.78,153,7
M08254,Bioplastic (PLA),60.0,6.0,82.4,1.77,51.82,8,21.25,153,6
M08255,Bioplastic (PLA),76.68,3.79,90.38,1.84,61.62,7,22.22,143,6
M08256,Bioplastic (PLA),69.26,5.68,92.37,1.57,55.5,10,23.08,163,7
M08257,Bioplastic (PLA),67.9,3.33,89.62,2.06,61.87,8,23.89,190,8
M08258,Bioplastic (PLA),66.27,5.12,83.71,1.53,58.57,8,21.13,138,6
M08259,Bioplastic (PLA),65.97,4.18,95.0,1.74,53.17,7,21.65,153,5
M08260,Bioplastic (PLA),64.6,6.0,89.8,1.61,58.15,8,20.76,134,9
M08261,Bioplastic (PLA),77.04,4.04,92.21,2.33,65.0,6,23.35,169,6
M08262,Bioplastic (PLA),70.53,5.79,87.39,1.92,63.24,6,22.6,167,6
M08263,Bioplastic (PLA),77.53,5.44,94.27,2.04,57.39,6,23.5,171,5
M08264,Bioplastic (PLA),66.4,6.0,90.66,1.84,54.4,7,20.89,137,5
M08265,Bioplastic (PLA),72.98,5.24,86.23,1.43,58.28,7,23.55,177,6
M08266,Bioplastic (PLA),78.19,5.25,90.41,1.96,50.84,7,22.32,142,7
M08267,Bioplastic (PLA),63.4,3.72,93.68,2.04,54.85,6,21.64,162,8
M08268,Bioplastic (PLA),74.54,4.08,90.37,1.51,60.42,8,22.95,158,6
M08269,Bioplastic (PLA),75.09,3.93,85.25,1.86,56.27,8,21.86,135,7
M08270,Bioplastic (PLA),71.76,4.88,82.45,2.28,54.98,9,23.38,168,7
M08271,Bioplastic (PLA),65.91,5.1,91.03,1.4,58.95,8,21.69,150,7
M08272,Bioplastic (PLA),76.65,4.37,90.46,1.51,59.0,7,23.06,160,7
M08273,Bioplastic (PLA),60.0,5.41,90.57,1.68,55.58,8,21.05,149,7
M08274,Bioplastic (PLA),66.69,4.58,87.39,1.4,55.93,6,19.87,120,5
M08275,Bioplastic (PLA),67.96,5.17,85.37,1.75,50.72,8,22.3,158,5
M08276,Bioplastic (PLA),70.66,5.74,83.25,1.82,63.76,6,20.67,128,6
M08277,Bioplastic (PLA),65.81,5.84,82.19,1.72,58.82,6,20.93,143,5
M08278,Bioplastic (PLA),74.98,5.54,95.0,1.76,61.46,7,23.75,177,6
M08279,Bioplastic (PLA),66.4,5.22,88.76,2.27,55.27,9,23.94,190,7
M08280,Bioplastic (PLA),74.34,6.0,88.63,2.32,62.96,8,22.58,151,8
M08281,Bioplastic (PLA),65.81,3.96,82.64,1.72,58.13,7,22.03,161,7
M08282,Bioplastic (PLA),66.09,4.17,82.28,2.22,60.95,8,20.96,135,6
M08283,Bioplastic (PLA),73.36,3.89,84.48,1.81,62.96,6,23.44,178,7
M08284,Bioplastic (PLA),76.46,6.0,80.0,2.13,62.0,8,23.25,160,6
M08285,Bioplastic (PLA),63.4,4.75,85.49,1.68,56.54,8,21.59,153,5
M08286,Bioplastic (PLA),66.44,3.35,88.01,1.85,54.95,9,20.44,120,7
M08287,Bioplastic (PLA),72.67,4.58,88.99,2.16,52.98,6,21.62,143,5
M08288,Bioplastic (PLA),73.57,5.74,89.84,1.83,52.13,8,22.06,142,7
M08289,Bioplastic (PLA),69.02,3.0,92.18,1.88,60.28,8,22.6,162,6
M08290,Bioplastic (PLA),65.47,4.36,84.62,1.97,61.94,9,21.1,135,5
M08291,Bioplastic (PLA),62.0,5.73,90.63,1.87,59.41,8,21.75,159,6
M08292,Bioplastic (PLA),74.76,4.42,89.24,2.2,55.82,7,22.28,148,7
M08293,Bioplastic (PLA),73.19,5.64,82.19,2.08,58.14,7,23.27,171,7
M08294,Bioplastic (PLA),69.45,5.77,84.09,1.65,56.78,9,23.3,171,5
M08295,Bioplastic (PLA),72.97,4.38,91.1,2.1,56.4,8,24.25,187,6
M08296,Bioplastic (PLA),71.5,5.92,88.46,2.14,65.0,9,20.95,120,6
M08297,Bioplastic (PLA),76.49,5.86,83.29,1.99,60.23,8,21.25,120,6
M08298,Bioplastic (PLA),63.18,5.5,84.16,1.66,54.44,8,19.97,121,6
M08299,Bioplastic (PLA),67.92,4.19,90.66,1.61,56.01,6,20.34,127,7
M08300,Bioplastic (PLA),73.98,3.6,87.93,2.37,59.15,7,23.35,171,6
M08301,Bioplastic (PLA),68.53,4.35,92.48,2.24,62.48,6,23.05,180,6
M08302,Bioplastic (PLA),74.26,3.35,91.92,2.47,52.36,9,23.23,160,7
M08303,Bioplastic (PLA),70.5,4.8,90.44,1.62,50.71,7,22.65,164,7
M08304,Bioplastic (PLA),78.0,3.23,87.24,2.27,57.04,9,24.8,184,7
M08305,Bioplastic (PLA),62.0,5.72,95.0,1.79,52.12,6,21.0,152,6
M08306,Bioplastic (PLA),65.57,5.53,89.61,1.68,55.1,7,20.96,140,6
M08307,Bioplastic (PLA),74.09,6.0,89.33,1.69,58.81,8,21.96,139,9
M08308,Bioplastic (PLA),64.46,6.0,94.7,1.61,60.3,8,21.05,140,7
M08309,Bioplastic (PLA),71.06,5.7,90.72,1.41,50.0,7,21.11,132,6
M08310,Bioplastic (PLA),66.66,4.43,91.91,1.62,62.41,7,23.47,188,7
M08311,Bioplastic (PLA),71.71,3.9,88.15,1.62,62.28,7,22.17,152,6
M08312,Bioplastic (PLA),67.22,5.83,94.16,2.15,50.0,7,22.52,168,6
M08313,Bioplastic (PLA),67.73,5.81,91.1,2.09,55.82,6,20.22,125,7
M08314,Bioplastic (PLA),71.74,5.25,89.88,1.83,59.48,8,23.67,178,5
M08315,Bioplastic (PLA),77.23,5.41,84.43,2.06,56.68,8,22.62,146,6
M08316,Bioplastic (PLA),71.47,4.87,89.57,1.9,52.49,7,23.55,180,7
M08317,Bioplastic (PLA),64.61,3.87,93.39,1.59,56.99,6,19.66,120,7
M08318,Bioplastic (PLA),67.01,4.98,90.81,1.91,57.84,7,22.0,158,8
M08319,Bioplastic (PLA),69.79,5.35,86.21,1.52,53.75,7,21.83,149,5
M08320,Bioplastic (PLA),72.63,5.45,92.87,1.83,60.26,8,20.86,120,5
M08321,Bioplastic (PLA),80.0,5.33,95.0,2.09,55.0,8,25.1,190,6
M08322,Bioplastic (PLA),73.04,4.74,83.28,2.05,55.48,7,23.05,167,7
M08323,Bioplastic (PLA),71.22,6.0,93.62,1.41,62.59,8,21.97,145,8
M08324,Bioplastic (PLA),60.0,4.67,87.35,2.08,55.66,9,19.8,120,7
M08325,Bioplastic (PLA),80.0,3.85,83.08,1.69,53.14,9,23.95,163,6
M08326,Bioplastic (PLA),69.64,5.22,85.98,1.81,60.71,6,20.91,135,8
M08327,Bioplastic (PLA),70.64,5.84,90.31,1.59,58.42,7,23.71,185,6
M08328,Bioplastic (PLA),68.54,5.38,87.4,1.77,52.95,6,20.2,123,8
M08329,Bioplastic (PLA),65.13,3.86,85.53,2.45,54.05,6,21.46,155,6
M08330,Bioplastic (PLA),68.98,6.0,89.66,2.32,55.99,9,21.45,135,7
M08331,Bioplastic (PLA),61.81,4.82,84.14,1.54,54.51,7,19.68,122,8
M08332,Bioplastic (PLA),67.63,6.0,94.07,1.85,62.49,6,20.36,128,7
M08333,Bioplastic (PLA),69.47,4.08,89.29,1.4,62.47,8,21.25,134,8
M08334,Bioplastic (PLA),68.62,5.53,83.23,1.55,59.93,8,21.71,145,7
M08335,Bioplastic (PLA),69.94,5.33,80.0,1.42,58.52,9,21.94,143,5
M08336,Bioplastic (PLA),74.26,3.74,89.8,2.11,52.77,6,21.88,145,5
M08337,Bioplastic (PLA),67.26,5.05,87.11,1.82,63.6,10,22.33,152,6
M08338,Bioplastic (PLA),69.21,5.01,86.64,2.38,65.0,7,22.17,157,9
M08339,Bioplastic (PLA),67.14,4.76,90.28,1.83,57.34,9,22.11,152,8
M08340,Bioplastic (PLA),68.69,3.35,88.48,1.57,61.14,9,23.97,186,7
M08341,Bioplastic (PLA),72.65,5.57,88.3,2.07,62.25,8,22.52,153,6
M08342,Bioplastic (PLA),71.72,5.17,84.03,1.65,62.0,7,23.37,176,6
M08343,Bioplastic (PLA),69.44,4.26,89.11,1.86,55.39,6,20.14,120,8
M08344,Bioplastic (PLA),66.67,5.46,82.21,1.62,60.09,10,21.22,131,7
M08345,Bioplastic (PLA),70.65,5.32,91.88,1.63,65.0,9,22.87,160,6
M08346,Bioplastic (PLA),69.93,4.2,89.78,1.7,51.74,7,21.19,136,5
M08347,Bioplastic (PLA),65.14,5.89,83.99,1.59,65.0,8,20.21,122,7
M08348,Bioplastic (PLA),76.23,4.76,88.56,1.57,57.45,8,22.87,153,8
M08349,Bioplastic (PLA),64.92,5.14,84.74,2.01,65.0,6,20.54,137,8
M08350,Bioplastic (PLA),72.35,4.8,88.72,2.02,61.68,9,22.09,141,9
M08351,Bioplastic (PLA),71.21,3.0,89.59,1.73,58.16,7,20.52,120,9
M08352,Bioplastic (PLA),68.43,3.42,91.95,1.98,54.46,9,21.39,135,6
M08353,Bioplastic (PLA),68.53,4.34,88.46,1.91,58.5,8,22.95,170,6
M08354,Bioplastic (PLA),75.56,3.0,80.44,1.84,60.99,7,22.01,141,5
M08355,Bioplastic (PLA),67.53,3.73,85.47,1.88,61.59,9,23.0,169,7
M08356,Bioplastic (PLA),60.0,3.05,90.18,1.4,57.66,7,21.8,168,5
M08357,Bioplastic (PLA),72.04,3.01,80.0,2.49,51.02,7,23.6,180,6
M08358,Bioplastic (PLA),78.85,4.4,83.41,1.68,51.73,7,23.53,165,7
M08359,Bioplastic (PLA),66.31,3.85,86.62,1.4,59.83,6,22.23,168,6
M08360,Bioplastic (PLA),69.85,3.71,91.78,1.63,56.08,8,22.73,163,7
M08361,Bioplastic (PLA),70.43,4.68,84.08,1.66,60.85,6,20.89,133,6
M08362,Bioplastic (PLA),69.27,4.84,84.57,1.72,60.74,9,22.13,148,5
M08363,Bioplastic (PLA),69.55,5.99,85.7,2.37,61.62,7,20.35,120,7
M08364,Bioplastic (PLA),60.07,4.2,90.17,1.73,59.4,8,21.66,161,6
M08365,Bioplastic (PLA),71.98,4.25,94.7,2.39,61.41,9,22.45,149,8
M08366,Bioplastic (PLA),70.16,5.33,83.25,1.85,59.13,8,21.62,140,5
M08367,Bioplastic (PLA),68.05,3.8,90.18,1.72,63.86,8,23.51,182,6
M08368,Bioplastic (PLA),72.49,4.8,90.46,1.5,53.18,7,21.45,136,7
M08369,Bioplastic (PLA),71.93,4.36,89.57,2.45,58.2,9,22.94,159,5
M08370,Bioplastic (PLA),71.29,4.86,88.5,1.76,59.78,8,21.68,139,5
M08371,Bioplastic (PLA),68.33,5.32,87.88,1.9,59.71,7,21.63,148,6
M08372,Bioplastic (PLA),69.68,5.71,86.75,1.88,62.23,6,21.12,139,6
M08373,Bioplastic (PLA),76.41,5.85,95.0,1.99,51.99,8,23.19,159,7
M08374,Bioplastic (PLA),78.28,5.15,88.54,1.93,63.28,7,23.33,162,7
M08375,Bioplastic (PLA),70.54,4.8,95.0,2.05,63.77,8,22.65,160,5
M08376,Bioplastic (PLA),65.79,4.36,95.0,1.64,58.28,8,23.68,190,6
M08377,Bioplastic (PLA),60.0,5.79,86.01,1.87,55.87,7,20.1,134,7
M08378,Bioplastic (PLA),66.28,4.35,90.72,1.98,61.09,7,20.38,127,6
M08379,Bioplastic (PLA),67.29,5.25,83.46,2.47,59.34,8,21.58,145,8
M08380,Bioplastic (PLA),66.73,4.23,88.25,1.91,53.94,8,22.12,157,8
M08381,Bioplastic (PLA),74.09,4.1,94.77,1.61,62.12,6,22.96,167,7
M08382,Bioplastic (PLA),70.55,4.6,90.68,2.07,55.65,7,22.05,152,6
M08383,Bioplastic (PLA),69.73,5.96,87.4,1.78,59.06,7,21.82,149,8
M08384,Bioplastic (PLA),64.01,4.8,89.05,1.67,57.4,6,21.35,155,7
M08385,Bioplastic (PLA),68.84,5.23,89.07,1.51,59.5,6,21.83,155,7
M08386,Bioplastic (PLA),68.48,4.38,87.29,1.96,55.05,7,21.65,148,7
M08387,Bioplastic (PLA),71.08,4.59,93.56,2.04,58.25,8,22.21,150,6
M08388,Bioplastic (PLA),69.82,3.34,84.2,1.86,59.46,10,22.63,153,9
M08389,Bioplastic (PLA),72.47,4.98,81.0,2.12,60.43,9,22.5,149,5
M08390,Bioplastic (PLA),68.13,5.02,91.0,1.66,60.57,8,20.41,120,7
M08391,Bioplastic (PLA),68.76,6.0,87.1,2.07,62.01,9,21.33,133,8
M08392,Bioplastic (PLA),69.14,4.27,87.45,1.46,60.52,9,20.71,120,6
M08393,Bioplastic (PLA),71.14,4.05,90.94,2.14,53.01,6,22.96,173,6
M08394,Bioplastic (PLA),63.55,4.89,88.38,1.82,52.78,7,21.7,159,7
M08395,Bioplastic (PLA),71.32,6.0,88.24,1.96,59.44,6,21.23,138,9
M08396,Bioplastic (PLA),64.05,6.0,84.18,1.69,60.39,6,20.8,144,7
M08397,Bioplastic (PLA),66.47,3.62,82.51,1.85,51.22,9,21.35,138,7
M08398,Bioplastic (PLA),65.5,5.8,86.07,1.74,56.46,9,22.45,162,6
M08399,Bioplastic (PLA),75.25,4.26,94.01,1.45,65.0,7,21.92,140,7
M08400,Bioplastic (PLA),72.35,5.34,90.95,1.55,57.41,8,24.29,189,7
M08401,Bioplastic (PLA),60.0,5.81,89.43,2.4,54.41,8,21.0,148,5
M08402,Bioplastic (PLA),67.18,3.02,88.79,1.78,57.15,10,23.62,178,6
M08403,Bioplastic (PLA),72.41,5.62,90.67,2.23,59.01,8,21.74,138,7
M08404,Bioplastic (PLA),62.64,4.15,90.81,2.14,61.69,9,21.46,148,7
M08405,Bioplastic (PLA),68.13,3.93,90.69,1.82,52.88,6,20.01,120,5
M08406,Bioplastic (PLA),64.74,3.67,94.75,1.4,60.9,6,21.12,149,7
M08407,Bioplastic (PLA),67.68,3.75,86.77,1.78,60.99,9,22.52,159,5
M08408,Bioplastic (PLA),60.0,5.38,86.92,1.4,54.66,7,20.6,144,9
M08409,Bioplastic (PLA),71.58,5.37,87.76,1.83,56.29,8,23.86,182,6
M08410,Bioplastic (PLA),77.85,4.03,93.89,1.92,51.93,8,22.49,142,7
M08411,Bioplastic (PLA),71.02,5.49,80.0,2.02,54.93,8,21.95,145,6
M08412,Bioplastic (PLA),67.54,3.88,85.82,2.48,57.59,7,22.25,162,6
M08413,Bioplastic (PLA),76.92,4.75,90.25,1.9,59.27,8,24.34,181,6
M08414,Bioplastic (PLA),64.31,5.25,80.0,1.42,58.53,6,23.13,190,6
M08415,Bioplastic (PLA),69.01,5.11,84.65,1.81,58.59,7,21.5,144,8
M08416,Bioplastic (PLA),66.61,5.4,86.74,2.15,54.24,7,20.91,137,7
M08417,Bioplastic (PLA),67.61,4.03,88.01,1.83,60.07,7,21.31,143,7
M08418,Bioplastic (PLA),77.04,5.42,95.0,1.47,56.96,8,23.75,169,8
M08419,Bioplastic (PLA),73.54,5.65,85.18,1.61,55.53,8,22.8,157,5
M08420,Bioplastic (PLA),74.58,5.26,88.38,2.26,55.25,8,23.01,159,6
M08421,Bioplastic (PLA),70.29,5.26,89.9,1.54,63.07,7,22.88,169,7
M08422,Bioplastic (PLA),67.44,6.0,80.0,1.4,58.64,9,22.69,163,7
M08423,Bioplastic (PLA),63.8,4.95,89.96,1.92,60.29,9,21.38,144,6
M08424,Bioplastic (PLA),70.75,6.0,83.47,2.21,59.37,7,23.02,171,7
M08425,Bioplastic (PLA),75.55,3.93,82.62,2.18,63.18,8,21.66,130,7
M08426,Bioplastic (PLA),72.27,6.0,87.13,2.07,60.0,8,20.83,120,5
M08427,Bioplastic (PLA),67.72,3.78,80.81,1.54,62.77,8,22.82,169,6
M08428,Bioplastic (PLA),64.57,5.36,92.92,2.3,52.19,8,22.76,174,7
M08429,Bioplastic (PLA),62.74,5.87,95.0,1.76,51.42,6,21.67,164,6
M08430,Bioplastic (PLA),60.3,3.95,89.22,2.14,52.82,8,21.73,162,6
M08431,Bioplastic (PLA),69.02,6.0,93.39,1.8,54.46,7,20.3,120,8
M08432,Bioplastic (PLA),68.7,5.15,92.49,2.34,55.44,7,22.62,167,7
M08433,Bioplastic (PLA),80.0,4.88,90.73,1.62,55.9,8,23.95,167,6
M08434,Bioplastic (PLA),70.1,3.43,87.32,1.75,60.69,8,22.71,162,7
M08435,Bioplastic (PLA),79.25,5.37,92.57,1.91,63.83,8,22.98,149,8
M08436,Bioplastic (PLA),70.05,4.21,83.55,2.0,63.5,7,20.55,123,5
M08437,Bioplastic (PLA),62.93,6.0,88.31,1.63,58.44,7,21.14,149,6
M08438,Bioplastic (PLA),60.0,4.59,90.58,2.37,61.35,10,23.4,188,7
M08439,Bioplastic (PLA),70.78,4.52,87.94,1.45,56.83,7,22.78,166,7
M08440,Bioplastic (PLA),63.85,4.38,85.21,2.06,58.99,8,21.34,147,7
M08441,Bioplastic (PLA),60.0,5.69,92.67,1.69,56.56,7,20.4,140,6
M08442,Bioplastic (PLA),66.18,5.58,86.94,2.07,57.61,8,21.97,155,7
M08443,Bioplastic (PLA),65.9,4.52,88.75,1.92,54.97,8,21.64,149,6
M08444,Bioplastic (PLA),76.98,4.38,94.73,1.82,52.85,7,22.35,145,6
M08445,Bioplastic (PLA),68.46,6.0,95.0,1.4,55.88,9,20.65,120,7
M08446,Bioplastic (PLA),63.84,6.0,80.0,1.81,57.13,8,19.98,120,5
M08447,Bioplastic (PLA),64.21,6.0,85.69,1.78,58.04,8,23.02,180,6
M08448,Bioplastic (PLA),65.57,4.57,90.66,2.14,56.44,8,21.86,154,7
M08449,Bioplastic (PLA),78.61,3.79,86.32,2.24,61.27,7,21.91,133,7
M08450,Bioplastic (PLA),71.69,5.82,91.65,1.86,57.12,6,21.77,148,6
M08451,Bioplastic (PLA),79.08,4.53,86.56,2.27,55.31,8,21.96,129,7
M08452,Bioplastic (PLA),68.12,3.55,89.65,2.16,65.0,6,22.31,166,7
M08453,Bioplastic (PLA),69.11,6.0,84.64,1.82,57.17,8,23.26,175,6
M08454,Bioplastic (PLA),66.16,5.47,91.99,1.77,61.22,7,21.72,154,7
M08455,Bioplastic (PLA),66.8,4.77,92.6,1.48,63.91,6,20.23,127,6
M08456,Bioplastic (PLA),79.1,6.0,81.84,1.63,57.9,6,23.31,164,7
M08457,Bioplastic (PLA),77.04,4.38,80.82,2.27,60.86,7,23.65,171,7
M08458,Bioplastic (PLA),74.55,4.76,84.89,1.63,60.45,8,21.3,125,6
M08459,Bioplastic (PLA),60.6,4.45,95.0,2.33,59.28,7,19.61,123,5
M08460,Bioplastic (PLA),66.56,3.83,88.71,1.72,50.08,7,22.01,159,6
M08461,Bioplastic (PLA),73.01,5.85,90.52,1.6,64.59,9,23.9,176,8
M08462,Bioplastic (PLA),72.3,6.0,89.43,1.96,65.0,9,22.48,149,7
M08463,Bioplastic (PLA),64.46,5.92,92.97,1.48,56.82,6,20.75,142,7
M08464,Bioplastic (PLA),68.72,5.52,89.99,1.73,53.28,6,20.07,120,7
M08465,Bioplastic (PLA),73.53,6.0,81.68,2.5,51.68,7,20.95,124,7
M08466,Bioplastic (PLA),74.19,4.01,86.05,2.41,60.69,9,23.42,164,5
M08467,Bioplastic (PLA),74.56,4.79,90.22,1.81,60.54,7,21.76,138,6
M08468,Bioplastic (PLA),62.43,4.03,92.37,2.03,57.97,8,22.39,171,7
M08469,Bioplastic (PLA),71.36,3.0,81.41,1.74,58.27,8,23.49,175,6
M08470,Bioplastic (PLA),75.6,4.7,92.99,1.71,59.2,8,23.16,160,5
M08471,Bioplastic (PLA),73.27,4.89,88.24,2.04,63.28,9,22.48,147,6
M08472,Bioplastic (PLA),79.49,4.07,86.26,1.77,56.69,8,23.7,163,7
M08473,Bioplastic (PLA),74.41,5.86,91.94,1.52,58.99,8,22.74,154,8
M08474,Bioplastic (PLA),65.22,4.76,80.64,1.81,59.99,9,22.72,168,7
M08475,Bioplastic (PLA),69.87,4.22,91.54,1.76,62.65,7,22.14,155,5
M08476,Bioplastic (PLA),80.0,5.27,92.5,2.06,61.86,7,23.15,155,7
M08477,Bioplastic (PLA),79.97,5.75,91.5,2.2,58.47,8,23.8,164,6
M08478,Bioplastic (PLA),72.12,6.0,83.49,1.87,58.47,6,22.96,171,5
M08479,Bioplastic (PLA),67.88,5.17,92.02,2.3,56.35,7,20.19,120,6
M08480,Bioplastic (PLA),67.86,6.0,88.82,1.4,56.36,6,21.24,145,7
M08481,Bioplastic (PLA),67.06,4.67,86.54,2.0,60.11,7,20.11,120,7
M08482,Bioplastic (PLA),68.62,5.76,89.61,2.06,61.18,7,20.91,133,7
M08483,Bioplastic (PLA),71.8,5.25,92.49,2.21,57.07,7,22.08,150,8
M08484,Bioplastic (PLA),72.52,5.02,82.91,2.13,52.56,8,22.2,147,6
M08485,Bioplastic (PLA),71.01,4.48,87.26,1.65,59.83,7,20.55,121,6
M08486,Bioplastic (PLA),65.58,5.42,87.81,2.2,56.56,6,22.21,169,7
M08487,Bioplastic (PLA),68.45,4.57,93.17,1.75,53.86,7,21.09,137,7
M08488,Bioplastic (PLA),72.55,5.98,83.11,1.82,60.46,7,22.05,148,8
M08489,Bioplastic (PLA),75.26,3.56,92.09,2.03,58.53,8,22.63,150,6
M08490,Bioplastic (PLA),69.56,4.99,81.61,1.81,63.74,7,22.01,153,5
M08491,Bioplastic (PLA),73.81,3.44,84.7,2.3,57.47,6,22.78,164,7
M08492,Bioplastic (PLA),76.23,6.0,88.53,2.16,64.08,7,23.77,175,9
M08493,Bioplastic (PLA),69.18,5.49,85.56,1.77,54.6,7,20.47,123,6
M08494,Bioplastic (PLA),76.96,4.06,95.0,1.8,50.0,8,23.6,166,7
M08495,Bioplastic (PLA),72.69,6.0,85.45,1.96,55.59,8,22.67,156,7
M08496,Bioplastic (PLA),77.09,4.38,88.2,1.58,64.89,7,24.41,186,5
M08497,Bioplastic (PLA),73.38,5.48,84.62,2.32,54.49,7,22.09,147,6
M08498,Bioplastic (PLA),72.6,3.93,86.02,2.05,60.49,8,22.61,155,6
M08499,Bioplastic (PLA),64.29,4.12,85.66,1.87,56.92,7,21.23,148,8
M08500,Bioplastic (PLA),65.26,4.8,94.25,2.28,52.78,8,22.28,163,7
M08501,Bioplastic (PLA),64.93,6.0,85.69,1.82,51.9,6,22.09,168,7
M08502,Bioplastic (PLA),78.65,5.16,85.91,2.08,57.18,7,24.12,177,6
M08503,Bioplastic (PLA),71.38,3.76,88.29,2.38,60.48,7,22.59,161,5
M08504,Bioplastic (PLA),63.24,5.41,85.26,1.83,60.48,7,20.22,130,5
M08505,Bioplastic (PLA),70.49,3.27,84.69,1.86,62.31,9,24.15,186,9
M08506,Bioplastic (PLA),65.96,6.0,91.11,1.96,62.83,8,20.2,120,7
M08507,Bioplastic (PLA),74.14,5.91,88.04,1.81,56.95,8,23.71,174,7
M08508,Bioplastic (PLA),60.0,3.17,87.0,1.46,55.1,8,22.45,177,6
M08509,Bioplastic (PLA),80.0,5.53,80.0,1.5,65.0,8,25.1,190,5
M08510,Bioplastic (PLA),70.47,5.99,86.2,1.99,54.91,9,21.65,136,6
M08511,Bioplastic (PLA),68.66,4.88,90.99,1.65,60.1,8,20.67,124,6
M08512,Bioplastic (PLA),72.18,4.52,94.37,1.42,53.32,6,22.92,170,7
M08513,Bioplastic (PLA),71.62,5.58,85.97,2.14,60.33,6,21.46,142,6
M08514,Bioplastic (PLA),75.1,4.62,91.59,1.98,64.89,8,23.51,168,8
M08515,Bioplastic (PLA),73.07,5.8,91.87,2.31,50.49,7,23.01,166,6
M08516,Bioplastic (PLA),77.4,5.59,89.37,1.47,65.0,7,21.59,129,8
M08517,Bioplastic (PLA),63.07,4.23,86.95,1.98,56.19,8,22.21,166,7
M08518,Bioplastic (PLA),75.7,5.51,80.0,2.15,55.79,7,21.92,139,6
M08519,Bioplastic (PLA),72.7,5.85,89.97,1.75,59.33,7,21.57,138,6
M08520,Bioplastic (PLA),69.99,6.0,87.71,1.7,59.28,7,21.0,132,5
M08521,Bioplastic (PLA),79.75,5.26,82.1,2.0,65.0,9,24.23,169,5
M08522,Bioplastic (PLA),67.25,4.79,94.29,2.03,50.0,8,22.48,163,6
M08523,Bioplastic (PLA),68.81,4.35,83.79,2.26,58.83,6,20.28,124,6
M08524,Bioplastic (PLA),71.14,4.56,83.97,1.96,59.79,7,22.01,150,5
M08525,Bioplastic (PLA),68.58,4.72,86.31,1.95,60.64,7,22.01,155,7
M08526,Bioplastic (PLA),74.11,4.24,91.84,2.23,60.55,8,22.66,153,7
M08527,Bioplastic (PLA),73.44,6.0,83.7,1.88,57.6,6,22.49,159,6
M08528,Bioplastic (PLA),63.53,4.55,92.03,2.01,63.41,9,22.2,161,7
M08529,Bioplastic (PLA),71.64,6.0,91.29,1.8,61.95,7,22.51,159,5
M08530,Bioplastic (PLA),73.42,6.0,85.76,2.09,59.67,6,21.49,139,5
M08531,Bioplastic (PLA),72.35,6.0,85.35,1.76,54.83,7,20.88,125,7
M08532,Bioplastic (PLA),67.44,3.81,91.07,2.03,52.67,8,20.99,133,7
M08533,Bioplastic (PLA),66.51,4.54,88.21,1.92,53.38,8,21.55,146,6
M08534,Bioplastic (PLA),66.33,4.69,90.08,1.97,55.49,7,21.48,149,6
M08535,Bioplastic (PLA),64.31,6.0,84.66,1.65,60.68,9,21.48,145,8
M08536,Bioplastic (PLA),66.74,5.52,86.18,1.47,57.89,7,21.87,156,7
M08537,Bioplastic (PLA),62.39,5.42,90.01,2.22,65.0,7,20.04,128,7
M08538,Bioplastic (PLA),67.0,5.35,89.38,1.41,53.38,7,21.65,151,6
M08539,Bioplastic (PLA),72.87,3.0,85.97,2.36,62.86,9,22.04,139,5
M08540,Bioplastic (PLA),68.07,5.87,83.38,1.96,57.46,6,20.01,120,8
M08541,Bioplastic (PLA),78.85,4.66,82.26,2.5,64.58,8,21.48,120,6
M08542,Bioplastic (PLA),70.97,5.86,94.02,2.0,55.1,8,22.85,163,6
M08543,Bioplastic (PLA),67.1,5.01,82.5,1.68,59.8,6,21.36,149,6
M08544,Bioplastic (PLA),67.18,4.01,87.59,1.4,55.76,8,21.97,153,7
M08545,Bioplastic (PLA),64.98,6.0,83.42,1.53,61.47,7,20.45,131,6
M08546,Bioplastic (PLA),73.63,4.56,80.0,1.44,58.68,7,21.56,136,5
M08547,Bioplastic (PLA),78.32,4.7,84.06,1.85,59.18,7,22.23,140,7
M08548,Bioplastic (PLA),76.48,4.18,92.28,1.69,57.06,8,22.85,152,7
M08549,Bioplastic (PLA),65.0,5.4,82.72,1.76,58.55,8,21.75,153,7
M08550,Bioplastic (PLA),65.13,3.85,92.99,1.68,59.61,8,22.26,163,5
M08551,Bioplastic (PLA),72.44,5.66,89.34,1.95,55.64,8,21.24,128,6
M08552,Bioplastic (PLA),77.05,6.0,87.51,2.01,58.32,6,23.65,175,6
M08553,Bioplastic (PLA),80.0,5.42,89.42,2.16,52.68,9,23.65,157,6
M08554,Bioplastic (PLA),64.43,6.0,80.07,2.05,55.8,10,22.09,153,7
M08555,Bioplastic (PLA),72.66,6.0,80.0,1.78,59.58,8,21.17,126,8
M08556,Bioplastic (PLA),62.21,4.25,94.34,1.76,57.27,7,22.02,168,7
M08557,Bioplastic (PLA),76.1,6.0,86.87,2.5,53.26,8,22.06,137,9
M08558,Bioplastic (PLA),65.54,4.74,84.49,1.56,55.71,9,21.35,140,7
M08559,Bioplastic (PLA),75.91,4.5,88.08,2.49,61.49,9,22.29,138,6
M08560,Bioplastic (PLA),71.75,4.72,87.9,1.76,59.85,8,21.33,131,6
M08561,Bioplastic (PLA),73.07,5.62,90.34,1.7,60.63,6,20.91,128,7
M08562,Bioplastic (PLA),65.85,3.49,92.11,1.43,61.0,8,22.34,163,7
M08563,Bioplastic (PLA),65.75,5.2,85.41,1.4,56.69,7,20.88,138,7
M08564,Bioplastic (PLA),72.6,4.74,87.62,2.09,64.47,7,23.76,182,6
M08565,Bioplastic (PLA),79.36,6.0,81.91,1.64,53.99,7,24.14,176,7
M08566,Bioplastic (PLA),68.59,4.4,90.78,2.09,62.81,8,22.11,153,6
M08567,Bioplastic (PLA),75.76,3.95,92.6,1.84,64.99,8,22.73,151,6
M08568,Bioplastic (PLA),64.87,5.92,95.0,1.8,58.18,9,21.99,154,7
M08569,Bioplastic (PLA),71.95,4.97,85.73,2.04,57.75,7,22.2,152,7
M08570,Bioplastic (PLA),71.18,4.61,93.87,2.25,64.35,9,23.02,162,7
M08571,Bioplastic (PLA),66.47,4.87,92.47,1.64,63.6,7,22.55,170,6
M08572,Bioplastic (PLA),69.16,4.01,88.59,2.26,53.72,9,22.22,150,6
M08573,Bioplastic (PLA),69.42,4.37,84.69,2.29,64.0,8,20.54,120,6
M08574,Bioplastic (PLA),70.81,3.02,85.03,2.36,58.86,8,21.23,131,6
M08575,Bioplastic (PLA),75.53,5.17,92.35,2.26,60.82,9,22.65,146,8
M08576,Bioplastic (PLA),72.84,6.0,94.57,2.07,64.29,7,24.08,188,5
M08577,Bioplastic (PLA),74.21,4.56,91.64,2.32,50.0,10,22.32,138,9
M08578,Bioplastic (PLA),68.24,5.58,80.0,1.98,57.47,6,20.02,120,7
M08579,Bioplastic (PLA),66.28,4.76,95.0,2.07,65.0,7,21.93,158,6
M08580,Bioplastic (PLA),74.52,3.75,86.33,1.94,52.93,9,21.6,127,6
M08581,Bioplastic (PLA),62.36,4.27,83.99,2.06,53.47,8,22.39,171,6
M08582,Bioplastic (PLA),72.59,4.1,91.8,2.47,57.46,9,23.56,170,7
M08583,Bioplastic (PLA),74.43,6.0,88.57,1.44,53.79,7,20.99,123,6
M08584,Bioplastic (PLA),80.0,5.14,83.33,2.42,53.55,8,22.0,128,6
M08585,Bioplastic (PLA),66.69,3.46,93.86,1.88,56.55,10,21.02,127,8
M08586,Bioplastic (PLA),71.5,5.58,91.03,1.88,50.51,6,22.5,163,6
M08587,Bioplastic (PLA),72.98,5.81,82.39,2.07,60.07,7,23.25,171,8
M08588,Bioplastic (PLA),63.59,5.54,94.15,1.96,58.28,9,21.16,140,6
M08589,Bioplastic (PLA),64.59,5.61,87.43,1.56,57.62,7,19.96,122,6
M08590,Bioplastic (PLA),67.46,4.5,81.82,1.53,61.72,8,21.75,148,6
M08591,Bioplastic (PLA),70.23,6.0,88.33,2.08,58.8,8,20.62,120,6
M08592,Bioplastic (PLA),75.8,3.33,85.74,1.98,60.61,9,23.73,167,8
M08593,Bioplastic (PLA),69.85,6.0,91.32,1.46,61.56,7,21.83,149,7
M08594,Bioplastic (PLA),69.2,3.0,93.15,2.49,61.86,8,21.62,142,6
M08595,Bioplastic (PLA),60.35,4.98,88.88,1.49,60.75,7,20.48,141,6
M08596,Bioplastic (PLA),69.67,6.0,82.09,1.56,56.86,8,21.92,147,5
M08597,Bioplastic (PLA),72.41,5.9,80.0,1.7,62.78,7,22.94,166,5
M08598,Bioplastic (PLA),72.08,6.0,86.92,1.99,61.13,8,21.76,139,7
M08599,Bioplastic (PLA),69.02,5.93,84.53,1.62,59.26,7,22.55,165,7
M08600,Bioplastic (PLA),69.87,4.43,94.78,2.33,63.77,7,20.39,120,8
M08601,Bioplastic (PLA),69.65,4.28,84.88,1.98,59.22,6,20.77,132,7
M08602,Bioplastic (PLA),62.94,5.9,90.98,1.78,54.08,8,21.29,148,7
M08603,Bioplastic (PLA),69.37,3.0,92.89,2.01,51.96,6,22.04,158,6
M08604,Bioplastic (PLA),68.11,3.0,87.25,1.84,58.9,8,23.06,173,6
M08605,Bioplastic (PLA),66.53,4.46,92.3,1.72,54.94,10,24.15,190,7
M08606,Bioplastic (PLA),75.21,5.47,86.37,1.69,57.47,8,21.87,135,5
M08607,Bioplastic (PLA),67.63,4.4,93.01,1.84,58.78,9,21.96,148,6
M08608,Bioplastic (PLA),72.12,5.74,82.06,1.88,56.66,7,22.16,151,6
M08609,Bioplastic (PLA),65.98,3.81,89.55,1.72,55.17,7,20.95,139,8
M08610,Bioplastic (PLA),64.96,6.0,83.54,2.14,65.0,9,23.05,175,6
M08611,Bioplastic (PLA),75.45,5.09,89.77,1.9,59.84,8,22.7,151,7
M08612,Bioplastic (PLA),78.83,5.16,83.03,2.06,50.0,8,23.58,162,5
M08613,Bioplastic (PLA),71.96,4.7,85.15,2.03,57.08,7,22.0,148,5
M08614,Bioplastic (PLA),74.86,5.61,88.02,1.69,61.68,8,21.29,124,5
M08615,Bioplastic (PLA),65.47,6.0,84.1,1.55,56.31,7,21.9,159,8
M08616,Bioplastic (PLA),70.84,4.05,88.29,1.89,61.01,7,21.58,142,7
M08617,Bioplastic (PLA),70.28,4.87,85.53,1.86,60.54,9,21.58,135,6
M08618,Bioplastic (PLA),72.29,4.42,83.44,1.88,58.79,9,24.08,181,6
M08619,Bioplastic (PLA),71.97,5.48,91.62,1.42,58.27,6,22.25,157,7
M08620,Bioplastic (PLA),74.57,5.13,88.2,2.27,54.46,6,23.46,176,8
M08621,Bioplastic (PLA),68.6,5.02,87.43,2.35,60.48,9,21.96,146,6
M08622,Bioplastic (PLA),75.34,5.57,85.41,2.04,54.5,7,22.33,148,6
M08623,Bioplastic (PLA),71.42,3.66,86.5,1.41,61.77,9,24.09,183,7
M08624,Bioplastic (PLA),70.96,5.07,90.17,1.51,56.43,8,22.75,161,7
M08625,Bioplastic (PLA),73.26,3.93,90.57,2.32,65.0,6,20.53,120,8
M08626,Bioplastic (PLA),75.75,3.74,83.84,1.51,57.3,8,22.03,137,6
M08627,Bioplastic (PLA),68.07,4.98,88.82,1.57,59.07,7,21.46,145,7
M08628,Bioplastic (PLA),67.12,5.9,84.58,1.57,51.6,6,20.16,125,8
M08629,Bioplastic (PLA),71.68,6.0,89.83,1.89,64.4,7,22.02,149,6
M08630,Bioplastic (PLA),60.26,4.81,88.24,1.48,65.0,8,21.98,167,6
M08631,Bioplastic (PLA),71.22,5.41,93.4,2.5,55.61,8,21.97,145,6
M08632,Bioplastic (PLA),76.66,6.0,85.96,2.23,57.11,6,21.52,133,6
M08633,Bioplastic (PLA),75.12,4.41,84.09,2.43,57.17,9,22.21,138,6
M08634,Bioplastic (PLA),70.41,5.23,85.82,1.6,54.7,8,21.79,143,6
M08635,Bioplastic (PLA),70.93,5.52,86.83,1.81,63.33,8,23.04,167,6
M08636,Bioplastic (PLA),73.68,3.85,86.03,2.04,55.53,8,22.57,152,8
M08637,Bioplastic (PLA),69.26,3.39,90.47,2.1,52.95,9,21.53,136,7
M08638,Bioplastic (PLA),75.26,3.0,90.4,2.35,65.0,7,20.93,120,8
M08639,Bioplastic (PLA),71.17,4.85,95.0,1.81,62.43,8,22.02,146,7
M08640,Bioplastic (PLA),75.76,3.54,92.29,1.83,51.33,6,21.48,134,6
M08641,Bioplastic (PLA),60.24,5.9,88.89,2.09,57.93,6,20.67,149,6
M08642,Bioplastic (PLA),69.93,5.35,86.78,1.69,56.27,7,22.24,157,7
M08643,Bioplastic (PLA),65.18,4.18,88.81,1.77,54.16,6,20.67,139,7
M08644,Bioplastic (PLA),70.95,5.72,87.88,2.21,61.54,7,21.34,137,7
M08645,Bioplastic (PLA),72.77,5.62,86.2,1.76,54.5,7,22.58,158,7
M08646,Bioplastic (PLA),61.62,6.0,87.57,1.5,59.51,7,20.06,130,7
M08647,Bioplastic (PLA),71.61,3.65,88.26,2.17,64.32,7,22.31,155,7
M08648,Bioplastic (PLA),66.48,3.23,93.31,2.23,56.57,9,20.8,127,6
M08649,Bioplastic (PLA),62.91,6.0,82.12,2.43,50.0,7,20.24,131,7
M08650,Bioplastic (PLA),69.03,4.76,87.17,1.67,62.15,8,22.7,164,6
M08651,Bioplastic (PLA),63.32,4.84,89.9,1.88,64.26,10,21.48,143,6
M08652,Bioplastic (PLA),73.85,6.0,85.48,2.25,52.65,8,22.44,149,6
M08653,Bioplastic (PLA),74.83,4.28,84.53,2.41,64.6,8,21.98,138,5
M08654,Bioplastic (PLA),70.71,4.76,93.67,1.68,55.9,7,20.87,128,5
M08655,Bioplastic (PLA),70.31,3.0,85.72,2.33,60.42,8,21.38,135,7
M08656,Bioplastic (PLA),73.21,5.94,88.5,1.89,59.53,7,22.57,157,7
M08657,Bioplastic (PLA),73.57,6.0,91.1,1.7,53.53,8,20.96,120,7
M08658,Bioplastic (PLA),65.22,4.65,88.79,2.31,59.79,9,21.82,150,5
M08659,Bioplastic (PLA),65.74,4.12,85.73,2.07,54.34,7,23.02,181,7
M08660,Bioplastic (PLA),65.57,4.94,88.51,1.4,62.47,7,20.26,126,9
M08661,Bioplastic (PLA),72.94,4.59,87.48,1.9,56.81,6,21.74,145,9
M08662,Bioplastic (PLA),69.15,6.0,86.47,2.22,62.55,7,23.12,176,7
M08663,Bioplastic (PLA),63.04,5.12,90.78,2.23,65.0,7,21.75,161,6
M08664,Bioplastic (PLA),71.3,5.87,88.43,1.58,59.03,7,21.28,135,7
M08665,Bioplastic (PLA),62.65,6.0,89.85,2.19,57.08,8,22.12,165,5
M08666,Bioplastic (PLA),76.78,3.0,86.47,2.18,57.1,6,20.88,120,7
M08667,Bioplastic (PLA),72.95,4.13,87.81,2.38,59.41,9,21.85,135,7
M08668,Bioplastic (PLA),60.58,4.59,80.0,1.81,53.93,8,19.76,122,7
M08669,Bioplastic (PLA),73.16,4.94,90.43,1.8,51.09,8,21.12,124,8
M08670,Bioplastic (PLA),67.83,6.0,86.96,1.87,60.4,7,23.18,180,7
M08671,Bioplastic (PLA),71.34,6.0,80.0,2.31,54.14,8,22.58,157,8
M08672,Bioplastic (PLA),73.04,3.68,92.29,2.14,53.37,8,23.35,169,7
M08673,Bioplastic (PLA),72.75,3.63,94.13,1.77,57.27,8,23.18,166,9
M08674,Bioplastic (PLA),76.42,6.0,91.33,2.05,59.76,7,21.64,132,6
M08675,Bioplastic (PLA),73.69,3.0,84.6,2.26,60.15,7,21.32,131,5
M08676,Bioplastic (PLA),71.58,6.0,88.36,1.81,57.84,6,21.81,149,7
M08677,Bioplastic (PLA),71.26,4.52,89.18,1.91,58.19,8,21.88,143,6
M08678,Bioplastic (PLA),70.9,5.87,83.5,2.04,56.06,6,21.79,150,5
M08679,Bioplastic (PLA),80.0,4.59,83.86,2.47,54.81,7,21.45,121,5
M08680,Bioplastic (PLA),71.49,5.52,84.51,1.81,61.22,6,22.5,163,8
M08681,Bioplastic (PLA),73.91,5.22,86.15,1.93,58.77,7,22.04,145,5
M08682,Bioplastic (PLA),74.72,4.95,85.76,2.49,58.72,7,22.57,154,7
M08683,Bioplastic (PLA),80.0,4.71,88.99,2.21,52.77,8,22.75,143,5
M08684,Bioplastic (PLA),76.09,4.73,87.03,2.24,57.82,7,23.51,170,5
M08685,Bioplastic (PLA),78.81,4.19,87.09,1.51,58.44,7,22.53,145,7
M08686,Bioplastic (PLA),75.22,5.17,87.47,1.94,60.33,7,23.27,167,7
M08687,Bioplastic (PLA),63.1,4.31,86.88,1.4,59.3,7,21.76,161,7
M08688,Bioplastic (PLA),61.67,6.0,85.03,1.95,57.62,6,22.22,177,6
M08689,Bioplastic (PLA),76.24,5.93,83.32,2.17,57.82,9,23.77,167,5
M08690,Bioplastic (PLA),70.68,3.83,86.06,1.99,58.14,6,21.67,148,6
M08691,Bioplastic (PLA),69.9,3.0,84.17,2.01,51.74,8,22.39,156,6
M08692,Bioplastic (PLA),60.41,6.0,82.17,2.04,57.77,7,20.24,136,5
M08693,Bioplastic (PLA),68.05,5.61,85.7,1.86,53.93,10,22.05,145,8
M08694,Bioplastic (PLA),70.12,4.7,90.13,1.86,55.82,8,22.01,148,8
M08695,Bioplastic (PLA),70.61,6.0,84.06,2.14,54.09,7,20.46,120,7
M08696,Bioplastic (PLA),78.25,4.64,88.93,2.09,65.0,9,22.57,139,6
M08697,Bioplastic (PLA),68.36,4.27,91.55,2.11,55.15,9,20.64,120,5
M08698,Bioplastic (PLA),70.66,6.0,87.63,2.04,63.56,8,21.52,137,7
M08699,Bioplastic (PLA),69.3,5.9,94.61,1.89,63.87,6,21.23,142,7
M08700,Bioplastic (PLA),65.0,6.0,86.77,1.84,56.7,7,21.3,148,6
M08701,Bioplastic (PLA),70.78,5.18,87.82,1.87,65.0,8,22.83,163,6
M08702,Bioplastic (PLA),66.98,4.61,88.0,1.72,56.47,9,20.65,123,7
M08703,Bioplastic (PLA),61.46,4.35,81.24,1.85,59.23,9,22.8,177,7
M08704,Bioplastic (PLA),70.73,4.65,90.66,2.36,50.68,8,23.92,185,6
M08705,Bioplastic (PLA),64.38,5.47,89.25,2.43,50.0,7,22.04,164,5
M08706,Bioplastic (PLA),75.31,4.8,92.09,2.5,58.82,8,22.23,142,6
M08707,Bioplastic (PLA),67.03,5.29,95.0,2.01,51.68,8,21.25,139,6
M08708,Bioplastic (PLA),71.97,3.5,88.09,1.96,63.17,8,20.8,120,7
M08709,Bioplastic (PLA),80.0,5.05,86.77,2.16,51.46,7,24.9,190,7
M08710,Bioplastic (PLA),71.49,5.83,94.01,1.59,61.25,7,20.55,120,7
M08711,Bioplastic (PLA),65.16,4.79,85.9,2.11,57.71,8,21.17,141,7
M08712,Bioplastic (PLA),71.8,6.0,82.32,1.71,55.82,8,22.58,156,5
M08713,Bioplastic (PLA),75.16,5.68,90.22,2.1,57.39,7,22.37,149,7
M08714,Bioplastic (PLA),72.32,6.0,87.0,2.05,61.33,7,21.53,138,8
M08715,Bioplastic (PLA),76.57,3.93,85.01,1.76,58.29,8,21.71,129,8
M08716,Bioplastic (PLA),68.76,6.0,82.42,1.93,55.89,6,21.73,153,6
M08717,Bioplastic (PLA),67.32,5.13,87.92,1.4,59.76,7,23.23,182,6
M08718,Bioplastic (PLA),66.26,3.86,86.78,2.08,50.0,9,22.13,154,7
M08719,Bioplastic (PLA),60.0,6.0,85.4,1.4,59.66,7,19.9,130,8
M08720,Bioplastic (PLA),63.49,5.97,82.16,1.4,64.89,7,20.2,129,6
M08721,Bioplastic (PLA),69.13,4.18,95.0,2.25,59.17,6,21.46,147,8
M08722,Bioplastic (PLA),70.08,4.97,88.34,1.63,52.83,7,21.21,136,7
M08723,Bioplastic (PLA),72.93,3.76,92.48,1.96,58.83,8,21.84,139,6
M08724,Bioplastic (PLA),74.23,6.0,92.57,1.98,58.37,8,22.47,149,7
M08725,Bioplastic (PLA),65.83,6.0,89.82,1.63,50.0,9,22.78,168,5
M08726,Bioplastic (PLA),72.77,5.83,87.69,2.19,59.16,7,23.83,183,8
M08727,Bioplastic (PLA),67.28,6.0,93.27,1.99,65.0,8,21.83,150,6
M08728,Bioplastic (PLA),73.13,4.15,83.92,1.93,65.0,8,21.21,126,6
M08729,Bioplastic (PLA),73.1,4.05,86.27,1.63,63.02,8,21.41,130,5
M08730,Bioplastic (PLA),69.76,4.79,88.5,1.76,61.18,8,20.58,120,7
M08731,Bioplastic (PLA),64.45,5.28,85.78,2.16,63.0,7,20.59,135,6
M08732,Bioplastic (PLA),73.32,4.32,87.71,2.13,53.72,9,22.28,143,5
M08733,Bioplastic (PLA),64.59,4.55,92.36,2.03,59.48,8,20.81,135,9
M08734,Bioplastic (PLA),69.23,4.69,93.75,1.93,56.46,7,22.42,162,7
M08735,Bioplastic (PLA),70.64,5.68,81.64,2.1,55.99,8,23.26,172,5
M08736,Bioplastic (PLA),71.92,5.07,85.26,2.0,62.25,8,22.89,162,8
M08737,Bioplastic (PLA),68.65,6.0,90.8,2.13,55.95,8,21.32,137,5
M08738,Bioplastic (PLA),64.45,3.0,92.89,1.95,56.22,7,21.2,147,5
M08739,Bioplastic (PLA),74.63,6.0,85.49,1.72,61.55,6,21.76,142,6
M08740,Bioplastic (PLA),80.0,5.5,90.28,1.83,57.57,8,23.85,165,7
M08741,Bioplastic (PLA),68.38,4.48,89.83,1.4,61.81,6,21.49,149,6
M08742,Bioplastic (PLA),60.0,4.76,81.27,1.99,55.73,8,21.7,162,8
M08743,Bioplastic (PLA),73.35,6.0,89.15,2.43,58.31,7,20.93,124,8
M08744,Bioplastic (PLA),65.82,3.0,85.63,1.76,62.51,8,22.28,162,5
M08745,Bioplastic (PLA),67.25,6.0,89.58,1.62,59.91,6,20.82,138,5
M08746,Bioplastic (PLA),66.11,5.37,85.98,1.67,62.92,6,19.81,120,6
M08747,Bioplastic (PLA),65.06,6.0,84.41,1.75,56.5,8,21.26,143,5
M08748,Bioplastic (PLA),69.7,3.75,86.01,2.18,61.96,8,21.72,143,7
M08749,Bioplastic (PLA),61.19,4.42,88.76,2.02,59.82,6,20.22,138,6
M08750,Bioplastic (PLA),64.48,5.65,81.55,1.87,50.0,7,21.4,151,5
M08751,Bioplastic (PLA),71.04,4.46,81.44,1.87,56.89,7,22.85,167,7
M08752,Bioplastic (PLA),69.65,3.03,88.74,1.56,59.38,9,22.46,154,7
M08753,Bioplastic (PLA),72.48,3.72,93.73,1.52,57.48,8,22.6,155,7
M08754,Bioplastic (PLA),64.16,5.42,84.85,1.93,63.6,6,20.87,145,6
M08755,Bioplastic (PLA),75.16,4.29,88.58,1.52,61.1,6,20.72,120,5
M08756,Bioplastic (PLA),62.93,5.91,95.0,1.4,58.18,9,20.59,130,6
M08757,Bioplastic (PLA),66.48,4.77,92.93,1.97,55.24,8,22.0,155,7
M08758,Bioplastic (PLA),68.17,5.03,88.62,2.02,52.69,7,20.82,132,7
M08759,Bioplastic (PLA),74.83,6.0,89.45,2.35,60.36,6,22.98,166,6
M08760,Bioplastic (PLA),73.86,3.41,92.31,2.08,57.33,9,24.69,190,6
M08761,Bioplastic (PLA),74.44,3.2,89.86,1.89,62.01,7,23.04,164,6
M08762,Bioplastic (PLA),74.62,4.67,90.77,2.1,58.79,7,23.11,165,7
M08763,Bioplastic (PLA),69.89,6.0,87.65,1.95,58.62,7,22.09,154,6
M08764,Bioplastic (PLA),77.18,4.42,87.31,2.31,60.51,7,22.17,141,5
M08765,Bioplastic (PLA),73.25,5.06,95.0,1.79,58.67,9,23.43,166,5
M08766,Bioplastic (PLA),62.08,6.0,95.0,1.4,60.55,8,21.36,151,6
M08767,Bioplastic (PLA),71.73,5.58,93.16,1.67,61.24,8,20.82,121,6
M08768,Bioplastic (PLA),74.64,5.55,84.06,1.78,57.34,7,21.51,133,7
M08769,Bioplastic (PLA),67.1,5.79,80.0,1.57,61.94,7,21.21,142,6
M08770,Bioplastic (PLA),66.96,3.0,87.32,2.21,55.87,9,22.1,152,8
M08771,Bioplastic (PLA),70.48,6.0,89.58,1.6,54.75,8,21.15,130,7
M08772,Bioplastic (PLA),63.96,6.0,91.75,2.1,61.2,7,20.85,141,7
M08773,Bioplastic (PLA),66.55,4.33,81.0,2.06,51.85,10,21.8,143,5
M08774,Bioplastic (PLA),68.45,4.31,84.67,1.4,56.86,8,22.3,157,6
M08775,Bioplastic (PLA),65.28,4.23,91.05,1.73,53.71,8,21.43,146,7
M08776,Bioplastic (PLA),74.91,4.03,90.12,1.95,57.62,7,20.89,120,6
M08777,Bioplastic (PLA),69.13,3.85,83.94,1.82,56.84,8,23.06,171,6
M08778,Bioplastic (PLA),67.45,5.32,86.93,1.94,59.02,8,21.1,135,6
M08779,Bioplastic (PLA),68.07,4.8,87.69,1.52,56.03,9,20.96,127,7
M08780,Bioplastic (PLA),61.09,4.82,84.86,1.4,61.78,8,23.16,189,7
M08781,Bioplastic (PLA),73.94,4.35,94.68,1.68,55.01,6,24.09,190,6
M08782,Bioplastic (PLA),75.84,4.05,91.86,2.15,50.0,7,21.78,136,6
M08783,Bioplastic (PLA),66.45,6.0,88.19,1.79,56.39,6,21.04,144,8
M08784,Bioplastic (PLA),75.18,3.14,93.35,1.45,61.68,6,21.97,145,8
M08785,Bioplastic (PLA),73.99,4.77,86.98,1.75,60.46,8,22.3,146,5
M08786,Bioplastic (PLA),68.44,3.65,82.75,2.04,58.1,7,23.49,185,7
M08787,Bioplastic (PLA),65.81,3.83,87.51,1.4,60.94,8,21.53,147,8
M08788,Bioplastic (PLA),75.03,6.0,92.48,2.3,56.06,8,21.55,129,5
M08789,Bioplastic (PLA),73.72,5.05,84.1,2.25,59.44,8,23.27,166,8
M08790,Bioplastic (PLA),68.58,5.67,87.16,1.9,56.03,8,20.46,120,7
M08791,Bioplastic (PLA),61.43,5.2,92.65,1.4,59.53,6,19.34,120,6
M08792,Bioplastic (PLA),65.88,4.96,83.79,1.4,57.16,7,21.69,154,8
M08793,Bioplastic (PLA),73.09,5.7,95.0,2.36,58.02,8,23.31,168,7
M08794,Bioplastic (PLA),68.88,5.06,84.73,1.76,52.04,8,22.29,156,7
M08795,Bioplastic (PLA),75.86,4.62,93.31,1.93,52.4,7,22.09,142,7
M08796,Bioplastic (PLA),76.79,4.44,86.7,1.89,60.38,9,22.73,145,7
M08797,Bioplastic (PLA),77.49,4.03,84.22,2.43,55.61,8,23.0,153,7
M08798,Bioplastic (PLA),71.59,5.81,80.0,1.71,56.02,8,21.61,137,8
M08799,Bioplastic (PLA),77.06,5.93,89.07,2.04,56.38,7,22.41,146,7
M08800,Bioplastic (PLA),71.03,5.42,82.5,2.28,60.9,8,22.55,157,5
M08801,Bioplastic (PLA),71.25,4.27,88.94,2.26,52.54,8,20.73,120,7
M08802,Bioplastic (PLA),60.79,3.86,86.68,1.8,55.14,7,20.63,143,7
M08803,Bioplastic (PLA),65.49,6.0,90.82,1.83,50.98,8,23.15,180,6
M08804,Bioplastic (PLA),62.08,5.87,86.95,2.03,65.0,7,19.61,120,6
M08805,Bioplastic (PLA),74.27,6.0,89.92,2.12,52.34,6,22.13,150,6
M08806,Bioplastic (PLA),68.07,6.0,82.99,1.81,57.52,10,22.11,146,5
M08807,Bioplastic (PLA),70.2,4.32,87.1,1.57,56.98,7,23.27,177,5
M08808,Bioplastic (PLA),70.47,5.58,85.68,1.88,63.67,7,21.0,131,5
M08809,Bioplastic (PLA),74.54,4.12,88.58,1.65,63.69,6,21.9,145,6
M08810,Bioplastic (PLA),65.45,5.83,86.85,1.54,60.71,9,20.55,124,5
M08811,Bioplastic (PLA),70.82,6.0,95.0,1.83,64.5,8,23.43,175,6
M08812,Bioplastic (PLA),70.05,5.9,86.96,1.93,56.82,8,22.51,158,7
M08813,Bioplastic (PLA),69.27,5.08,88.73,2.49,54.32,8,21.88,147,7
M08814,Bioplastic (PLA),76.01,3.19,87.83,2.08,53.81,7,21.4,128,8
M08815,Bioplastic (PLA),69.2,4.26,84.52,1.54,65.0,8,20.52,120,5
M08816,Bioplastic (PLA),76.33,4.01,80.93,1.73,58.96,6,21.83,140,5
M08817,Bioplastic (PLA),70.45,3.0,85.05,1.88,57.03,7,22.14,154,6
M08818,Bioplastic (PLA),74.14,3.98,84.43,1.8,56.03,8,21.91,138,7
M08819,Bioplastic (PLA),67.5,5.43,89.19,1.74,57.55,8,21.25,138,6
M08820,Bioplastic (PLA),71.95,6.0,91.71,1.42,57.94,7,21.79,144,7
M08821,Bioplastic (PLA),79.67,5.52,80.0,1.79,60.82,9,23.17,148,7
M08822,Bioplastic (PLA),71.26,5.17,95.0,1.77,60.97,7,22.28,155,5
M08823,Bioplastic (PLA),70.73,4.45,80.21,1.41,61.48,6,22.52,165,8
M08824,Bioplastic (PLA),80.0,6.0,80.3,2.5,64.86,7,22.05,133,5
M08825,Bioplastic (PLA),73.15,3.58,84.24,2.24,65.0,9,23.57,169,7
M08826,Bioplastic (PLA),67.94,5.58,88.74,2.27,65.0,9,21.59,140,7
M08827,Bioplastic (PLA),69.49,5.52,85.67,1.53,60.55,6,21.05,138,7
M08828,Bioplastic (PLA),70.09,5.08,85.17,1.94,58.65,8,22.71,162,5
M08829,Bioplastic (PLA),62.07,5.7,82.47,1.87,50.0,8,22.86,181,8
M08830,Bioplastic (PLA),72.64,5.9,90.3,1.97,50.0,6,20.46,120,8
M08831,Bioplastic (PLA),66.97,6.0,80.69,2.29,60.77,8,21.0,134,6
M08832,Bioplastic (PLA),75.3,3.09,92.54,1.47,50.0,8,22.68,151,5
M08833,Bioplastic (PLA),75.04,6.0,91.73,1.92,63.1,7,22.8,158,6
M08834,Bioplastic (PLA),69.6,4.0,89.39,2.04,57.14,7,22.36,160,6
M08835,Bioplastic (PLA),75.52,5.57,85.84,1.97,61.34,6,20.75,120,6
M08836,Bioplastic (PLA),73.84,6.0,85.58,2.5,57.06,8,22.13,143,7
M08837,Bioplastic (PLA),69.29,3.34,83.76,1.4,62.82,6,21.43,146,7
M08838,Bioplastic (PLA),64.24,3.37,95.0,2.3,56.0,8,23.12,182,5
M08839,Bioplastic (PLA),74.13,4.46,89.14,1.64,62.64,9,24.31,182,6
M08840,Bioplastic (PLA),73.86,6.0,95.0,1.77,56.44,7,22.29,150,9
M08841,Bioplastic (PLA),67.02,5.88,86.26,2.31,55.16,6,20.7,136,6
M08842,Bioplastic (PLA),70.55,4.68,81.95,1.41,52.4,8,21.11,129,7
M08843,Bioplastic (PLA),70.09,5.36,86.5,1.66,65.0,9,22.51,154,7
M08844,Bioplastic (PLA),67.25,5.76,86.97,2.06,55.29,8,22.13,156,7
M08845,Bioplastic (PLA),68.91,3.0,90.4,2.18,65.0,7,20.29,120,7
M08846,Bioplastic (PLA),60.05,5.82,95.0,1.59,59.01,7,20.6,144,7
M08847,Bioplastic (PLA),68.08,4.6,86.93,1.94,60.72,9,20.81,124,7
M08848,Bioplastic (PLA),76.0,4.94,92.04,2.03,61.52,8,23.55,167,5
M08849,Bioplastic (PLA),66.69,4.9,91.54,1.4,60.52,6,21.22,147,8
M08850,Bioplastic (PLA),73.14,6.0,82.39,2.5,58.61,8,22.21,146,6
M08851,Bioplastic (PLA),69.38,5.38,83.96,1.91,63.42,8,22.54,160,6
M08852,Bioplastic (PLA),66.65,5.04,85.0,2.46,53.6,8,20.52,125,7
M08853,Bioplastic (PLA),67.5,4.66,90.4,1.77,56.15,8,21.6,145,5
M08854,Bioplastic (PLA),66.64,5.86,89.78,1.82,56.6,7,22.71,173,6
M08855,Bioplastic (PLA),72.2,6.0,94.23,2.15,57.52,7,20.97,127,7
M08856,Bioplastic (PLA),61.35,5.22,86.17,1.91,54.01,7,21.98,169,6
M08857,Bioplastic (PLA),80.0,4.82,82.19,2.05,58.99,7,23.15,155,5
M08858,Bioplastic (PLA),70.72,4.93,92.98,2.24,59.13,7,20.62,123,7
M08859,Bioplastic (PLA),60.0,4.32,91.5,2.22,59.75,7,20.5,142,7
M08860,Bioplastic (PLA),71.52,6.0,92.74,1.53,61.05,7,23.95,188,8
M08861,Bioplastic (PLA),66.64,5.76,89.72,2.36,57.69,8,23.06,176,7
M08862,Bioplastic (PLA),70.69,4.68,86.59,2.2,58.0,9,22.52,153,7
M08863,Bioplastic (PLA),68.88,6.0,95.0,1.65,59.48,6,21.44,147,8
M08864,Bioplastic (PLA),74.16,3.91,92.09,2.19,56.04,7,21.52,134,6
M08865,Bioplastic (PLA),72.29,6.0,85.0,1.6,58.04,7,21.48,137,6
M08866,Bioplastic (PLA),63.23,5.96,91.39,2.15,56.45,8,22.92,180,7
M08867,Bioplastic (PLA),70.33,4.91,85.39,1.7,51.68,6,21.38,143,7
M08868,Bioplastic (PLA),68.47,4.69,84.65,1.62,56.66,9,23.2,171,8
M08869,Bioplastic (PLA),65.84,5.87,83.63,1.79,61.21,8,20.58,128,6
M08870,Bioplastic (PLA),68.72,5.33,88.16,2.26,59.56,7,20.27,120,7
M08871,Bioplastic (PLA),70.11,3.57,91.96,1.65,62.08,8,21.21,132,7
M08872,Bioplastic (PLA),78.05,4.64,81.94,2.19,61.81,9,23.21,152,7
M08873,Bioplastic (PLA),69.66,6.0,87.46,2.16,60.02,7,23.72,187,6
M08874,Bioplastic (PLA),69.81,5.06,92.99,1.81,54.53,8,20.58,120,6
M08875,Bioplastic (PLA),70.76,5.52,85.77,1.79,53.13,6,22.13,157,7
M08876,Bioplastic (PLA),74.14,5.64,85.0,2.31,55.47,7,22.41,152,7
M08877,Bioplastic (PLA),71.21,4.38,80.0,2.26,59.88,6,21.52,144,7
M08878,Bioplastic (PLA),63.77,5.9,89.92,2.1,54.97,8,20.68,134,7
M08879,Bioplastic (PLA),73.99,3.94,86.79,2.13,55.74,8,22.15,143,8
M08880,Bioplastic (PLA),71.67,5.64,87.0,1.98,51.59,7,21.37,136,5
M08881,Bioplastic (PLA),70.47,6.0,86.25,1.89,56.47,7,22.3,157,5
M08882,Bioplastic (PLA),70.61,4.64,90.64,2.02,53.69,7,22.91,169,6
M08883,Bioplastic (PLA),72.91,4.7,90.65,2.36,57.56,9,21.34,125,6
M08884,Bioplastic (PLA),73.63,6.0,92.44,1.74,51.39,8,22.81,157,6
M08885,Bioplastic (PLA),72.29,3.86,82.67,2.09,56.7,9,24.13,182,6
M08886,Bioplastic (PLA),66.38,4.79,88.52,1.57,61.93,8,22.39,163,7
M08887,Bioplastic (PLA),75.1,5.6,89.44,1.75,56.7,8,21.46,127,6
M08888,Bioplastic (PLA),62.87,4.83,86.97,1.93,53.15,6,20.99,150,7
M08889,Bioplastic (PLA),63.19,6.0,90.8,1.87,63.07,6,21.32,156,7
M08890,Bioplastic (PLA),65.18,5.85,89.0,2.05,55.04,8,22.22,162,7
M08891,Bioplastic (PLA),65.87,5.25,86.31,1.4,56.5,6,19.89,122,7
M08892,Bioplastic (PLA),61.63,3.0,94.53,1.48,50.0,8,21.41,153,7
M08893,Bioplastic (PLA),67.29,4.88,81.43,1.45,51.86,9,21.28,135,5
M08894,Bioplastic (PLA),72.04,3.59,88.15,1.42,58.24,7,22.2,152,7
M08895,Bioplastic (PLA),75.42,6.0,85.94,2.06,52.49,9,22.74,148,8
M08896,Bioplastic (PLA),70.49,4.74,90.28,1.92,57.34,10,22.4,147,6
M08897,Bioplastic (PLA),60.88,6.0,87.74,2.06,57.05,7,20.29,136,6
M08898,Bioplastic (PLA),64.85,5.18,91.88,1.51,55.73,8,23.29,184,6
M08899,Bioplastic (PLA),68.99,3.45,92.71,2.0,52.99,7,23.8,190,6
M08900,Bioplastic (PLA),73.74,5.2,90.95,1.89,55.83,7,22.42,153,7
M08901,Bioplastic (PLA),74.9,5.65,86.05,2.35,56.48,7,23.89,180,6
M08902,Bioplastic (PLA),75.63,6.0,85.39,2.13,51.0,8,22.01,137,6
M08903,Bioplastic (PLA),77.48,6.0,91.1,2.21,55.55,7,23.25,162,5
M08904,Bioplastic (PLA),65.71,5.51,91.66,1.84,57.79,9,22.52,163,8
M08905,Bioplastic (PLA),72.42,4.05,86.35,1.69,56.48,8,23.99,183,6
M08906,Bioplastic (PLA),78.23,6.0,88.34,1.94,58.44,9,23.82,164,7
M08907,Bioplastic (PLA),71.43,5.15,90.59,1.84,63.79,7,21.89,147,7
M08908,Bioplastic (PLA),68.8,4.77,95.0,1.76,52.44,8,21.03,131,6
M08909,Bioplastic (PLA),75.01,4.17,85.62,1.76,54.81,8,23.0,158,7
M08910,Bioplastic (PLA),73.59,4.61,89.18,2.35,57.7,9,21.86,134,7
M08911,Bioplastic (PLA),66.11,3.94,80.0,1.57,60.13,8,22.41,164,7
M08912,Bioplastic (PLA),70.13,5.39,88.38,1.95,62.05,8,21.36,135,5
M08913,Bioplastic (PLA),68.92,3.0,89.8,1.68,56.44,6,22.14,161,7
M08914,Bioplastic (PLA),67.66,4.76,87.37,2.07,58.99,7,22.92,175,5
M08915,Bioplastic (PLA),67.17,4.19,90.89,1.47,54.48,9,21.32,136,7
M08916,Bioplastic (PLA),71.42,4.8,83.11,2.33,64.35,8,23.44,174,5
M08917,Bioplastic (PLA),62.13,5.93,86.3,1.55,60.62,9,20.11,122,8
M08918,Bioplastic (PLA),68.46,4.37,85.1,1.74,59.67,7,21.45,144,8
M08919,Bioplastic (PLA),74.57,5.09,92.2,1.45,53.17,7,21.66,136,6
M08920,Bioplastic (PLA),73.59,5.19,80.68,2.04,53.22,8,21.91,139,6
M08921,Bioplastic (PLA),75.74,5.27,86.81,2.22,56.46,6,23.62,177,6
M08922,Bioplastic (PLA),60.99,5.61,83.18,1.91,57.46,8,22.2,170,6
M08923,Bioplastic (PLA),76.79,3.0,90.63,1.47,58.51,8,22.03,135,8
M08924,Bioplastic (PLA),77.04,5.47,88.59,2.05,61.11,8,21.8,130,7
M08925,Bioplastic (PLA),72.57,6.0,88.79,2.22,52.86,7,22.11,149,6
M08926,Bioplastic (PLA),66.09,3.66,80.95,2.01,56.08,8,20.21,120,6
M08927,Bioplastic (PLA),65.16,4.56,93.35,1.7,59.86,8,22.07,159,6
M08928,Bioplastic (PLA),65.71,5.26,86.19,1.67,62.38,9,23.27,178,6
M08929,Bioplastic (PLA),75.52,5.04,95.0,1.85,65.0,7,23.0,161,7
M08930,Bioplastic (PLA),70.14,5.56,92.55,1.9,57.25,7,20.76,127,6
M08931,Bioplastic (PLA),75.95,3.83,82.99,2.17,59.17,8,24.25,181,8
M08932,Bioplastic (PLA),67.46,4.66,88.28,2.17,55.31,8,21.25,138,7
M08933,Bioplastic (PLA),70.03,4.12,90.08,1.63,55.77,7,22.0,152,5
M08934,Bioplastic (PLA),77.13,5.21,88.34,2.25,63.62,7,22.91,156,7
M08935,Bioplastic (PLA),62.37,4.27,87.29,1.4,60.45,7,20.49,137,7
M08936,Bioplastic (PLA),70.23,4.1,87.25,2.01,62.86,8,23.57,179,7
M08937,Bioplastic (PLA),62.56,5.63,89.82,1.93,59.7,9,21.71,153,8
M08938,Bioplastic (PLA),67.23,5.68,87.16,1.51,56.55,9,21.02,130,5
M08939,Bioplastic (PLA),69.38,3.94,84.16,1.82,56.49,7,22.94,172,6
M08940,Bioplastic (PLA),69.09,5.36,91.28,1.4,62.78,8,21.26,135,7
M08941,Bioplastic (PLA),68.76,4.14,88.48,1.91,56.26,8,21.38,138,7
M08942,Bioplastic (PLA),71.15,3.44,95.0,2.15,55.92,7,22.91,168,8
M08943,Bioplastic (PLA),79.3,5.61,84.95,1.99,57.03,7,24.83,190,6
M08944,Bioplastic (PLA),63.97,6.0,88.36,1.77,53.18,7,22.2,168,6
M08945,Bioplastic (PLA),67.98,5.99,93.6,2.21,53.68,8,21.55,143,6
M08946,Bioplastic (PLA),68.59,4.1,90.03,2.07,55.03,7,22.21,159,6
M08947,Bioplastic (PLA),74.43,4.05,89.51,1.54,61.41,7,22.09,145,6
M08948,Bioplastic (PLA),71.9,4.12,80.0,1.74,58.27,9,21.74,135,5
M08949,Bioplastic (PLA),73.58,5.69,88.87,1.49,60.2,7,21.56,136,7
M08950,Bioplastic (PLA),70.83,5.22,81.39,1.79,52.39,9,21.88,140,5
M08951,Bioplastic (PLA),73.34,3.0,90.03,1.71,53.96,7,22.78,161,7
M08952,Bioplastic (PLA),80.0,4.67,86.12,2.23,53.07,7,24.3,178,6
M08953,Bioplastic (PLA),72.21,4.44,83.98,2.2,62.35,8,23.12,166,7
M08954,Bioplastic (PLA),71.8,5.82,82.53,1.74,52.92,7,24.03,189,8
M08955,Bioplastic (PLA),63.82,4.74,89.02,1.73,62.9,7,23.03,185,5
M08956,Bioplastic (PLA),69.81,6.0,91.61,1.94,65.0,7,21.48,142,6
M08957,Bioplastic (PLA),65.6,4.96,86.77,1.64,54.15,8,21.46,146,6
M08958,Bioplastic (PLA),68.55,4.95,88.92,1.66,52.82,9,22.56,158,8
M08959,Bioplastic (PLA),67.41,6.0,95.0,1.4,57.37,8,21.09,135,6
M08960,Bioplastic (PLA),70.93,4.6,83.99,1.97,59.33,8,21.99,146,6
M08961,Bioplastic (PLA),66.29,6.0,86.62,1.83,59.08,6,19.83,120,7
M08962,Bioplastic (PLA),71.3,4.58,84.6,1.47,55.64,8,22.43,154,7
M08963,Bioplastic (PLA),61.13,5.41,89.18,1.4,61.68,7,20.86,147,7
M08964,Bioplastic (PLA),69.58,4.57,88.69,2.09,51.82,8,20.56,120,6
M08965,Bioplastic (PLA),75.13,5.46,92.61,2.05,50.07,8,22.26,143,5
M08966,Bioplastic (PLA),67.49,5.54,92.25,1.87,57.15,8,22.75,168,8
M08967,Bioplastic (PLA),72.8,3.84,92.52,1.89,59.48,7,21.63,139,7
M08968,Bioplastic (PLA),73.68,5.13,83.93,1.8,55.1,9,22.42,145,8
M08969,Bioplastic (PLA),67.86,3.65,86.87,1.4,60.27,6,22.64,173,6
M08970,Bioplastic (PLA),73.71,6.0,95.0,2.1,64.38,8,21.47,130,8
M08971,Bioplastic (PLA),60.0,3.47,80.0,1.7,65.0,7,22.35,179,7
M08972,Bioplastic (PLA),72.62,5.14,89.02,2.4,64.09,9,21.81,135,8
M08973,Bioplastic (PLA),69.49,4.66,86.67,2.01,57.58,10,21.85,138,6
M08974,Bioplastic (PLA),72.86,4.73,84.0,1.77,59.85,8,21.94,141,6
M08975,Bioplastic (PLA),67.45,5.01,89.47,2.17,57.86,7,22.84,174,6
M08976,Bioplastic (PLA),76.18,3.3,88.64,2.17,64.15,8,23.52,166,6
M08977,Bioplastic (PLA),71.86,3.85,88.37,1.77,57.96,8,22.39,152,6
M08978,Bioplastic (PLA),72.63,4.77,83.01,1.43,53.07,8,22.11,145,7
M08979,Bioplastic (PLA),69.03,6.0,88.9,1.43,63.06,7,20.9,132,7
M08980,Bioplastic (PLA),74.24,5.69,91.31,1.85,59.37,6,20.62,120,6
M08981,Bioplastic (PLA),71.15,3.62,94.17,2.03,63.82,8,21.12,128,5
M08982,Bioplastic (PLA),68.88,5.21,84.53,1.95,57.97,9,22.84,163,8
M08983,Bioplastic (PLA),61.99,5.99,87.66,1.65,55.41,8,20.65,137,5
M08984,Bioplastic (PLA),68.41,4.85,89.01,1.62,59.81,8,20.44,120,5
M08985,Bioplastic (PLA),72.37,4.98,83.49,2.28,59.62,9,23.49,169,6
M08986,Bioplastic (PLA),74.58,6.0,81.5,1.5,61.72,6,23.91,185,7
M08987,Bioplastic (PLA),70.94,6.0,82.62,2.07,52.78,8,22.54,157,7
M08988,Bioplastic (PLA),80.0,5.28,89.24,2.45,61.85,9,23.35,151,7
M08989,Bioplastic (PLA),70.15,6.0,94.19,2.06,65.0,8,23.02,168,7
M08990,Bioplastic (PLA),65.08,5.52,94.38,1.7,56.88,8,20.76,133,6
M08991,Bioplastic (PLA),69.98,4.55,89.89,2.22,59.68,6,22.1,158,8
M08992,Bioplastic (PLA),60.0,4.27,91.03,1.91,54.55,8,22.2,172,8
M08993,Bioplastic (PLA),80.0,5.8,89.49,2.05,50.51,7,23.7,166,7
M08994,Bioplastic (PLA),60.0,4.96,86.27,2.0,56.51,7,21.3,158,6
M08995,Bioplastic (PLA),65.35,4.67,92.9,1.93,54.85,9,21.39,141,7
M08996,Bioplastic (PLA),68.11,4.4,85.78,1.55,59.88,6,20.41,128,6
M08997,Bioplastic (PLA),66.98,4.44,82.97,1.51,53.76,9,21.8,146,6
M08998,Bioplastic (PLA),61.84,4.0,82.09,2.33,57.94,7,21.88,166,8
M08999,Bioplastic (PLA),72.69,4.24,88.8,1.43,57.27,9,23.22,163,6
M09000,Bioplastic (PLA),75.19,3.54,87.6,2.3,59.09,8,23.02,158,6
M09001,Bioplastic (PLA),60.24,5.95,95.0,2.06,62.44,8,19.62,120,6
M09002,Bioplastic (PLA),72.42,4.92,87.35,1.79,60.14,7,20.89,125,7
M09003,Bioplastic (PLA),77.02,4.45,89.91,2.35,56.66,6,21.9,140,7
M09004,Bioplastic (PLA),63.36,4.92,82.79,1.78,53.15,7,22.19,169,8
M09005,Bioplastic (PLA),71.34,5.56,86.02,1.94,60.99,6,22.28,159,9
M09006,Bioplastic (PLA),64.23,4.93,88.33,1.95,54.34,9,21.27,141,6
M09007,Bioplastic (PLA),70.18,5.43,95.0,1.4,59.05,6,23.37,183,6
M09008,Bioplastic (PLA),63.88,4.83,80.0,1.56,52.39,8,22.69,174,7
M09009,Bioplastic (PLA),66.58,5.49,85.83,1.8,62.83,8,20.56,126,6
M09010,Bioplastic (PLA),70.04,4.39,84.25,1.78,55.26,6,23.1,178,7
M09011,Bioplastic (PLA),66.16,5.63,89.65,1.55,61.3,7,22.37,167,7
M09012,Bioplastic (PLA),76.68,5.12,93.12,1.94,54.65,7,24.27,184,8
M09013,Bioplastic (PLA),69.03,6.0,93.05,2.03,55.94,8,23.5,180,6
M09014,Bioplastic (PLA),73.34,5.19,85.13,2.3,60.38,7,22.88,163,8
M09015,Bioplastic (PLA),67.02,3.71,95.0,2.15,57.75,8,22.15,157,6
M09016,Bioplastic (PLA),71.32,3.0,85.97,1.63,60.06,9,23.23,166,7
M09017,Bioplastic (PLA),77.09,5.06,95.0,1.93,50.0,7,24.36,185,6
M09018,Bioplastic (PLA),63.43,3.95,89.06,1.97,55.57,8,22.34,168,6
M09019,Bioplastic (PLA),68.92,4.74,84.86,1.96,61.36,7,20.89,132,8
M09020,Bioplastic (PLA),70.83,6.0,93.17,2.15,50.29,8,20.68,120,8
M09021,Bioplastic (PLA),65.92,5.08,83.98,1.45,56.37,9,21.89,150,7
M09022,Bioplastic (PLA),68.03,5.53,86.4,1.58,60.45,8,20.9,130,6
M09023,Bioplastic (PLA),73.67,4.25,89.17,1.9,56.07,8,22.27,146,7
M09024,Bioplastic (PLA),60.0,4.29,88.95,1.4,62.05,8,20.85,145,6
M09025,Bioplastic (PLA),75.56,5.79,91.54,1.46,60.05,10,22.31,135,7
M09026,Bioplastic (PLA),70.61,6.0,92.38,1.98,58.62,7,21.71,145,6
M09027,Bioplastic (PLA),69.2,4.16,83.72,1.85,63.09,8,21.07,131,8
M09028,Bioplastic (PLA),60.0,5.63,95.0,1.42,56.78,8,22.45,177,6
M09029,Bioplastic (PLA),75.64,4.67,85.05,1.79,53.41,8,22.11,139,6
M09030,Bioplastic (PLA),62.98,4.41,86.38,2.07,57.72,8,21.5,152,7
M09031,Bioplastic (PLA),62.03,4.71,87.14,1.86,58.81,7,21.05,149,6
M09032,Bioplastic (PLA),71.56,5.31,83.55,1.57,55.47,6,22.91,171,7
M09033,Bioplastic (PLA),78.96,5.34,88.47,1.98,52.6,6,22.6,150,7
M09034,Bioplastic (PLA),71.58,4.35,82.1,1.42,60.14,8,20.81,121,7
M09035,Bioplastic (PLA),73.39,3.51,86.95,1.8,54.6,6,23.34,176,6
M09036,Bioplastic (PLA),78.38,6.0,84.7,1.92,65.0,6,23.54,170,7
M09037,Bioplastic (PLA),72.63,5.43,92.31,1.84,56.05,9,22.61,151,6
M09038,Bioplastic (PLA),64.08,5.34,94.4,1.63,55.48,7,20.51,134,6
M09039,Bioplastic (PLA),61.11,5.54,88.01,1.6,50.0,7,20.96,149,6
M09040,Bioplastic (PLA),73.89,4.37,84.17,1.96,63.11,6,22.74,163,6
M09041,Bioplastic (PLA),69.52,3.6,85.72,2.5,51.18,7,22.75,168,8
M09042,Bioplastic (PLA),66.2,6.0,95.0,1.81,64.76,7,21.22,144,6
M09043,Bioplastic (PLA),76.54,6.0,85.64,2.06,54.43,7,22.25,144,6
M09044,Bioplastic (PLA),69.53,4.52,86.77,2.04,60.49,6,23.15,180,6
M09045,Bioplastic (PLA),64.94,6.0,84.41,2.3,54.55,7,21.09,144,6
M09046,Bioplastic (PLA),69.38,4.05,85.46,1.54,54.97,8,23.39,177,8
M09047,Bioplastic (PLA),74.4,4.65,83.73,1.79,54.92,8,22.34,146,6
M09048,Bioplastic (PLA),63.7,3.94,91.8,2.19,56.18,8,21.62,153,6
M09049,Bioplastic (PLA),74.05,4.87,92.67,1.69,65.0,8,22.16,143,7
M09050,Bioplastic (PLA),69.77,3.69,94.67,1.59,59.31,7,20.83,129,8
M09051,Bioplastic (PLA),72.68,3.56,83.58,1.53,56.7,7,23.27,172,6
M09052,Bioplastic (PLA),63.87,6.0,88.61,1.84,52.5,9,20.94,135,7
M09053,Bioplastic (PLA),75.56,6.0,84.48,2.16,62.09,6,23.46,174,9
M09054,Bioplastic (PLA),74.64,6.0,86.59,1.76,64.26,9,23.16,158,6
M09055,Bioplastic (PLA),66.91,4.48,94.02,2.09,57.59,7,20.39,126,6
M09056,Bioplastic (PLA),68.39,5.61,88.65,2.22,55.38,8,20.59,123,9
M09057,Bioplastic (PLA),72.7,5.6,87.35,1.46,63.27,7,22.52,157,8
M09058,Bioplastic (PLA),60.41,4.08,92.8,1.91,56.12,7,20.84,148,6
M09059,Bioplastic (PLA),68.24,4.03,88.53,1.9,57.1,7,22.02,156,7
M09060,Bioplastic (PLA),69.88,4.71,88.08,2.2,65.0,9,23.44,173,7
M09061,Bioplastic (PLA),74.24,5.38,91.3,1.98,54.81,8,22.87,157,6
M09062,Bioplastic (PLA),76.47,6.0,89.39,2.0,56.06,8,23.0,155,6
M09063,Bioplastic (PLA),69.42,5.02,88.39,1.4,60.32,7,23.39,181,7
M09064,Bioplastic (PLA),74.08,4.77,90.5,1.82,60.93,9,21.86,133,6
M09065,Bioplastic (PLA),68.77,4.79,82.93,1.91,56.87,9,22.98,166,7
M09066,Bioplastic (PLA),66.18,3.67,87.26,1.71,59.31,6,22.77,179,6
M09067,Bioplastic (PLA),67.37,4.42,82.32,1.43,58.38,8,21.09,135,6
M09068,Bioplastic (PLA),65.92,6.0,93.47,1.64,59.43,6,20.44,133,6
M09069,Bioplastic (PLA),69.86,6.0,88.24,2.19,60.4,9,21.59,136,7
M09070,Bioplastic (PLA),60.75,5.61,88.06,2.3,53.8,8,22.88,184,5
M09071,Bioplastic (PLA),74.18,5.79,93.74,1.97,59.74,7,23.22,168,7
M09072,Bioplastic (PLA),74.94,3.48,85.9,1.83,54.69,9,23.49,164,6
M09073,Bioplastic (PLA),75.07,5.63,91.44,1.91,50.0,6,21.36,133,6
M09074,Bioplastic (PLA),61.3,5.98,84.19,1.4,50.0,7,20.13,132,5
M09075,Bioplastic (PLA),60.37,4.63,86.64,1.83,53.41,10,21.89,157,6
M09076,Bioplastic (PLA),72.48,6.0,83.14,2.23,58.18,8,21.15,126,5
M09077,Bioplastic (PLA),71.83,4.63,87.96,1.42,55.75,7,22.23,153,7
M09078,Bioplastic (PLA),72.24,5.04,82.85,1.57,58.16,7,21.47,137,7
M09079,Bioplastic (PLA),67.41,5.61,80.0,1.4,62.1,7,20.99,137,9
M09080,Bioplastic (PLA),73.22,4.2,87.31,1.58,56.72,6,21.07,131,7
M09081,Bioplastic (PLA),74.77,3.2,84.47,1.49,52.22,6,23.68,180,5
M09082,Bioplastic (PLA),67.86,4.77,89.52,1.75,65.0,8,21.74,147,5
M09083,Bioplastic (PLA),69.17,5.07,95.0,2.3,60.5,8,23.12,172,6
M09084,Bioplastic (PLA),72.46,3.73,90.61,1.62,53.47,9,21.25,124,7
M09085,Bioplastic (PLA),65.09,3.0,82.39,2.37,60.74,6,20.01,126,8
M09086,Bioplastic (PLA),70.9,6.0,87.8,1.91,52.8,9,21.79,138,8
M09087,Bioplastic (PLA),70.14,4.94,80.0,2.04,62.8,7,21.41,140,8
M09088,Bioplastic (PLA),75.48,5.59,89.04,2.09,50.54,7,22.05,142,6
M09089,Bioplastic (PLA),66.78,4.32,92.56,2.18,60.18,8,21.93,153,5
M09090,Bioplastic (PLA),64.18,3.74,88.37,1.97,60.31,8,22.82,176,5
M09091,Bioplastic (PLA),74.78,6.0,95.0,1.91,60.55,6,20.83,123,7
M09092,Bioplastic (PLA),68.99,4.03,81.67,1.74,52.93,6,23.6,190,6
M09093,Bioplastic (PLA),61.73,5.02,80.0,1.88,60.31,6,19.97,132,6
M09094,Bioplastic (PLA),66.77,4.82,92.97,2.3,55.07,9,21.78,146,6
M09095,Bioplastic (PLA),67.0,5.89,84.81,1.73,61.44,8,21.9,152,6
M09096,Bioplastic (PLA),76.1,5.52,85.13,2.27,53.54,6,22.86,161,6
M09097,Bioplastic (PLA),71.99,4.04,92.0,2.03,63.55,9,22.25,145,7
M09098,Bioplastic (PLA),74.24,6.0,86.29,1.78,53.24,7,23.77,179,9
M09099,Bioplastic (PLA),78.6,6.0,84.01,1.6,52.55,8,22.96,150,6
M09100,Bioplastic (PLA),63.88,6.0,91.21,1.92,55.45,8,19.99,120,7
M09101,Bioplastic (PLA),80.0,6.0,84.94,1.93,62.89,8,21.6,120,6
M09102,Bioplastic (PLA),68.6,3.92,82.52,1.81,56.61,8,22.96,170,5
M09103,Bioplastic (PLA),76.11,6.0,84.74,2.39,61.46,10,24.11,170,6
M09104,Bioplastic (PLA),72.76,4.08,89.47,1.98,56.95,9,21.08,120,6
M09105,Bioplastic (PLA),63.21,4.24,89.14,2.43,61.37,9,21.57,149,6
M09106,Bioplastic (PLA),67.38,5.89,93.39,1.54,62.35,7,21.34,144,6
M09107,Bioplastic (PLA),68.27,4.79,89.52,1.49,60.61,8,20.43,120,6
M09108,Bioplastic (PLA),69.44,4.57,86.98,1.54,62.86,7,22.04,154,7
M09109,Bioplastic (PLA),75.22,5.73,95.0,1.88,57.9,6,20.72,120,6
M09110,Bioplastic (PLA),76.33,3.15,84.77,1.65,50.0,7,21.53,130,6
M09111,Bioplastic (PLA),73.51,4.32,91.23,2.02,58.98,8,23.1,163,5
M09112,Bioplastic (PLA),65.96,4.17,89.98,1.58,56.63,8,21.8,152,7
M09113,Bioplastic (PLA),69.62,6.0,88.7,1.79,61.9,6,20.16,120,8
M09114,Bioplastic (PLA),67.39,6.0,82.42,1.69,59.16,8,21.59,145,6
M09115,Bioplastic (PLA),77.96,6.0,89.08,1.69,58.43,8,23.25,157,6
M09116,Bioplastic (PLA),73.0,3.0,95.0,1.92,57.33,7,23.1,168,7
M09117,Bioplastic (PLA),71.92,4.56,89.53,1.42,56.62,6,21.54,143,5
M09118,Bioplastic (PLA),69.72,5.53,84.53,1.86,60.4,7,21.17,136,6
M09119,Bioplastic (PLA),67.43,4.11,80.0,1.75,57.51,6,21.89,159,7
M09120,Bioplastic (PLA),66.98,4.63,90.1,2.11,56.71,9,22.35,157,6
M09121,Bioplastic (PLA),65.05,5.54,87.02,1.8,60.13,8,20.11,120,6
M09122,Bioplastic (PLA),65.65,5.94,86.44,2.11,58.27,8,22.22,161,6
M09123,Bioplastic (PLA),71.13,6.0,84.09,2.42,61.83,6,20.31,120,6
M09124,Bioplastic (PLA),64.86,6.0,88.92,1.96,55.81,7,20.59,134,7
M09125,Bioplastic (PLA),74.41,5.57,93.46,1.73,55.77,8,22.64,152,7
M09126,Bioplastic (PLA),60.0,4.86,91.57,1.82,62.66,6,21.05,157,6
M09127,Bioplastic (PLA),75.12,4.41,93.85,2.0,56.49,8,22.61,150,8
M09128,Bioplastic (PLA),72.57,5.04,84.48,2.28,52.15,7,23.56,178,7
M09129,Bioplastic (PLA),62.64,5.34,86.6,2.07,54.51,7,21.56,158,6
M09130,Bioplastic (PLA),65.44,5.54,95.0,1.72,51.98,8,22.04,158,7
M09131,Bioplastic (PLA),70.28,5.04,95.0,2.36,55.85,6,22.33,162,7
M09132,Bioplastic (PLA),68.78,4.77,94.21,2.37,59.27,7,21.68,148,6
M09133,Bioplastic (PLA),77.55,5.63,89.34,2.01,58.36,8,21.86,130,5
M09134,Bioplastic (PLA),71.48,4.73,82.92,1.97,52.58,8,22.3,151,5
M09135,Bioplastic (PLA),74.2,5.24,91.33,2.05,55.97,6,22.07,149,6
M09136,Bioplastic (PLA),69.6,4.91,87.3,1.83,51.18,7,21.41,141,7
M09137,Bioplastic (PLA),69.44,4.05,92.54,1.92,65.0,7,22.29,159,7
M09138,Bioplastic (PLA),68.11,4.21,91.44,2.48,58.04,9,22.41,156,8
M09139,Bioplastic (PLA),77.18,5.9,85.27,1.68,56.7,7,22.12,140,7
M09140,Bioplastic (PLA),79.83,4.88,83.48,1.97,58.49,8,23.63,161,6
M09141,Bioplastic (PLA),73.83,5.84,86.67,1.97,55.69,7,20.93,123,7
M09142,Bioplastic (PLA),75.36,3.77,84.18,1.81,60.76,7,21.79,137,6
M09143,Bioplastic (PLA),70.42,6.0,93.27,1.75,52.57,8,22.44,156,7
M09144,Bioplastic (PLA),74.13,3.0,86.84,2.13,55.25,8,23.66,173,6
M09145,Bioplastic (PLA),80.0,4.72,84.77,1.8,64.18,7,23.05,153,8
M09146,Bioplastic (PLA),67.22,5.18,90.75,1.65,58.45,8,22.62,166,8
M09147,Bioplastic (PLA),72.75,3.07,90.95,1.91,55.67,8,22.08,144,6
M09148,Bioplastic (PLA),73.45,5.39,91.06,2.14,56.19,8,20.95,120,7
M09149,Bioplastic (PLA),72.82,5.93,91.25,2.25,63.38,6,23.33,177,7
M09150,Bioplastic (PLA),77.73,5.35,88.33,2.47,62.97,7,22.92,155,7
M09151,Bioplastic (PLA),60.0,5.91,84.42,2.4,61.96,7,22.9,190,7
M09152,Bioplastic (PLA),65.85,6.0,82.55,1.69,59.51,6,21.48,154,5
M09153,Bioplastic (PLA),72.59,5.07,88.57,1.93,59.62,7,20.91,125,6
M09154,Bioplastic (PLA),65.89,6.0,95.0,1.65,52.77,8,22.39,164,6
M09155,Bioplastic (PLA),69.04,5.28,85.69,2.38,63.07,8,22.15,153,7
M09156,Bioplastic (PLA),74.82,6.0,80.0,2.02,53.52,7,21.58,134,7
M09157,Bioplastic (PLA),80.0,5.87,81.65,2.2,54.31,8,22.6,140,8
M09158,Bioplastic (PLA),68.94,5.05,85.43,1.9,61.64,8,20.49,120,8
M09159,Bioplastic (PLA),60.0,5.15,84.73,1.94,58.14,8,20.4,136,5
M09160,Bioplastic (PLA),76.73,5.3,89.67,1.95,57.79,8,23.92,173,6
M09161,Bioplastic (PLA),73.97,5.16,93.3,1.97,61.44,8,22.25,145,7
M09162,Bioplastic (PLA),77.2,4.68,80.2,1.47,58.89,6,22.97,161,6
M09163,Bioplastic (PLA),75.46,4.36,92.46,2.03,62.62,6,22.7,159,8
M09164,Bioplastic (PLA),75.6,3.0,80.0,2.27,62.72,7,20.96,120,5
M09165,Bioplastic (PLA),63.88,3.77,82.01,1.67,59.75,8,20.59,132,6
M09166,Bioplastic (PLA),64.83,4.27,90.32,1.6,64.51,6,21.38,154,6
M09167,Bioplastic (PLA),73.65,4.06,90.2,2.23,50.0,8,22.07,142,6
M09168,Bioplastic (PLA),67.92,4.93,87.56,2.48,52.9,8,20.39,120,7
M09169,Bioplastic (PLA),69.92,3.9,93.36,1.88,52.12,6,20.79,132,5
M09170,Bioplastic (PLA),70.98,5.15,87.59,2.4,64.23,8,22.85,163,5
M09171,Bioplastic (PLA),74.52,4.25,90.27,1.66,54.61,8,21.75,134,5
M09172,Bioplastic (PLA),70.56,3.91,85.93,1.74,59.58,7,21.51,141,8
M09173,Bioplastic (PLA),71.29,5.77,87.76,1.79,60.08,8,21.43,134,6
M09174,Bioplastic (PLA),78.39,4.88,85.52,1.48,63.78,7,22.69,149,8
M09175,Bioplastic (PLA),66.06,3.0,84.5,1.77,59.2,8,21.61,148,5
M09176,Bioplastic (PLA),74.09,6.0,81.74,1.76,50.07,9,21.96,135,6
M09177,Bioplastic (PLA),63.84,4.69,89.5,1.85,58.44,6,22.83,185,7
M09178,Bioplastic (PLA),71.68,4.03,86.51,2.05,56.35,9,21.62,133,5
M09179,Bioplastic (PLA),77.62,3.79,89.55,1.92,61.5,8,21.91,131,6
M09180,Bioplastic (PLA),73.38,6.0,83.78,2.13,63.46,8,23.09,163,7
M09181,Bioplastic (PLA),66.12,6.0,82.98,2.03,56.46,6,21.46,153,5
M09182,Bioplastic (PLA),62.23,5.87,91.21,2.02,54.41,7,21.27,153,6
M09183,Bioplastic (PLA),80.0,3.64,89.18,2.4,59.15,8,23.55,159,9
M09184,Bioplastic (PLA),73.99,4.81,87.39,2.41,60.69,7,21.2,128,7
M09185,Bioplastic (PLA),62.55,6.0,85.74,1.4,64.56,7,22.15,170,6
M09186,Bioplastic (PLA),75.16,5.59,83.68,2.0,58.39,9,24.07,175,5
M09187,Bioplastic (PLA),67.04,5.13,84.82,2.24,59.87,9,21.1,132,5
M09188,Bioplastic (PLA),72.18,6.0,95.0,1.8,55.64,9,21.77,135,6
M09189,Bioplastic (PLA),62.23,5.41,92.91,1.64,51.51,7,19.92,126,7
M09190,Bioplastic (PLA),75.04,4.28,89.67,2.19,57.18,6,20.7,120,6
M09191,Bioplastic (PLA),71.54,4.39,83.16,2.1,55.27,7,21.05,130,7
M09192,Bioplastic (PLA),73.24,5.74,93.73,2.5,58.32,7,21.72,140,6
M09193,Bioplastic (PLA),77.63,4.06,90.13,2.03,59.03,6,22.31,147,5
M09194,Bioplastic (PLA),63.72,5.64,80.0,2.09,53.85,8,23.42,189,6
M09195,Bioplastic (PLA),66.5,4.71,95.0,2.26,59.77,7,21.95,158,7
M09196,Bioplastic (PLA),62.83,4.6,92.57,1.87,54.95,7,19.93,125,6
M09197,Bioplastic (PLA),76.35,4.71,86.78,1.97,56.92,9,22.93,150,5
M09198,Bioplastic (PLA),60.55,5.3,80.0,2.4,53.35,8,21.41,155,8
M09199,Bioplastic (PLA),72.47,4.62,89.83,1.51,55.89,7,20.65,120,6
M09200,Bioplastic (PLA),68.92,5.43,88.54,1.9,59.3,7,22.94,173,7
M09201,Bioplastic (PLA),60.0,4.34,84.71,1.81,51.37,8,21.95,167,6
M09202,Bioplastic (PLA),71.89,5.54,88.59,2.01,52.82,10,22.79,152,5
M09203,Bioplastic (PLA),71.52,4.74,85.5,2.42,53.62,6,21.5,143,7
M09204,Bioplastic (PLA),65.22,4.42,83.45,1.99,59.14,7,22.37,169,6
M09205,Bioplastic (PLA),65.76,4.75,94.88,2.19,58.11,7,23.48,190,6
M09206,Bioplastic (PLA),70.28,5.54,86.14,1.94,51.81,6,20.23,120,7
M09207,Bioplastic (PLA),70.42,6.0,84.07,1.57,57.9,9,23.94,182,5
M09208,Bioplastic (PLA),70.29,6.0,89.58,1.72,57.45,6,21.68,149,6
M09209,Bioplastic (PLA),67.75,6.0,82.01,1.8,57.29,8,22.78,168,7
M09210,Bioplastic (PLA),67.28,3.0,88.24,1.82,52.97,8,20.33,120,6
M09211,Bioplastic (PLA),76.7,5.89,84.69,1.48,53.41,7,21.22,123,7
M09212,Bioplastic (PLA),65.98,3.64,82.7,2.05,60.59,8,21.35,143,8
M09213,Bioplastic (PLA),71.29,3.37,84.75,2.49,58.92,7,20.98,129,8
M09214,Bioplastic (PLA),66.66,5.31,88.59,1.66,50.5,7,22.67,172,7
M09215,Bioplastic (PLA),60.0,4.44,91.81,1.54,58.71,7,21.45,161,8
M09216,Bioplastic (PLA),72.72,6.0,86.96,1.53,59.78,8,21.32,129,5
M09217,Bioplastic (PLA),76.92,4.91,89.33,1.52,65.0,8,21.29,120,6
M09218,Bioplastic (PLA),69.96,3.12,87.08,2.19,59.86,9,22.9,162,6
M09219,Bioplastic (PLA),70.0,4.58,83.9,1.8,56.82,8,23.3,174,7
M09220,Bioplastic (PLA),75.4,6.0,89.25,2.24,53.7,8,21.54,128,7
M09221,Bioplastic (PLA),72.48,5.15,84.74,1.73,55.45,7,22.95,166,6
M09222,Bioplastic (PLA),70.42,5.82,86.53,2.1,55.5,8,23.64,180,6
M09223,Bioplastic (PLA),69.55,5.65,92.28,1.64,59.28,9,22.5,155,5
M09224,Bioplastic (PLA),65.19,4.5,91.15,1.73,58.96,7,21.67,155,7
M09225,Bioplastic (PLA),68.43,6.0,89.81,1.97,63.81,8,21.59,143,5
M09226,Bioplastic (PLA),68.98,5.49,84.18,2.13,59.4,9,21.95,145,5
M09227,Bioplastic (PLA),69.69,5.02,90.39,2.07,63.05,7,22.12,155,8
M09228,Bioplastic (PLA),70.71,5.78,89.94,2.08,57.17,7,20.77,126,7
M09229,Bioplastic (PLA),73.53,4.32,88.61,2.16,56.63,7,21.95,144,7
M09230,Bioplastic (PLA),69.14,4.25,89.38,1.54,50.0,8,21.41,138,8
M09231,Bioplastic (PLA),77.14,6.0,86.42,2.26,59.89,6,21.21,126,7
M09232,Bioplastic (PLA),72.16,5.02,88.51,1.42,57.45,8,21.42,132,6
M09233,Bioplastic (PLA),69.99,5.93,92.21,1.4,54.14,7,21.75,147,8
M09234,Bioplastic (PLA),70.01,4.25,90.47,1.95,53.0,9,22.3,150,7
M09235,Bioplastic (PLA),64.38,3.95,88.97,2.07,55.01,7,22.59,175,6
M09236,Bioplastic (PLA),70.99,4.55,82.8,2.16,55.75,8,21.65,139,9
M09237,Bioplastic (PLA),80.0,6.0,86.96,1.98,50.58,8,22.35,135,6
M09238,Bioplastic (PLA),71.51,6.0,95.0,1.74,65.0,8,22.3,151,6
M09239,Bioplastic (PLA),63.62,4.9,93.88,1.7,53.07,9,20.36,124,8
M09240,Bioplastic (PLA),66.92,6.0,84.12,1.76,64.26,7,21.29,144,6
M09241,Bioplastic (PLA),72.27,4.39,87.24,1.98,65.0,8,24.08,185,6
M09242,Bioplastic (PLA),69.89,5.55,82.2,1.99,62.47,8,22.89,166,5
M09243,Bioplastic (PLA),60.95,4.24,90.03,1.66,51.25,6,21.1,156,5
M09244,Bioplastic (PLA),75.2,5.21,85.2,2.09,60.17,8,21.12,120,7
M09245,Bioplastic (PLA),74.26,5.24,92.88,1.78,54.41,8,21.03,120,8
M09246,Bioplastic (PLA),69.31,3.88,92.55,2.06,57.47,8,24.03,190,8
M09247,Bioplastic (PLA),70.57,5.96,90.2,1.94,63.7,8,21.91,145,6
M09248,Bioplastic (PLA),66.48,6.0,91.08,1.75,61.63,7,22.25,164,7
M09249,Bioplastic (PLA),68.42,3.0,87.85,1.63,65.0,6,21.79,155,7
M09250,Bioplastic (PLA),72.07,5.56,89.91,1.42,59.68,7,22.06,149,7
M09251,Bioplastic (PLA),71.28,4.84,90.82,1.77,50.0,8,21.88,143,6
M09252,Bioplastic (PLA),68.49,4.17,92.13,2.24,61.28,6,22.05,160,8
M09253,Bioplastic (PLA),67.5,4.43,80.0,1.95,54.33,7,20.6,129,5
M09254,Bioplastic (PLA),63.1,4.4,80.53,1.78,61.34,8,20.06,123,6
M09255,Bioplastic (PLA),70.04,3.89,90.25,1.59,59.2,7,23.9,190,7
M09256,Bioplastic (PLA),67.83,3.88,86.1,2.3,53.24,6,22.38,168,7
M09257,Bioplastic (PLA),60.64,5.27,82.79,2.36,53.69,8,20.66,140,8
M09258,Bioplastic (PLA),71.56,4.4,81.11,2.3,55.43,8,20.91,123,5
M09259,Bioplastic (PLA),67.2,6.0,84.34,2.03,57.81,7,20.97,137,6
M09260,Bioplastic (PLA),60.67,5.61,80.85,1.4,52.64,9,20.02,123,6
M09261,Bioplastic (PLA),75.23,5.31,87.02,1.54,54.0,8,23.32,164,7
M09262,Bioplastic (PLA),66.98,6.0,95.0,1.99,53.61,7,21.9,156,5
M09263,Bioplastic (PLA),68.62,3.07,91.59,1.65,50.0,7,21.76,150,6
M09264,Bioplastic (PLA),67.12,5.06,85.48,1.78,57.56,8,20.66,127,6
M09265,Bioplastic (PLA),69.69,4.75,81.74,2.13,60.89,6,21.62,149,8
M09266,Bioplastic (PLA),72.03,5.61,90.91,1.98,58.06,6,23.85,189,7
M09267,Bioplastic (PLA),70.17,5.79,87.85,2.06,63.9,10,23.82,176,8
M09268,Bioplastic (PLA),77.41,3.0,88.2,1.55,57.01,8,24.39,181,8
M09269,Bioplastic (PLA),69.06,5.25,87.12,2.48,58.3,6,21.16,141,6
M09270,Bioplastic (PLA),61.0,5.75,88.12,1.71,55.54,6,20.5,144,7
M09271,Bioplastic (PLA),75.6,6.0,86.22,1.62,55.92,8,22.26,142,7
M09272,Bioplastic (PLA),60.0,5.67,85.22,1.4,61.77,7,20.1,134,6
M09273,Bioplastic (PLA),71.38,5.33,88.18,1.88,64.95,6,21.74,148,8
M09274,Bioplastic (PLA),71.76,5.59,90.99,2.16,50.46,7,23.13,171,7
M09275,Bioplastic (PLA),66.29,4.35,87.95,1.43,60.25,6,22.53,174,5
M09276,Bioplastic (PLA),70.01,6.0,92.16,1.82,57.49,6,23.1,178,7
M09277,Bioplastic (PLA),60.35,3.0,80.24,2.03,62.4,7,21.53,162,8
M09278,Bioplastic (PLA),72.44,5.1,86.01,1.58,56.35,8,20.89,121,7
M09279,Bioplastic (PLA),74.45,3.65,83.07,1.78,53.96,8,22.3,145,7
M09280,Bioplastic (PLA),60.0,6.0,88.52,1.9,59.38,7,22.9,190,7
M09281,Bioplastic (PLA),71.13,4.53,86.81,1.81,52.78,6,22.46,163,7
M09282,Bioplastic (PLA),70.36,4.56,95.0,2.3,53.48,7,21.64,144,6
M09283,Bioplastic (PLA),65.05,6.0,93.07,1.48,59.03,7,21.8,158,9
M09284,Bioplastic (PLA),71.31,5.61,87.44,2.09,57.07,8,23.68,179,6
M09285,Bioplastic (PLA),69.05,3.2,91.63,2.09,53.9,8,21.41,138,7
M09286,Bioplastic (PLA),72.81,6.0,82.3,2.04,50.0,7,23.53,177,7
M09287,Bioplastic (PLA),75.0,4.28,84.34,1.45,58.73,6,21.1,128,6
M09288,Bioplastic (PLA),70.81,6.0,91.23,1.41,52.48,7,20.73,125,5
M09289,Bioplastic (PLA),63.2,4.0,90.78,1.4,61.03,8,21.37,149,5
M09290,Bioplastic (PLA),74.47,5.04,92.19,2.1,56.7,7,22.2,147,6
M09291,Bioplastic (PLA),67.66,4.35,89.41,2.45,58.09,7,22.42,165,8
M09292,Bioplastic (PLA),69.94,4.09,84.93,1.9,61.68,9,22.99,164,5
M09293,Bioplastic (PLA),74.62,5.75,90.22,1.97,53.46,8,22.26,144,6
M09294,Bioplastic (PLA),68.15,5.46,89.52,1.9,59.06,6,21.67,153,6
M09295,Bioplastic (PLA),73.86,5.12,87.98,2.08,63.53,7,22.29,150,8
M09296,Bioplastic (PLA),73.57,5.02,86.11,2.32,55.15,9,22.26,142,9
M09297,Bioplastic (PLA),74.33,4.41,87.77,1.66,63.75,8,21.18,123,7
M09298,Bioplastic (PLA),60.38,4.15,90.2,1.98,54.69,8,20.04,128,7
M09299,Bioplastic (PLA),76.32,5.53,88.23,2.07,53.28,8,22.88,153,6
M09300,Bioplastic (PLA),74.2,4.19,89.01,2.15,60.66,7,21.62,136,6
M09301,Bioplastic (PLA),70.14,5.08,88.97,1.99,62.79,9,23.66,177,8
M09302,Bioplastic (PLA),66.02,4.41,92.91,2.02,58.72,6,21.1,146,8
M09303,Bioplastic (PLA),66.78,3.64,90.23,1.49,65.0,8,20.28,120,5
M09304,Bioplastic (PLA),69.48,4.65,80.0,1.47,60.41,6,20.15,120,7
M09305,Bioplastic (PLA),67.48,6.0,87.89,1.6,60.08,7,21.5,147,6
M09306,Bioplastic (PLA),74.12,5.74,89.77,1.98,53.24,9,21.46,125,8
M09307,Bioplastic (PLA),73.84,5.28,85.43,1.56,56.19,8,21.93,139,7
M09308,Bioplastic (PLA),72.58,5.06,88.53,1.72,59.89,8,22.81,159,6
M09309,Bioplastic (PLA),65.84,4.8,90.42,1.4,55.28,7,21.43,149,7
M09310,Bioplastic (PLA),69.34,6.0,86.05,1.63,62.43,8,21.23,134,6
M09311,Bioplastic (PLA),77.49,5.97,80.0,2.13,64.03,6,22.5,151,7
M09312,Bioplastic (PLA),71.27,5.66,87.77,2.29,57.23,7,21.08,131,6
M09313,Bioplastic (PLA),62.92,6.0,86.55,1.71,57.89,8,20.24,127,6
M09314,Bioplastic (PLA),74.8,6.0,85.1,2.28,58.48,8,22.08,140,8
M09315,Bioplastic (PLA),64.14,5.53,83.85,2.15,63.18,9,21.51,146,7
M09316,Bioplastic (PLA),72.16,5.45,84.48,1.59,59.54,8,21.42,132,6
M09317,Bioplastic (PLA),76.48,6.0,86.1,1.8,60.76,8,22.25,140,7
M09318,Bioplastic (PLA),70.8,3.75,95.0,1.76,56.58,8,23.28,172,7
M09319,Bioplastic (PLA),67.31,5.28,88.35,1.88,56.32,8,20.33,120,6
M09320,Bioplastic (PLA),70.96,4.69,88.06,1.66,57.79,7,20.7,124,5
M09321,Bioplastic (PLA),60.74,4.57,88.16,1.83,58.91,7,19.47,120,7
M09322,Bioplastic (PLA),69.85,5.19,88.61,1.74,51.55,7,20.38,120,6
M09323,Bioplastic (PLA),64.85,5.06,88.78,1.56,56.04,8,22.89,176,6
M09324,Bioplastic (PLA),70.01,4.24,86.49,2.16,52.49,7,22.1,154,6
M09325,Bioplastic (PLA),70.22,5.93,81.02,1.98,58.75,7,21.77,147,5
M09326,Bioplastic (PLA),68.26,3.66,85.15,2.26,63.21,6,21.88,157,6
M09327,Bioplastic (PLA),78.78,5.75,94.95,2.05,58.1,8,23.43,159,8
M09328,Bioplastic (PLA),77.01,5.49,88.04,1.65,52.75,7,23.25,163,7
M09329,Bioplastic (PLA),72.14,3.97,88.01,1.5,61.98,6,21.46,141,6
M09330,Bioplastic (PLA),71.66,4.62,90.75,1.94,63.3,9,21.72,135,6
M09331,Bioplastic (PLA),72.37,5.76,90.98,1.42,62.14,7,21.09,129,6
M09332,Bioplastic (PLA),70.83,4.09,86.24,2.32,61.67,6,23.03,175,6
M09333,Bioplastic (PLA),72.59,6.0,95.0,2.19,60.71,7,22.46,156,8
M09334,Bioplastic (PLA),71.79,4.92,95.0,1.64,55.7,7,22.08,150,5
M09335,Bioplastic (PLA),73.09,6.0,85.16,1.43,50.87,8,22.21,146,7
M09336,Bioplastic (PLA),70.29,5.86,85.05,2.36,59.45,7,21.08,133,7
M09337,Bioplastic (PLA),67.8,4.74,91.6,1.9,52.4,6,21.63,153,6
M09338,Bioplastic (PLA),62.28,3.31,88.68,1.83,55.82,7,20.13,130,8
M09339,Bioplastic (PLA),60.97,6.0,81.95,2.41,60.78,8,20.8,142,6
M09340,Bioplastic (PLA),70.19,5.89,90.44,2.14,51.56,7,20.97,131,8
M09341,Bioplastic (PLA),66.88,6.0,86.68,1.4,58.48,6,20.99,142,8
M09342,Bioplastic (PLA),68.86,5.31,86.46,2.08,57.82,7,22.29,160,6
M09343,Bioplastic (PLA),71.47,5.26,80.13,1.71,58.01,6,21.85,150,8
M09344,Bioplastic (PLA),62.63,4.96,86.62,1.8,59.26,7,19.71,121,6
M09345,Bioplastic (PLA),71.64,4.66,91.88,2.23,57.62,9,21.76,136,9
M09346,Bioplastic (PLA),65.18,4.55,84.6,2.06,58.33,8,22.92,176,6
M09347,Bioplastic (PLA),70.3,5.48,83.85,2.39,57.84,7,20.83,128,6
M09348,Bioplastic (PLA),71.91,4.38,93.16,1.45,55.85,9,21.64,133,7
M09349,Bioplastic (PLA),64.33,4.73,87.78,1.4,59.13,7,22.28,169,8
M09350,Bioplastic (PLA),74.9,4.23,89.05,2.0,57.75,7,22.14,145,5
M09351,Bioplastic (PLA),71.58,4.06,87.86,2.4,57.86,6,22.91,171,6
M09352,Bioplastic (PLA),70.67,4.24,87.21,2.41,60.02,7,22.27,156,5
M09353,Bioplastic (PLA),64.41,3.9,89.32,2.44,64.52,8,20.79,135,7
M09354,Bioplastic (PLA),70.6,6.0,88.66,1.81,52.26,8,22.66,160,5
M09355,Bioplastic (PLA),66.8,5.88,88.47,1.89,60.1,7,21.08,140,7
M09356,Bioplastic (PLA),70.52,3.8,85.99,1.74,61.31,7,22.75,166,9
M09357,Bioplastic (PLA),73.83,4.08,86.62,1.57,57.54,8,22.58,152,6
M09358,Bioplastic (PLA),71.68,4.02,87.64,1.8,58.36,6,21.32,139,5
M09359,Bioplastic (PLA),68.55,3.42,85.6,2.31,55.73,6,20.05,120,7
M09360,Bioplastic (PLA),70.45,5.09,86.2,1.49,57.05,7,20.45,120,7
M09361,Bioplastic (PLA),63.18,5.31,87.27,2.12,61.85,8,21.77,157,8
M09362,Bioplastic (PLA),74.49,3.0,84.89,2.29,56.85,7,23.0,163,6
M09363,Bioplastic (PLA),69.65,4.43,87.39,2.08,55.58,7,22.81,169,6
M09364,Bioplastic (PLA),73.32,3.72,89.69,2.07,59.94,7,22.93,164,8
M09365,Bioplastic (PLA),63.81,4.89,86.56,1.97,61.9,9,22.18,160,7
M09366,Bioplastic (PLA),75.66,5.07,85.05,1.72,56.0,6,23.22,169,6
M09367,Bioplastic (PLA),64.48,4.67,88.96,1.75,60.28,6,19.65,120,6
M09368,Bioplastic (PLA),72.05,6.0,88.36,1.81,61.65,7,23.2,172,8
M09369,Bioplastic (PLA),74.94,3.02,88.7,1.9,60.51,6,20.79,122,7
M09370,Bioplastic (PLA),75.8,6.0,86.26,2.12,65.0,8,22.08,138,5
M09371,Bioplastic (PLA),73.27,5.68,91.64,1.81,62.4,6,22.08,151,9
M09372,Bioplastic (PLA),63.86,3.97,88.17,1.83,55.25,7,20.09,126,7
M09373,Bioplastic (PLA),60.0,5.11,92.33,1.65,52.37,7,21.2,156,7
M09374,Bioplastic (PLA),67.79,4.8,83.01,1.66,53.8,6,21.68,154,6
M09375,Bioplastic (PLA),62.02,5.95,92.44,2.38,63.48,9,21.9,158,7
M09376,Bioplastic (PLA),69.06,4.12,89.74,1.75,59.32,8,21.51,140,7
M09377,Bioplastic (PLA),78.25,4.71,89.39,2.02,54.6,8,23.73,166,5
M09378,Bioplastic (PLA),72.1,4.96,88.08,1.42,50.99,6,22.66,165,6
M09379,Bioplastic (PLA),60.74,4.49,93.38,1.9,50.75,6,21.62,167,8
M09380,Bioplastic (PLA),70.1,4.85,85.6,1.95,55.79,10,24.36,187,5
M09381,Bioplastic (PLA),60.99,6.0,86.55,2.41,55.0,8,20.55,137,7
M09382,Bioplastic (PLA),63.87,5.2,84.17,2.08,50.65,9,22.49,166,5
M09383,Bioplastic (PLA),75.3,4.25,86.16,2.24,57.14,8,22.28,143,6
M09384,Bioplastic (PLA),60.26,5.07,86.26,2.11,57.7,7,21.53,162,8
M09385,Bioplastic (PLA),79.95,5.24,84.81,2.25,59.82,8,21.6,120,7
M09386,Bioplastic (PLA),68.49,6.0,89.02,1.8,57.03,9,21.65,140,8
M09387,Bioplastic (PLA),66.27,4.59,87.31,2.33,57.91,7,21.78,155,5
M09388,Bioplastic (PLA),61.48,5.07,93.11,1.94,56.99,8,21.1,147,7
M09389,Bioplastic (PLA),68.95,4.82,87.94,1.92,57.16,7,22.29,160,5
M09390,Bioplastic (PLA),68.55,5.68,86.77,2.07,63.3,10,23.05,164,5
M09391,Bioplastic (PLA),76.57,5.52,89.49,1.97,63.89,10,24.11,169,8
M09392,Bioplastic (PLA),71.96,5.09,88.7,1.96,53.24,7,21.55,139,7
M09393,Bioplastic (PLA),71.17,5.63,86.56,1.6,56.74,7,20.52,120,6
M09394,Bioplastic (PLA),75.81,5.35,85.96,2.01,65.0,8,22.23,141,7
M09395,Bioplastic (PLA),71.99,6.0,95.0,1.48,58.96,8,23.2,168,6
M09396,Bioplastic (PLA),75.0,4.12,84.25,1.86,60.31,7,23.25,167,5
M09397,Bioplastic (PLA),71.54,5.24,90.32,1.99,57.45,7,22.55,160,7
M09398,Bioplastic (PLA),73.81,5.08,88.66,1.85,58.43,7,20.93,123,6
M09399,Bioplastic (PLA),64.61,5.99,85.33,1.95,50.97,7,21.61,155,6
M09400,Bioplastic (PLA),65.2,4.61,85.61,1.72,65.0,8,20.92,136,8
M09401,Bioplastic (PLA),77.14,5.71,86.94,2.37,59.74,8,23.06,155,7
M09402,Bioplastic (PLA),68.69,6.0,80.85,1.63,65.0,8,22.17,154,7
M09403,Bioplastic (PLA),75.06,5.49,91.42,1.52,53.52,6,20.86,123,6
M09404,Bioplastic (PLA),74.52,3.39,86.27,1.7,57.04,6,22.05,148,6
M09405,Bioplastic (PLA),70.45,4.96,89.68,2.42,54.34,9,22.9,161,7
M09406,Bioplastic (PLA),69.29,6.0,91.22,2.3,59.19,9,21.33,132,5
M09407,Bioplastic (PLA),60.0,4.47,80.0,1.89,61.89,9,20.0,124,7
M09408,Bioplastic (PLA),68.93,6.0,92.91,1.91,57.1,7,21.54,145,8
M09409,Bioplastic (PLA),61.92,5.75,90.28,1.83,52.94,8,21.84,161,7
M09410,Bioplastic (PLA),67.3,4.12,84.02,2.24,61.92,7,20.78,133,7
M09411,Bioplastic (PLA),72.0,5.97,84.41,1.78,65.0,7,21.45,137,6
M09412,Bioplastic (PLA),74.25,5.8,89.98,1.89,57.95,8,23.23,164,7
M09413,Bioplastic (PLA),71.28,5.15,80.0,2.5,65.0,8,23.13,168,6
M09414,Bioplastic (PLA),67.9,5.75,86.7,2.17,60.29,8,23.14,175,7
M09415,Bioplastic (PLA),79.02,5.8,85.67,2.46,51.27,9,22.2,130,7
M09416,Bioplastic (PLA),69.61,6.0,86.45,2.16,64.53,9,21.71,139,5
M09417,Bioplastic (PLA),61.45,4.12,85.37,1.4,60.61,7,20.7,143,6
M09418,Bioplastic (PLA),61.58,6.0,93.1,1.65,59.99,7,21.01,149,6
M09419,Bioplastic (PLA),65.87,3.25,92.64,1.8,50.0,9,21.04,133,8
M09420,Bioplastic (PLA),60.84,5.37,90.1,1.89,55.42,7,20.78,146,6
M09421,Bioplastic (PLA),80.0,4.53,95.0,2.09,54.41,8,22.6,140,7
M09422,Bioplastic (PLA),64.84,4.32,83.88,1.78,53.81,8,22.28,164,8
M09423,Bioplastic (PLA),60.0,4.14,86.12,1.89,62.92,8,19.95,127,8
M09424,Bioplastic (PLA),69.88,5.78,86.89,2.01,58.76,7,22.19,156,6
M09425,Bioplastic (PLA),72.79,5.64,80.26,1.75,54.46,7,21.98,146,5
M09426,Bioplastic (PLA),70.62,5.5,88.64,1.45,56.47,7,22.81,167,7
M09427,Bioplastic (PLA),66.55,5.13,82.36,2.29,65.0,7,20.36,126,8
M09428,Bioplastic (PLA),70.07,3.0,87.39,2.09,57.58,8,23.56,179,5
M09429,Bioplastic (PLA),69.37,4.3,87.89,1.92,62.54,7,23.79,189,5
M09430,Bioplastic (PLA),77.64,5.11,90.12,1.48,60.08,8,22.86,150,8
M09431,Bioplastic (PLA),70.36,4.96,90.81,2.24,58.52,7,20.49,121,7
M09432,Bioplastic (PLA),76.46,6.0,87.26,1.89,65.0,6,23.3,169,6
M09433,Bioplastic (PLA),77.12,3.0,80.0,2.01,61.19,10,22.86,143,7
M09434,Bioplastic (PLA),71.96,3.66,89.87,2.43,57.68,8,22.8,160,6
M09435,Bioplastic (PLA),65.93,5.79,90.05,1.88,59.52,7,20.64,133,8
M09436,Bioplastic (PLA),64.74,4.73,90.81,2.25,65.0,6,21.22,151,7
M09437,Bioplastic (PLA),67.34,5.93,87.26,2.15,63.13,7,20.13,120,7
M09438,Bioplastic (PLA),69.0,4.96,91.59,1.77,56.01,7,21.75,149,6
M09439,Bioplastic (PLA),77.45,5.94,81.11,2.33,57.7,7,21.55,128,6
M09440,Bioplastic (PLA),67.15,6.0,81.87,2.01,55.26,7,22.91,176,7
M09441,Bioplastic (PLA),69.44,4.75,86.93,1.72,53.28,6,20.14,120,9
M09442,Bioplastic (PLA),73.98,4.29,92.64,1.86,60.09,7,23.55,175,6
M09443,Bioplastic (PLA),79.0,4.3,84.94,1.67,59.71,8,23.4,158,7
M09444,Bioplastic (PLA),69.65,6.0,86.66,1.89,57.59,7,21.41,141,5
M09445,Bioplastic (PLA),73.12,5.23,91.22,2.23,59.53,8,21.96,141,7
M09446,Bioplastic (PLA),63.64,4.07,86.12,1.4,61.58,9,21.96,156,7
M09447,Bioplastic (PLA),74.52,3.65,92.35,1.86,59.93,7,21.2,127,8
M09448,Bioplastic (PLA),73.63,5.26,89.84,1.99,59.15,7,22.06,146,6
M09449,Bioplastic (PLA),69.02,5.07,86.91,1.97,50.7,6,21.7,152,8
M09450,Bioplastic (PLA),72.86,6.0,84.68,1.43,61.41,6,21.44,139,6
M09451,Bioplastic (PLA),61.17,5.0,80.0,1.94,64.43,7,20.37,137,6
M09452,Bioplastic (PLA),61.8,6.0,95.0,2.02,61.25,7,21.03,149,7
M09453,Bioplastic (PLA),79.03,5.75,84.24,1.71,53.01,9,25.2,190,7
M09454,Bioplastic (PLA),74.47,6.0,88.84,1.71,55.73,7,21.7,137,6
M09455,Bioplastic (PLA),68.22,4.96,86.85,1.86,56.43,7,21.02,136,8
M09456,Bioplastic (PLA),75.66,5.19,87.32,1.97,58.14,9,21.67,126,6
M09457,Bioplastic (PLA),66.67,4.61,88.65,1.98,53.1,7,21.02,139,6
M09458,Bioplastic (PLA),76.25,3.0,85.98,1.71,53.9,7,21.97,139,7
M09459,Bioplastic (PLA),69.71,3.0,87.14,2.26,50.0,6,21.57,148,7
M09460,Bioplastic (PLA),63.59,5.53,91.6,1.56,52.64,8,22.16,164,5
M09461,Bioplastic (PLA),72.35,4.52,86.88,1.56,63.84,6,20.43,120,8
M09462,Bioplastic (PLA),61.36,5.41,87.61,1.98,55.98,7,21.94,168,7
M09463,Bioplastic (PLA),68.4,6.0,89.45,1.98,51.8,7,20.49,125,7
M09464,Bioplastic (PLA),64.71,5.42,80.07,1.86,58.8,9,22.37,162,5
M09465,Bioplastic (PLA),62.71,6.0,82.92,1.47,55.98,6,21.42,159,6
M09466,Bioplastic (PLA),69.15,5.63,92.79,1.52,56.62,8,22.07,151,5
M09467,Bioplastic (PLA),67.56,6.0,89.84,1.68,56.21,8,22.21,157,6
M09468,Bioplastic (PLA),70.38,5.92,86.89,1.93,55.51,7,20.74,126,6
M09469,Bioplastic (PLA),70.9,5.62,89.79,1.67,65.0,9,23.09,164,8
M09470,Bioplastic (PLA),76.36,4.94,85.04,1.78,61.3,9,21.79,127,7
M09471,Bioplastic (PLA),70.12,4.46,84.03,2.1,56.83,8,22.41,156,7
M09472,Bioplastic (PLA),69.65,4.94,87.3,1.48,62.44,7,21.52,143,8
M09473,Bioplastic (PLA),74.34,5.2,89.33,2.11,53.52,7,23.48,173,7
M09474,Bioplastic (PLA),60.52,5.0,90.03,1.62,50.0,8,21.6,159,7
M09475,Bioplastic (PLA),64.36,4.55,92.25,1.5,65.0,6,19.74,122,5
M09476,Bioplastic (PLA),68.32,5.78,95.0,1.61,54.62,8,23.93,190,7
M09477,Bioplastic (PLA),75.02,5.81,88.78,2.15,57.58,9,23.65,167,6
M09478,Bioplastic (PLA),77.71,4.68,95.0,2.45,63.66,8,22.02,133,7
M09479,Bioplastic (PLA),71.39,4.32,88.26,2.33,58.37,8,23.74,180,7
M09480,Bioplastic (PLA),75.17,3.68,88.32,1.88,55.05,6,21.77,141,6
M09481,Bioplastic (PLA),68.53,3.68,90.27,2.32,50.0,7,20.95,134,8
M09482,Bioplastic (PLA),71.75,6.0,90.25,1.56,52.88,8,24.08,186,7
M09483,Bioplastic (PLA),61.64,5.34,83.02,2.06,58.26,7,21.81,165,8
M09484,Bioplastic (PLA),76.85,5.16,86.09,1.47,55.53,7,22.58,150,5
M09485,Bioplastic (PLA),67.02,4.96,81.07,2.27,59.81,8,21.5,144,7
M09486,Bioplastic (PLA),71.32,3.61,80.0,2.01,58.44,6,21.93,152,9
M09487,Bioplastic (PLA),68.74,5.66,81.79,1.51,62.89,8,20.62,123,6
M09488,Bioplastic (PLA),67.31,5.22,80.0,1.67,61.43,8,21.73,148,7
M09489,Bioplastic (PLA),72.21,5.05,85.08,2.03,62.99,8,22.62,156,6
M09490,Bioplastic (PLA),71.21,3.76,87.4,1.67,55.52,7,22.62,162,7
M09491,Bioplastic (PLA),70.31,6.0,86.52,1.91,50.36,8,21.43,136,7
M09492,Bioplastic (PLA),64.1,5.25,88.01,1.89,53.86,6,20.76,143,6
M09493,Bioplastic (PLA),69.74,5.31,89.76,1.92,59.17,9,24.27,190,7
M09494,Bioplastic (PLA),69.38,3.44,83.36,2.41,53.55,6,21.89,155,6
M09495,Bioplastic (PLA),64.42,6.0,82.47,1.99,52.99,7,22.09,165,7
M09496,Bioplastic (PLA),60.0,5.44,83.86,1.81,63.24,7,21.4,160,5
M09497,Bioplastic (PLA),77.45,6.0,91.54,2.32,56.68,10,21.75,120,5
M09498,Bioplastic (PLA),67.49,5.1,93.55,1.72,56.76,8,21.65,146,6
M09499,Bioplastic (PLA),74.27,6.0,90.05,2.33,50.0,7,21.83,140,6
M09500,Bioplastic (PLA),80.0,4.18,91.83,2.23,64.25,8,22.9,146,6
M09501,Bioplastic (PLA),73.75,4.7,81.33,1.82,53.46,7,23.17,168,6
M09502,Bioplastic (PLA),65.17,5.91,83.29,1.78,60.44,7,21.32,148,7
M09503,Bioplastic (PLA),68.88,5.25,88.61,1.67,65.0,9,22.54,157,6
M09504,Bioplastic (PLA),75.77,6.0,87.09,1.66,58.74,7,22.38,148,5
M09505,Bioplastic (PLA),69.8,4.12,82.28,2.45,64.46,7,21.38,140,7
M09506,Bioplastic (PLA),67.26,3.12,95.0,1.62,50.53,8,22.13,156,6
M09507,Bioplastic (PLA),80.0,6.0,87.26,1.5,62.5,9,23.25,149,8
M09508,Bioplastic (PLA),71.56,3.14,89.21,1.78,61.73,7,22.06,150,8
M09509,Bioplastic (PLA),74.97,6.0,89.16,2.5,56.22,8,23.15,161,6
M09510,Bioplastic (PLA),60.73,4.62,87.47,1.98,52.19,10,20.47,128,5
M09511,Bioplastic (PLA),73.54,5.43,95.0,2.05,53.36,8,23.45,170,6
M09512,Bioplastic (PLA),67.41,6.0,88.79,2.2,58.13,6,19.94,120,8
M09513,Bioplastic (PLA),70.66,5.37,80.0,2.21,55.46,8,22.12,149,7
M09514,Bioplastic (PLA),73.15,4.98,85.18,2.16,55.25,10,21.82,130,7
M09515,Bioplastic (PLA),72.56,6.0,80.0,1.64,54.27,7,20.76,122,6
M09516,Bioplastic (PLA),63.47,6.0,89.45,1.47,50.0,7,22.05,166,5
M09517,Bioplastic (PLA),71.0,4.21,88.09,1.56,57.67,8,22.3,152,7
M09518,Bioplastic (PLA),64.44,6.0,81.71,1.65,62.8,8,22.39,167,9
M09519,Bioplastic (PLA),60.0,4.12,91.64,1.89,63.85,10,22.95,179,5
M09520,Bioplastic (PLA),71.82,3.66,88.64,1.91,53.27,8,22.33,151,5
M09521,Bioplastic (PLA),69.19,4.44,83.27,1.77,62.97,9,22.97,165,7
M09522,Bioplastic (PLA),72.24,4.05,82.68,2.22,60.26,7,20.72,122,5
M09523,Bioplastic (PLA),68.18,3.62,88.17,1.5,56.51,8,22.07,153,8
M09524,Bioplastic (PLA),74.61,5.82,91.59,2.12,57.19,6,23.86,184,7
M09525,Bioplastic (PLA),73.28,3.61,84.86,1.81,62.07,8,22.08,143,6
M09526,Bioplastic (PLA),80.0,4.91,95.0,1.78,58.85,7,23.95,171,7
M09527,Bioplastic (PLA),66.94,4.83,80.25,2.14,54.26,9,21.94,149,6
M09528,Bioplastic (PLA),60.0,4.1,87.85,1.4,58.39,8,22.95,187,5
M09529,Bioplastic (PLA),74.6,3.4,85.35,1.82,60.41,8,23.31,165,6
M09530,Bioplastic (PLA),71.47,5.01,87.18,2.12,53.63,7,20.85,126,7
M09531,Bioplastic (PLA),67.05,5.46,90.45,1.98,50.04,8,20.51,124,5
M09532,Bioplastic (PLA),71.72,4.34,86.56,2.5,56.06,8,21.47,134,7
M09533,Bioplastic (PLA),69.15,3.3,85.03,2.02,61.16,9,21.67,139,6
M09534,Bioplastic (PLA),65.35,6.0,85.27,2.01,65.0,9,20.34,120,6
M09535,Bioplastic (PLA),68.2,3.46,85.83,1.68,59.1,6,23.37,187,7
M09536,Bioplastic (PLA),62.55,4.2,81.43,1.91,62.83,6,20.61,143,7
M09537,Bioplastic (PLA),74.07,5.09,81.04,2.18,59.83,6,21.91,146,8
M09538,Bioplastic (PLA),76.63,4.84,86.28,1.87,62.59,7,22.06,140,7
M09539,Bioplastic (PLA),68.67,4.74,85.79,2.05,59.35,8,20.47,120,7
M09540,Bioplastic (PLA),73.33,4.59,80.0,2.03,60.62,7,23.58,177,5
M09541,Bioplastic (PLA),65.81,5.8,88.41,1.81,58.1,8,21.83,153,5
M09542,Bioplastic (PLA),70.18,4.22,92.18,2.12,65.0,8,23.07,169,6
M09543,Bioplastic (PLA),80.0,3.97,93.75,1.97,60.54,6,22.8,152,8
M09544,Bioplastic (PLA),76.57,6.0,88.02,1.67,54.31,8,23.46,164,7
M09545,Bioplastic (PLA),70.31,6.0,87.02,1.56,55.53,8,21.98,147,5
M09546,Bioplastic (PLA),69.77,4.64,84.75,1.61,64.66,6,20.18,120,6
M09547,Bioplastic (PLA),72.62,5.03,91.48,1.72,52.38,7,21.46,136,7
M09548,Bioplastic (PLA),72.3,6.0,80.11,1.42,62.48,6,21.73,146,6
M09549,Bioplastic (PLA),64.8,4.98,90.55,1.4,60.49,8,21.23,143,7
M09550,Bioplastic (PLA),72.92,5.2,88.46,1.95,59.59,7,23.09,168,8
M09551,Bioplastic (PLA),64.74,5.54,91.96,1.95,56.7,8,22.02,159,7
M09552,Bioplastic (PLA),66.27,5.27,94.29,2.09,57.25,7,21.03,140,6
M09553,Bioplastic (PLA),70.58,4.35,92.89,1.86,63.46,8,21.01,127,8
M09554,Bioplastic (PLA),72.14,5.75,92.18,2.08,51.94,6,21.86,149,5
M09555,Bioplastic (PLA),63.61,4.78,89.56,1.74,52.8,8,20.36,128,7
M09556,Bioplastic (PLA),67.31,6.0,90.93,1.81,62.56,7,21.08,139,7
M09557,Bioplastic (PLA),69.8,4.76,88.78,2.5,51.84,7,21.33,139,5
M09558,Bioplastic (PLA),74.87,5.47,90.5,1.96,59.25,9,23.04,155,6
M09559,Bioplastic (PLA),71.16,6.0,89.91,1.81,56.44,10,21.92,136,6
M09560,Bioplastic (PLA),70.23,4.8,84.9,1.71,59.13,7,22.27,157,5
M09561,Bioplastic (PLA),73.26,6.0,91.04,1.95,62.03,9,22.88,155,8
M09562,Bioplastic (PLA),68.69,5.61,91.5,1.7,63.76,7,22.37,162,5
M09563,Bioplastic (PLA),74.03,5.68,90.92,1.98,65.0,8,23.25,165,7
M09564,Bioplastic (PLA),67.51,4.3,92.68,1.77,63.62,9,21.6,141,5
M09565,Bioplastic (PLA),68.47,4.53,88.81,1.98,58.14,10,23.2,167,6
M09566,Bioplastic (PLA),73.62,5.02,91.28,1.58,54.45,7,22.76,160,5
M09567,Bioplastic (PLA),66.38,4.85,92.22,1.44,58.1,7,20.54,130,5
M09568,Bioplastic (PLA),70.39,5.1,85.47,2.35,57.76,8,22.49,157,6
M09569,Bioplastic (PLA),69.73,4.98,88.01,1.75,58.17,7,21.77,148,5
M09570,Bioplastic (PLA),71.17,4.0,85.66,2.32,63.1,6,22.37,161,5
M09571,Bioplastic (PLA),64.29,3.22,89.85,1.98,59.36,7,19.93,122,7
M09572,Bioplastic (PLA),80.0,4.07,85.37,1.79,57.43,6,21.2,120,9
M09573,Bioplastic (PLA),68.47,6.0,85.53,2.32,59.99,7,20.75,130,5
M09574,Bioplastic (PLA),69.41,5.63,82.77,2.09,57.72,9,21.94,144,7
M09575,Bioplastic (PLA),66.84,4.51,85.67,2.03,56.9,7,21.48,148,8
M09576,Bioplastic (PLA),73.56,5.11,95.0,1.89,55.52,8,22.51,151,5
M09577,Bioplastic (PLA),66.15,4.25,82.85,1.95,60.3,9,21.82,148,7
M09578,Bioplastic (PLA),69.64,3.29,85.98,1.56,60.94,7,23.11,175,7
M09579,Bioplastic (PLA),64.87,4.56,92.71,1.97,58.84,9,23.49,184,6
M09580,Bioplastic (PLA),65.43,4.68,86.29,1.94,55.8,8,21.44,146,6
M09581,Bioplastic (PLA),68.14,4.04,92.53,1.99,60.54,7,21.81,152,6
M09582,Bioplastic (PLA),60.0,5.3,80.0,1.99,63.82,6,20.4,144,5
M09583,Bioplastic (PLA),68.59,4.22,90.0,1.98,59.39,7,20.61,127,7
M09584,Bioplastic (PLA),70.92,5.75,88.73,2.05,54.41,7,21.84,147,6
M09585,Bioplastic (PLA),71.5,6.0,89.19,1.93,64.26,9,22.75,156,6
M09586,Bioplastic (PLA),78.68,3.63,88.09,2.29,62.35,9,23.62,159,6
M09587,Bioplastic (PLA),79.55,6.0,87.62,1.96,61.7,6,22.15,140,5
M09588,Bioplastic (PLA),68.95,4.64,90.81,2.17,57.46,9,22.35,153,7
M09589,Bioplastic (PLA),69.21,4.31,95.0,2.12,60.75,8,22.87,167,7
M09590,Bioplastic (PLA),69.79,5.27,94.92,1.97,57.83,6,21.68,150,8
M09591,Bioplastic (PLA),63.82,4.45,95.0,1.4,57.26,8,21.63,153,8
M09592,Bioplastic (PLA),73.0,4.45,86.26,1.64,64.98,8,22.35,149,6
M09593,Bioplastic (PLA),68.29,6.0,80.0,1.78,58.91,10,22.23,148,6
M09594,Bioplastic (PLA),73.91,6.0,88.58,1.66,54.65,8,22.74,155,7
M09595,Bioplastic (PLA),66.96,3.74,88.16,1.95,50.0,10,21.2,130,7
M09596,Bioplastic (PLA),71.33,5.61,95.0,1.41,57.35,8,22.98,165,7
M09597,Bioplastic (PLA),71.34,5.44,83.73,2.33,63.22,8,23.53,176,8
M09598,Bioplastic (PLA),70.79,4.17,82.76,1.41,64.29,9,22.83,159,6
M09599,Bioplastic (PLA),70.65,6.0,89.33,2.31,57.63,6,21.67,148,8
M09600,Bioplastic (PLA),60.0,6.0,90.86,2.2,60.48,9,22.75,179,6
M09601,Bioplastic (PLA),74.96,5.78,89.5,1.89,60.25,6,21.4,134,6
M09602,Bioplastic (PLA),73.81,5.59,86.59,2.22,57.23,6,23.08,170,7
M09603,Bioplastic (PLA),61.69,4.54,88.69,2.18,57.14,7,22.47,178,5
M09604,Bioplastic (PLA),72.51,5.66,88.11,1.53,65.0,6,22.3,157,5
M09605,Bioplastic (PLA),72.03,4.46,83.89,2.28,63.98,6,22.1,154,5
M09606,Bioplastic (PLA),71.5,5.59,89.75,1.9,61.22,9,23.2,165,7
M09607,Bioplastic (PLA),62.58,3.86,90.69,1.72,58.88,7,21.41,155,6
M09608,Bioplastic (PLA),68.21,3.31,89.07,2.16,57.83,9,21.82,144,6
M09609,Bioplastic (PLA),66.79,3.97,90.37,1.77,59.79,9,22.23,155,6
M09610,Bioplastic (PLA),61.95,5.73,90.9,1.91,60.29,9,20.6,132,6
M09611,Bioplastic (PLA),70.14,5.73,86.18,1.72,53.15,8,21.76,143,7
M09612,Bioplastic (PLA),62.2,5.1,90.02,1.85,59.53,6,22.12,174,6
M09613,Bioplastic (PLA),75.24,3.99,86.82,1.76,61.63,8,22.62,150,7
M09614,Bioplastic (PLA),79.73,3.19,88.84,1.88,57.15,9,24.17,168,8
M09615,Bioplastic (PLA),79.1,3.79,88.87,2.28,61.16,8,23.56,161,7
M09616,Bioplastic (PLA),72.16,6.0,83.4,2.2,62.61,7,23.47,177,6
M09617,Bioplastic (PLA),69.09,5.12,83.46,1.64,60.79,9,21.06,127,7
M09618,Bioplastic (PLA),80.0,4.2,88.12,1.87,64.63,6,21.2,120,8
M09619,Bioplastic (PLA),61.14,4.65,84.73,1.88,57.93,6,21.91,172,7
M09620,Bioplastic (PLA),68.79,4.6,88.96,1.81,55.98,7,21.18,138,6
M09621,Bioplastic (PLA),71.85,6.0,86.66,2.5,56.61,8,22.14,147,5
M09622,Bioplastic (PLA),67.32,5.04,91.6,1.46,65.0,8,22.38,161,8
M09623,Bioplastic (PLA),64.05,5.26,88.28,2.19,59.72,8,21.31,146,6
M09624,Bioplastic (PLA),77.57,6.0,90.11,1.95,60.17,8,23.01,153,5
M09625,Bioplastic (PLA),66.49,5.21,81.37,2.37,61.41,7,20.05,120,7
M09626,Bioplastic (PLA),79.88,4.34,83.67,1.88,54.22,7,23.74,167,7
M09627,Bioplastic (PLA),72.42,6.0,88.22,2.01,54.72,7,21.74,142,8
M09628,Bioplastic (PLA),70.68,5.08,88.17,1.58,62.23,8,22.92,165,7
M09629,Bioplastic (PLA),61.89,5.49,95.0,1.54,55.46,6,21.79,168,6
M09630,Bioplastic (PLA),60.0,3.7,85.72,2.08,54.0,9,20.7,138,5
M09631,Bioplastic (PLA),66.96,5.34,88.75,1.9,53.6,8,21.8,150,5
M09632,Bioplastic (PLA),73.48,3.8,86.87,2.12,60.92,8,23.3,167,7
M09633,Bioplastic (PLA),63.56,5.2,95.0,1.91,59.59,7,19.76,120,9
M09634,Bioplastic (PLA),63.37,5.42,89.16,2.12,58.51,7,23.24,190,5
M09635,Bioplastic (PLA),70.17,4.09,87.12,1.57,61.68,7,22.32,158,6
M09636,Bioplastic (PLA),70.59,3.23,92.33,2.01,60.11,8,22.21,151,6
M09637,Bioplastic (PLA),71.44,6.0,90.12,1.82,62.67,7,20.54,120,6
M09638,Bioplastic (PLA),62.13,5.09,91.51,1.4,57.21,9,22.61,172,6
M09639,Bioplastic (PLA),65.4,6.0,88.49,2.03,61.38,10,22.49,159,6
M09640,Bioplastic (PLA),60.54,6.0,81.82,1.68,57.27,7,20.3,137,7
M09641,Bioplastic (PLA),64.51,3.28,90.18,1.91,65.0,6,20.1,129,6
M09642,Bioplastic (PLA),71.11,3.55,90.37,1.61,61.67,8,23.01,166,5
M09643,Bioplastic (PLA),69.18,5.61,88.84,2.28,57.7,7,20.67,127,7
M09644,Bioplastic (PLA),63.27,3.8,90.26,1.81,57.25,7,20.13,128,7
M09645,Bioplastic (PLA),66.32,6.0,83.73,2.19,60.2,7,22.73,174,8
M09646,Bioplastic (PLA),67.9,5.8,90.27,1.76,58.51,8,20.39,120,7
M09647,Bioplastic (PLA),71.71,6.0,87.35,1.49,64.09,8,22.77,160,6
M09648,Bioplastic (PLA),73.73,4.41,90.25,1.99,51.33,9,23.27,162,8
M09649,Bioplastic (PLA),64.79,5.66,84.72,1.86,58.25,8,23.23,183,5
M09650,Bioplastic (PLA),61.78,4.8,81.75,2.02,56.75,7,20.93,147,7
M09651,Bioplastic (PLA),70.61,4.46,86.69,1.9,56.22,8,23.26,172,7
M09652,Bioplastic (PLA),70.25,5.09,83.02,1.67,62.27,7,22.17,155,6
M09653,Bioplastic (PLA),68.61,3.5,83.29,2.0,53.54,7,20.71,129,8
M09654,Bioplastic (PLA),70.27,6.0,86.32,2.15,56.85,7,21.63,144,6
M09655,Bioplastic (PLA),77.7,6.0,83.48,1.81,60.55,7,24.67,190,8
M09656,Bioplastic (PLA),74.02,3.79,85.72,1.52,55.06,7,23.65,177,6
M09657,Bioplastic (PLA),69.66,5.2,87.38,2.24,60.44,7,22.37,160,6
M09658,Bioplastic (PLA),68.77,3.71,94.43,1.73,61.27,7,21.53,145,7
M09659,Bioplastic (PLA),70.05,5.26,86.98,1.64,59.97,8,21.41,136,8
M09660,Bioplastic (PLA),75.13,6.0,88.41,1.7,58.54,8,22.41,146,8
M09661,Bioplastic (PLA),70.86,4.81,86.67,2.23,61.91,9,21.49,132,7
M09662,Bioplastic (PLA),75.56,5.41,83.64,1.79,63.46,7,20.96,120,6
M09663,Bioplastic (PLA),70.4,4.81,90.21,1.77,52.68,7,22.89,169,7
M09664,Bioplastic (PLA),68.88,3.3,83.43,2.04,58.85,9,21.44,135,5
M09665,Bioplastic (PLA),70.29,4.55,85.99,1.4,58.32,9,23.48,173,6
M09666,Bioplastic (PLA),63.3,4.36,87.99,1.82,52.94,7,21.73,160,8
M09667,Bioplastic (PLA),74.87,3.0,84.89,2.18,56.47,8,23.84,175,7
M09668,Bioplastic (PLA),69.33,4.75,87.07,1.79,56.42,6,22.08,159,8
M09669,Bioplastic (PLA),67.91,3.86,82.27,2.01,58.7,9,21.34,135,7
M09670,Bioplastic (PLA),69.33,5.61,89.42,1.91,59.36,6,23.38,185,7
M09671,Bioplastic (PLA),72.36,5.64,86.83,2.09,59.96,8,22.39,151,6
M09672,Bioplastic (PLA),68.1,5.55,89.44,2.38,56.1,6,21.06,141,5
M09673,Bioplastic (PLA),67.54,6.0,89.62,1.68,52.63,7,22.65,170,7
M09674,Bioplastic (PLA),73.57,4.87,91.88,2.14,61.35,6,21.61,141,5
M09675,Bioplastic (PLA),75.98,5.1,87.7,2.12,63.95,10,23.55,159,6
M09676,Bioplastic (PLA),68.84,5.76,88.48,2.04,64.38,7,22.28,160,7
M09677,Bioplastic (PLA),65.89,5.6,91.52,2.02,56.68,6,20.84,141,6
M09678,Bioplastic (PLA),72.59,3.47,89.28,1.77,55.67,7,23.06,168,7
M09679,Bioplastic (PLA),80.0,3.13,86.41,1.64,61.49,9,22.85,141,6
M09680,Bioplastic (PLA),66.17,3.0,90.23,1.59,56.14,7,21.32,146,7
M09681,Bioplastic (PLA),80.0,5.83,91.15,1.74,55.76,8,23.25,153,5
M09682,Bioplastic (PLA),65.21,3.54,90.38,2.16,62.27,8,21.12,140,5
M09683,Bioplastic (PLA),79.25,4.07,90.95,2.5,57.95,7,22.57,145,8
M09684,Bioplastic (PLA),72.98,6.0,83.93,2.0,56.26,7,23.7,180,6
M09685,Bioplastic (PLA),70.31,5.4,92.29,1.48,61.77,8,21.23,132,5
M09686,Bioplastic (PLA),69.8,5.16,95.0,1.72,58.72,8,21.73,143,6
M09687,Bioplastic (PLA),64.75,4.3,86.44,2.35,61.54,8,21.28,144,8
M09688,Bioplastic (PLA),75.63,4.3,93.94,1.7,59.05,7,22.81,157,6
M09689,Bioplastic (PLA),74.71,4.16,90.78,1.65,57.04,6,21.97,146,6
M09690,Bioplastic (PLA),80.0,3.66,91.72,2.42,57.3,8,24.9,186,5
M09691,Bioplastic (PLA),69.16,4.59,82.23,2.49,55.64,9,23.77,181,6
M09692,Bioplastic (PLA),63.61,5.37,84.16,1.55,54.25,6,21.31,155,6
M09693,Bioplastic (PLA),75.44,6.0,86.42,1.89,57.87,10,24.34,176,7
M09694,Bioplastic (PLA),72.72,3.79,87.12,1.92,55.21,8,22.32,149,6
M09695,Bioplastic (PLA),69.49,4.97,95.0,1.96,57.3,7,21.6,145,7
M09696,Bioplastic (PLA),66.86,5.67,88.58,2.14,51.58,8,21.74,149,6
M09697,Bioplastic (PLA),65.33,5.17,88.62,1.68,57.1,8,20.13,120,6
M09698,Bioplastic (PLA),72.41,5.68,89.15,1.81,52.97,7,23.14,170,5
M09699,Bioplastic (PLA),78.17,5.06,92.71,1.64,57.38,7,22.57,147,6
M09700,Bioplastic (PLA),63.48,5.35,80.0,1.77,56.52,7,19.9,123,6
M09701,Bioplastic (PLA),60.0,5.21,86.45,2.12,55.8,7,21.3,158,8
M09702,Bioplastic (PLA),64.79,5.68,85.0,2.21,62.69,9,21.93,153,6
M09703,Bioplastic (PLA),70.11,5.35,80.0,1.97,58.02,7,20.81,128,8
M09704,Bioplastic (PLA),70.97,5.23,93.11,2.24,61.49,7,22.25,155,6
M09705,Bioplastic (PLA),71.79,4.42,84.24,1.75,51.81,9,22.53,151,5
M09706,Bioplastic (PLA),69.88,5.6,81.71,2.11,61.03,8,20.69,122,7
M09707,Bioplastic (PLA),69.62,4.8,85.61,1.94,58.33,9,21.76,140,6
M09708,Bioplastic (PLA),62.3,4.92,90.1,2.11,57.37,7,19.63,120,6
M09709,Bioplastic (PLA),73.83,4.3,95.0,1.63,55.08,6,21.78,144,5
M09710,Bioplastic (PLA),70.65,4.15,86.73,2.29,55.6,8,21.97,146,8
M09711,Bioplastic (PLA),78.34,4.34,87.23,1.64,61.44,6,23.18,163,8
M09712,Bioplastic (PLA),66.57,4.92,92.77,1.48,58.61,7,21.06,140,7
M09713,Bioplastic (PLA),71.54,4.51,86.95,1.93,60.89,7,21.1,131,8
M09714,Bioplastic (PLA),68.4,6.0,86.35,2.16,57.86,8,22.34,158,7
M09715,Bioplastic (PLA),60.0,5.08,90.04,1.84,55.16,7,19.7,126,7
M09716,Bioplastic (PLA),70.34,4.78,89.68,1.79,55.59,6,21.83,152,5
M09717,Bioplastic (PLA),75.43,4.6,91.07,2.46,52.97,7,23.39,169,6
M09718,Bioplastic (PLA),66.47,6.0,87.63,1.72,63.13,8,22.7,169,6
M09719,Bioplastic (PLA),66.3,6.0,85.5,1.66,60.46,8,21.33,142,5
M09720,Bioplastic (PLA),72.32,5.16,89.73,1.85,65.0,9,23.68,173,6
M09721,Bioplastic (PLA),65.23,4.56,89.45,1.42,59.14,6,20.27,131,6
M09722,Bioplastic (PLA),75.27,4.63,88.66,1.88,56.56,9,22.68,147,6
M09723,Bioplastic (PLA),66.86,4.63,86.98,1.87,53.75,9,22.84,167,6
M09724,Bioplastic (PLA),72.17,4.2,81.44,2.34,62.6,9,21.02,120,7
M09725,Bioplastic (PLA),62.37,4.77,87.84,2.07,57.13,8,22.74,178,7
M09726,Bioplastic (PLA),68.01,3.81,87.88,1.67,55.23,7,22.3,162,6
M09727,Bioplastic (PLA),70.35,4.97,88.53,1.75,60.36,7,21.98,151,9
M09728,Bioplastic (PLA),63.12,6.0,90.13,1.45,51.98,8,20.51,132,7
M09729,Bioplastic (PLA),66.87,5.38,87.83,1.98,58.21,9,21.69,144,6
M09730,Bioplastic (PLA),74.52,3.1,90.15,2.21,58.76,8,24.2,183,6
M09731,Bioplastic (PLA),76.37,5.12,92.41,2.05,53.0,7,23.54,170,6
M09732,Bioplastic (PLA),60.0,4.66,89.92,1.4,54.41,6,19.2,120,6
M09733,Bioplastic (PLA),72.58,3.67,92.35,1.85,60.1,7,22.16,150,6
M09734,Bioplastic (PLA),76.21,5.95,83.29,1.86,52.18,8,22.92,154,6
M09735,Bioplastic (PLA),64.6,5.04,88.2,1.9,65.0,6,19.76,122,7
M09736,Bioplastic (PLA),72.39,6.0,91.33,1.83,58.96,9,24.34,186,7
M09737,Bioplastic (PLA),60.71,4.54,90.79,1.64,56.1,7,19.87,128,7
M09738,Bioplastic (PLA),69.22,4.77,82.06,2.08,64.79,8,20.97,129,9
M09739,Bioplastic (PLA),74.78,6.0,89.59,1.45,57.37,7,22.48,152,8
M09740,Bioplastic (PLA),67.8,6.0,85.9,1.63,59.2,9,22.98,168,6
M09741,Bioplastic (PLA),70.37,4.46,88.16,1.89,54.86,9,22.39,151,6
M09742,Bioplastic (PLA),74.25,6.0,89.33,1.9,55.63,7,21.12,126,7
M09743,Bioplastic (PLA),71.17,6.0,85.28,2.1,54.6,7,23.32,176,7
M09744,Bioplastic (PLA),71.45,6.0,83.42,1.78,50.0,7,23.79,185,5
M09745,Bioplastic (PLA),60.0,5.19,88.62,1.4,52.58,7,20.1,134,6
M09746,Bioplastic (PLA),74.25,5.98,80.54,1.78,62.23,8,22.28,145,7
M09747,Bioplastic (PLA),77.09,6.0,90.0,2.09,60.64,9,22.81,146,5
M09748,Bioplastic (PLA),64.48,4.27,87.89,1.83,56.19,10,21.45,140,6
M09749,Bioplastic (PLA),74.67,5.74,90.52,2.08,62.13,7,22.32,149,7
M09750,Bioplastic (PLA),63.0,4.93,89.67,2.04,59.2,7,20.5,136,6
M09751,Bioplastic (PLA),66.1,3.29,86.34,1.74,61.4,6,21.31,150,6
M09752,Bioplastic (PLA),77.54,5.25,85.4,1.73,51.67,8,22.95,152,8
M09753,Bioplastic (PLA),75.71,4.44,90.35,2.28,59.93,8,22.72,151,7
M09754,Bioplastic (PLA),67.68,6.0,90.87,2.02,65.0,7,21.77,152,6
M09755,Bioplastic (PLA),71.61,4.87,91.18,1.82,64.41,8,23.41,173,6
M09756,Bioplastic (PLA),76.58,4.16,92.82,2.43,56.89,8,22.91,153,7
M09757,Bioplastic (PLA),67.81,5.14,86.1,1.74,58.38,7,21.38,144,9
M09758,Bioplastic (PLA),64.83,5.64,84.64,1.53,55.21,7,20.33,129,7
M09759,Bioplastic (PLA),60.0,6.0,86.37,2.26,56.61,6,21.05,157,6
M09760,Bioplastic (PLA),65.88,5.13,94.83,1.95,61.64,7,20.34,127,6
M09761,Bioplastic (PLA),69.96,4.95,86.07,1.93,65.0,9,21.1,126,6
M09762,Bioplastic (PLA),73.5,3.73,86.21,2.5,60.93,7,22.6,157,5
M09763,Bioplastic (PLA),72.26,6.0,95.0,2.42,54.14,9,21.48,129,9
M09764,Bioplastic (PLA),69.72,3.29,92.81,2.05,62.81,8,22.62,161,5
M09765,Bioplastic (PLA),73.55,4.15,91.34,2.0,65.0,7,21.91,143,7
M09766,Bioplastic (PLA),72.49,6.0,91.38,1.97,56.42,7,22.5,157,6
M09767,Bioplastic (PLA),68.57,4.77,91.39,2.49,59.97,9,23.21,171,5
M09768,Bioplastic (PLA),65.69,4.98,90.72,2.28,61.97,8,21.27,142,7
M09769,Bioplastic (PLA),72.22,5.23,94.55,1.59,55.75,10,22.32,142,6
M09770,Bioplastic (PLA),75.77,6.0,90.69,1.92,56.9,9,22.13,135,8
M09771,Bioplastic (PLA),73.63,6.0,90.37,1.91,58.08,8,21.71,135,7
M09772,Bioplastic (PLA),77.85,3.0,84.02,1.61,62.08,7,22.79,152,6
M09773,Bioplastic (PLA),68.78,5.28,84.96,2.06,64.13,8,22.78,166,6
M09774,Bioplastic (PLA),80.0,6.0,95.0,2.41,59.07,8,22.9,146,5
M09775,Bioplastic (PLA),72.92,5.61,87.73,1.52,54.24,8,20.89,120,9
M09776,Bioplastic (PLA),71.85,6.0,86.17,2.23,56.63,7,22.23,153,6
M09777,Bioplastic (PLA),71.75,4.55,85.31,1.96,58.14,6,23.07,174,6
M09778,Bioplastic (PLA),80.0,4.7,84.88,1.99,58.68,9,23.5,154,8
M09779,Bioplastic (PLA),66.59,4.46,88.81,1.41,63.31,7,23.56,190,6
M09780,Bioplastic (PLA),80.0,4.49,92.66,2.18,59.61,8,22.15,131,6
M09781,Bioplastic (PLA),76.89,5.6,88.75,1.88,52.1,7,21.99,138,7
M09782,Bioplastic (PLA),66.76,4.89,90.74,2.47,56.19,9,23.98,190,7
M09783,Bioplastic (PLA),76.89,6.0,90.35,2.03,60.08,8,24.24,179,6
M09784,Bioplastic (PLA),67.06,4.73,90.25,2.16,56.82,7,21.76,153,7
M09785,Bioplastic (PLA),62.27,6.0,84.89,1.73,55.64,8,21.08,145,7
M09786,Bioplastic (PLA),72.2,3.82,90.93,1.42,54.15,7,21.62,140,7
M09787,Bioplastic (PLA),70.47,5.03,87.83,1.7,58.58,9,22.1,145,6
M09788,Bioplastic (PLA),72.81,4.83,91.76,1.94,58.87,8,21.68,136,6
M09789,Bioplastic (PLA),75.69,3.41,87.65,2.34,55.76,7,21.12,123,6
M09790,Bioplastic (PLA),73.84,4.66,91.44,1.87,59.31,7,23.08,166,7
M09791,Bioplastic (PLA),65.8,4.82,88.32,2.15,55.76,8,22.13,159,5
M09792,Bioplastic (PLA),69.65,3.0,87.75,1.7,60.92,8,20.57,120,7
M09793,Bioplastic (PLA),69.63,4.6,85.01,1.9,55.51,8,21.71,143,6
M09794,Bioplastic (PLA),60.0,3.63,85.39,1.85,61.1,7,22.8,188,7
M09795,Bioplastic (PLA),67.96,6.0,85.01,1.96,55.11,7,20.2,120,6
M09796,Bioplastic (PLA),66.75,3.2,89.07,2.35,53.88,8,21.03,135,5
M09797,Bioplastic (PLA),71.98,4.33,87.56,2.14,57.18,8,22.0,144,8
M09798,Bioplastic (PLA),75.53,5.38,90.51,2.01,59.56,7,21.5,131,6
M09799,Bioplastic (PLA),76.86,5.03,94.63,2.35,55.1,7,21.44,127,6
M09800,Bioplastic (PLA),69.68,5.71,84.09,2.03,50.49,6,20.32,123,7
M09801,Bioplastic (PLA),68.81,6.0,85.72,1.7,51.75,8,23.63,183,6
M09802,Bioplastic (PLA),73.36,5.97,88.93,1.96,58.01,6,21.39,137,9
M09803,Bioplastic (PLA),71.42,5.71,80.0,2.18,51.74,8,22.09,147,5
M09804,Bioplastic (PLA),74.26,5.33,85.35,1.96,61.57,6,20.63,120,6
M09805,Bioplastic (PLA),79.29,5.91,84.39,1.98,55.46,7,22.83,150,8
M09806,Bioplastic (PLA),60.0,3.75,86.56,1.53,59.16,8,19.7,122,8
M09807,Bioplastic (PLA),67.98,4.9,90.65,1.83,55.13,8,21.95,151,7
M09808,Bioplastic (PLA),72.78,5.45,84.67,1.86,54.09,8,23.53,173,6
M09809,Bioplastic (PLA),65.67,4.96,94.07,2.01,65.0,6,20.82,141,6
M09810,Bioplastic (PLA),63.34,3.08,80.0,2.0,55.78,8,23.23,186,7
M09811,Bioplastic (PLA),63.82,5.03,89.3,1.72,57.44,10,22.18,156,6
M09812,Bioplastic (PLA),76.45,4.66,89.29,1.52,57.1,8,23.9,173,5
M09813,Bioplastic (PLA),63.94,6.0,85.83,1.44,61.93,7,22.19,168,5
M09814,Bioplastic (PLA),72.58,4.89,86.01,2.05,59.13,8,21.86,140,7
M09815,Bioplastic (PLA),66.4,6.0,87.16,1.97,53.4,6,19.84,120,5
M09816,Bioplastic (PLA),65.6,6.0,85.52,2.08,59.66,7,21.66,154,6
M09817,Bioplastic (PLA),77.32,6.0,82.68,2.01,55.75,7,22.73,152,6
M09818,Bioplastic (PLA),66.48,5.5,92.02,2.28,62.99,6,20.8,139,5
M09819,Bioplastic (PLA),78.3,6.0,85.16,2.5,55.7,7,22.28,141,6
M09820,Bioplastic (PLA),68.09,3.24,86.13,1.68,50.14,8,21.11,134,6
M09821,Bioplastic (PLA),69.24,4.3,90.15,1.67,59.65,6,21.12,140,5
M09822,Bioplastic (PLA),70.31,5.54,83.64,1.45,62.53,8,21.18,131,6
M09823,Bioplastic (PLA),68.97,5.3,95.0,1.53,58.66,6,22.45,167,7
M09824,Bioplastic (PLA),65.25,4.99,93.87,2.06,59.11,6,21.53,156,7
M09825,Bioplastic (PLA),72.41,5.77,86.74,1.65,59.65,8,22.64,156,7
M09826,Bioplastic (PLA),76.29,4.94,87.42,1.98,65.0,8,22.68,149,7
M09827,Bioplastic (PLA),68.76,4.74,84.27,1.4,51.55,8,23.53,181,6
M09828,Bioplastic (PLA),71.56,4.29,87.13,1.42,58.36,8,23.01,165,7
M09829,Bioplastic (PLA),69.31,6.0,85.79,2.31,58.31,8,22.73,164,5
M09830,Bioplastic (PLA),64.95,3.0,87.91,2.29,51.94,8,22.0,158,7
M09831,Bioplastic (PLA),71.14,5.95,83.64,2.33,53.66,6,23.11,176,6
M09832,Bioplastic (PLA),72.8,4.51,88.98,2.33,60.54,7,22.33,153,6
M09833,Bioplastic (PLA),64.74,3.86,85.43,1.7,63.69,9,20.37,122,6
M09834,Bioplastic (PLA),68.09,5.37,88.96,1.92,52.02,7,22.81,172,7
M09835,Bioplastic (PLA),65.65,5.88,92.04,2.04,50.0,9,21.92,151,7
M09836,Bioplastic (PLA),71.27,3.03,88.52,1.92,51.81,6,21.88,151,7
M09837,Bioplastic (PLA),70.11,4.3,87.46,2.11,58.32,8,21.06,129,5
M09838,Bioplastic (PLA),71.71,4.55,86.42,1.81,61.14,9,22.47,150,7
M09839,Bioplastic (PLA),72.47,5.71,89.71,1.69,59.14,6,22.1,153,5
M09840,Bioplastic (PLA),75.46,3.0,83.66,2.14,57.97,8,22.45,146,6
M09841,Bioplastic (PLA),75.78,5.75,84.1,2.5,56.04,9,23.58,164,7
M09842,Bioplastic (PLA),64.9,4.15,86.15,1.94,64.08,6,21.89,164,6
M09843,Bioplastic (PLA),68.51,5.73,85.06,2.41,55.23,8,21.45,140,7
M09844,Bioplastic (PLA),72.99,6.0,86.95,1.88,60.51,8,22.95,161,7
M09845,Bioplastic (PLA),71.88,5.0,89.24,2.26,55.92,9,22.34,147,6
M09846,Bioplastic (PLA),61.52,4.92,89.23,1.93,54.49,7,22.05,170,7
M09847,Bioplastic (PLA),70.79,5.21,86.63,1.96,62.46,7,21.58,142,8
M09848,Bioplastic (PLA),69.17,4.09,87.64,2.38,55.68,8,22.02,150,6
M09849,Bioplastic (PLA),69.35,4.23,86.39,1.98,56.65,9,23.14,168,8
M09850,Bioplastic (PLA),74.96,5.25,90.44,1.88,59.67,6,21.35,133,7
M09851,Bioplastic (PLA),69.65,5.51,88.41,1.56,57.63,9,21.32,131,6
M09852,Bioplastic (PLA),73.36,5.52,87.93,1.55,59.36,9,22.84,154,6
M09853,Bioplastic (PLA),78.53,4.67,88.47,2.33,58.71,8,22.65,144,9
M09854,Bioplastic (PLA),70.23,4.11,89.67,1.94,61.04,6,21.77,151,6
M09855,Bioplastic (PLA),75.71,6.0,95.0,2.05,61.1,8,22.52,147,5
M09856,Bioplastic (PLA),68.94,5.06,89.59,2.09,60.81,7,21.24,139,5
M09857,Bioplastic (PLA),71.94,5.1,95.0,2.22,60.97,6,21.94,151,6
M09858,Bioplastic (PLA),71.6,5.3,85.82,1.83,56.62,7,20.56,120,7
M09859,Bioplastic (PLA),74.13,6.0,80.0,2.23,55.31,8,21.11,122,5
M09860,Bioplastic (PLA),64.33,5.98,89.0,1.4,59.95,7,22.53,174,7
M09861,Bioplastic (PLA),69.26,5.81,86.79,2.13,63.91,9,20.73,120,7
M09862,Bioplastic (PLA),69.22,5.48,91.63,1.65,61.04,9,21.57,137,7
M09863,Bioplastic (PLA),73.28,6.0,88.78,2.29,56.32,8,22.08,143,7
M09864,Bioplastic (PLA),67.2,3.0,84.9,2.25,56.12,6,21.57,153,5
M09865,Bioplastic (PLA),73.28,4.2,90.05,1.86,56.35,6,22.63,162,7
M09866,Bioplastic (PLA),70.35,4.53,85.27,2.08,64.83,6,23.43,184,6
M09867,Bioplastic (PLA),64.66,5.5,89.72,2.12,59.36,7,21.07,144,8
M09868,Bioplastic (PLA),70.15,4.99,84.48,2.16,54.75,7,21.52,142,5
M09869,Bioplastic (PLA),63.87,3.73,93.23,2.13,59.47,8,22.19,164,7
M09870,Bioplastic (PLA),71.53,5.5,83.52,2.5,53.93,7,21.1,131,5
M09871,Bioplastic (PLA),75.53,5.8,86.63,1.97,55.8,7,22.85,158,6
M09872,Bioplastic (PLA),70.2,4.86,84.04,1.96,59.75,8,20.62,120,7
M09873,Bioplastic (PLA),70.05,4.65,86.43,1.93,52.54,9,20.8,120,6
M09874,Bioplastic (PLA),67.55,6.0,80.19,1.68,61.13,7,21.25,142,8
M09875,Bioplastic (PLA),69.46,4.24,85.53,2.07,52.81,8,21.5,139,8
M09876,Bioplastic (PLA),68.82,5.53,82.06,1.89,61.18,9,20.88,124,6
M09877,Bioplastic (PLA),71.41,5.94,85.85,1.94,60.37,8,21.99,145,6
M09878,Bioplastic (PLA),72.31,4.24,87.0,1.71,59.27,8,24.33,190,7
M09879,Bioplastic (PLA),64.69,6.0,89.89,1.53,60.33,8,22.62,171,8
M09880,Bioplastic (PLA),69.78,6.0,83.34,1.66,58.32,9,21.58,136,6
M09881,Bioplastic (PLA),74.21,4.88,89.8,1.88,57.12,8,21.47,129,7
M09882,Bioplastic (PLA),63.83,4.2,87.92,1.95,56.55,8,22.28,166,7
M09883,Bioplastic (PLA),73.56,4.64,88.81,1.97,58.44,9,24.26,182,6
M09884,Bioplastic (PLA),65.29,5.77,92.19,1.89,64.38,7,20.83,138,6
M09885,Bioplastic (PLA),71.46,5.45,91.43,1.84,54.49,10,21.25,122,8
M09886,Bioplastic (PLA),70.23,4.82,94.1,1.85,57.32,9,23.32,170,7
M09887,Bioplastic (PLA),80.0,5.3,91.61,2.0,55.35,7,23.25,157,8
M09888,Bioplastic (PLA),65.34,5.3,94.18,2.01,56.7,9,21.23,138,7
M09889,Bioplastic (PLA),66.9,4.33,84.7,2.0,53.13,8,22.04,155,7
M09890,Bioplastic (PLA),72.81,4.32,87.88,2.5,50.99,7,22.73,161,7
M09891,Bioplastic (PLA),69.48,4.92,83.48,1.54,52.68,8,20.95,128,6
M09892,Bioplastic (PLA),71.45,5.57,89.56,2.41,61.21,8,24.25,190,7
M09893,Bioplastic (PLA),76.47,6.0,88.51,2.13,59.54,8,21.25,120,6
M09894,Bioplastic (PLA),60.0,6.0,83.73,1.4,57.55,9,20.4,132,7
M09895,Bioplastic (PLA),67.63,3.79,92.3,2.15,59.13,8,21.86,150,6
M09896,Bioplastic (PLA),74.8,4.44,89.33,1.87,52.38,8,21.73,133,6
M09897,Bioplastic (PLA),67.37,5.05,95.0,1.83,59.78,7,20.39,125,7
M09898,Bioplastic (PLA),75.15,4.13,85.82,2.01,61.87,6,22.96,165,6
M09899,Bioplastic (PLA),70.13,5.77,86.89,2.27,51.2,9,21.61,136,7
M09900,Bioplastic (PLA),71.43,5.68,80.0,2.5,58.46,8,21.64,138,5
M09901,Bioplastic (PLA),67.16,4.04,91.98,1.4,61.89,7,20.52,128,7
M09902,Bioplastic (PLA),68.0,4.37,90.52,2.18,65.0,10,20.9,122,6
M09903,Bioplastic (PLA),69.73,4.11,83.24,2.37,55.71,7,22.67,166,7
M09904,Bioplastic (PLA),78.6,5.63,83.67,2.09,56.39,9,23.01,147,6
M09905,Bioplastic (PLA),72.34,5.48,90.09,1.51,55.25,7,22.53,158,5
M09906,Bioplastic (PLA),73.81,4.4,88.91,1.99,56.04,7,21.68,138,8
M09907,Bioplastic (PLA),63.21,5.11,95.0,1.85,61.1,7,20.42,134,7
M09908,Bioplastic (PLA),70.16,5.05,86.82,2.02,56.73,8,20.62,120,6
M09909,Bioplastic (PLA),75.56,6.0,87.96,2.15,61.43,6,22.51,155,7
M09910,Bioplastic (PLA),71.59,6.0,88.21,2.33,65.0,8,22.36,152,8
M09911,Bioplastic (PLA),77.49,4.59,81.59,1.91,61.49,8,21.65,126,5
M09912,Bioplastic (PLA),78.16,5.9,87.62,2.17,58.55,7,22.52,146,5
M09913,Bioplastic (PLA),73.41,3.46,81.51,1.72,61.47,6,21.04,130,7
M09914,Bioplastic (PLA),60.0,5.06,93.37,1.89,56.84,6,21.7,170,8
M09915,Bioplastic (PLA),75.04,4.89,95.0,2.05,61.75,8,23.25,163,6
M09916,Bioplastic (PLA),64.13,3.0,90.79,1.79,57.69,7,21.56,155,7
M09917,Bioplastic (PLA),60.0,4.49,90.89,1.4,56.8,7,21.85,169,8
M09918,Bioplastic (PLA),66.11,6.0,87.84,1.73,62.32,8,21.71,150,7
M09919,Bioplastic (PLA),69.9,5.13,91.31,1.72,65.0,7,23.44,181,8
M09920,Bioplastic (PLA),68.63,4.06,87.23,2.26,53.68,6,21.61,151,6
M09921,Bioplastic (PLA),69.15,4.42,91.53,1.58,57.84,8,20.62,122,6
M09922,Bioplastic (PLA),64.45,3.22,89.18,1.64,62.66,8,21.7,153,6
M09923,Bioplastic (PLA),79.64,4.56,92.94,1.85,56.7,8,22.76,144,5
M09924,Bioplastic (PLA),66.04,5.93,85.42,1.95,53.85,8,20.65,129,7
M09925,Bioplastic (PLA),68.03,3.67,88.26,1.94,58.45,8,22.1,154,7
M09926,Bioplastic (PLA),68.56,4.89,88.43,2.05,55.55,7,20.26,120,6
M09927,Bioplastic (PLA),73.42,4.41,85.86,1.43,57.0,6,21.39,137,5
M09928,Bioplastic (PLA),67.83,4.42,89.76,2.34,57.49,6,21.43,149,5
M09929,Bioplastic (PLA),74.47,3.53,92.16,1.83,57.19,7,23.85,180,6
M09930,Bioplastic (PLA),74.59,5.47,89.15,2.17,60.65,8,23.21,163,8
M09931,Bioplastic (PLA),77.75,4.95,85.65,1.9,61.89,7,21.88,134,7
M09932,Bioplastic (PLA),69.51,4.02,90.44,1.54,59.67,8,23.55,180,6
M09933,Bioplastic (PLA),65.77,3.67,85.92,1.64,52.53,7,20.93,139,6
M09934,Bioplastic (PLA),62.32,4.51,90.2,1.83,50.73,7,21.28,153,5
M09935,Bioplastic (PLA),60.0,6.0,90.35,1.73,59.8,6,21.35,163,8
M09936,Bioplastic (PLA),70.67,4.16,86.79,1.59,58.42,7,21.97,150,5
M09937,Bioplastic (PLA),71.9,6.0,90.45,1.47,61.39,7,21.54,139,7
M09938,Bioplastic (PLA),66.93,4.22,89.56,2.33,58.9,8,21.34,141,7
M09939,Bioplastic (PLA),74.89,3.59,89.16,2.34,54.28,8,22.34,145,6
M09940,Bioplastic (PLA),72.31,5.57,83.53,1.42,59.69,8,22.23,148,6
M09941,Bioplastic (PLA),70.35,4.45,87.74,2.08,57.15,7,21.93,150,6
M09942,Bioplastic (PLA),72.03,5.22,86.31,1.98,65.0,8,23.1,166,7
M09943,Bioplastic (PLA),78.76,4.55,85.41,1.93,63.08,8,22.78,146,8
M09944,Bioplastic (PLA),65.85,5.82,90.43,1.71,50.0,6,20.93,143,7
M09945,Bioplastic (PLA),76.31,5.76,92.81,2.29,53.19,6,21.98,143,8
M09946,Bioplastic (PLA),69.41,4.96,86.81,1.93,61.03,7,22.09,155,5
M09947,Bioplastic (PLA),76.43,5.45,85.29,2.15,57.42,6,22.24,148,7
M09948,Bioplastic (PLA),66.22,3.0,90.41,1.4,60.27,7,21.47,149,8
M09949,Bioplastic (PLA),75.93,5.44,90.44,2.49,53.93,8,22.49,146,7
M09950,Bioplastic (PLA),67.78,4.6,95.0,2.07,50.0,8,22.53,163,6
M09951,Bioplastic (PLA),80.0,4.7,92.53,1.5,55.96,7,23.65,165,5
M09952,Bioplastic (PLA),71.91,4.72,85.53,1.75,61.7,9,21.39,128,7
M09953,Bioplastic (PLA),69.65,3.35,87.98,1.53,60.72,7,21.02,133,7
M09954,Bioplastic (PLA),69.8,6.0,90.79,1.94,55.28,8,21.78,144,6
M09955,Bioplastic (PLA),72.61,4.0,95.0,2.36,65.0,7,23.36,174,5
M09956,Bioplastic (PLA),72.48,5.37,86.26,1.81,58.56,7,21.4,135,5
M09957,Bioplastic (PLA),69.54,4.92,94.24,1.94,60.72,8,22.8,165,7
M09958,Bioplastic (PLA),69.95,5.1,84.24,1.45,59.76,7,21.34,139,6
M09959,Bioplastic (PLA),70.79,6.0,85.21,2.22,61.23,7,22.03,151,7
M09960,Bioplastic (PLA),66.61,5.12,94.4,1.87,58.88,8,21.41,143,7
M09961,Bioplastic (PLA),64.99,4.79,95.0,1.4,57.22,6,20.6,138,5
M09962,Bioplastic (PLA),66.62,3.0,83.72,1.44,58.62,7,23.56,190,7
M09963,Bioplastic (PLA),69.73,5.96,88.34,1.73,59.78,7,21.77,148,8
M09964,Bioplastic (PLA),80.0,4.84,90.06,1.76,60.71,8,22.75,143,7
M09965,Bioplastic (PLA),64.85,5.71,89.14,1.79,52.91,6,20.18,130,8
M09966,Bioplastic (PLA),74.5,3.0,91.32,2.11,57.09,7,22.4,151,7
M09967,Bioplastic (PLA),63.81,3.91,83.79,1.87,60.67,8,21.73,155,6
M09968,Bioplastic (PLA),66.11,4.89,88.99,1.65,50.0,8,20.21,120,8
M09969,Bioplastic (PLA),66.01,4.79,86.44,1.56,60.27,7,23.35,187,7
M09970,Bioplastic (PLA),78.2,4.31,91.9,2.29,64.85,8,22.82,148,7
M09971,Bioplastic (PLA),69.81,6.0,88.07,2.35,53.51,8,23.58,180,6
M09972,Bioplastic (PLA),71.79,5.22,95.0,1.58,60.88,7,22.93,167,8
M09973,Bioplastic (PLA),75.24,5.16,93.29,2.1,59.22,8,22.97,157,5
M09974,Bioplastic (PLA),74.97,3.66,85.81,1.85,57.35,10,22.1,132,7
M09975,Bioplastic (PLA),80.0,5.99,93.34,2.09,60.51,7,23.65,165,5
M09976,Bioplastic (PLA),65.2,5.24,91.14,1.4,58.05,8,22.02,158,7
M09977,Bioplastic (PLA),76.54,3.93,88.97,2.03,63.13,6,22.2,147,5
M09978,Bioplastic (PLA),68.04,5.76,88.14,1.49,57.58,10,20.85,121,7
M09979,Bioplastic (PLA),74.67,5.87,86.98,2.18,58.49,9,23.22,159,6
M09980,Bioplastic (PLA),68.78,4.44,86.3,2.24,57.73,7,21.98,154,8
M09981,Bioplastic (PLA),68.7,5.44,81.68,1.9,54.66,6,21.77,154,6
M09982,Bioplastic (PLA),68.07,5.38,82.41,1.89,63.44,7,20.81,132,8
M09983,Bioplastic (PLA),68.01,3.68,86.47,1.53,55.53,8,21.9,150,7
M09984,Bioplastic (PLA),73.95,3.0,82.57,2.38,59.81,8,21.85,137,6
M09985,Bioplastic (PLA),68.61,4.72,84.82,1.65,56.6,6,21.76,154,7
M09986,Bioplastic (PLA),75.5,4.7,93.12,1.45,61.0,7,22.0,141,5
M09987,Bioplastic (PLA),68.87,3.74,95.0,1.8,63.7,7,22.59,166,7
M09988,Bioplastic (PLA),68.16,3.57,87.82,1.77,55.3,6,21.12,142,6
M09989,Bioplastic (PLA),69.04,4.92,84.71,1.53,64.55,7,21.65,147,6
M09990,Bioplastic (PLA),78.32,5.17,89.33,2.04,65.0,8,23.73,166,8
M09991,Bioplastic (PLA),76.44,6.0,90.79,1.75,54.74,7,24.09,181,5
M09992,Bioplastic (PLA),65.13,6.0,91.72,1.7,53.5,8,21.06,139,6
M09993,Bioplastic (PLA),75.02,4.33,87.46,2.05,56.26,8,22.25,143,6
M09994,Bioplastic (PLA),77.99,3.3,80.0,1.95,54.43,7,24.1,178,6
M09995,Bioplastic (PLA),64.55,4.11,83.72,1.75,53.3,8,22.51,169,9
M09996,Bioplastic (PLA),74.66,5.07,83.49,1.89,61.0,8,22.72,153,6
M09997,Bioplastic (PLA),63.8,5.85,90.29,1.5,62.35,8,21.58,152,6
M09998,Bioplastic (PLA),70.86,5.5,84.97,2.01,57.4,8,23.79,182,7
M09999,Bioplastic (PLA),68.14,6.0,89.26,2.25,51.87,8,22.06,153,6
M10000,Bioplastic (PLA),74.97,6.0,90.59,2.19,62.85,9,22.9,152,7
