product_id,product_name,category,material_type,weight_kg,volume_m3,shelf_life_days,packaging_required
P00001,Smartphone,Electronics,Bioplastic (PLA),0.202,0.0016,653,True
P00002,Smartphone,Electronics,Recycled Cardboard,0.24,0.0009,454,True
P00003,Smartphone,Electronics,Recycled Cardboard,0.164,0.0007,611,True
P00004,Smartphone,Electronics,Recycled Cardboard,0.185,0.0011,401,True
P00005,Smartphone,Electronics,Bamboo Fiber,0.171,0.0012,435,True
P00006,Smartphone,Electronics,Mushroom Mycelium,0.175,0.0015,149,True
P00007,Smartphone,Electronics,Mushroom Mycelium,0.242,0.0016,394,True
P00008,Smartphone,Electronics,Mushroom Mycelium,0.177,0.0012,93,True
P00009,Smartphone,Electronics,Mushroom Mycelium,0.183,0.0016,94,True
P00010,Smartphone,Electronics,Bamboo Fiber,0.177,0.0009,407,True
P00011,Smartphone,Electronics,Bagasse,0.242,0.0012,35,True
P00012,Smartphone,Electronics,Recycled Cardboard,0.156,0.0007,339,True
P00013,Smartphone,Electronics,Mushroom Mycelium,0.212,0.0014,697,True
P00014,Smartphone,Electronics,Bamboo Fiber,0.204,0.0008,610,True
P00015,Smartphone,Electronics,Bioplastic (PLA),0.234,0.0017,351,True
P00016,Smartphone,Electronics,Recycled Cardboard,0.219,0.0007,416,True
P00017,Smartphone,Electronics,Bagasse,0.237,0.0006,93,True
P00018,Smartphone,Electronics,Recycled Cardboard,0.212,0.0009,331,True
P00019,Smartphone,Electronics,Recycled Cardboard,0.221,0.0013,266,True
P00020,Smartphone,Electronics,Bamboo Fiber,0.238,0.002,491,True
P00021,Smartphone,Electronics,Bioplastic (PLA),0.186,0.0019,131,True
P00022,Smartphone,Electronics,Bagasse,0.224,0.0006,142,True
P00023,Smartphone,Electronics,Bagasse,0.22,0.0015,521,True
P00024,Smartphone,Electronics,Mushroom Mycelium,0.19,0.0012,464,True
P00025,Smartphone,Electronics,Bamboo Fiber,0.193,0.0011,405,True
P00026,Smartphone,Electronics,Bagasse,0.225,0.0009,705,True
P00027,Smartphone,Electronics,Recycled Cardboard,0.221,0.0011,255,True
P00028,Smartphone,Electronics,Recycled Cardboard,0.235,0.001,531,True
P00029,Smartphone,Electronics,Bamboo Fiber,0.192,0.0008,612,True
P00030,Smartphone,Electronics,Bamboo Fiber,0.163,0.0013,86,True
P00031,Smartphone,Electronics,Bamboo Fiber,0.191,0.0007,174,True
P00032,Smartphone,Electronics,Mushroom Mycelium,0.193,0.0013,121,True
P00033,Smartphone,Electronics,Bioplastic (PLA),0.207,0.0018,347,True
P00034,Smartphone,Electronics,Mushroom Mycelium,0.208,0.0015,243,True
P00035,Smartphone,Electronics,Bagasse,0.203,0.0018,593,True
P00036,Smartphone,Electronics,Bagasse,0.16,0.0006,727,True
P00037,Smartphone,Electronics,Bioplastic (PLA),0.188,0.0017,541,True
P00038,Smartphone,Electronics,Bagasse,0.15,0.0006,538,True
P00039,Smartphone,Electronics,Bagasse,0.212,0.0008,369,True
P00040,Smartphone,Electronics,Recycled Cardboard,0.247,0.0006,563,True
P00041,Smartphone,Electronics,Recycled Cardboard,0.16,0.0011,676,True
P00042,Smartphone,Electronics,Bamboo Fiber,0.203,0.0017,550,True
P00043,Smartphone,Electronics,Bioplastic (PLA),0.219,0.0018,494,True
P00044,Smartphone,Electronics,Bioplastic (PLA),0.214,0.0018,729,True
P00045,Smartphone,Electronics,Bamboo Fiber,0.209,0.0014,271,True
P00046,Smartphone,Electronics,Recycled Cardboard,0.235,0.0019,244,True
P00047,Smartphone,Electronics,Recycled Cardboard,0.178,0.0018,456,True
P00048,Smartphone,Electronics,Mushroom Mycelium,0.193,0.001,154,True
P00049,Smartphone,Electronics,Bagasse,0.231,0.0012,252,True
P00050,Smartphone,Electronics,Bioplastic (PLA),0.25,0.0014,559,True
P00051,Smartphone,Electronics,Recycled Cardboard,0.245,0.0008,588,True
P00052,Smartphone,Electronics,Bagasse,0.242,0.0009,352,True
P00053,Smartphone,Electronics,Recycled Cardboard,0.213,0.0016,581,True
P00054,Smartphone,Electronics,Mushroom Mycelium,0.206,0.0014,58,True
P00055,Smartphone,Electronics,Bioplastic (PLA),0.213,0.0012,147,True
P00056,Smartphone,Electronics,Bagasse,0.164,0.0017,78,True
P00057,Smartphone,Electronics,Bagasse,0.215,0.001,705,True
P00058,Smartphone,Electronics,Recycled Cardboard,0.23,0.0015,562,True
P00059,Smartphone,Electronics,Bioplastic (PLA),0.238,0.0005,254,True
P00060,Smartphone,Electronics,Bamboo Fiber,0.249,0.0007,497,True
P00061,Smartphone,Electronics,Mushroom Mycelium,0.166,0.0007,113,True
P00062,Smartphone,Electronics,Recycled Cardboard,0.234,0.0018,53,True
P00063,Smartphone,Electronics,Bioplastic (PLA),0.177,0.0011,678,True
P00064,Smartphone,Electronics,Bioplastic (PLA),0.21,0.0012,114,True
P00065,Smartphone,Electronics,Mushroom Mycelium,0.173,0.0009,121,True
P00066,Smartphone,Electronics,Bamboo Fiber,0.168,0.0019,140,True
P00067,Smartphone,Electronics,Bagasse,0.215,0.0006,137,True
P00068,Smartphone,Electronics,Mushroom Mycelium,0.208,0.0009,435,True
P00069,Smartphone,Electronics,Bagasse,0.188,0.0006,89,True
P00070,Smartphone,Electronics,Bagasse,0.228,0.001,336,True
P00071,Smartphone,Electronics,Recycled Cardboard,0.194,0.0012,510,True
P00072,Smartphone,Electronics,Bamboo Fiber,0.228,0.0008,84,True
P00073,Smartphone,Electronics,Bamboo Fiber,0.183,0.0014,527,True
P00074,Smartphone,Electronics,Recycled Cardboard,0.154,0.0011,205,True
P00075,Smartphone,Electronics,Recycled Cardboard,0.182,0.0012,378,True
P00076,Smartphone,Electronics,Bamboo Fiber,0.228,0.0019,534,True
P00077,Smartphone,Electronics,Bagasse,0.195,0.0006,338,True
P00078,Smartphone,Electronics,Mushroom Mycelium,0.188,0.0011,676,True
P00079,Smartphone,Electronics,Bamboo Fiber,0.162,0.0013,533,True
P00080,Smartphone,Electronics,Bamboo Fiber,0.178,0.0018,290,True
P00081,Smartphone,Electronics,Mushroom Mycelium,0.159,0.0019,412,True
P00082,Smartphone,Electronics,Bagasse,0.223,0.0016,284,True
P00083,Smartphone,Electronics,Mushroom Mycelium,0.193,0.0009,728,True
P00084,Smartphone,Electronics,Mushroom Mycelium,0.154,0.0007,464,True
P00085,Smartphone,Electronics,Mushroom Mycelium,0.201,0.002,119,True
P00086,Smartphone,Electronics,Bamboo Fiber,0.229,0.0006,563,True
P00087,Smartphone,Electronics,Mushroom Mycelium,0.183,0.0016,284,True
P00088,Smartphone,Electronics,Bioplastic (PLA),0.193,0.0017,442,True
P00089,Smartphone,Electronics,Bioplastic (PLA),0.161,0.0009,683,True
P00090,Smartphone,Electronics,Bagasse,0.222,0.0015,472,True
P00091,Smartphone,Electronics,Mushroom Mycelium,0.217,0.0016,41,True
P00092,Smartphone,Electronics,Recycled Cardboard,0.22,0.0008,205,True
P00093,Smartphone,Electronics,Bamboo Fiber,0.227,0.0019,365,True
P00094,Smartphone,Electronics,Bagasse,0.226,0.0017,44,True
P00095,Smartphone,Electronics,Bioplastic (PLA),0.155,0.0009,687,True
P00096,Smartphone,Electronics,Bamboo Fiber,0.247,0.0006,437,True
P00097,Smartphone,Electronics,Recycled Cardboard,0.189,0.0006,563,True
P00098,Smartphone,Electronics,Mushroom Mycelium,0.166,0.0007,52,True
P00099,Smartphone,Electronics,Bagasse,0.245,0.0006,56,True
P00100,Smartphone,Electronics,Recycled Cardboard,0.171,0.0011,570,True
P00101,Smartphone,Electronics,Bioplastic (PLA),0.172,0.0014,231,True
P00102,Smartphone,Electronics,Bagasse,0.216,0.002,84,True
P00103,Smartphone,Electronics,Recycled Cardboard,0.161,0.0007,317,True
P00104,Smartphone,Electronics,Bioplastic (PLA),0.181,0.001,40,True
P00105,Smartphone,Electronics,Bagasse,0.225,0.0012,518,True
P00106,Smartphone,Electronics,Mushroom Mycelium,0.249,0.0012,332,True
P00107,Smartphone,Electronics,Bamboo Fiber,0.237,0.0008,37,True
P00108,Smartphone,Electronics,Bagasse,0.152,0.0013,693,True
P00109,Smartphone,Electronics,Recycled Cardboard,0.243,0.0015,522,True
P00110,Smartphone,Electronics,Bamboo Fiber,0.245,0.0006,687,True
P00111,Smartphone,Electronics,Bagasse,0.198,0.0019,36,True
P00112,Smartphone,Electronics,Bagasse,0.169,0.0015,635,True
P00113,Smartphone,Electronics,Bioplastic (PLA),0.164,0.0012,239,True
P00114,Smartphone,Electronics,Bamboo Fiber,0.159,0.0008,701,True
P00115,Smartphone,Electronics,Bamboo Fiber,0.236,0.0009,488,True
P00116,Smartphone,Electronics,Bioplastic (PLA),0.229,0.0011,457,True
P00117,Smartphone,Electronics,Bamboo Fiber,0.213,0.0012,500,True
P00118,Smartphone,Electronics,Mushroom Mycelium,0.205,0.0009,395,True
P00119,Smartphone,Electronics,Bioplastic (PLA),0.203,0.0013,74,True
P00120,Smartphone,Electronics,Bagasse,0.151,0.0013,521,True
P00121,Smartphone,Electronics,Recycled Cardboard,0.241,0.0015,522,True
P00122,Smartphone,Electronics,Bagasse,0.215,0.0019,590,True
P00123,Smartphone,Electronics,Bamboo Fiber,0.241,0.0007,371,True
P00124,Smartphone,Electronics,Bioplastic (PLA),0.239,0.0005,92,True
P00125,Smartphone,Electronics,Mushroom Mycelium,0.194,0.001,636,True
P00126,Smartphone,Electronics,Mushroom Mycelium,0.223,0.0006,531,True
P00127,Smartphone,Electronics,Bamboo Fiber,0.168,0.0015,536,True
P00128,Smartphone,Electronics,Mushroom Mycelium,0.169,0.0007,40,True
P00129,Smartphone,Electronics,Bamboo Fiber,0.186,0.0008,417,True
P00130,Smartphone,Electronics,Bagasse,0.225,0.0018,441,True
P00131,Smartphone,Electronics,Bagasse,0.179,0.0016,538,True
P00132,Smartphone,Electronics,Mushroom Mycelium,0.221,0.0009,536,True
P00133,Smartphone,Electronics,Bioplastic (PLA),0.213,0.0012,375,True
P00134,Smartphone,Electronics,Bamboo Fiber,0.23,0.002,83,True
P00135,Smartphone,Electronics,Bamboo Fiber,0.214,0.0019,676,True
P00136,Smartphone,Electronics,Mushroom Mycelium,0.202,0.0017,419,True
P00137,Smartphone,Electronics,Recycled Cardboard,0.237,0.0018,525,True
P00138,Smartphone,Electronics,Bagasse,0.231,0.0015,439,True
P00139,Smartphone,Electronics,Recycled Cardboard,0.248,0.0014,533,True
P00140,Smartphone,Electronics,Bamboo Fiber,0.153,0.0011,539,True
P00141,Smartphone,Electronics,Mushroom Mycelium,0.237,0.0006,202,True
P00142,Smartphone,Electronics,Mushroom Mycelium,0.185,0.0006,215,True
P00143,Smartphone,Electronics,Bagasse,0.161,0.001,546,True
P00144,Smartphone,Electronics,Recycled Cardboard,0.22,0.0015,680,True
P00145,Smartphone,Electronics,Recycled Cardboard,0.17,0.0007,208,True
P00146,Smartphone,Electronics,Bagasse,0.167,0.0008,604,True
P00147,Smartphone,Electronics,Recycled Cardboard,0.226,0.0017,248,True
P00148,Smartphone,Electronics,Recycled Cardboard,0.247,0.0017,657,True
P00149,Smartphone,Electronics,Bagasse,0.213,0.0017,455,True
P00150,Smartphone,Electronics,Bagasse,0.172,0.0016,121,True
P00151,Smartphone,Electronics,Mushroom Mycelium,0.212,0.0006,572,True
P00152,Smartphone,Electronics,Recycled Cardboard,0.249,0.0011,629,True
P00153,Smartphone,Electronics,Bagasse,0.208,0.0011,696,True
P00154,Smartphone,Electronics,Bagasse,0.151,0.0013,693,True
P00155,Smartphone,Electronics,Bioplastic (PLA),0.173,0.0016,179,True
P00156,Smartphone,Electronics,Bamboo Fiber,0.222,0.0019,516,True
P00157,Smartphone,Electronics,Bamboo Fiber,0.173,0.0007,438,True
P00158,Smartphone,Electronics,Bamboo Fiber,0.196,0.0016,316,True
P00159,Smartphone,Electronics,Bagasse,0.219,0.0006,400,True
P00160,Smartphone,Electronics,Bamboo Fiber,0.201,0.0019,660,True
P00161,Smartphone,Electronics,Mushroom Mycelium,0.215,0.0019,374,True
P00162,Smartphone,Electronics,Bamboo Fiber,0.208,0.0015,653,True
P00163,Smartphone,Electronics,Bagasse,0.205,0.0007,365,True
P00164,Smartphone,Electronics,Bioplastic (PLA),0.217,0.002,152,True
P00165,Smartphone,Electronics,Bagasse,0.17,0.0017,483,True
P00166,Smartphone,Electronics,Bagasse,0.244,0.0007,387,True
P00167,Smartphone,Electronics,Bioplastic (PLA),0.152,0.0006,397,True
P00168,Smartphone,Electronics,Bamboo Fiber,0.182,0.0011,544,True
P00169,Smartphone,Electronics,Mushroom Mycelium,0.161,0.0006,239,True
P00170,Smartphone,Electronics,Mushroom Mycelium,0.179,0.0014,519,True
P00171,Smartphone,Electronics,Recycled Cardboard,0.238,0.0018,385,True
P00172,Smartphone,Electronics,Bagasse,0.202,0.0016,548,True
P00173,Smartphone,Electronics,Recycled Cardboard,0.231,0.0011,578,True
P00174,Smartphone,Electronics,Recycled Cardboard,0.215,0.0019,190,True
P00175,Smartphone,Electronics,Bioplastic (PLA),0.191,0.0018,88,True
P00176,Smartphone,Electronics,Recycled Cardboard,0.153,0.0012,361,True
P00177,Smartphone,Electronics,Bioplastic (PLA),0.15,0.0016,341,True
P00178,Smartphone,Electronics,Bioplastic (PLA),0.191,0.0018,134,True
P00179,Smartphone,Electronics,Recycled Cardboard,0.172,0.0016,672,True
P00180,Smartphone,Electronics,Bioplastic (PLA),0.195,0.0019,85,True
P00181,Smartphone,Electronics,Bioplastic (PLA),0.181,0.0005,370,True
P00182,Smartphone,Electronics,Mushroom Mycelium,0.182,0.0019,469,True
P00183,Smartphone,Electronics,Recycled Cardboard,0.228,0.0011,180,True
P00184,Smartphone,Electronics,Mushroom Mycelium,0.199,0.0016,315,True
P00185,Smartphone,Electronics,Mushroom Mycelium,0.233,0.0006,161,True
P00186,Smartphone,Electronics,Bamboo Fiber,0.224,0.0012,92,True
P00187,Smartphone,Electronics,Bioplastic (PLA),0.228,0.0008,98,True
P00188,Smartphone,Electronics,Bamboo Fiber,0.157,0.0017,524,True
P00189,Smartphone,Electronics,Bagasse,0.215,0.0007,537,True
P00190,Smartphone,Electronics,Bamboo Fiber,0.179,0.0005,729,True
P00191,Smartphone,Electronics,Bioplastic (PLA),0.222,0.0017,194,True
P00192,Smartphone,Electronics,Mushroom Mycelium,0.158,0.0016,462,True
P00193,Smartphone,Electronics,Bamboo Fiber,0.249,0.0011,79,True
P00194,Smartphone,Electronics,Bioplastic (PLA),0.164,0.0011,529,True
P00195,Smartphone,Electronics,Mushroom Mycelium,0.229,0.0019,287,True
P00196,Smartphone,Electronics,Bagasse,0.227,0.0018,168,True
P00197,Smartphone,Electronics,Bagasse,0.197,0.0009,698,True
P00198,Smartphone,Electronics,Recycled Cardboard,0.16,0.0017,447,True
P00199,Smartphone,Electronics,Mushroom Mycelium,0.167,0.0019,63,True
P00200,Smartphone,Electronics,Mushroom Mycelium,0.16,0.0008,615,True
P00201,Smartphone,Electronics,Recycled Cardboard,0.179,0.0009,148,True
P00202,Smartphone,Electronics,Recycled Cardboard,0.182,0.0018,614,True
P00203,Smartphone,Electronics,Bamboo Fiber,0.21,0.001,671,True
P00204,Smartphone,Electronics,Mushroom Mycelium,0.232,0.0006,639,True
P00205,Smartphone,Electronics,Bagasse,0.243,0.001,142,True
P00206,Smartphone,Electronics,Bamboo Fiber,0.24,0.0007,66,True
P00207,Smartphone,Electronics,Bamboo Fiber,0.156,0.0009,625,True
P00208,Smartphone,Electronics,Bioplastic (PLA),0.198,0.0014,306,True
P00209,Smartphone,Electronics,Bagasse,0.151,0.0016,556,True
P00210,Smartphone,Electronics,Mushroom Mycelium,0.164,0.0016,71,True
P00211,Smartphone,Electronics,Bioplastic (PLA),0.235,0.0009,390,True
P00212,Smartphone,Electronics,Mushroom Mycelium,0.243,0.0012,582,True
P00213,Smartphone,Electronics,Bioplastic (PLA),0.209,0.0019,196,True
P00214,Smartphone,Electronics,Bioplastic (PLA),0.175,0.0009,300,True
P00215,Smartphone,Electronics,Bagasse,0.213,0.0008,715,True
P00216,Smartphone,Electronics,Bioplastic (PLA),0.224,0.0016,386,True
P00217,Smartphone,Electronics,Bagasse,0.156,0.0012,620,True
P00218,Smartphone,Electronics,Bioplastic (PLA),0.163,0.0006,566,True
P00219,Smartphone,Electronics,Bamboo Fiber,0.241,0.0014,663,True
P00220,Smartphone,Electronics,Bioplastic (PLA),0.166,0.0008,562,True
P00221,Smartphone,Electronics,Bagasse,0.177,0.0015,228,True
P00222,Smartphone,Electronics,Bamboo Fiber,0.247,0.0005,559,True
P00223,Smartphone,Electronics,Mushroom Mycelium,0.201,0.0017,657,True
P00224,Smartphone,Electronics,Bagasse,0.226,0.0008,331,True
P00225,Smartphone,Electronics,Bagasse,0.245,0.0008,634,True
P00226,Smartphone,Electronics,Recycled Cardboard,0.2,0.0015,108,True
P00227,Smartphone,Electronics,Mushroom Mycelium,0.169,0.0011,335,True
P00228,Smartphone,Electronics,Bamboo Fiber,0.189,0.0018,338,True
P00229,Smartphone,Electronics,Recycled Cardboard,0.237,0.001,192,True
P00230,Smartphone,Electronics,Bagasse,0.19,0.0008,60,True
P00231,Smartphone,Electronics,Mushroom Mycelium,0.171,0.0019,145,True
P00232,Smartphone,Electronics,Bamboo Fiber,0.176,0.0008,660,True
P00233,Smartphone,Electronics,Recycled Cardboard,0.176,0.0008,423,True
P00234,Smartphone,Electronics,Bioplastic (PLA),0.161,0.0012,494,True
P00235,Smartphone,Electronics,Bamboo Fiber,0.198,0.0007,615,True
P00236,Smartphone,Electronics,Bagasse,0.191,0.0009,229,True
P00237,Smartphone,Electronics,Bagasse,0.153,0.0019,145,True
P00238,Smartphone,Electronics,Bagasse,0.2,0.0007,611,True
P00239,Smartphone,Electronics,Bioplastic (PLA),0.174,0.0019,614,True
P00240,Smartphone,Electronics,Bioplastic (PLA),0.243,0.0008,719,True
P00241,Smartphone,Electronics,Bioplastic (PLA),0.232,0.0015,679,True
P00242,Smartphone,Electronics,Recycled Cardboard,0.185,0.0013,433,True
P00243,Smartphone,Electronics,Bamboo Fiber,0.249,0.0016,182,True
P00244,Smartphone,Electronics,Bamboo Fiber,0.249,0.0012,343,True
P00245,Smartphone,Electronics,Bamboo Fiber,0.161,0.0007,437,True
P00246,Smartphone,Electronics,Bioplastic (PLA),0.162,0.0012,547,True
P00247,Smartphone,Electronics,Bagasse,0.199,0.0009,459,True
P00248,Smartphone,Electronics,Bamboo Fiber,0.205,0.0014,327,True
P00249,Smartphone,Electronics,Bagasse,0.246,0.0013,450,True
P00250,Smartphone,Electronics,Bagasse,0.222,0.0017,531,True
P00251,Smartphone,Electronics,Mushroom Mycelium,0.196,0.0014,408,True
P00252,Smartphone,Electronics,Mushroom Mycelium,0.185,0.0016,702,True
P00253,Smartphone,Electronics,Bioplastic (PLA),0.203,0.0015,304,True
P00254,Smartphone,Electronics,Mushroom Mycelium,0.237,0.001,143,True
P00255,Smartphone,Electronics,Bagasse,0.2,0.001,227,True
P00256,Smartphone,Electronics,Bagasse,0.161,0.0009,280,True
P00257,Smartphone,Electronics,Bagasse,0.198,0.002,55,True
P00258,Smartphone,Electronics,Bagasse,0.23,0.0016,523,True
P00259,Smartphone,Electronics,Bioplastic (PLA),0.172,0.0014,303,True
P00260,Smartphone,Electronics,Bamboo Fiber,0.199,0.0013,106,True
P00261,Smartphone,Electronics,Bioplastic (PLA),0.237,0.0018,295,True
P00262,Smartphone,Electronics,Bagasse,0.207,0.001,131,True
P00263,Smartphone,Electronics,Bamboo Fiber,0.151,0.0016,356,True
P00264,Smartphone,Electronics,Recycled Cardboard,0.19,0.0005,52,True
P00265,Smartphone,Electronics,Mushroom Mycelium,0.248,0.0015,301,True
P00266,Smartphone,Electronics,Bamboo Fiber,0.219,0.0009,499,True
P00267,Smartphone,Electronics,Recycled Cardboard,0.207,0.0013,432,True
P00268,Smartphone,Electronics,Bamboo Fiber,0.225,0.0011,278,True
P00269,Smartphone,Electronics,Bamboo Fiber,0.2,0.0009,718,True
P00270,Smartphone,Electronics,Bagasse,0.213,0.0007,241,True
P00271,Smartphone,Electronics,Recycled Cardboard,0.223,0.0009,205,True
P00272,Smartphone,Electronics,Bamboo Fiber,0.181,0.0012,70,True
P00273,Smartphone,Electronics,Recycled Cardboard,0.161,0.0006,404,True
P00274,Smartphone,Electronics,Recycled Cardboard,0.2,0.0019,424,True
P00275,Smartphone,Electronics,Recycled Cardboard,0.184,0.0009,355,True
P00276,Smartphone,Electronics,Mushroom Mycelium,0.219,0.0009,335,True
P00277,Smartphone,Electronics,Bagasse,0.219,0.0005,453,True
P00278,Smartphone,Electronics,Mushroom Mycelium,0.156,0.0012,678,True
P00279,Smartphone,Electronics,Recycled Cardboard,0.213,0.001,283,True
P00280,Smartphone,Electronics,Recycled Cardboard,0.224,0.0005,33,True
P00281,Smartphone,Electronics,Recycled Cardboard,0.237,0.0015,589,True
P00282,Smartphone,Electronics,Mushroom Mycelium,0.151,0.0019,536,True
P00283,Smartphone,Electronics,Bagasse,0.187,0.0015,690,True
P00284,Smartphone,Electronics,Bamboo Fiber,0.229,0.0005,385,True
P00285,Smartphone,Electronics,Recycled Cardboard,0.153,0.001,691,True
P00286,Smartphone,Electronics,Bamboo Fiber,0.162,0.0007,113,True
P00287,Smartphone,Electronics,Bagasse,0.178,0.0016,684,True
P00288,Smartphone,Electronics,Bamboo Fiber,0.152,0.0009,31,True
P00289,Smartphone,Electronics,Mushroom Mycelium,0.162,0.001,404,True
P00290,Smartphone,Electronics,Recycled Cardboard,0.219,0.002,320,True
P00291,Smartphone,Electronics,Recycled Cardboard,0.201,0.0007,207,True
P00292,Smartphone,Electronics,Bagasse,0.236,0.001,172,True
P00293,Smartphone,Electronics,Recycled Cardboard,0.231,0.0007,283,True
P00294,Smartphone,Electronics,Bioplastic (PLA),0.246,0.0018,616,True
P00295,Smartphone,Electronics,Bagasse,0.219,0.0015,429,True
P00296,Smartphone,Electronics,Bagasse,0.22,0.0012,236,True
P00297,Smartphone,Electronics,Bamboo Fiber,0.205,0.0008,59,True
P00298,Smartphone,Electronics,Recycled Cardboard,0.198,0.0012,655,True
P00299,Smartphone,Electronics,Bamboo Fiber,0.156,0.0011,706,True
P00300,Smartphone,Electronics,Bagasse,0.184,0.0008,714,True
P00301,Smartphone,Electronics,Bagasse,0.189,0.0014,200,True
P00302,Smartphone,Electronics,Mushroom Mycelium,0.234,0.0015,394,True
P00303,Smartphone,Electronics,Recycled Cardboard,0.182,0.0012,78,True
P00304,Smartphone,Electronics,Recycled Cardboard,0.224,0.0007,562,True
P00305,Smartphone,Electronics,Recycled Cardboard,0.167,0.0012,320,True
P00306,Smartphone,Electronics,Bioplastic (PLA),0.246,0.0011,242,True
P00307,Smartphone,Electronics,Bamboo Fiber,0.18,0.0007,233,True
P00308,Smartphone,Electronics,Bagasse,0.205,0.0019,538,True
P00309,Smartphone,Electronics,Bamboo Fiber,0.196,0.0011,309,True
P00310,Smartphone,Electronics,Mushroom Mycelium,0.198,0.0011,616,True
P00311,Smartphone,Electronics,Bagasse,0.22,0.0014,587,True
P00312,Smartphone,Electronics,Mushroom Mycelium,0.21,0.0013,625,True
P00313,Smartphone,Electronics,Bamboo Fiber,0.242,0.0014,570,True
P00314,Smartphone,Electronics,Mushroom Mycelium,0.183,0.0019,261,True
P00315,Smartphone,Electronics,Bamboo Fiber,0.175,0.0019,719,True
P00316,Smartphone,Electronics,Recycled Cardboard,0.17,0.0012,46,True
P00317,Smartphone,Electronics,Bioplastic (PLA),0.159,0.0011,74,True
P00318,Smartphone,Electronics,Recycled Cardboard,0.221,0.0007,123,True
P00319,Smartphone,Electronics,Bamboo Fiber,0.193,0.0012,495,True
P00320,Smartphone,Electronics,Bagasse,0.21,0.0012,510,True
P00321,Smartphone,Electronics,Bagasse,0.225,0.0014,395,True
P00322,Smartphone,Electronics,Mushroom Mycelium,0.16,0.0011,548,True
P00323,Smartphone,Electronics,Bagasse,0.157,0.0013,140,True
P00324,Smartphone,Electronics,Mushroom Mycelium,0.239,0.0017,391,True
P00325,Smartphone,Electronics,Recycled Cardboard,0.241,0.0018,492,True
P00326,Smartphone,Electronics,Bamboo Fiber,0.216,0.001,545,True
P00327,Smartphone,Electronics,Recycled Cardboard,0.154,0.0005,119,True
P00328,Smartphone,Electronics,Bagasse,0.247,0.0013,144,True
P00329,Smartphone,Electronics,Bamboo Fiber,0.211,0.001,535,True
P00330,Smartphone,Electronics,Bioplastic (PLA),0.173,0.002,492,True
P00331,Smartphone,Electronics,Bagasse,0.241,0.0008,502,True
P00332,Smartphone,Electronics,Bagasse,0.222,0.0011,245,True
P00333,Smartphone,Electronics,Bagasse,0.157,0.0018,75,True
P00334,Smartphone,Electronics,Mushroom Mycelium,0.227,0.0016,446,True
P00335,Smartphone,Electronics,Bamboo Fiber,0.157,0.0016,206,True
P00336,Smartphone,Electronics,Recycled Cardboard,0.23,0.0009,396,True
P00337,Smartphone,Electronics,Bagasse,0.233,0.0018,664,True
P00338,Smartphone,Electronics,Recycled Cardboard,0.23,0.0013,62,True
P00339,Smartphone,Electronics,Bagasse,0.227,0.0008,232,True
P00340,Smartphone,Electronics,Mushroom Mycelium,0.152,0.0015,557,True
P00341,Smartphone,Electronics,Recycled Cardboard,0.218,0.0009,81,True
P00342,Smartphone,Electronics,Bagasse,0.155,0.0016,396,True
P00343,Smartphone,Electronics,Recycled Cardboard,0.182,0.0019,577,True
P00344,Smartphone,Electronics,Bioplastic (PLA),0.185,0.0007,349,True
P00345,Smartphone,Electronics,Bamboo Fiber,0.18,0.0016,580,True
P00346,Smartphone,Electronics,Bioplastic (PLA),0.224,0.0019,467,True
P00347,Smartphone,Electronics,Bagasse,0.216,0.0019,529,True
P00348,Smartphone,Electronics,Bioplastic (PLA),0.151,0.0016,601,True
P00349,Smartphone,Electronics,Bamboo Fiber,0.169,0.002,426,True
P00350,Smartphone,Electronics,Recycled Cardboard,0.217,0.0015,383,True
P00351,Smartphone,Electronics,Bagasse,0.244,0.0013,490,True
P00352,Smartphone,Electronics,Bioplastic (PLA),0.177,0.0018,338,True
P00353,Smartphone,Electronics,Bagasse,0.24,0.0009,443,True
P00354,Smartphone,Electronics,Mushroom Mycelium,0.241,0.0009,590,True
P00355,Smartphone,Electronics,Mushroom Mycelium,0.204,0.0009,653,True
P00356,Smartphone,Electronics,Recycled Cardboard,0.213,0.0017,51,True
P00357,Smartphone,Electronics,Mushroom Mycelium,0.195,0.0006,219,True
P00358,Smartphone,Electronics,Bamboo Fiber,0.154,0.001,482,True
P00359,Smartphone,Electronics,Mushroom Mycelium,0.236,0.001,532,True
P00360,Smartphone,Electronics,Bagasse,0.225,0.0012,432,True
P00361,Smartphone,Electronics,Bamboo Fiber,0.188,0.0015,527,True
P00362,Smartphone,Electronics,Bagasse,0.233,0.0005,99,True
P00363,Smartphone,Electronics,Bamboo Fiber,0.203,0.001,156,True
P00364,Smartphone,Electronics,Bamboo Fiber,0.194,0.0017,527,True
P00365,Smartphone,Electronics,Bamboo Fiber,0.191,0.0005,80,True
P00366,Smartphone,Electronics,Mushroom Mycelium,0.223,0.0012,222,True
P00367,Smartphone,Electronics,Recycled Cardboard,0.234,0.0011,418,True
P00368,Smartphone,Electronics,Bioplastic (PLA),0.163,0.0012,121,True
P00369,Smartphone,Electronics,Recycled Cardboard,0.244,0.0015,36,True
P00370,Smartphone,Electronics,Mushroom Mycelium,0.192,0.0011,380,True
P00371,Smartphone,Electronics,Bagasse,0.23,0.0019,680,True
P00372,Smartphone,Electronics,Recycled Cardboard,0.193,0.0011,276,True
P00373,Smartphone,Electronics,Bamboo Fiber,0.164,0.0016,610,True
P00374,Smartphone,Electronics,Bioplastic (PLA),0.244,0.0011,473,True
P00375,Smartphone,Electronics,Bamboo Fiber,0.239,0.001,558,True
P00376,Smartphone,Electronics,Bioplastic (PLA),0.233,0.0009,178,True
P00377,Smartphone,Electronics,Recycled Cardboard,0.203,0.0017,501,True
P00378,Smartphone,Electronics,Bagasse,0.207,0.0009,268,True
P00379,Smartphone,Electronics,Recycled Cardboard,0.209,0.0015,246,True
P00380,Smartphone,Electronics,Bioplastic (PLA),0.197,0.0009,516,True
P00381,Smartphone,Electronics,Bioplastic (PLA),0.248,0.002,595,True
P00382,Smartphone,Electronics,Recycled Cardboard,0.167,0.001,606,True
P00383,Smartphone,Electronics,Bioplastic (PLA),0.238,0.0005,564,True
P00384,Smartphone,Electronics,Bamboo Fiber,0.228,0.0014,389,True
P00385,Smartphone,Electronics,Bagasse,0.196,0.0007,269,True
P00386,Smartphone,Electronics,Bagasse,0.243,0.0008,399,True
P00387,Smartphone,Electronics,Bamboo Fiber,0.182,0.0012,290,True
P00388,Smartphone,Electronics,Mushroom Mycelium,0.166,0.001,135,True
P00389,Smartphone,Electronics,Recycled Cardboard,0.233,0.0009,164,True
P00390,Smartphone,Electronics,Mushroom Mycelium,0.215,0.002,42,True
P00391,Smartphone,Electronics,Bamboo Fiber,0.228,0.0006,49,True
P00392,Smartphone,Electronics,Mushroom Mycelium,0.243,0.0007,268,True
P00393,Smartphone,Electronics,Bioplastic (PLA),0.235,0.0019,294,True
P00394,Smartphone,Electronics,Mushroom Mycelium,0.183,0.0006,647,True
P00395,Smartphone,Electronics,Bamboo Fiber,0.168,0.0008,104,True
P00396,Smartphone,Electronics,Bamboo Fiber,0.179,0.0018,685,True
P00397,Smartphone,Electronics,Bamboo Fiber,0.201,0.0006,727,True
P00398,Smartphone,Electronics,Recycled Cardboard,0.177,0.0011,582,True
P00399,Smartphone,Electronics,Bamboo Fiber,0.153,0.0017,125,True
P00400,Smartphone,Electronics,Bamboo Fiber,0.243,0.0005,280,True
P00401,Smartphone,Electronics,Bagasse,0.165,0.0016,239,True
P00402,Smartphone,Electronics,Bagasse,0.167,0.0006,381,True
P00403,Smartphone,Electronics,Mushroom Mycelium,0.22,0.0018,224,True
P00404,Smartphone,Electronics,Bamboo Fiber,0.209,0.0011,103,True
P00405,Smartphone,Electronics,Recycled Cardboard,0.189,0.0008,236,True
P00406,Smartphone,Electronics,Bagasse,0.195,0.0011,343,True
P00407,Smartphone,Electronics,Recycled Cardboard,0.239,0.0015,163,True
P00408,Smartphone,Electronics,Mushroom Mycelium,0.196,0.0009,143,True
P00409,Smartphone,Electronics,Bamboo Fiber,0.178,0.0018,70,True
P00410,Smartphone,Electronics,Recycled Cardboard,0.22,0.0017,393,True
P00411,Smartphone,Electronics,Mushroom Mycelium,0.218,0.0013,457,True
P00412,Smartphone,Electronics,Bioplastic (PLA),0.2,0.0018,301,True
P00413,Smartphone,Electronics,Bamboo Fiber,0.193,0.0013,336,True
P00414,Smartphone,Electronics,Mushroom Mycelium,0.218,0.0014,687,True
P00415,Smartphone,Electronics,Bagasse,0.196,0.0008,211,True
P00416,Smartphone,Electronics,Bagasse,0.154,0.0018,561,True
P00417,Smartphone,Electronics,Bamboo Fiber,0.222,0.001,384,True
P00418,Smartphone,Electronics,Mushroom Mycelium,0.233,0.0011,680,True
P00419,Smartphone,Electronics,Recycled Cardboard,0.248,0.0017,362,True
P00420,Smartphone,Electronics,Mushroom Mycelium,0.214,0.0005,314,True
P00421,Smartphone,Electronics,Bamboo Fiber,0.241,0.0013,91,True
P00422,Smartphone,Electronics,Bagasse,0.213,0.0013,158,True
P00423,Smartphone,Electronics,Bamboo Fiber,0.241,0.0017,200,True
P00424,Smartphone,Electronics,Recycled Cardboard,0.222,0.0012,274,True
P00425,Smartphone,Electronics,Mushroom Mycelium,0.225,0.001,45,True
P00426,Smartphone,Electronics,Bioplastic (PLA),0.155,0.0013,56,True
P00427,Smartphone,Electronics,Mushroom Mycelium,0.155,0.0005,598,True
P00428,Smartphone,Electronics,Bagasse,0.234,0.0014,709,True
P00429,Smartphone,Electronics,Mushroom Mycelium,0.188,0.0018,538,True
P00430,Smartphone,Electronics,Recycled Cardboard,0.226,0.0017,352,True
P00431,Smartphone,Electronics,Bagasse,0.243,0.0017,37,True
P00432,Smartphone,Electronics,Mushroom Mycelium,0.244,0.0009,255,True
P00433,Smartphone,Electronics,Mushroom Mycelium,0.202,0.0014,730,True
P00434,Smartphone,Electronics,Bagasse,0.208,0.0014,230,True
P00435,Smartphone,Electronics,Mushroom Mycelium,0.182,0.0017,655,True
P00436,Smartphone,Electronics,Bioplastic (PLA),0.218,0.0019,661,True
P00437,Smartphone,Electronics,Recycled Cardboard,0.208,0.0016,422,True
P00438,Smartphone,Electronics,Mushroom Mycelium,0.223,0.002,133,True
P00439,Smartphone,Electronics,Recycled Cardboard,0.232,0.0017,627,True
P00440,Smartphone,Electronics,Bagasse,0.187,0.0016,421,True
P00441,Smartphone,Electronics,Bamboo Fiber,0.247,0.0017,625,True
P00442,Smartphone,Electronics,Bagasse,0.212,0.0008,345,True
P00443,Smartphone,Electronics,Bamboo Fiber,0.217,0.0017,312,True
P00444,Smartphone,Electronics,Bioplastic (PLA),0.158,0.0006,658,True
P00445,Smartphone,Electronics,Bagasse,0.242,0.0008,103,True
P00446,Smartphone,Electronics,Mushroom Mycelium,0.213,0.0016,163,True
P00447,Smartphone,Electronics,Bagasse,0.178,0.0007,463,True
P00448,Smartphone,Electronics,Bioplastic (PLA),0.19,0.0013,187,True
P00449,Smartphone,Electronics,Bamboo Fiber,0.17,0.0014,367,True
P00450,Smartphone,Electronics,Mushroom Mycelium,0.168,0.0006,551,True
P00451,Smartphone,Electronics,Mushroom Mycelium,0.205,0.0019,31,True
P00452,Smartphone,Electronics,Bioplastic (PLA),0.162,0.0006,403,True
P00453,Smartphone,Electronics,Recycled Cardboard,0.249,0.0017,662,True
P00454,Smartphone,Electronics,Bagasse,0.189,0.0008,351,True
P00455,Smartphone,Electronics,Bamboo Fiber,0.25,0.0017,728,True
P00456,Smartphone,Electronics,Bamboo Fiber,0.241,0.0007,646,True
P00457,Smartphone,Electronics,Bamboo Fiber,0.18,0.001,492,True
P00458,Smartphone,Electronics,Mushroom Mycelium,0.231,0.0008,702,True
P00459,Smartphone,Electronics,Bamboo Fiber,0.223,0.002,199,True
P00460,Smartphone,Electronics,Recycled Cardboard,0.164,0.0016,34,True
P00461,Smartphone,Electronics,Bamboo Fiber,0.212,0.0015,513,True
P00462,Smartphone,Electronics,Bamboo Fiber,0.235,0.0012,396,True
P00463,Smartphone,Electronics,Bamboo Fiber,0.154,0.0018,673,True
P00464,Smartphone,Electronics,Bagasse,0.242,0.0012,63,True
P00465,Smartphone,Electronics,Mushroom Mycelium,0.153,0.0014,638,True
P00466,Smartphone,Electronics,Bagasse,0.18,0.0015,141,True
P00467,Smartphone,Electronics,Recycled Cardboard,0.205,0.0015,128,True
P00468,Smartphone,Electronics,Mushroom Mycelium,0.191,0.0014,708,True
P00469,Smartphone,Electronics,Bamboo Fiber,0.191,0.0006,152,True
P00470,Smartphone,Electronics,Bioplastic (PLA),0.171,0.0011,551,True
P00471,Smartphone,Electronics,Mushroom Mycelium,0.205,0.0005,678,True
P00472,Smartphone,Electronics,Recycled Cardboard,0.162,0.002,342,True
P00473,Smartphone,Electronics,Mushroom Mycelium,0.232,0.0013,575,True
P00474,Smartphone,Electronics,Bagasse,0.231,0.0009,524,True
P00475,Smartphone,Electronics,Mushroom Mycelium,0.208,0.0016,686,True
P00476,Smartphone,Electronics,Bioplastic (PLA),0.207,0.0011,605,True
P00477,Smartphone,Electronics,Bagasse,0.211,0.0017,165,True
P00478,Smartphone,Electronics,Mushroom Mycelium,0.249,0.0014,240,True
P00479,Smartphone,Electronics,Recycled Cardboard,0.155,0.0008,106,True
P00480,Smartphone,Electronics,Recycled Cardboard,0.168,0.0013,118,True
P00481,Smartphone,Electronics,Recycled Cardboard,0.197,0.0018,416,True
P00482,Smartphone,Electronics,Mushroom Mycelium,0.191,0.0012,461,True
P00483,Smartphone,Electronics,Recycled Cardboard,0.241,0.0015,99,True
P00484,Smartphone,Electronics,Bioplastic (PLA),0.213,0.0006,169,True
P00485,Smartphone,Electronics,Bagasse,0.204,0.0015,135,True
P00486,Smartphone,Electronics,Bamboo Fiber,0.245,0.0017,633,True
P00487,Smartphone,Electronics,Recycled Cardboard,0.227,0.0011,311,True
P00488,Smartphone,Electronics,Bagasse,0.239,0.001,488,True
P00489,Smartphone,Electronics,Bamboo Fiber,0.202,0.0017,69,True
P00490,Smartphone,Electronics,Bioplastic (PLA),0.166,0.0018,532,True
P00491,Smartphone,Electronics,Bagasse,0.236,0.0009,488,True
P00492,Smartphone,Electronics,Bagasse,0.246,0.0006,422,True
P00493,Smartphone,Electronics,Bamboo Fiber,0.244,0.0011,707,True
P00494,Smartphone,Electronics,Bioplastic (PLA),0.17,0.0009,496,True
P00495,Smartphone,Electronics,Bioplastic (PLA),0.183,0.0007,377,True
P00496,Smartphone,Electronics,Bamboo Fiber,0.212,0.0011,39,True
P00497,Smartphone,Electronics,Bioplastic (PLA),0.171,0.0009,358,True
P00498,Smartphone,Electronics,Bagasse,0.234,0.0008,249,True
P00499,Smartphone,Electronics,Recycled Cardboard,0.198,0.0015,548,True
P00500,Smartphone,Electronics,Bioplastic (PLA),0.169,0.0012,504,True
P00501,Laptop,Electronics,Bagasse,1.532,0.0056,234,True
P00502,Laptop,Electronics,Bamboo Fiber,2.694,0.0092,129,True
P00503,Laptop,Electronics,Bamboo Fiber,1.592,0.0061,561,True
P00504,Laptop,Electronics,Bamboo Fiber,1.629,0.0063,177,True
P00505,Laptop,Electronics,Bagasse,1.816,0.0052,72,True
P00506,Laptop,Electronics,Bagasse,1.913,0.0097,677,True
P00507,Laptop,Electronics,Bagasse,2.294,0.0062,181,True
P00508,Laptop,Electronics,Recycled Cardboard,1.295,0.0056,642,True
P00509,Laptop,Electronics,Bioplastic (PLA),1.268,0.0079,158,True
P00510,Laptop,Electronics,Bamboo Fiber,1.61,0.0023,714,True
P00511,Laptop,Electronics,Recycled Cardboard,2.425,0.007,230,True
P00512,Laptop,Electronics,Bioplastic (PLA),2.948,0.0042,59,True
P00513,Laptop,Electronics,Bamboo Fiber,1.127,0.003,312,True
P00514,Laptop,Electronics,Bioplastic (PLA),1.345,0.005,557,True
P00515,Laptop,Electronics,Mushroom Mycelium,1.714,0.0091,267,True
P00516,Laptop,Electronics,Bioplastic (PLA),1.749,0.0079,54,True
P00517,Laptop,Electronics,Bagasse,2.886,0.0081,424,True
P00518,Laptop,Electronics,Bioplastic (PLA),2.658,0.0093,344,True
P00519,Laptop,Electronics,Bagasse,1.722,0.0021,202,True
P00520,Laptop,Electronics,Bioplastic (PLA),2.641,0.0056,634,True
P00521,Laptop,Electronics,Recycled Cardboard,1.42,0.0082,98,True
P00522,Laptop,Electronics,Bagasse,1.074,0.0086,674,True
P00523,Laptop,Electronics,Bamboo Fiber,1.251,0.0036,628,True
P00524,Laptop,Electronics,Mushroom Mycelium,1.573,0.0086,521,True
P00525,Laptop,Electronics,Bamboo Fiber,2.776,0.0051,43,True
P00526,Laptop,Electronics,Bamboo Fiber,2.72,0.0074,332,True
P00527,Laptop,Electronics,Bioplastic (PLA),2.074,0.0076,87,True
P00528,Laptop,Electronics,Bioplastic (PLA),1.168,0.0055,346,True
P00529,Laptop,Electronics,Bioplastic (PLA),1.82,0.0049,217,True
P00530,Laptop,Electronics,Recycled Cardboard,1.337,0.0057,30,True
P00531,Laptop,Electronics,Bagasse,1.315,0.0047,597,True
P00532,Laptop,Electronics,Recycled Cardboard,1.596,0.0025,672,True
P00533,Laptop,Electronics,Recycled Cardboard,2.377,0.0053,247,True
P00534,Laptop,Electronics,Bagasse,1.307,0.0087,218,True
P00535,Laptop,Electronics,Bioplastic (PLA),1.849,0.0024,512,True
P00536,Laptop,Electronics,Bamboo Fiber,1.808,0.008,455,True
P00537,Laptop,Electronics,Bioplastic (PLA),1.041,0.009,394,True
P00538,Laptop,Electronics,Recycled Cardboard,1.604,0.0043,685,True
P00539,Laptop,Electronics,Bioplastic (PLA),2.562,0.0038,308,True
P00540,Laptop,Electronics,Bioplastic (PLA),1.251,0.0093,147,True
P00541,Laptop,Electronics,Bagasse,1.358,0.009,638,True
P00542,Laptop,Electronics,Recycled Cardboard,1.394,0.0088,671,True
P00543,Laptop,Electronics,Bamboo Fiber,2.528,0.003,101,True
P00544,Laptop,Electronics,Mushroom Mycelium,1.75,0.0024,610,True
P00545,Laptop,Electronics,Bioplastic (PLA),1.638,0.0063,300,True
P00546,Laptop,Electronics,Recycled Cardboard,2.038,0.0074,427,True
P00547,Laptop,Electronics,Mushroom Mycelium,2.549,0.005,640,True
P00548,Laptop,Electronics,Bamboo Fiber,2.617,0.003,453,True
P00549,Laptop,Electronics,Bioplastic (PLA),1.0,0.0023,615,True
P00550,Laptop,Electronics,Mushroom Mycelium,2.741,0.0045,52,True
P00551,Laptop,Electronics,Bamboo Fiber,2.446,0.0031,730,True
P00552,Laptop,Electronics,Mushroom Mycelium,1.808,0.0072,57,True
P00553,Laptop,Electronics,Bioplastic (PLA),1.771,0.0058,476,True
P00554,Laptop,Electronics,Bagasse,2.039,0.0077,532,True
P00555,Laptop,Electronics,Bagasse,1.789,0.0056,421,True
P00556,Laptop,Electronics,Bamboo Fiber,1.625,0.006,608,True
P00557,Laptop,Electronics,Bamboo Fiber,1.218,0.0095,668,True
P00558,Laptop,Electronics,Bioplastic (PLA),2.612,0.0029,117,True
P00559,Laptop,Electronics,Mushroom Mycelium,1.308,0.003,511,True
P00560,Laptop,Electronics,Mushroom Mycelium,2.978,0.0076,364,True
P00561,Laptop,Electronics,Bagasse,1.378,0.002,518,True
P00562,Laptop,Electronics,Bamboo Fiber,2.031,0.0071,196,True
P00563,Laptop,Electronics,Bagasse,2.961,0.0036,704,True
P00564,Laptop,Electronics,Bioplastic (PLA),2.8,0.0038,614,True
P00565,Laptop,Electronics,Bamboo Fiber,2.067,0.0055,655,True
P00566,Laptop,Electronics,Bamboo Fiber,1.89,0.008,88,True
P00567,Laptop,Electronics,Bagasse,2.951,0.0077,113,True
P00568,Laptop,Electronics,Mushroom Mycelium,1.876,0.0082,727,True
P00569,Laptop,Electronics,Bioplastic (PLA),1.767,0.0059,610,True
P00570,Laptop,Electronics,Recycled Cardboard,2.251,0.01,423,True
P00571,Laptop,Electronics,Bioplastic (PLA),2.849,0.0021,599,True
P00572,Laptop,Electronics,Bagasse,1.819,0.0047,308,True
P00573,Laptop,Electronics,Bamboo Fiber,2.925,0.0026,692,True
P00574,Laptop,Electronics,Bagasse,1.305,0.0093,683,True
P00575,Laptop,Electronics,Bioplastic (PLA),1.551,0.0082,187,True
P00576,Laptop,Electronics,Recycled Cardboard,2.614,0.0063,243,True
P00577,Laptop,Electronics,Bagasse,2.228,0.0047,88,True
P00578,Laptop,Electronics,Bioplastic (PLA),1.725,0.0091,572,True
P00579,Laptop,Electronics,Recycled Cardboard,1.81,0.0094,374,True
P00580,Laptop,Electronics,Bamboo Fiber,2.545,0.0043,210,True
P00581,Laptop,Electronics,Bioplastic (PLA),2.561,0.0057,127,True
P00582,Laptop,Electronics,Bagasse,1.55,0.0029,492,True
P00583,Laptop,Electronics,Bagasse,2.103,0.0052,437,True
P00584,Laptop,Electronics,Bioplastic (PLA),2.194,0.0061,391,True
P00585,Laptop,Electronics,Mushroom Mycelium,1.194,0.0028,327,True
P00586,Laptop,Electronics,Recycled Cardboard,1.493,0.0097,328,True
P00587,Laptop,Electronics,Bagasse,1.273,0.0023,716,True
P00588,Laptop,Electronics,Bamboo Fiber,1.265,0.0066,681,True
P00589,Laptop,Electronics,Bamboo Fiber,1.442,0.0071,169,True
P00590,Laptop,Electronics,Recycled Cardboard,1.828,0.0031,252,True
P00591,Laptop,Electronics,Bioplastic (PLA),2.718,0.0035,236,True
P00592,Laptop,Electronics,Recycled Cardboard,2.019,0.0077,382,True
P00593,Laptop,Electronics,Bamboo Fiber,1.724,0.0068,611,True
P00594,Laptop,Electronics,Bagasse,2.839,0.0066,680,True
P00595,Laptop,Electronics,Bamboo Fiber,2.687,0.0025,459,True
P00596,Laptop,Electronics,Recycled Cardboard,1.491,0.0038,718,True
P00597,Laptop,Electronics,Bagasse,2.546,0.008,48,True
P00598,Laptop,Electronics,Bagasse,1.851,0.0068,373,True
P00599,Laptop,Electronics,Bamboo Fiber,2.577,0.0046,261,True
P00600,Laptop,Electronics,Bamboo Fiber,2.281,0.0051,232,True
P00601,Laptop,Electronics,Bagasse,2.474,0.0039,603,True
P00602,Laptop,Electronics,Mushroom Mycelium,1.929,0.0048,390,True
P00603,Laptop,Electronics,Bagasse,2.164,0.0054,157,True
P00604,Laptop,Electronics,Recycled Cardboard,2.239,0.009,407,True
P00605,Laptop,Electronics,Bamboo Fiber,1.088,0.0072,90,True
P00606,Laptop,Electronics,Mushroom Mycelium,2.706,0.006,338,True
P00607,Laptop,Electronics,Bamboo Fiber,2.612,0.0086,438,True
P00608,Laptop,Electronics,Mushroom Mycelium,1.149,0.008,508,True
P00609,Laptop,Electronics,Bagasse,1.099,0.006,203,True
P00610,Laptop,Electronics,Bioplastic (PLA),1.416,0.0035,502,True
P00611,Laptop,Electronics,Bagasse,1.766,0.003,221,True
P00612,Laptop,Electronics,Recycled Cardboard,2.489,0.0044,317,True
P00613,Laptop,Electronics,Bamboo Fiber,1.246,0.0093,446,True
P00614,Laptop,Electronics,Bamboo Fiber,2.837,0.0094,55,True
P00615,Laptop,Electronics,Mushroom Mycelium,1.535,0.0078,350,True
P00616,Laptop,Electronics,Bioplastic (PLA),1.58,0.0079,509,True
P00617,Laptop,Electronics,Bioplastic (PLA),2.073,0.0056,573,True
P00618,Laptop,Electronics,Bioplastic (PLA),2.296,0.0071,372,True
P00619,Laptop,Electronics,Mushroom Mycelium,1.328,0.0027,611,True
P00620,Laptop,Electronics,Mushroom Mycelium,1.119,0.0032,485,True
P00621,Laptop,Electronics,Recycled Cardboard,2.66,0.0099,586,True
P00622,Laptop,Electronics,Recycled Cardboard,1.849,0.0098,689,True
P00623,Laptop,Electronics,Bagasse,1.102,0.0085,158,True
P00624,Laptop,Electronics,Bagasse,1.978,0.0022,700,True
P00625,Laptop,Electronics,Bamboo Fiber,1.204,0.0086,690,True
P00626,Laptop,Electronics,Recycled Cardboard,2.935,0.0063,570,True
P00627,Laptop,Electronics,Mushroom Mycelium,2.626,0.0047,651,True
P00628,Laptop,Electronics,Mushroom Mycelium,2.497,0.0094,215,True
P00629,Laptop,Electronics,Bioplastic (PLA),2.285,0.0034,596,True
P00630,Laptop,Electronics,Recycled Cardboard,1.087,0.0056,699,True
P00631,Laptop,Electronics,Recycled Cardboard,2.427,0.0051,721,True
P00632,Laptop,Electronics,Recycled Cardboard,1.602,0.0021,152,True
P00633,Laptop,Electronics,Mushroom Mycelium,1.104,0.0023,355,True
P00634,Laptop,Electronics,Bamboo Fiber,2.559,0.0053,455,True
P00635,Laptop,Electronics,Bamboo Fiber,1.7,0.0039,270,True
P00636,Laptop,Electronics,Bamboo Fiber,2.629,0.0041,107,True
P00637,Laptop,Electronics,Bamboo Fiber,2.905,0.0041,261,True
P00638,Laptop,Electronics,Bioplastic (PLA),2.291,0.0035,422,True
P00639,Laptop,Electronics,Bamboo Fiber,1.496,0.005,146,True
P00640,Laptop,Electronics,Bioplastic (PLA),2.857,0.0098,328,True
P00641,Laptop,Electronics,Bioplastic (PLA),1.862,0.0098,540,True
P00642,Laptop,Electronics,Recycled Cardboard,1.021,0.0055,465,True
P00643,Laptop,Electronics,Bioplastic (PLA),1.878,0.0089,308,True
P00644,Laptop,Electronics,Bagasse,1.161,0.0065,530,True
P00645,Laptop,Electronics,Mushroom Mycelium,1.491,0.0055,85,True
P00646,Laptop,Electronics,Mushroom Mycelium,1.817,0.0034,639,True
P00647,Laptop,Electronics,Bagasse,1.596,0.0084,718,True
P00648,Laptop,Electronics,Mushroom Mycelium,2.861,0.0032,257,True
P00649,Laptop,Electronics,Mushroom Mycelium,2.639,0.0099,685,True
P00650,Laptop,Electronics,Mushroom Mycelium,1.686,0.0046,86,True
P00651,Laptop,Electronics,Recycled Cardboard,2.556,0.0092,244,True
P00652,Laptop,Electronics,Mushroom Mycelium,2.149,0.0087,328,True
P00653,Laptop,Electronics,Bioplastic (PLA),2.743,0.0038,395,True
P00654,Laptop,Electronics,Bagasse,1.467,0.0038,281,True
P00655,Laptop,Electronics,Bioplastic (PLA),1.485,0.0092,68,True
P00656,Laptop,Electronics,Bamboo Fiber,2.234,0.0076,725,True
P00657,Laptop,Electronics,Mushroom Mycelium,2.898,0.0032,363,True
P00658,Laptop,Electronics,Recycled Cardboard,2.77,0.0069,675,True
P00659,Laptop,Electronics,Bamboo Fiber,1.343,0.0039,413,True
P00660,Laptop,Electronics,Bioplastic (PLA),1.113,0.0076,709,True
P00661,Laptop,Electronics,Mushroom Mycelium,2.302,0.0051,166,True
P00662,Laptop,Electronics,Recycled Cardboard,2.628,0.0078,669,True
P00663,Laptop,Electronics,Bamboo Fiber,2.082,0.0095,86,True
P00664,Laptop,Electronics,Bioplastic (PLA),2.668,0.0033,520,True
P00665,Laptop,Electronics,Mushroom Mycelium,2.066,0.008,330,True
P00666,Laptop,Electronics,Mushroom Mycelium,2.251,0.0063,45,True
P00667,Laptop,Electronics,Bagasse,2.129,0.0074,189,True
P00668,Laptop,Electronics,Bagasse,1.22,0.0064,208,True
P00669,Laptop,Electronics,Mushroom Mycelium,1.659,0.0064,728,True
P00670,Laptop,Electronics,Recycled Cardboard,2.069,0.0059,223,True
P00671,Laptop,Electronics,Mushroom Mycelium,2.441,0.0069,129,True
P00672,Laptop,Electronics,Bioplastic (PLA),2.039,0.0031,646,True
P00673,Laptop,Electronics,Recycled Cardboard,1.632,0.0044,473,True
P00674,Laptop,Electronics,Recycled Cardboard,2.766,0.0091,290,True
P00675,Laptop,Electronics,Bagasse,2.336,0.0071,526,True
P00676,Laptop,Electronics,Bagasse,1.585,0.0036,35,True
P00677,Laptop,Electronics,Bagasse,2.798,0.0087,62,True
P00678,Laptop,Electronics,Mushroom Mycelium,1.035,0.0057,214,True
P00679,Laptop,Electronics,Bioplastic (PLA),1.197,0.0072,256,True
P00680,Laptop,Electronics,Bagasse,2.288,0.0046,452,True
P00681,Laptop,Electronics,Recycled Cardboard,1.893,0.0026,172,True
P00682,Laptop,Electronics,Bamboo Fiber,2.398,0.0085,583,True
P00683,Laptop,Electronics,Bamboo Fiber,2.357,0.0043,101,True
P00684,Laptop,Electronics,Recycled Cardboard,1.032,0.0072,39,True
P00685,Laptop,Electronics,Bagasse,2.595,0.0099,596,True
P00686,Laptop,Electronics,Bamboo Fiber,2.665,0.005,81,True
P00687,Laptop,Electronics,Bioplastic (PLA),1.623,0.0065,102,True
P00688,Laptop,Electronics,Mushroom Mycelium,1.047,0.0098,403,True
P00689,Laptop,Electronics,Bioplastic (PLA),2.243,0.0036,723,True
P00690,Laptop,Electronics,Bagasse,1.425,0.0079,180,True
P00691,Laptop,Electronics,Bioplastic (PLA),1.319,0.0072,490,True
P00692,Laptop,Electronics,Recycled Cardboard,1.602,0.0046,664,True
P00693,Laptop,Electronics,Recycled Cardboard,1.984,0.0027,427,True
P00694,Laptop,Electronics,Bagasse,1.479,0.005,472,True
P00695,Laptop,Electronics,Mushroom Mycelium,2.903,0.0066,272,True
P00696,Laptop,Electronics,Recycled Cardboard,1.333,0.0085,588,True
P00697,Laptop,Electronics,Bamboo Fiber,1.292,0.0025,584,True
P00698,Laptop,Electronics,Bagasse,2.452,0.0021,408,True
P00699,Laptop,Electronics,Mushroom Mycelium,1.64,0.0037,42,True
P00700,Laptop,Electronics,Recycled Cardboard,2.261,0.0025,611,True
P00701,Laptop,Electronics,Bamboo Fiber,1.414,0.01,33,True
P00702,Laptop,Electronics,Bagasse,2.863,0.0021,582,True
P00703,Laptop,Electronics,Bagasse,2.63,0.0097,598,True
P00704,Laptop,Electronics,Bagasse,1.354,0.0033,296,True
P00705,Laptop,Electronics,Recycled Cardboard,1.26,0.0049,441,True
P00706,Laptop,Electronics,Bioplastic (PLA),2.33,0.0031,725,True
P00707,Laptop,Electronics,Bioplastic (PLA),1.358,0.0061,411,True
P00708,Laptop,Electronics,Bioplastic (PLA),1.019,0.006,213,True
P00709,Laptop,Electronics,Recycled Cardboard,2.028,0.0067,622,True
P00710,Laptop,Electronics,Bioplastic (PLA),1.513,0.0054,608,True
P00711,Laptop,Electronics,Bamboo Fiber,2.161,0.008,396,True
P00712,Laptop,Electronics,Bamboo Fiber,2.92,0.0063,525,True
P00713,Laptop,Electronics,Bamboo Fiber,1.405,0.0097,161,True
P00714,Laptop,Electronics,Bioplastic (PLA),2.117,0.0095,537,True
P00715,Laptop,Electronics,Bioplastic (PLA),2.669,0.0048,261,True
P00716,Laptop,Electronics,Recycled Cardboard,1.769,0.0053,679,True
P00717,Laptop,Electronics,Bamboo Fiber,1.046,0.0061,674,True
P00718,Laptop,Electronics,Bioplastic (PLA),1.994,0.0061,305,True
P00719,Laptop,Electronics,Recycled Cardboard,2.283,0.0048,436,True
P00720,Laptop,Electronics,Bamboo Fiber,2.338,0.0044,260,True
P00721,Laptop,Electronics,Recycled Cardboard,1.236,0.0024,245,True
P00722,Laptop,Electronics,Bioplastic (PLA),1.57,0.0082,57,True
P00723,Laptop,Electronics,Bioplastic (PLA),1.375,0.0031,421,True
P00724,Laptop,Electronics,Bioplastic (PLA),2.818,0.0073,472,True
P00725,Laptop,Electronics,Mushroom Mycelium,1.981,0.0049,487,True
P00726,Laptop,Electronics,Mushroom Mycelium,2.016,0.0027,438,True
P00727,Laptop,Electronics,Mushroom Mycelium,2.45,0.0092,146,True
P00728,Laptop,Electronics,Recycled Cardboard,1.477,0.0083,235,True
P00729,Laptop,Electronics,Recycled Cardboard,1.468,0.0085,699,True
P00730,Laptop,Electronics,Bagasse,1.402,0.0063,507,True
P00731,Laptop,Electronics,Bamboo Fiber,1.538,0.0097,32,True
P00732,Laptop,Electronics,Bamboo Fiber,1.102,0.0075,144,True
P00733,Laptop,Electronics,Bagasse,2.596,0.0063,102,True
P00734,Laptop,Electronics,Bioplastic (PLA),2.319,0.0035,253,True
P00735,Laptop,Electronics,Mushroom Mycelium,1.839,0.0087,55,True
P00736,Laptop,Electronics,Bioplastic (PLA),1.689,0.0025,475,True
P00737,Laptop,Electronics,Bamboo Fiber,1.652,0.0073,229,True
P00738,Laptop,Electronics,Bagasse,1.998,0.0087,689,True
P00739,Laptop,Electronics,Recycled Cardboard,1.343,0.0097,75,True
P00740,Laptop,Electronics,Bioplastic (PLA),2.914,0.0047,696,True
P00741,Laptop,Electronics,Bioplastic (PLA),1.879,0.0048,534,True
P00742,Laptop,Electronics,Mushroom Mycelium,2.905,0.0048,336,True
P00743,Laptop,Electronics,Bioplastic (PLA),2.781,0.0049,83,True
P00744,Laptop,Electronics,Bamboo Fiber,2.532,0.0061,396,True
P00745,Laptop,Electronics,Recycled Cardboard,2.218,0.0039,698,True
P00746,Laptop,Electronics,Bioplastic (PLA),1.161,0.0051,642,True
P00747,Laptop,Electronics,Bioplastic (PLA),2.45,0.0086,79,True
P00748,Laptop,Electronics,Bagasse,2.83,0.0059,510,True
P00749,Laptop,Electronics,Mushroom Mycelium,2.815,0.0092,448,True
P00750,Laptop,Electronics,Recycled Cardboard,1.382,0.0036,108,True
P00751,Laptop,Electronics,Bagasse,2.995,0.0056,302,True
P00752,Laptop,Electronics,Bamboo Fiber,2.067,0.0043,287,True
P00753,Laptop,Electronics,Recycled Cardboard,1.809,0.0043,593,True
P00754,Laptop,Electronics,Recycled Cardboard,1.262,0.0075,433,True
P00755,Laptop,Electronics,Bagasse,2.906,0.007,352,True
P00756,Laptop,Electronics,Mushroom Mycelium,1.606,0.008,140,True
P00757,Laptop,Electronics,Recycled Cardboard,1.566,0.0043,196,True
P00758,Laptop,Electronics,Bagasse,1.328,0.0074,209,True
P00759,Laptop,Electronics,Bioplastic (PLA),2.498,0.0042,496,True
P00760,Laptop,Electronics,Bamboo Fiber,2.8,0.0094,213,True
P00761,Laptop,Electronics,Bagasse,2.517,0.0047,490,True
P00762,Laptop,Electronics,Bagasse,1.431,0.0091,417,True
P00763,Laptop,Electronics,Bamboo Fiber,1.027,0.0046,328,True
P00764,Laptop,Electronics,Bagasse,1.825,0.0093,93,True
P00765,Laptop,Electronics,Bamboo Fiber,1.674,0.0036,344,True
P00766,Laptop,Electronics,Recycled Cardboard,2.969,0.0036,515,True
P00767,Laptop,Electronics,Mushroom Mycelium,2.124,0.0093,594,True
P00768,Laptop,Electronics,Bamboo Fiber,1.799,0.005,239,True
P00769,Laptop,Electronics,Recycled Cardboard,1.753,0.0042,658,True
P00770,Laptop,Electronics,Bagasse,2.318,0.0026,79,True
P00771,Laptop,Electronics,Bamboo Fiber,2.724,0.0054,641,True
P00772,Laptop,Electronics,Bamboo Fiber,1.124,0.0083,339,True
P00773,Laptop,Electronics,Bagasse,2.053,0.0021,143,True
P00774,Laptop,Electronics,Bagasse,1.776,0.0044,705,True
P00775,Laptop,Electronics,Bamboo Fiber,1.358,0.005,700,True
P00776,Laptop,Electronics,Bagasse,2.314,0.0057,256,True
P00777,Laptop,Electronics,Bamboo Fiber,2.971,0.0078,651,True
P00778,Laptop,Electronics,Bagasse,1.81,0.0049,695,True
P00779,Laptop,Electronics,Bioplastic (PLA),2.331,0.0085,259,True
P00780,Laptop,Electronics,Bagasse,1.265,0.0084,248,True
P00781,Laptop,Electronics,Mushroom Mycelium,1.752,0.0074,37,True
P00782,Laptop,Electronics,Mushroom Mycelium,1.192,0.0079,721,True
P00783,Laptop,Electronics,Bioplastic (PLA),1.62,0.0091,417,True
P00784,Laptop,Electronics,Mushroom Mycelium,2.467,0.0038,323,True
P00785,Laptop,Electronics,Bamboo Fiber,1.822,0.0042,700,True
P00786,Laptop,Electronics,Bioplastic (PLA),1.271,0.0071,659,True
P00787,Laptop,Electronics,Recycled Cardboard,2.086,0.0073,168,True
P00788,Laptop,Electronics,Bagasse,2.035,0.008,304,True
P00789,Laptop,Electronics,Recycled Cardboard,1.278,0.0043,152,True
P00790,Laptop,Electronics,Recycled Cardboard,2.776,0.0079,399,True
P00791,Laptop,Electronics,Bamboo Fiber,2.865,0.008,319,True
P00792,Laptop,Electronics,Bagasse,2.371,0.0056,90,True
P00793,Laptop,Electronics,Bamboo Fiber,2.045,0.0077,95,True
P00794,Laptop,Electronics,Bioplastic (PLA),2.365,0.0021,145,True
P00795,Laptop,Electronics,Mushroom Mycelium,1.294,0.0036,44,True
P00796,Laptop,Electronics,Bamboo Fiber,2.106,0.0021,684,True
P00797,Laptop,Electronics,Recycled Cardboard,1.284,0.0065,266,True
P00798,Laptop,Electronics,Recycled Cardboard,2.744,0.0046,729,True
P00799,Laptop,Electronics,Bioplastic (PLA),2.223,0.0081,54,True
P00800,Laptop,Electronics,Mushroom Mycelium,2.004,0.006,490,True
P00801,Laptop,Electronics,Bagasse,1.705,0.0059,724,True
P00802,Laptop,Electronics,Mushroom Mycelium,2.816,0.0065,95,True
P00803,Laptop,Electronics,Bamboo Fiber,1.44,0.0056,235,True
P00804,Laptop,Electronics,Bagasse,1.326,0.0035,86,True
P00805,Laptop,Electronics,Bioplastic (PLA),2.924,0.0059,603,True
P00806,Laptop,Electronics,Bagasse,1.497,0.0041,455,True
P00807,Laptop,Electronics,Mushroom Mycelium,1.615,0.0085,627,True
P00808,Laptop,Electronics,Recycled Cardboard,2.345,0.0032,214,True
P00809,Laptop,Electronics,Bamboo Fiber,2.66,0.0066,642,True
P00810,Laptop,Electronics,Bamboo Fiber,1.919,0.0035,384,True
P00811,Laptop,Electronics,Recycled Cardboard,1.528,0.0058,315,True
P00812,Laptop,Electronics,Recycled Cardboard,2.758,0.0041,339,True
P00813,Laptop,Electronics,Bamboo Fiber,2.618,0.0038,606,True
P00814,Laptop,Electronics,Recycled Cardboard,2.741,0.0038,379,True
P00815,Laptop,Electronics,Recycled Cardboard,1.143,0.0087,455,True
P00816,Laptop,Electronics,Bagasse,2.778,0.0053,716,True
P00817,Laptop,Electronics,Bagasse,2.817,0.0039,233,True
P00818,Laptop,Electronics,Recycled Cardboard,2.805,0.0096,462,True
P00819,Laptop,Electronics,Mushroom Mycelium,1.758,0.0029,301,True
P00820,Laptop,Electronics,Bioplastic (PLA),2.043,0.0095,679,True
P00821,Laptop,Electronics,Recycled Cardboard,2.307,0.004,395,True
P00822,Laptop,Electronics,Recycled Cardboard,2.746,0.0048,194,True
P00823,Laptop,Electronics,Bagasse,2.142,0.0066,453,True
P00824,Laptop,Electronics,Bioplastic (PLA),2.454,0.0069,581,True
P00825,Laptop,Electronics,Bagasse,2.162,0.0054,451,True
P00826,Laptop,Electronics,Bioplastic (PLA),1.469,0.0022,133,True
P00827,Laptop,Electronics,Mushroom Mycelium,1.481,0.0034,392,True
P00828,Laptop,Electronics,Mushroom Mycelium,1.797,0.0073,453,True
P00829,Laptop,Electronics,Bagasse,1.232,0.0064,403,True
P00830,Laptop,Electronics,Bamboo Fiber,2.422,0.0067,85,True
P00831,Laptop,Electronics,Bioplastic (PLA),2.935,0.0035,610,True
P00832,Laptop,Electronics,Recycled Cardboard,1.922,0.0072,396,True
P00833,Laptop,Electronics,Bioplastic (PLA),1.335,0.0099,114,True
P00834,Laptop,Electronics,Bioplastic (PLA),2.387,0.0059,448,True
P00835,Laptop,Electronics,Bioplastic (PLA),1.22,0.0028,535,True
P00836,Laptop,Electronics,Bagasse,2.968,0.0079,309,True
P00837,Laptop,Electronics,Bioplastic (PLA),1.151,0.0082,601,True
P00838,Laptop,Electronics,Mushroom Mycelium,1.372,0.0093,675,True
P00839,Laptop,Electronics,Bamboo Fiber,2.678,0.0035,270,True
P00840,Laptop,Electronics,Recycled Cardboard,1.282,0.0073,240,True
P00841,Laptop,Electronics,Bioplastic (PLA),1.425,0.0082,716,True
P00842,Laptop,Electronics,Bioplastic (PLA),2.492,0.0038,639,True
P00843,Laptop,Electronics,Bioplastic (PLA),1.026,0.0072,552,True
P00844,Laptop,Electronics,Bagasse,2.995,0.0024,444,True
P00845,Laptop,Electronics,Bioplastic (PLA),2.352,0.0021,461,True
P00846,Laptop,Electronics,Bagasse,2.022,0.0062,715,True
P00847,Laptop,Electronics,Bioplastic (PLA),1.875,0.0049,714,True
P00848,Laptop,Electronics,Bagasse,1.285,0.0031,680,True
P00849,Laptop,Electronics,Recycled Cardboard,2.672,0.0098,648,True
P00850,Laptop,Electronics,Mushroom Mycelium,1.437,0.0026,294,True
P00851,Laptop,Electronics,Bagasse,2.685,0.0074,301,True
P00852,Laptop,Electronics,Mushroom Mycelium,1.818,0.0044,181,True
P00853,Laptop,Electronics,Bagasse,1.674,0.0049,308,True
P00854,Laptop,Electronics,Recycled Cardboard,1.237,0.0079,75,True
P00855,Laptop,Electronics,Bamboo Fiber,1.009,0.0092,98,True
P00856,Laptop,Electronics,Recycled Cardboard,2.44,0.0054,246,True
P00857,Laptop,Electronics,Recycled Cardboard,1.17,0.0087,363,True
P00858,Laptop,Electronics,Bamboo Fiber,1.939,0.0067,638,True
P00859,Laptop,Electronics,Bioplastic (PLA),1.406,0.0077,388,True
P00860,Laptop,Electronics,Bamboo Fiber,1.961,0.0084,338,True
P00861,Laptop,Electronics,Bioplastic (PLA),1.076,0.0049,572,True
P00862,Laptop,Electronics,Bioplastic (PLA),2.635,0.0067,632,True
P00863,Laptop,Electronics,Mushroom Mycelium,1.65,0.0086,720,True
P00864,Laptop,Electronics,Recycled Cardboard,2.824,0.0059,679,True
P00865,Laptop,Electronics,Bagasse,2.939,0.0088,492,True
P00866,Laptop,Electronics,Bioplastic (PLA),1.049,0.004,284,True
P00867,Laptop,Electronics,Bagasse,1.762,0.0071,456,True
P00868,Laptop,Electronics,Mushroom Mycelium,2.496,0.0024,370,True
P00869,Laptop,Electronics,Bagasse,1.829,0.0054,142,True
P00870,Laptop,Electronics,Bamboo Fiber,1.837,0.0045,187,True
P00871,Laptop,Electronics,Mushroom Mycelium,2.218,0.0071,194,True
P00872,Laptop,Electronics,Bioplastic (PLA),1.104,0.0064,640,True
P00873,Laptop,Electronics,Mushroom Mycelium,1.546,0.0043,98,True
P00874,Laptop,Electronics,Recycled Cardboard,1.33,0.0052,442,True
P00875,Laptop,Electronics,Mushroom Mycelium,1.746,0.0077,58,True
P00876,Laptop,Electronics,Recycled Cardboard,2.445,0.0044,358,True
P00877,Laptop,Electronics,Bagasse,1.733,0.0079,711,True
P00878,Laptop,Electronics,Mushroom Mycelium,2.173,0.002,642,True
P00879,Laptop,Electronics,Recycled Cardboard,2.797,0.0024,48,True
P00880,Laptop,Electronics,Mushroom Mycelium,1.048,0.0073,263,True
P00881,Laptop,Electronics,Bioplastic (PLA),1.951,0.0066,191,True
P00882,Laptop,Electronics,Mushroom Mycelium,2.745,0.0052,193,True
P00883,Laptop,Electronics,Mushroom Mycelium,1.996,0.0064,286,True
P00884,Laptop,Electronics,Bioplastic (PLA),2.442,0.0041,687,True
P00885,Laptop,Electronics,Mushroom Mycelium,2.831,0.0053,426,True
P00886,Laptop,Electronics,Recycled Cardboard,2.983,0.0021,653,True
P00887,Laptop,Electronics,Bamboo Fiber,1.156,0.0094,559,True
P00888,Laptop,Electronics,Recycled Cardboard,1.283,0.0098,144,True
P00889,Laptop,Electronics,Bioplastic (PLA),1.516,0.0056,349,True
P00890,Laptop,Electronics,Bioplastic (PLA),2.102,0.0056,63,True
P00891,Laptop,Electronics,Bamboo Fiber,1.429,0.0096,729,True
P00892,Laptop,Electronics,Bagasse,2.3,0.0045,528,True
P00893,Laptop,Electronics,Bamboo Fiber,2.344,0.0079,145,True
P00894,Laptop,Electronics,Bioplastic (PLA),1.615,0.0072,184,True
P00895,Laptop,Electronics,Mushroom Mycelium,2.105,0.0064,535,True
P00896,Laptop,Electronics,Recycled Cardboard,1.919,0.0024,258,True
P00897,Laptop,Electronics,Bamboo Fiber,1.957,0.0072,563,True
P00898,Laptop,Electronics,Bagasse,1.817,0.0076,387,True
P00899,Laptop,Electronics,Bamboo Fiber,2.323,0.0071,287,True
P00900,Laptop,Electronics,Bamboo Fiber,2.984,0.0031,525,True
P00901,Laptop,Electronics,Bamboo Fiber,1.179,0.0021,698,True
P00902,Laptop,Electronics,Bamboo Fiber,1.092,0.0047,355,True
P00903,Laptop,Electronics,Bioplastic (PLA),2.451,0.0056,85,True
P00904,Laptop,Electronics,Bioplastic (PLA),2.214,0.0031,402,True
P00905,Laptop,Electronics,Bamboo Fiber,1.563,0.008,698,True
P00906,Laptop,Electronics,Mushroom Mycelium,2.505,0.0085,70,True
P00907,Laptop,Electronics,Bagasse,2.004,0.0076,283,True
P00908,Laptop,Electronics,Bagasse,2.346,0.0044,489,True
P00909,Laptop,Electronics,Bioplastic (PLA),2.741,0.0055,151,True
P00910,Laptop,Electronics,Mushroom Mycelium,1.771,0.0026,244,True
P00911,Laptop,Electronics,Bioplastic (PLA),1.917,0.0047,645,True
P00912,Laptop,Electronics,Recycled Cardboard,2.079,0.0039,431,True
P00913,Laptop,Electronics,Bagasse,1.653,0.0093,400,True
P00914,Laptop,Electronics,Bamboo Fiber,2.985,0.0031,448,True
P00915,Laptop,Electronics,Mushroom Mycelium,2.691,0.0059,177,True
P00916,Laptop,Electronics,Bamboo Fiber,1.249,0.0042,174,True
P00917,Laptop,Electronics,Bamboo Fiber,2.546,0.0051,340,True
P00918,Laptop,Electronics,Bagasse,1.874,0.0025,97,True
P00919,Laptop,Electronics,Bioplastic (PLA),2.652,0.0057,46,True
P00920,Laptop,Electronics,Mushroom Mycelium,2.439,0.0024,500,True
P00921,Laptop,Electronics,Bagasse,2.47,0.0054,411,True
P00922,Laptop,Electronics,Bagasse,1.733,0.0089,275,True
P00923,Laptop,Electronics,Bioplastic (PLA),2.188,0.0062,605,True
P00924,Laptop,Electronics,Recycled Cardboard,2.132,0.0071,599,True
P00925,Laptop,Electronics,Mushroom Mycelium,2.058,0.0032,310,True
P00926,Laptop,Electronics,Bamboo Fiber,2.116,0.0049,384,True
P00927,Laptop,Electronics,Bioplastic (PLA),1.011,0.0037,211,True
P00928,Laptop,Electronics,Mushroom Mycelium,2.053,0.0086,201,True
P00929,Laptop,Electronics,Bagasse,1.112,0.0067,345,True
P00930,Laptop,Electronics,Mushroom Mycelium,2.353,0.0078,411,True
P00931,Laptop,Electronics,Bamboo Fiber,2.074,0.0098,620,True
P00932,Laptop,Electronics,Recycled Cardboard,2.444,0.0037,417,True
P00933,Laptop,Electronics,Bagasse,1.768,0.0039,546,True
P00934,Laptop,Electronics,Bagasse,2.351,0.0059,369,True
P00935,Laptop,Electronics,Mushroom Mycelium,2.829,0.0035,453,True
P00936,Laptop,Electronics,Bioplastic (PLA),2.468,0.0047,566,True
P00937,Laptop,Electronics,Bagasse,1.857,0.0048,213,True
P00938,Laptop,Electronics,Bamboo Fiber,1.328,0.0077,303,True
P00939,Laptop,Electronics,Bamboo Fiber,1.315,0.0058,439,True
P00940,Laptop,Electronics,Mushroom Mycelium,1.967,0.0083,503,True
P00941,Laptop,Electronics,Bagasse,2.696,0.0061,458,True
P00942,Laptop,Electronics,Recycled Cardboard,1.294,0.0053,697,True
P00943,Laptop,Electronics,Bioplastic (PLA),1.265,0.0041,277,True
P00944,Laptop,Electronics,Mushroom Mycelium,1.237,0.005,454,True
P00945,Laptop,Electronics,Bioplastic (PLA),2.551,0.0096,458,True
P00946,Laptop,Electronics,Bioplastic (PLA),2.992,0.0097,77,True
P00947,Laptop,Electronics,Bagasse,2.517,0.0099,159,True
P00948,Laptop,Electronics,Mushroom Mycelium,1.792,0.0058,709,True
P00949,Laptop,Electronics,Bagasse,1.148,0.0064,41,True
P00950,Laptop,Electronics,Bamboo Fiber,1.732,0.0067,604,True
P00951,Laptop,Electronics,Mushroom Mycelium,1.301,0.0031,510,True
P00952,Laptop,Electronics,Mushroom Mycelium,1.085,0.0087,414,True
P00953,Laptop,Electronics,Bioplastic (PLA),2.547,0.0026,309,True
P00954,Laptop,Electronics,Bagasse,1.861,0.0045,587,True
P00955,Laptop,Electronics,Mushroom Mycelium,1.18,0.003,707,True
P00956,Laptop,Electronics,Bioplastic (PLA),2.9,0.0077,230,True
P00957,Laptop,Electronics,Bioplastic (PLA),1.248,0.0047,134,True
P00958,Laptop,Electronics,Bioplastic (PLA),2.17,0.0062,93,True
P00959,Laptop,Electronics,Bagasse,1.199,0.0055,722,True
P00960,Laptop,Electronics,Bamboo Fiber,2.7,0.005,496,True
P00961,Laptop,Electronics,Mushroom Mycelium,1.457,0.0052,318,True
P00962,Laptop,Electronics,Recycled Cardboard,1.424,0.01,729,True
P00963,Laptop,Electronics,Bamboo Fiber,2.744,0.0036,443,True
P00964,Laptop,Electronics,Bamboo Fiber,2.013,0.0093,665,True
P00965,Laptop,Electronics,Bioplastic (PLA),1.737,0.0077,565,True
P00966,Laptop,Electronics,Mushroom Mycelium,2.33,0.0067,138,True
P00967,Laptop,Electronics,Mushroom Mycelium,2.752,0.0021,268,True
P00968,Laptop,Electronics,Bagasse,1.451,0.0021,162,True
P00969,Laptop,Electronics,Recycled Cardboard,2.656,0.0097,382,True
P00970,Laptop,Electronics,Bamboo Fiber,1.573,0.0041,84,True
P00971,Laptop,Electronics,Recycled Cardboard,2.57,0.004,197,True
P00972,Laptop,Electronics,Mushroom Mycelium,2.284,0.0094,252,True
P00973,Laptop,Electronics,Bioplastic (PLA),1.507,0.0097,610,True
P00974,Laptop,Electronics,Mushroom Mycelium,2.471,0.0041,457,True
P00975,Laptop,Electronics,Bagasse,1.698,0.0094,93,True
P00976,Laptop,Electronics,Recycled Cardboard,2.779,0.0032,491,True
P00977,Laptop,Electronics,Recycled Cardboard,1.72,0.0075,324,True
P00978,Laptop,Electronics,Recycled Cardboard,1.48,0.0091,72,True
P00979,Laptop,Electronics,Bioplastic (PLA),2.636,0.005,473,True
P00980,Laptop,Electronics,Bamboo Fiber,1.239,0.0063,471,True
P00981,Laptop,Electronics,Recycled Cardboard,2.96,0.0081,364,True
P00982,Laptop,Electronics,Bamboo Fiber,2.89,0.0097,647,True
P00983,Laptop,Electronics,Recycled Cardboard,2.581,0.0063,569,True
P00984,Laptop,Electronics,Recycled Cardboard,1.576,0.0063,152,True
P00985,Laptop,Electronics,Bagasse,2.77,0.0036,692,True
P00986,Laptop,Electronics,Bioplastic (PLA),2.926,0.0049,469,True
P00987,Laptop,Electronics,Bamboo Fiber,1.859,0.0021,643,True
P00988,Laptop,Electronics,Bagasse,1.243,0.0046,436,True
P00989,Laptop,Electronics,Bagasse,1.38,0.005,442,True
P00990,Laptop,Electronics,Mushroom Mycelium,1.639,0.0066,359,True
P00991,Laptop,Electronics,Bagasse,2.705,0.0063,508,True
P00992,Laptop,Electronics,Mushroom Mycelium,2.828,0.0038,433,True
P00993,Laptop,Electronics,Mushroom Mycelium,1.426,0.0069,519,True
P00994,Laptop,Electronics,Bamboo Fiber,1.149,0.0045,488,True
P00995,Laptop,Electronics,Mushroom Mycelium,1.156,0.0081,326,True
P00996,Laptop,Electronics,Recycled Cardboard,2.465,0.01,404,True
P00997,Laptop,Electronics,Bioplastic (PLA),1.265,0.0049,674,True
P00998,Laptop,Electronics,Bagasse,2.221,0.0055,123,True
P00999,Laptop,Electronics,Bamboo Fiber,2.451,0.006,679,True
P01000,Laptop,Electronics,Recycled Cardboard,1.446,0.0063,425,True
P01001,Headphones,Electronics,Bagasse,0.372,0.0011,711,True
P01002,Headphones,Electronics,Recycled Cardboard,0.215,0.0026,63,True
P01003,Headphones,Electronics,Bamboo Fiber,0.326,0.0019,233,True
P01004,Headphones,Electronics,Bioplastic (PLA),0.328,0.0017,327,True
P01005,Headphones,Electronics,Bioplastic (PLA),0.25,0.0014,529,True
P01006,Headphones,Electronics,Bamboo Fiber,0.459,0.0024,536,True
P01007,Headphones,Electronics,Bagasse,0.31,0.0011,585,True
P01008,Headphones,Electronics,Mushroom Mycelium,0.465,0.0013,49,True
P01009,Headphones,Electronics,Bamboo Fiber,0.273,0.0017,210,True
P01010,Headphones,Electronics,Bioplastic (PLA),0.307,0.0019,686,True
P01011,Headphones,Electronics,Recycled Cardboard,0.334,0.0019,194,True
P01012,Headphones,Electronics,Bioplastic (PLA),0.408,0.0021,440,True
P01013,Headphones,Electronics,Recycled Cardboard,0.367,0.0014,414,True
P01014,Headphones,Electronics,Bioplastic (PLA),0.39,0.002,407,True
P01015,Headphones,Electronics,Mushroom Mycelium,0.311,0.0022,111,True
P01016,Headphones,Electronics,Bioplastic (PLA),0.467,0.0022,472,True
P01017,Headphones,Electronics,Bamboo Fiber,0.461,0.0018,73,True
P01018,Headphones,Electronics,Bamboo Fiber,0.307,0.0025,620,True
P01019,Headphones,Electronics,Mushroom Mycelium,0.426,0.0019,256,True
P01020,Headphones,Electronics,Bamboo Fiber,0.301,0.0027,704,True
P01021,Headphones,Electronics,Recycled Cardboard,0.289,0.0017,557,True
P01022,Headphones,Electronics,Bioplastic (PLA),0.267,0.0022,150,True
P01023,Headphones,Electronics,Bamboo Fiber,0.435,0.0024,283,True
P01024,Headphones,Electronics,Bamboo Fiber,0.385,0.0018,604,True
P01025,Headphones,Electronics,Mushroom Mycelium,0.213,0.0025,528,True
P01026,Headphones,Electronics,Bamboo Fiber,0.374,0.0023,318,True
P01027,Headphones,Electronics,Bamboo Fiber,0.418,0.0022,621,True
P01028,Headphones,Electronics,Recycled Cardboard,0.421,0.0019,603,True
P01029,Headphones,Electronics,Recycled Cardboard,0.229,0.0015,675,True
P01030,Headphones,Electronics,Recycled Cardboard,0.432,0.0022,67,True
P01031,Headphones,Electronics,Bamboo Fiber,0.485,0.0016,506,True
P01032,Headphones,Electronics,Bagasse,0.407,0.0023,295,True
P01033,Headphones,Electronics,Mushroom Mycelium,0.294,0.001,233,True
P01034,Headphones,Electronics,Bioplastic (PLA),0.23,0.0027,193,True
P01035,Headphones,Electronics,Bioplastic (PLA),0.329,0.0016,336,True
P01036,Headphones,Electronics,Bioplastic (PLA),0.28,0.0014,657,True
P01037,Headphones,Electronics,Bamboo Fiber,0.399,0.0018,257,True
P01038,Headphones,Electronics,Bagasse,0.493,0.0017,499,True
P01039,Headphones,Electronics,Mushroom Mycelium,0.41,0.0016,619,True
P01040,Headphones,Electronics,Mushroom Mycelium,0.471,0.0025,65,True
P01041,Headphones,Electronics,Bioplastic (PLA),0.435,0.0026,55,True
P01042,Headphones,Electronics,Bamboo Fiber,0.229,0.001,669,True
P01043,Headphones,Electronics,Mushroom Mycelium,0.318,0.0025,589,True
P01044,Headphones,Electronics,Recycled Cardboard,0.355,0.0017,580,True
P01045,Headphones,Electronics,Mushroom Mycelium,0.326,0.0024,577,True
P01046,Headphones,Electronics,Bamboo Fiber,0.225,0.0028,241,True
P01047,Headphones,Electronics,Bamboo Fiber,0.456,0.0015,63,True
P01048,Headphones,Electronics,Bioplastic (PLA),0.273,0.0018,650,True
P01049,Headphones,Electronics,Bioplastic (PLA),0.346,0.0023,473,True
P01050,Headphones,Electronics,Bagasse,0.397,0.0013,212,True
P01051,Headphones,Electronics,Bamboo Fiber,0.325,0.0023,68,True
P01052,Headphones,Electronics,Bagasse,0.218,0.0026,34,True
P01053,Headphones,Electronics,Recycled Cardboard,0.235,0.0015,650,True
P01054,Headphones,Electronics,Bioplastic (PLA),0.449,0.003,511,True
P01055,Headphones,Electronics,Bagasse,0.315,0.0025,370,True
P01056,Headphones,Electronics,Bagasse,0.394,0.0016,325,True
P01057,Headphones,Electronics,Bamboo Fiber,0.203,0.0026,556,True
P01058,Headphones,Electronics,Bagasse,0.424,0.0022,277,True
P01059,Headphones,Electronics,Bamboo Fiber,0.385,0.0026,538,True
P01060,Headphones,Electronics,Bioplastic (PLA),0.234,0.0028,324,True
P01061,Headphones,Electronics,Bioplastic (PLA),0.345,0.0016,215,True
P01062,Headphones,Electronics,Bioplastic (PLA),0.352,0.0028,47,True
P01063,Headphones,Electronics,Mushroom Mycelium,0.443,0.0012,307,True
P01064,Headphones,Electronics,Recycled Cardboard,0.383,0.0029,613,True
P01065,Headphones,Electronics,Mushroom Mycelium,0.435,0.0018,130,True
P01066,Headphones,Electronics,Bamboo Fiber,0.458,0.0022,429,True
P01067,Headphones,Electronics,Recycled Cardboard,0.303,0.0019,33,True
P01068,Headphones,Electronics,Bamboo Fiber,0.227,0.0026,671,True
P01069,Headphones,Electronics,Bagasse,0.431,0.002,341,True
P01070,Headphones,Electronics,Bagasse,0.383,0.0021,680,True
P01071,Headphones,Electronics,Mushroom Mycelium,0.335,0.003,592,True
P01072,Headphones,Electronics,Mushroom Mycelium,0.385,0.0028,115,True
P01073,Headphones,Electronics,Bamboo Fiber,0.406,0.002,217,True
P01074,Headphones,Electronics,Bamboo Fiber,0.288,0.0021,98,True
P01075,Headphones,Electronics,Recycled Cardboard,0.287,0.0025,433,True
P01076,Headphones,Electronics,Bioplastic (PLA),0.251,0.0011,301,True
P01077,Headphones,Electronics,Mushroom Mycelium,0.295,0.0012,393,True
P01078,Headphones,Electronics,Bioplastic (PLA),0.322,0.0021,677,True
P01079,Headphones,Electronics,Mushroom Mycelium,0.397,0.0011,295,True
P01080,Headphones,Electronics,Bagasse,0.361,0.0015,87,True
P01081,Headphones,Electronics,Bioplastic (PLA),0.478,0.0025,333,True
P01082,Headphones,Electronics,Bamboo Fiber,0.444,0.0013,473,True
P01083,Headphones,Electronics,Bagasse,0.497,0.0012,66,True
P01084,Headphones,Electronics,Recycled Cardboard,0.222,0.0014,684,True
P01085,Headphones,Electronics,Recycled Cardboard,0.473,0.0018,73,True
P01086,Headphones,Electronics,Bioplastic (PLA),0.42,0.0016,526,True
P01087,Headphones,Electronics,Bamboo Fiber,0.388,0.0011,112,True
P01088,Headphones,Electronics,Recycled Cardboard,0.323,0.0021,579,True
P01089,Headphones,Electronics,Bamboo Fiber,0.339,0.0029,67,True
P01090,Headphones,Electronics,Mushroom Mycelium,0.241,0.0011,296,True
P01091,Headphones,Electronics,Bioplastic (PLA),0.429,0.0015,141,True
P01092,Headphones,Electronics,Mushroom Mycelium,0.459,0.0011,67,True
P01093,Headphones,Electronics,Bagasse,0.432,0.0018,468,True
P01094,Headphones,Electronics,Bagasse,0.256,0.0024,627,True
P01095,Headphones,Electronics,Mushroom Mycelium,0.23,0.0024,371,True
P01096,Headphones,Electronics,Bioplastic (PLA),0.403,0.0014,166,True
P01097,Headphones,Electronics,Recycled Cardboard,0.355,0.0014,419,True
P01098,Headphones,Electronics,Bamboo Fiber,0.337,0.002,276,True
P01099,Headphones,Electronics,Bamboo Fiber,0.353,0.0028,65,True
P01100,Headphones,Electronics,Bamboo Fiber,0.456,0.0029,268,True
P01101,Headphones,Electronics,Bagasse,0.48,0.0028,427,True
P01102,Headphones,Electronics,Recycled Cardboard,0.414,0.002,498,True
P01103,Headphones,Electronics,Bagasse,0.263,0.0022,553,True
P01104,Headphones,Electronics,Recycled Cardboard,0.318,0.0017,328,True
P01105,Headphones,Electronics,Bagasse,0.226,0.0016,155,True
P01106,Headphones,Electronics,Mushroom Mycelium,0.445,0.0014,172,True
P01107,Headphones,Electronics,Mushroom Mycelium,0.401,0.0024,33,True
P01108,Headphones,Electronics,Recycled Cardboard,0.32,0.003,666,True
P01109,Headphones,Electronics,Recycled Cardboard,0.312,0.0023,499,True
P01110,Headphones,Electronics,Bagasse,0.377,0.0021,365,True
P01111,Headphones,Electronics,Bamboo Fiber,0.203,0.0013,90,True
P01112,Headphones,Electronics,Mushroom Mycelium,0.495,0.0028,177,True
P01113,Headphones,Electronics,Bagasse,0.492,0.0011,695,True
P01114,Headphones,Electronics,Bagasse,0.461,0.0021,660,True
P01115,Headphones,Electronics,Bamboo Fiber,0.473,0.0013,480,True
P01116,Headphones,Electronics,Mushroom Mycelium,0.222,0.0015,730,True
P01117,Headphones,Electronics,Bioplastic (PLA),0.314,0.0028,645,True
P01118,Headphones,Electronics,Bagasse,0.48,0.001,683,True
P01119,Headphones,Electronics,Bamboo Fiber,0.288,0.0029,234,True
P01120,Headphones,Electronics,Recycled Cardboard,0.329,0.0019,125,True
P01121,Headphones,Electronics,Bioplastic (PLA),0.219,0.0021,44,True
P01122,Headphones,Electronics,Mushroom Mycelium,0.358,0.0028,37,True
P01123,Headphones,Electronics,Bagasse,0.378,0.0025,686,True
P01124,Headphones,Electronics,Recycled Cardboard,0.446,0.0013,407,True
P01125,Headphones,Electronics,Bioplastic (PLA),0.294,0.0025,300,True
P01126,Headphones,Electronics,Mushroom Mycelium,0.226,0.0022,380,True
P01127,Headphones,Electronics,Bagasse,0.214,0.0024,468,True
P01128,Headphones,Electronics,Bagasse,0.265,0.0024,663,True
P01129,Headphones,Electronics,Mushroom Mycelium,0.281,0.0029,402,True
P01130,Headphones,Electronics,Bioplastic (PLA),0.471,0.0019,595,True
P01131,Headphones,Electronics,Recycled Cardboard,0.289,0.0022,301,True
P01132,Headphones,Electronics,Bamboo Fiber,0.328,0.002,464,True
P01133,Headphones,Electronics,Bagasse,0.267,0.0017,206,True
P01134,Headphones,Electronics,Recycled Cardboard,0.428,0.0028,105,True
P01135,Headphones,Electronics,Bamboo Fiber,0.463,0.0014,657,True
P01136,Headphones,Electronics,Mushroom Mycelium,0.297,0.0025,379,True
P01137,Headphones,Electronics,Bamboo Fiber,0.321,0.0016,59,True
P01138,Headphones,Electronics,Bamboo Fiber,0.289,0.0023,213,True
P01139,Headphones,Electronics,Mushroom Mycelium,0.276,0.0013,519,True
P01140,Headphones,Electronics,Recycled Cardboard,0.24,0.0027,658,True
P01141,Headphones,Electronics,Bamboo Fiber,0.264,0.0019,45,True
P01142,Headphones,Electronics,Recycled Cardboard,0.463,0.0011,642,True
P01143,Headphones,Electronics,Bagasse,0.37,0.0025,706,True
P01144,Headphones,Electronics,Recycled Cardboard,0.369,0.0011,704,True
P01145,Headphones,Electronics,Mushroom Mycelium,0.472,0.0011,126,True
P01146,Headphones,Electronics,Bioplastic (PLA),0.498,0.0026,549,True
P01147,Headphones,Electronics,Mushroom Mycelium,0.273,0.0018,487,True
P01148,Headphones,Electronics,Recycled Cardboard,0.212,0.0014,439,True
P01149,Headphones,Electronics,Bagasse,0.39,0.0028,530,True
P01150,Headphones,Electronics,Bagasse,0.278,0.0011,74,True
P01151,Headphones,Electronics,Bioplastic (PLA),0.238,0.002,436,True
P01152,Headphones,Electronics,Bamboo Fiber,0.466,0.0019,165,True
P01153,Headphones,Electronics,Mushroom Mycelium,0.228,0.0028,279,True
P01154,Headphones,Electronics,Bamboo Fiber,0.383,0.0028,203,True
P01155,Headphones,Electronics,Bamboo Fiber,0.337,0.0016,429,True
P01156,Headphones,Electronics,Bamboo Fiber,0.474,0.0022,279,True
P01157,Headphones,Electronics,Bagasse,0.423,0.0018,116,True
P01158,Headphones,Electronics,Recycled Cardboard,0.236,0.0026,570,True
P01159,Headphones,Electronics,Recycled Cardboard,0.454,0.0012,235,True
P01160,Headphones,Electronics,Bamboo Fiber,0.485,0.0024,178,True
P01161,Headphones,Electronics,Bagasse,0.343,0.0018,676,True
P01162,Headphones,Electronics,Bioplastic (PLA),0.334,0.0024,404,True
P01163,Headphones,Electronics,Recycled Cardboard,0.338,0.0023,521,True
P01164,Headphones,Electronics,Bamboo Fiber,0.394,0.0014,223,True
P01165,Headphones,Electronics,Mushroom Mycelium,0.245,0.0024,177,True
P01166,Headphones,Electronics,Bioplastic (PLA),0.303,0.0028,212,True
P01167,Headphones,Electronics,Bagasse,0.226,0.0023,95,True
P01168,Headphones,Electronics,Recycled Cardboard,0.395,0.0028,356,True
P01169,Headphones,Electronics,Bagasse,0.286,0.0023,267,True
P01170,Headphones,Electronics,Bioplastic (PLA),0.495,0.003,301,True
P01171,Headphones,Electronics,Bioplastic (PLA),0.278,0.0014,277,True
P01172,Headphones,Electronics,Bioplastic (PLA),0.413,0.0012,712,True
P01173,Headphones,Electronics,Recycled Cardboard,0.293,0.0014,145,True
P01174,Headphones,Electronics,Mushroom Mycelium,0.308,0.0012,546,True
P01175,Headphones,Electronics,Bamboo Fiber,0.348,0.0028,475,True
P01176,Headphones,Electronics,Recycled Cardboard,0.211,0.0028,64,True
P01177,Headphones,Electronics,Bamboo Fiber,0.342,0.003,489,True
P01178,Headphones,Electronics,Mushroom Mycelium,0.419,0.0023,643,True
P01179,Headphones,Electronics,Bamboo Fiber,0.432,0.0019,451,True
P01180,Headphones,Electronics,Bagasse,0.255,0.0018,666,True
P01181,Headphones,Electronics,Bioplastic (PLA),0.256,0.0024,367,True
P01182,Headphones,Electronics,Bioplastic (PLA),0.373,0.0018,495,True
P01183,Headphones,Electronics,Bagasse,0.319,0.0021,540,True
P01184,Headphones,Electronics,Recycled Cardboard,0.251,0.0014,202,True
P01185,Headphones,Electronics,Mushroom Mycelium,0.458,0.0017,555,True
P01186,Headphones,Electronics,Bagasse,0.399,0.0026,688,True
P01187,Headphones,Electronics,Bagasse,0.307,0.0018,494,True
P01188,Headphones,Electronics,Recycled Cardboard,0.21,0.0029,171,True
P01189,Headphones,Electronics,Mushroom Mycelium,0.471,0.0022,520,True
P01190,Headphones,Electronics,Recycled Cardboard,0.488,0.002,297,True
P01191,Headphones,Electronics,Recycled Cardboard,0.481,0.0011,143,True
P01192,Headphones,Electronics,Recycled Cardboard,0.419,0.0016,399,True
P01193,Headphones,Electronics,Bamboo Fiber,0.476,0.0017,686,True
P01194,Headphones,Electronics,Mushroom Mycelium,0.363,0.0014,359,True
P01195,Headphones,Electronics,Recycled Cardboard,0.379,0.002,62,True
P01196,Headphones,Electronics,Recycled Cardboard,0.36,0.0017,641,True
P01197,Headphones,Electronics,Bagasse,0.28,0.0011,708,True
P01198,Headphones,Electronics,Bamboo Fiber,0.205,0.0017,283,True
P01199,Headphones,Electronics,Bamboo Fiber,0.304,0.0013,472,True
P01200,Headphones,Electronics,Recycled Cardboard,0.441,0.0024,532,True
P01201,Headphones,Electronics,Bamboo Fiber,0.488,0.0017,193,True
P01202,Headphones,Electronics,Mushroom Mycelium,0.484,0.0027,505,True
P01203,Headphones,Electronics,Recycled Cardboard,0.387,0.0017,210,True
P01204,Headphones,Electronics,Mushroom Mycelium,0.331,0.0017,324,True
P01205,Headphones,Electronics,Bagasse,0.355,0.0025,102,True
P01206,Headphones,Electronics,Bioplastic (PLA),0.381,0.0017,213,True
P01207,Headphones,Electronics,Mushroom Mycelium,0.395,0.0025,159,True
P01208,Headphones,Electronics,Recycled Cardboard,0.414,0.0024,224,True
P01209,Headphones,Electronics,Recycled Cardboard,0.365,0.0024,273,True
P01210,Headphones,Electronics,Bagasse,0.216,0.0015,377,True
P01211,Headphones,Electronics,Recycled Cardboard,0.201,0.0028,606,True
P01212,Headphones,Electronics,Bagasse,0.296,0.0013,390,True
P01213,Headphones,Electronics,Mushroom Mycelium,0.432,0.0025,268,True
P01214,Headphones,Electronics,Bamboo Fiber,0.356,0.0016,47,True
P01215,Headphones,Electronics,Bioplastic (PLA),0.396,0.0028,274,True
P01216,Headphones,Electronics,Bioplastic (PLA),0.278,0.0012,528,True
P01217,Headphones,Electronics,Bioplastic (PLA),0.474,0.0028,245,True
P01218,Headphones,Electronics,Bamboo Fiber,0.44,0.0011,428,True
P01219,Headphones,Electronics,Bamboo Fiber,0.323,0.0012,589,True
P01220,Headphones,Electronics,Bagasse,0.273,0.0015,556,True
P01221,Headphones,Electronics,Recycled Cardboard,0.471,0.0016,472,True
P01222,Headphones,Electronics,Mushroom Mycelium,0.238,0.0018,621,True
P01223,Headphones,Electronics,Mushroom Mycelium,0.287,0.0013,498,True
P01224,Headphones,Electronics,Bagasse,0.392,0.0015,302,True
P01225,Headphones,Electronics,Mushroom Mycelium,0.375,0.0018,247,True
P01226,Headphones,Electronics,Bioplastic (PLA),0.27,0.0019,131,True
P01227,Headphones,Electronics,Mushroom Mycelium,0.447,0.0026,336,True
P01228,Headphones,Electronics,Bagasse,0.42,0.0024,283,True
P01229,Headphones,Electronics,Mushroom Mycelium,0.219,0.0013,126,True
P01230,Headphones,Electronics,Bioplastic (PLA),0.38,0.0024,254,True
P01231,Headphones,Electronics,Bioplastic (PLA),0.275,0.0013,250,True
P01232,Headphones,Electronics,Bamboo Fiber,0.305,0.0016,97,True
P01233,Headphones,Electronics,Bioplastic (PLA),0.265,0.002,547,True
P01234,Headphones,Electronics,Bamboo Fiber,0.353,0.0016,225,True
P01235,Headphones,Electronics,Mushroom Mycelium,0.387,0.0011,205,True
P01236,Headphones,Electronics,Bioplastic (PLA),0.322,0.0027,571,True
P01237,Headphones,Electronics,Bamboo Fiber,0.281,0.0023,561,True
P01238,Headphones,Electronics,Bamboo Fiber,0.431,0.0026,588,True
P01239,Headphones,Electronics,Recycled Cardboard,0.223,0.0026,155,True
P01240,Headphones,Electronics,Recycled Cardboard,0.422,0.003,528,True
P01241,Headphones,Electronics,Bamboo Fiber,0.42,0.0021,487,True
P01242,Headphones,Electronics,Mushroom Mycelium,0.405,0.0017,382,True
P01243,Headphones,Electronics,Bamboo Fiber,0.221,0.0027,366,True
P01244,Headphones,Electronics,Bioplastic (PLA),0.342,0.0016,441,True
P01245,Headphones,Electronics,Recycled Cardboard,0.242,0.0024,236,True
P01246,Headphones,Electronics,Bamboo Fiber,0.41,0.0015,71,True
P01247,Headphones,Electronics,Recycled Cardboard,0.202,0.0019,198,True
P01248,Headphones,Electronics,Recycled Cardboard,0.303,0.0027,597,True
P01249,Headphones,Electronics,Mushroom Mycelium,0.264,0.0022,589,True
P01250,Headphones,Electronics,Recycled Cardboard,0.361,0.0021,42,True
P01251,Headphones,Electronics,Recycled Cardboard,0.441,0.0028,628,True
P01252,Headphones,Electronics,Recycled Cardboard,0.399,0.0018,152,True
P01253,Headphones,Electronics,Mushroom Mycelium,0.229,0.0018,623,True
P01254,Headphones,Electronics,Bagasse,0.418,0.0025,214,True
P01255,Headphones,Electronics,Mushroom Mycelium,0.235,0.0023,251,True
P01256,Headphones,Electronics,Bamboo Fiber,0.429,0.0012,46,True
P01257,Headphones,Electronics,Bioplastic (PLA),0.243,0.0016,638,True
P01258,Headphones,Electronics,Mushroom Mycelium,0.304,0.0012,514,True
P01259,Headphones,Electronics,Bagasse,0.479,0.0016,62,True
P01260,Headphones,Electronics,Mushroom Mycelium,0.35,0.0016,602,True
P01261,Headphones,Electronics,Bagasse,0.258,0.0024,593,True
P01262,Headphones,Electronics,Bamboo Fiber,0.477,0.0013,453,True
P01263,Headphones,Electronics,Recycled Cardboard,0.407,0.0022,695,True
P01264,Headphones,Electronics,Bamboo Fiber,0.269,0.0017,169,True
P01265,Headphones,Electronics,Bioplastic (PLA),0.487,0.0021,407,True
P01266,Headphones,Electronics,Mushroom Mycelium,0.395,0.0011,165,True
P01267,Headphones,Electronics,Mushroom Mycelium,0.448,0.0015,82,True
P01268,Headphones,Electronics,Recycled Cardboard,0.236,0.0024,716,True
P01269,Headphones,Electronics,Bagasse,0.478,0.0023,728,True
P01270,Headphones,Electronics,Recycled Cardboard,0.31,0.0014,163,True
P01271,Headphones,Electronics,Bamboo Fiber,0.371,0.0016,352,True
P01272,Headphones,Electronics,Bagasse,0.343,0.0011,188,True
P01273,Headphones,Electronics,Bioplastic (PLA),0.451,0.0022,672,True
P01274,Headphones,Electronics,Bioplastic (PLA),0.286,0.0019,262,True
P01275,Headphones,Electronics,Bioplastic (PLA),0.23,0.0011,618,True
P01276,Headphones,Electronics,Bamboo Fiber,0.22,0.0022,119,True
P01277,Headphones,Electronics,Recycled Cardboard,0.324,0.0019,711,True
P01278,Headphones,Electronics,Bamboo Fiber,0.259,0.0026,220,True
P01279,Headphones,Electronics,Mushroom Mycelium,0.433,0.0026,534,True
P01280,Headphones,Electronics,Bamboo Fiber,0.351,0.0011,514,True
P01281,Headphones,Electronics,Bioplastic (PLA),0.296,0.0018,66,True
P01282,Headphones,Electronics,Bamboo Fiber,0.407,0.0018,30,True
P01283,Headphones,Electronics,Mushroom Mycelium,0.319,0.002,392,True
P01284,Headphones,Electronics,Bagasse,0.361,0.0015,689,True
P01285,Headphones,Electronics,Recycled Cardboard,0.441,0.0014,405,True
P01286,Headphones,Electronics,Bagasse,0.291,0.0027,389,True
P01287,Headphones,Electronics,Recycled Cardboard,0.261,0.0019,597,True
P01288,Headphones,Electronics,Bamboo Fiber,0.316,0.0025,45,True
P01289,Headphones,Electronics,Recycled Cardboard,0.289,0.0025,446,True
P01290,Headphones,Electronics,Recycled Cardboard,0.226,0.0012,691,True
P01291,Headphones,Electronics,Bagasse,0.233,0.002,68,True
P01292,Headphones,Electronics,Bioplastic (PLA),0.286,0.0014,629,True
P01293,Headphones,Electronics,Bioplastic (PLA),0.331,0.003,54,True
P01294,Headphones,Electronics,Recycled Cardboard,0.487,0.0027,728,True
P01295,Headphones,Electronics,Bioplastic (PLA),0.267,0.0015,61,True
P01296,Headphones,Electronics,Mushroom Mycelium,0.287,0.0024,450,True
P01297,Headphones,Electronics,Bamboo Fiber,0.425,0.0012,534,True
P01298,Headphones,Electronics,Bamboo Fiber,0.223,0.0011,680,True
P01299,Headphones,Electronics,Bioplastic (PLA),0.259,0.002,404,True
P01300,Headphones,Electronics,Recycled Cardboard,0.452,0.0027,234,True
P01301,Headphones,Electronics,Bamboo Fiber,0.464,0.0022,267,True
P01302,Headphones,Electronics,Bagasse,0.26,0.0018,265,True
P01303,Headphones,Electronics,Bioplastic (PLA),0.433,0.0013,389,True
P01304,Headphones,Electronics,Bioplastic (PLA),0.451,0.0012,519,True
P01305,Headphones,Electronics,Bioplastic (PLA),0.4,0.0015,279,True
P01306,Headphones,Electronics,Bagasse,0.426,0.003,385,True
P01307,Headphones,Electronics,Bamboo Fiber,0.356,0.0015,319,True
P01308,Headphones,Electronics,Mushroom Mycelium,0.24,0.0027,662,True
P01309,Headphones,Electronics,Bagasse,0.351,0.0029,545,True
P01310,Headphones,Electronics,Bagasse,0.234,0.0022,351,True
P01311,Headphones,Electronics,Bioplastic (PLA),0.369,0.0021,689,True
P01312,Headphones,Electronics,Bioplastic (PLA),0.423,0.0013,644,True
P01313,Headphones,Electronics,Bagasse,0.467,0.0028,555,True
P01314,Headphones,Electronics,Recycled Cardboard,0.497,0.0016,231,True
P01315,Headphones,Electronics,Bagasse,0.438,0.0013,640,True
P01316,Headphones,Electronics,Bioplastic (PLA),0.442,0.0026,663,True
P01317,Headphones,Electronics,Mushroom Mycelium,0.263,0.0027,177,True
P01318,Headphones,Electronics,Recycled Cardboard,0.219,0.0017,224,True
P01319,Headphones,Electronics,Recycled Cardboard,0.43,0.0023,82,True
P01320,Headphones,Electronics,Bamboo Fiber,0.219,0.0028,635,True
P01321,Headphones,Electronics,Mushroom Mycelium,0.431,0.0023,310,True
P01322,Headphones,Electronics,Mushroom Mycelium,0.366,0.0025,484,True
P01323,Headphones,Electronics,Recycled Cardboard,0.326,0.0013,644,True
P01324,Headphones,Electronics,Bagasse,0.285,0.0012,40,True
P01325,Headphones,Electronics,Bioplastic (PLA),0.257,0.0011,315,True
P01326,Headphones,Electronics,Bioplastic (PLA),0.342,0.0016,230,True
P01327,Headphones,Electronics,Bagasse,0.322,0.003,698,True
P01328,Headphones,Electronics,Recycled Cardboard,0.347,0.0014,620,True
P01329,Headphones,Electronics,Bioplastic (PLA),0.423,0.0018,648,True
P01330,Headphones,Electronics,Recycled Cardboard,0.326,0.0021,601,True
P01331,Headphones,Electronics,Recycled Cardboard,0.292,0.0013,399,True
P01332,Headphones,Electronics,Recycled Cardboard,0.384,0.0019,708,True
P01333,Headphones,Electronics,Bamboo Fiber,0.444,0.003,300,True
P01334,Headphones,Electronics,Bioplastic (PLA),0.38,0.0028,668,True
P01335,Headphones,Electronics,Bioplastic (PLA),0.247,0.0011,552,True
P01336,Headphones,Electronics,Recycled Cardboard,0.472,0.0024,625,True
P01337,Headphones,Electronics,Bioplastic (PLA),0.432,0.0024,606,True
P01338,Headphones,Electronics,Bamboo Fiber,0.24,0.0019,328,True
P01339,Headphones,Electronics,Recycled Cardboard,0.413,0.0015,291,True
P01340,Headphones,Electronics,Bamboo Fiber,0.253,0.0028,312,True
P01341,Headphones,Electronics,Bamboo Fiber,0.453,0.0024,662,True
P01342,Headphones,Electronics,Recycled Cardboard,0.319,0.0024,385,True
P01343,Headphones,Electronics,Mushroom Mycelium,0.336,0.0012,138,True
P01344,Headphones,Electronics,Bagasse,0.452,0.0014,370,True
P01345,Headphones,Electronics,Mushroom Mycelium,0.357,0.0028,471,True
P01346,Headphones,Electronics,Bagasse,0.472,0.0015,146,True
P01347,Headphones,Electronics,Mushroom Mycelium,0.268,0.003,602,True
P01348,Headphones,Electronics,Recycled Cardboard,0.434,0.0029,180,True
P01349,Headphones,Electronics,Recycled Cardboard,0.452,0.0021,726,True
P01350,Headphones,Electronics,Recycled Cardboard,0.472,0.0016,93,True
P01351,Headphones,Electronics,Bioplastic (PLA),0.393,0.0011,439,True
P01352,Headphones,Electronics,Recycled Cardboard,0.256,0.0014,571,True
P01353,Headphones,Electronics,Bagasse,0.388,0.003,556,True
P01354,Headphones,Electronics,Mushroom Mycelium,0.296,0.0025,288,True
P01355,Headphones,Electronics,Bioplastic (PLA),0.237,0.0025,142,True
P01356,Headphones,Electronics,Bagasse,0.23,0.0012,380,True
P01357,Headphones,Electronics,Bioplastic (PLA),0.394,0.002,507,True
P01358,Headphones,Electronics,Bagasse,0.35,0.0014,110,True
P01359,Headphones,Electronics,Recycled Cardboard,0.376,0.0013,278,True
P01360,Headphones,Electronics,Bamboo Fiber,0.342,0.001,285,True
P01361,Headphones,Electronics,Recycled Cardboard,0.414,0.0012,479,True
P01362,Headphones,Electronics,Bamboo Fiber,0.482,0.0025,42,True
P01363,Headphones,Electronics,Mushroom Mycelium,0.381,0.0028,615,True
P01364,Headphones,Electronics,Bioplastic (PLA),0.449,0.0029,393,True
P01365,Headphones,Electronics,Mushroom Mycelium,0.37,0.0021,360,True
P01366,Headphones,Electronics,Bioplastic (PLA),0.31,0.0018,662,True
P01367,Headphones,Electronics,Bamboo Fiber,0.441,0.0028,538,True
P01368,Headphones,Electronics,Mushroom Mycelium,0.287,0.0019,702,True
P01369,Headphones,Electronics,Recycled Cardboard,0.347,0.0023,159,True
P01370,Headphones,Electronics,Mushroom Mycelium,0.263,0.0019,252,True
P01371,Headphones,Electronics,Recycled Cardboard,0.485,0.0026,89,True
P01372,Headphones,Electronics,Mushroom Mycelium,0.397,0.0014,696,True
P01373,Headphones,Electronics,Bioplastic (PLA),0.483,0.0015,148,True
P01374,Headphones,Electronics,Bamboo Fiber,0.292,0.0018,713,True
P01375,Headphones,Electronics,Bagasse,0.488,0.0019,120,True
P01376,Headphones,Electronics,Bamboo Fiber,0.403,0.0016,419,True
P01377,Headphones,Electronics,Bamboo Fiber,0.225,0.0015,86,True
P01378,Headphones,Electronics,Mushroom Mycelium,0.356,0.0026,125,True
P01379,Headphones,Electronics,Recycled Cardboard,0.43,0.0022,176,True
P01380,Headphones,Electronics,Bamboo Fiber,0.44,0.0011,163,True
P01381,Headphones,Electronics,Recycled Cardboard,0.457,0.0012,576,True
P01382,Headphones,Electronics,Recycled Cardboard,0.364,0.0014,404,True
P01383,Headphones,Electronics,Recycled Cardboard,0.405,0.0017,440,True
P01384,Headphones,Electronics,Bioplastic (PLA),0.284,0.0017,373,True
P01385,Headphones,Electronics,Bioplastic (PLA),0.375,0.0015,133,True
P01386,Headphones,Electronics,Recycled Cardboard,0.422,0.0012,183,True
P01387,Headphones,Electronics,Bioplastic (PLA),0.336,0.0011,635,True
P01388,Headphones,Electronics,Bagasse,0.329,0.002,567,True
P01389,Headphones,Electronics,Bioplastic (PLA),0.421,0.0015,63,True
P01390,Headphones,Electronics,Bamboo Fiber,0.484,0.001,155,True
P01391,Headphones,Electronics,Bamboo Fiber,0.463,0.0021,705,True
P01392,Headphones,Electronics,Bamboo Fiber,0.243,0.0014,535,True
P01393,Headphones,Electronics,Recycled Cardboard,0.423,0.0025,101,True
P01394,Headphones,Electronics,Mushroom Mycelium,0.405,0.002,138,True
P01395,Headphones,Electronics,Mushroom Mycelium,0.295,0.0025,545,True
P01396,Headphones,Electronics,Bamboo Fiber,0.43,0.0018,236,True
P01397,Headphones,Electronics,Mushroom Mycelium,0.395,0.0024,437,True
P01398,Headphones,Electronics,Bamboo Fiber,0.284,0.002,451,True
P01399,Headphones,Electronics,Recycled Cardboard,0.206,0.0028,632,True
P01400,Headphones,Electronics,Bagasse,0.488,0.0019,349,True
P01401,Headphones,Electronics,Bioplastic (PLA),0.373,0.0025,601,True
P01402,Headphones,Electronics,Recycled Cardboard,0.462,0.0012,69,True
P01403,Headphones,Electronics,Bamboo Fiber,0.378,0.0013,62,True
P01404,Headphones,Electronics,Bioplastic (PLA),0.462,0.0027,533,True
P01405,Headphones,Electronics,Bagasse,0.26,0.0015,397,True
P01406,Headphones,Electronics,Bamboo Fiber,0.261,0.0028,468,True
P01407,Headphones,Electronics,Recycled Cardboard,0.302,0.0018,164,True
P01408,Headphones,Electronics,Bagasse,0.412,0.0019,341,True
P01409,Headphones,Electronics,Bioplastic (PLA),0.47,0.002,42,True
P01410,Headphones,Electronics,Mushroom Mycelium,0.205,0.0029,58,True
P01411,Headphones,Electronics,Bioplastic (PLA),0.46,0.0021,645,True
P01412,Headphones,Electronics,Recycled Cardboard,0.384,0.0026,391,True
P01413,Headphones,Electronics,Bamboo Fiber,0.491,0.0019,200,True
P01414,Headphones,Electronics,Recycled Cardboard,0.265,0.0029,703,True
P01415,Headphones,Electronics,Bagasse,0.5,0.0014,187,True
P01416,Headphones,Electronics,Bagasse,0.465,0.0022,417,True
P01417,Headphones,Electronics,Recycled Cardboard,0.255,0.0019,562,True
P01418,Headphones,Electronics,Mushroom Mycelium,0.301,0.0023,380,True
P01419,Headphones,Electronics,Mushroom Mycelium,0.322,0.0017,432,True
P01420,Headphones,Electronics,Bagasse,0.471,0.0021,417,True
P01421,Headphones,Electronics,Mushroom Mycelium,0.385,0.002,657,True
P01422,Headphones,Electronics,Bioplastic (PLA),0.381,0.0023,483,True
P01423,Headphones,Electronics,Recycled Cardboard,0.278,0.0014,377,True
P01424,Headphones,Electronics,Mushroom Mycelium,0.328,0.0017,388,True
P01425,Headphones,Electronics,Mushroom Mycelium,0.428,0.0028,53,True
P01426,Headphones,Electronics,Bamboo Fiber,0.433,0.0011,445,True
P01427,Headphones,Electronics,Bioplastic (PLA),0.273,0.0017,233,True
P01428,Headphones,Electronics,Bamboo Fiber,0.426,0.0025,260,True
P01429,Headphones,Electronics,Mushroom Mycelium,0.287,0.0029,83,True
P01430,Headphones,Electronics,Bioplastic (PLA),0.218,0.0013,680,True
P01431,Headphones,Electronics,Bioplastic (PLA),0.475,0.0017,622,True
P01432,Headphones,Electronics,Mushroom Mycelium,0.474,0.0015,322,True
P01433,Headphones,Electronics,Mushroom Mycelium,0.244,0.0024,369,True
P01434,Headphones,Electronics,Recycled Cardboard,0.357,0.0028,724,True
P01435,Headphones,Electronics,Bioplastic (PLA),0.234,0.003,498,True
P01436,Headphones,Electronics,Recycled Cardboard,0.48,0.0021,348,True
P01437,Headphones,Electronics,Bioplastic (PLA),0.217,0.0019,79,True
P01438,Headphones,Electronics,Bagasse,0.208,0.0016,55,True
P01439,Headphones,Electronics,Bamboo Fiber,0.206,0.0025,182,True
P01440,Headphones,Electronics,Bagasse,0.249,0.0021,631,True
P01441,Headphones,Electronics,Bamboo Fiber,0.342,0.0016,454,True
P01442,Headphones,Electronics,Mushroom Mycelium,0.318,0.0019,677,True
P01443,Headphones,Electronics,Recycled Cardboard,0.289,0.0024,373,True
P01444,Headphones,Electronics,Mushroom Mycelium,0.451,0.0028,217,True
P01445,Headphones,Electronics,Bioplastic (PLA),0.4,0.0013,112,True
P01446,Headphones,Electronics,Mushroom Mycelium,0.368,0.0018,255,True
P01447,Headphones,Electronics,Recycled Cardboard,0.303,0.0011,317,True
P01448,Headphones,Electronics,Recycled Cardboard,0.4,0.0012,40,True
P01449,Headphones,Electronics,Bamboo Fiber,0.391,0.0015,547,True
P01450,Headphones,Electronics,Bagasse,0.498,0.0029,543,True
P01451,Headphones,Electronics,Bioplastic (PLA),0.434,0.0016,585,True
P01452,Headphones,Electronics,Recycled Cardboard,0.368,0.002,328,True
P01453,Headphones,Electronics,Bioplastic (PLA),0.346,0.0021,439,True
P01454,Headphones,Electronics,Bagasse,0.486,0.0021,176,True
P01455,Headphones,Electronics,Bioplastic (PLA),0.327,0.0023,211,True
P01456,Headphones,Electronics,Bioplastic (PLA),0.268,0.0023,116,True
P01457,Headphones,Electronics,Mushroom Mycelium,0.234,0.0016,623,True
P01458,Headphones,Electronics,Mushroom Mycelium,0.339,0.0029,303,True
P01459,Headphones,Electronics,Bamboo Fiber,0.385,0.0026,422,True
P01460,Headphones,Electronics,Recycled Cardboard,0.366,0.0025,214,True
P01461,Headphones,Electronics,Recycled Cardboard,0.338,0.0013,568,True
P01462,Headphones,Electronics,Recycled Cardboard,0.435,0.0018,327,True
P01463,Headphones,Electronics,Bioplastic (PLA),0.378,0.0022,36,True
P01464,Headphones,Electronics,Recycled Cardboard,0.379,0.0015,55,True
P01465,Headphones,Electronics,Recycled Cardboard,0.368,0.0011,70,True
P01466,Headphones,Electronics,Recycled Cardboard,0.481,0.0016,65,True
P01467,Headphones,Electronics,Mushroom Mycelium,0.218,0.0014,597,True
P01468,Headphones,Electronics,Bagasse,0.435,0.0019,363,True
P01469,Headphones,Electronics,Recycled Cardboard,0.466,0.0025,373,True
P01470,Headphones,Electronics,Bioplastic (PLA),0.4,0.0014,271,True
P01471,Headphones,Electronics,Bagasse,0.205,0.0016,617,True
P01472,Headphones,Electronics,Bamboo Fiber,0.455,0.002,647,True
P01473,Headphones,Electronics,Mushroom Mycelium,0.428,0.0019,555,True
P01474,Headphones,Electronics,Recycled Cardboard,0.292,0.0021,549,True
P01475,Headphones,Electronics,Bagasse,0.49,0.003,658,True
P01476,Headphones,Electronics,Recycled Cardboard,0.296,0.0016,177,True
P01477,Headphones,Electronics,Bamboo Fiber,0.338,0.0013,244,True
P01478,Headphones,Electronics,Bamboo Fiber,0.446,0.0013,349,True
P01479,Headphones,Electronics,Bioplastic (PLA),0.355,0.0024,498,True
P01480,Headphones,Electronics,Mushroom Mycelium,0.356,0.0011,260,True
P01481,Headphones,Electronics,Recycled Cardboard,0.228,0.0012,393,True
P01482,Headphones,Electronics,Bioplastic (PLA),0.387,0.0013,300,True
P01483,Headphones,Electronics,Mushroom Mycelium,0.228,0.0021,712,True
P01484,Headphones,Electronics,Recycled Cardboard,0.414,0.0029,443,True
P01485,Headphones,Electronics,Mushroom Mycelium,0.452,0.002,505,True
P01486,Headphones,Electronics,Mushroom Mycelium,0.234,0.002,104,True
P01487,Headphones,Electronics,Recycled Cardboard,0.464,0.0016,37,True
P01488,Headphones,Electronics,Bamboo Fiber,0.371,0.002,120,True
P01489,Headphones,Electronics,Mushroom Mycelium,0.451,0.0021,466,True
P01490,Headphones,Electronics,Bamboo Fiber,0.311,0.0019,158,True
P01491,Headphones,Electronics,Bagasse,0.413,0.0029,63,True
P01492,Headphones,Electronics,Mushroom Mycelium,0.338,0.0025,447,True
P01493,Headphones,Electronics,Bamboo Fiber,0.384,0.0012,593,True
P01494,Headphones,Electronics,Bioplastic (PLA),0.217,0.0026,79,True
P01495,Headphones,Electronics,Mushroom Mycelium,0.2,0.0018,31,True
P01496,Headphones,Electronics,Bioplastic (PLA),0.22,0.0012,640,True
P01497,Headphones,Electronics,Bagasse,0.257,0.0018,100,True
P01498,Headphones,Electronics,Bioplastic (PLA),0.378,0.0019,690,True
P01499,Headphones,Electronics,Mushroom Mycelium,0.346,0.0019,70,True
P01500,Headphones,Electronics,Bamboo Fiber,0.378,0.0021,563,True
P01501,Tablet,Electronics,Bamboo Fiber,0.336,0.0024,687,True
P01502,Tablet,Electronics,Bamboo Fiber,0.631,0.0039,84,True
P01503,Tablet,Electronics,Bamboo Fiber,0.693,0.0019,274,True
P01504,Tablet,Electronics,Bamboo Fiber,0.444,0.0037,199,True
P01505,Tablet,Electronics,Bioplastic (PLA),0.602,0.0021,455,True
P01506,Tablet,Electronics,Bioplastic (PLA),0.443,0.0031,690,True
P01507,Tablet,Electronics,Mushroom Mycelium,0.394,0.0037,169,True
P01508,Tablet,Electronics,Bagasse,0.469,0.001,223,True
P01509,Tablet,Electronics,Bagasse,0.43,0.0011,410,True
P01510,Tablet,Electronics,Bagasse,0.655,0.002,558,True
P01511,Tablet,Electronics,Mushroom Mycelium,0.489,0.0032,359,True
P01512,Tablet,Electronics,Bagasse,0.35,0.0026,71,True
P01513,Tablet,Electronics,Recycled Cardboard,0.321,0.0016,476,True
P01514,Tablet,Electronics,Bioplastic (PLA),0.469,0.0029,516,True
P01515,Tablet,Electronics,Bagasse,0.619,0.0013,231,True
P01516,Tablet,Electronics,Bamboo Fiber,0.33,0.0032,519,True
P01517,Tablet,Electronics,Recycled Cardboard,0.545,0.0031,198,True
P01518,Tablet,Electronics,Bioplastic (PLA),0.638,0.0022,220,True
P01519,Tablet,Electronics,Bamboo Fiber,0.675,0.0019,370,True
P01520,Tablet,Electronics,Mushroom Mycelium,0.37,0.0018,631,True
P01521,Tablet,Electronics,Bioplastic (PLA),0.663,0.0024,630,True
P01522,Tablet,Electronics,Mushroom Mycelium,0.387,0.0031,242,True
P01523,Tablet,Electronics,Bagasse,0.694,0.0026,235,True
P01524,Tablet,Electronics,Mushroom Mycelium,0.42,0.0034,278,True
P01525,Tablet,Electronics,Bioplastic (PLA),0.621,0.0034,229,True
P01526,Tablet,Electronics,Bagasse,0.466,0.0011,90,True
P01527,Tablet,Electronics,Bioplastic (PLA),0.409,0.0018,106,True
P01528,Tablet,Electronics,Mushroom Mycelium,0.386,0.0019,325,True
P01529,Tablet,Electronics,Bioplastic (PLA),0.335,0.0021,347,True
P01530,Tablet,Electronics,Bagasse,0.484,0.0014,173,True
P01531,Tablet,Electronics,Mushroom Mycelium,0.627,0.0011,174,True
P01532,Tablet,Electronics,Bamboo Fiber,0.7,0.0022,224,True
P01533,Tablet,Electronics,Bioplastic (PLA),0.563,0.0014,707,True
P01534,Tablet,Electronics,Recycled Cardboard,0.485,0.0015,167,True
P01535,Tablet,Electronics,Bagasse,0.386,0.0023,587,True
P01536,Tablet,Electronics,Bagasse,0.672,0.0034,550,True
P01537,Tablet,Electronics,Bioplastic (PLA),0.306,0.0038,504,True
P01538,Tablet,Electronics,Bagasse,0.642,0.0038,354,True
P01539,Tablet,Electronics,Recycled Cardboard,0.379,0.002,153,True
P01540,Tablet,Electronics,Recycled Cardboard,0.325,0.002,85,True
P01541,Tablet,Electronics,Bioplastic (PLA),0.344,0.0032,461,True
P01542,Tablet,Electronics,Mushroom Mycelium,0.58,0.0025,71,True
P01543,Tablet,Electronics,Bamboo Fiber,0.38,0.0039,658,True
P01544,Tablet,Electronics,Bioplastic (PLA),0.584,0.0031,342,True
P01545,Tablet,Electronics,Bioplastic (PLA),0.627,0.0019,461,True
P01546,Tablet,Electronics,Bioplastic (PLA),0.42,0.0022,382,True
P01547,Tablet,Electronics,Mushroom Mycelium,0.458,0.0015,95,True
P01548,Tablet,Electronics,Bamboo Fiber,0.321,0.0027,48,True
P01549,Tablet,Electronics,Recycled Cardboard,0.694,0.0033,58,True
P01550,Tablet,Electronics,Mushroom Mycelium,0.568,0.001,679,True
P01551,Tablet,Electronics,Recycled Cardboard,0.55,0.0036,406,True
P01552,Tablet,Electronics,Bioplastic (PLA),0.458,0.0028,319,True
P01553,Tablet,Electronics,Bamboo Fiber,0.684,0.0021,253,True
P01554,Tablet,Electronics,Mushroom Mycelium,0.304,0.0025,50,True
P01555,Tablet,Electronics,Bamboo Fiber,0.408,0.0032,377,True
P01556,Tablet,Electronics,Bioplastic (PLA),0.63,0.003,432,True
P01557,Tablet,Electronics,Mushroom Mycelium,0.598,0.0014,454,True
P01558,Tablet,Electronics,Mushroom Mycelium,0.682,0.0025,198,True
P01559,Tablet,Electronics,Recycled Cardboard,0.659,0.0027,721,True
P01560,Tablet,Electronics,Recycled Cardboard,0.38,0.0012,650,True
P01561,Tablet,Electronics,Mushroom Mycelium,0.599,0.0018,395,True
P01562,Tablet,Electronics,Bioplastic (PLA),0.573,0.0024,154,True
P01563,Tablet,Electronics,Mushroom Mycelium,0.611,0.0016,677,True
P01564,Tablet,Electronics,Bamboo Fiber,0.339,0.0038,461,True
P01565,Tablet,Electronics,Bamboo Fiber,0.692,0.0038,272,True
P01566,Tablet,Electronics,Mushroom Mycelium,0.667,0.0013,695,True
P01567,Tablet,Electronics,Bamboo Fiber,0.463,0.0022,406,True
P01568,Tablet,Electronics,Bioplastic (PLA),0.563,0.002,34,True
P01569,Tablet,Electronics,Bioplastic (PLA),0.398,0.0029,594,True
P01570,Tablet,Electronics,Mushroom Mycelium,0.57,0.0025,724,True
P01571,Tablet,Electronics,Mushroom Mycelium,0.527,0.0011,341,True
P01572,Tablet,Electronics,Mushroom Mycelium,0.534,0.0024,330,True
P01573,Tablet,Electronics,Recycled Cardboard,0.487,0.0034,324,True
P01574,Tablet,Electronics,Recycled Cardboard,0.37,0.0018,124,True
P01575,Tablet,Electronics,Bagasse,0.576,0.0016,614,True
P01576,Tablet,Electronics,Bioplastic (PLA),0.684,0.002,476,True
P01577,Tablet,Electronics,Bagasse,0.37,0.0016,535,True
P01578,Tablet,Electronics,Mushroom Mycelium,0.477,0.0017,434,True
P01579,Tablet,Electronics,Mushroom Mycelium,0.385,0.0038,278,True
P01580,Tablet,Electronics,Bioplastic (PLA),0.363,0.0016,728,True
P01581,Tablet,Electronics,Bioplastic (PLA),0.315,0.0011,153,True
P01582,Tablet,Electronics,Recycled Cardboard,0.614,0.002,682,True
P01583,Tablet,Electronics,Bagasse,0.51,0.0034,600,True
P01584,Tablet,Electronics,Bagasse,0.476,0.004,511,True
P01585,Tablet,Electronics,Mushroom Mycelium,0.673,0.0023,249,True
P01586,Tablet,Electronics,Mushroom Mycelium,0.462,0.0019,183,True
P01587,Tablet,Electronics,Bioplastic (PLA),0.428,0.0017,222,True
P01588,Tablet,Electronics,Recycled Cardboard,0.429,0.0034,620,True
P01589,Tablet,Electronics,Recycled Cardboard,0.635,0.0032,236,True
P01590,Tablet,Electronics,Mushroom Mycelium,0.5,0.0034,576,True
P01591,Tablet,Electronics,Recycled Cardboard,0.481,0.0012,205,True
P01592,Tablet,Electronics,Bioplastic (PLA),0.36,0.0031,208,True
P01593,Tablet,Electronics,Bagasse,0.429,0.0017,599,True
P01594,Tablet,Electronics,Bagasse,0.684,0.0017,239,True
P01595,Tablet,Electronics,Bamboo Fiber,0.51,0.0039,43,True
P01596,Tablet,Electronics,Recycled Cardboard,0.566,0.0032,590,True
P01597,Tablet,Electronics,Bioplastic (PLA),0.361,0.0024,218,True
P01598,Tablet,Electronics,Bagasse,0.356,0.0012,414,True
P01599,Tablet,Electronics,Bagasse,0.33,0.0039,243,True
P01600,Tablet,Electronics,Mushroom Mycelium,0.531,0.003,124,True
P01601,Tablet,Electronics,Bamboo Fiber,0.422,0.0023,201,True
P01602,Tablet,Electronics,Recycled Cardboard,0.372,0.0025,529,True
P01603,Tablet,Electronics,Recycled Cardboard,0.464,0.0015,565,True
P01604,Tablet,Electronics,Bioplastic (PLA),0.514,0.0034,93,True
P01605,Tablet,Electronics,Bamboo Fiber,0.531,0.0015,150,True
P01606,Tablet,Electronics,Bioplastic (PLA),0.403,0.0014,675,True
P01607,Tablet,Electronics,Bagasse,0.381,0.0025,92,True
P01608,Tablet,Electronics,Bagasse,0.522,0.0014,606,True
P01609,Tablet,Electronics,Bioplastic (PLA),0.337,0.0039,68,True
P01610,Tablet,Electronics,Bamboo Fiber,0.302,0.0026,416,True
P01611,Tablet,Electronics,Bioplastic (PLA),0.542,0.0021,427,True
P01612,Tablet,Electronics,Bagasse,0.341,0.0015,594,True
P01613,Tablet,Electronics,Bamboo Fiber,0.507,0.001,316,True
P01614,Tablet,Electronics,Bagasse,0.315,0.0016,295,True
P01615,Tablet,Electronics,Bioplastic (PLA),0.313,0.0018,152,True
P01616,Tablet,Electronics,Bamboo Fiber,0.491,0.0015,78,True
P01617,Tablet,Electronics,Bagasse,0.521,0.0017,585,True
P01618,Tablet,Electronics,Mushroom Mycelium,0.467,0.0033,692,True
P01619,Tablet,Electronics,Bamboo Fiber,0.377,0.0032,242,True
P01620,Tablet,Electronics,Bamboo Fiber,0.579,0.0022,330,True
P01621,Tablet,Electronics,Bagasse,0.528,0.0031,319,True
P01622,Tablet,Electronics,Mushroom Mycelium,0.634,0.0039,440,True
P01623,Tablet,Electronics,Bioplastic (PLA),0.596,0.0014,612,True
P01624,Tablet,Electronics,Bamboo Fiber,0.392,0.0016,139,True
P01625,Tablet,Electronics,Bagasse,0.452,0.0028,716,True
P01626,Tablet,Electronics,Recycled Cardboard,0.624,0.0017,109,True
P01627,Tablet,Electronics,Bagasse,0.63,0.0024,653,True
P01628,Tablet,Electronics,Bagasse,0.601,0.0024,284,True
P01629,Tablet,Electronics,Mushroom Mycelium,0.544,0.0037,325,True
P01630,Tablet,Electronics,Bioplastic (PLA),0.579,0.0013,250,True
P01631,Tablet,Electronics,Bagasse,0.602,0.0039,459,True
P01632,Tablet,Electronics,Bioplastic (PLA),0.463,0.0034,640,True
P01633,Tablet,Electronics,Bioplastic (PLA),0.419,0.0022,171,True
P01634,Tablet,Electronics,Mushroom Mycelium,0.612,0.0026,295,True
P01635,Tablet,Electronics,Bamboo Fiber,0.599,0.0012,589,True
P01636,Tablet,Electronics,Recycled Cardboard,0.506,0.003,145,True
P01637,Tablet,Electronics,Bioplastic (PLA),0.41,0.0024,293,True
P01638,Tablet,Electronics,Bioplastic (PLA),0.337,0.0015,206,True
P01639,Tablet,Electronics,Recycled Cardboard,0.639,0.0036,393,True
P01640,Tablet,Electronics,Mushroom Mycelium,0.626,0.0028,163,True
P01641,Tablet,Electronics,Bagasse,0.369,0.0017,128,True
P01642,Tablet,Electronics,Bamboo Fiber,0.374,0.0016,237,True
P01643,Tablet,Electronics,Recycled Cardboard,0.38,0.0037,224,True
P01644,Tablet,Electronics,Bagasse,0.648,0.0038,658,True
P01645,Tablet,Electronics,Bioplastic (PLA),0.368,0.0013,452,True
P01646,Tablet,Electronics,Bioplastic (PLA),0.48,0.0016,204,True
P01647,Tablet,Electronics,Bagasse,0.324,0.0034,135,True
P01648,Tablet,Electronics,Bioplastic (PLA),0.457,0.0019,347,True
P01649,Tablet,Electronics,Mushroom Mycelium,0.686,0.0024,34,True
P01650,Tablet,Electronics,Bagasse,0.666,0.0019,91,True
P01651,Tablet,Electronics,Bioplastic (PLA),0.598,0.0029,179,True
P01652,Tablet,Electronics,Bamboo Fiber,0.378,0.0024,299,True
P01653,Tablet,Electronics,Bagasse,0.698,0.0039,282,True
P01654,Tablet,Electronics,Bamboo Fiber,0.535,0.002,84,True
P01655,Tablet,Electronics,Bamboo Fiber,0.686,0.0026,618,True
P01656,Tablet,Electronics,Bagasse,0.486,0.0023,558,True
P01657,Tablet,Electronics,Bamboo Fiber,0.534,0.0024,416,True
P01658,Tablet,Electronics,Recycled Cardboard,0.629,0.0038,696,True
P01659,Tablet,Electronics,Mushroom Mycelium,0.332,0.0014,113,True
P01660,Tablet,Electronics,Bioplastic (PLA),0.495,0.0028,251,True
P01661,Tablet,Electronics,Mushroom Mycelium,0.564,0.0021,397,True
P01662,Tablet,Electronics,Bioplastic (PLA),0.516,0.0023,211,True
P01663,Tablet,Electronics,Mushroom Mycelium,0.335,0.0025,273,True
P01664,Tablet,Electronics,Bagasse,0.439,0.0039,195,True
P01665,Tablet,Electronics,Bagasse,0.454,0.0012,711,True
P01666,Tablet,Electronics,Bioplastic (PLA),0.62,0.0013,249,True
P01667,Tablet,Electronics,Mushroom Mycelium,0.69,0.002,339,True
P01668,Tablet,Electronics,Recycled Cardboard,0.631,0.0038,37,True
P01669,Tablet,Electronics,Recycled Cardboard,0.308,0.0024,303,True
P01670,Tablet,Electronics,Bamboo Fiber,0.592,0.0038,620,True
P01671,Tablet,Electronics,Bamboo Fiber,0.502,0.0014,60,True
P01672,Tablet,Electronics,Recycled Cardboard,0.547,0.0026,117,True
P01673,Tablet,Electronics,Mushroom Mycelium,0.475,0.0017,274,True
P01674,Tablet,Electronics,Bioplastic (PLA),0.426,0.0031,672,True
P01675,Tablet,Electronics,Recycled Cardboard,0.339,0.0034,517,True
P01676,Tablet,Electronics,Bioplastic (PLA),0.369,0.0026,261,True
P01677,Tablet,Electronics,Mushroom Mycelium,0.33,0.0018,725,True
P01678,Tablet,Electronics,Bamboo Fiber,0.408,0.002,205,True
P01679,Tablet,Electronics,Bioplastic (PLA),0.31,0.0038,701,True
P01680,Tablet,Electronics,Bioplastic (PLA),0.417,0.0035,509,True
P01681,Tablet,Electronics,Bamboo Fiber,0.38,0.001,683,True
P01682,Tablet,Electronics,Bagasse,0.537,0.004,469,True
P01683,Tablet,Electronics,Bioplastic (PLA),0.567,0.0035,194,True
P01684,Tablet,Electronics,Bagasse,0.651,0.0027,605,True
P01685,Tablet,Electronics,Bioplastic (PLA),0.413,0.0017,313,True
P01686,Tablet,Electronics,Mushroom Mycelium,0.56,0.0014,49,True
P01687,Tablet,Electronics,Bagasse,0.54,0.0024,334,True
P01688,Tablet,Electronics,Recycled Cardboard,0.692,0.0034,178,True
P01689,Tablet,Electronics,Recycled Cardboard,0.622,0.0036,525,True
P01690,Tablet,Electronics,Bamboo Fiber,0.366,0.0025,121,True
P01691,Tablet,Electronics,Bagasse,0.579,0.0022,467,True
P01692,Tablet,Electronics,Mushroom Mycelium,0.545,0.0017,93,True
P01693,Tablet,Electronics,Mushroom Mycelium,0.529,0.0027,231,True
P01694,Tablet,Electronics,Mushroom Mycelium,0.596,0.003,149,True
P01695,Tablet,Electronics,Bamboo Fiber,0.668,0.0023,33,True
P01696,Tablet,Electronics,Bagasse,0.37,0.0019,141,True
P01697,Tablet,Electronics,Bioplastic (PLA),0.442,0.0035,218,True
P01698,Tablet,Electronics,Recycled Cardboard,0.646,0.0011,258,True
P01699,Tablet,Electronics,Mushroom Mycelium,0.432,0.0031,185,True
P01700,Tablet,Electronics,Bagasse,0.48,0.0027,652,True
P01701,Tablet,Electronics,Bamboo Fiber,0.399,0.0017,618,True
P01702,Tablet,Electronics,Bamboo Fiber,0.362,0.0033,50,True
P01703,Tablet,Electronics,Bamboo Fiber,0.454,0.0024,500,True
P01704,Tablet,Electronics,Bamboo Fiber,0.368,0.0015,344,True
P01705,Tablet,Electronics,Recycled Cardboard,0.424,0.0014,649,True
P01706,Tablet,Electronics,Bagasse,0.605,0.0038,283,True
P01707,Tablet,Electronics,Recycled Cardboard,0.541,0.0023,256,True
P01708,Tablet,Electronics,Recycled Cardboard,0.396,0.0035,155,True
P01709,Tablet,Electronics,Recycled Cardboard,0.55,0.0021,328,True
P01710,Tablet,Electronics,Recycled Cardboard,0.34,0.0036,727,True
P01711,Tablet,Electronics,Bioplastic (PLA),0.439,0.0028,70,True
P01712,Tablet,Electronics,Bamboo Fiber,0.553,0.0013,128,True
P01713,Tablet,Electronics,Mushroom Mycelium,0.565,0.0018,367,True
P01714,Tablet,Electronics,Bamboo Fiber,0.459,0.0026,522,True
P01715,Tablet,Electronics,Bamboo Fiber,0.512,0.0016,210,True
P01716,Tablet,Electronics,Bioplastic (PLA),0.488,0.0024,31,True
P01717,Tablet,Electronics,Bamboo Fiber,0.565,0.0029,719,True
P01718,Tablet,Electronics,Bagasse,0.365,0.0013,521,True
P01719,Tablet,Electronics,Bagasse,0.671,0.0013,603,True
P01720,Tablet,Electronics,Recycled Cardboard,0.551,0.0028,84,True
P01721,Tablet,Electronics,Bagasse,0.646,0.0023,153,True
P01722,Tablet,Electronics,Recycled Cardboard,0.64,0.0019,215,True
P01723,Tablet,Electronics,Bamboo Fiber,0.611,0.001,166,True
P01724,Tablet,Electronics,Recycled Cardboard,0.685,0.0017,415,True
P01725,Tablet,Electronics,Bamboo Fiber,0.365,0.0037,445,True
P01726,Tablet,Electronics,Mushroom Mycelium,0.435,0.0018,453,True
P01727,Tablet,Electronics,Bamboo Fiber,0.643,0.0035,147,True
P01728,Tablet,Electronics,Mushroom Mycelium,0.355,0.0022,560,True
P01729,Tablet,Electronics,Bamboo Fiber,0.641,0.0036,333,True
P01730,Tablet,Electronics,Mushroom Mycelium,0.309,0.0028,50,True
P01731,Tablet,Electronics,Recycled Cardboard,0.343,0.002,680,True
P01732,Tablet,Electronics,Bioplastic (PLA),0.461,0.0033,138,True
P01733,Tablet,Electronics,Mushroom Mycelium,0.597,0.0018,314,True
P01734,Tablet,Electronics,Recycled Cardboard,0.444,0.002,426,True
P01735,Tablet,Electronics,Recycled Cardboard,0.653,0.0018,688,True
P01736,Tablet,Electronics,Bioplastic (PLA),0.428,0.0017,649,True
P01737,Tablet,Electronics,Recycled Cardboard,0.635,0.0034,202,True
P01738,Tablet,Electronics,Bamboo Fiber,0.531,0.0017,675,True
P01739,Tablet,Electronics,Recycled Cardboard,0.566,0.0012,509,True
P01740,Tablet,Electronics,Bagasse,0.551,0.0036,211,True
P01741,Tablet,Electronics,Recycled Cardboard,0.672,0.0039,122,True
P01742,Tablet,Electronics,Bioplastic (PLA),0.331,0.002,371,True
P01743,Tablet,Electronics,Mushroom Mycelium,0.66,0.0032,359,True
P01744,Tablet,Electronics,Mushroom Mycelium,0.682,0.0013,113,True
P01745,Tablet,Electronics,Bagasse,0.596,0.0012,208,True
P01746,Tablet,Electronics,Mushroom Mycelium,0.659,0.0024,596,True
P01747,Tablet,Electronics,Bioplastic (PLA),0.465,0.0026,682,True
P01748,Tablet,Electronics,Mushroom Mycelium,0.349,0.0029,606,True
P01749,Tablet,Electronics,Recycled Cardboard,0.578,0.0022,432,True
P01750,Tablet,Electronics,Bamboo Fiber,0.479,0.0023,287,True
P01751,Tablet,Electronics,Bagasse,0.451,0.0024,508,True
P01752,Tablet,Electronics,Bagasse,0.677,0.0033,460,True
P01753,Tablet,Electronics,Recycled Cardboard,0.379,0.0036,599,True
P01754,Tablet,Electronics,Bagasse,0.416,0.0037,398,True
P01755,Tablet,Electronics,Bamboo Fiber,0.619,0.0018,454,True
P01756,Tablet,Electronics,Recycled Cardboard,0.668,0.0028,471,True
P01757,Tablet,Electronics,Mushroom Mycelium,0.301,0.0012,414,True
P01758,Tablet,Electronics,Bamboo Fiber,0.42,0.001,635,True
P01759,Tablet,Electronics,Bamboo Fiber,0.474,0.0016,586,True
P01760,Tablet,Electronics,Bagasse,0.539,0.0029,501,True
P01761,Tablet,Electronics,Mushroom Mycelium,0.677,0.0027,324,True
P01762,Tablet,Electronics,Bagasse,0.652,0.0036,354,True
P01763,Tablet,Electronics,Bioplastic (PLA),0.535,0.0033,279,True
P01764,Tablet,Electronics,Bioplastic (PLA),0.441,0.0017,281,True
P01765,Tablet,Electronics,Bioplastic (PLA),0.667,0.002,705,True
P01766,Tablet,Electronics,Bagasse,0.615,0.0033,496,True
P01767,Tablet,Electronics,Mushroom Mycelium,0.674,0.0026,458,True
P01768,Tablet,Electronics,Mushroom Mycelium,0.451,0.0035,547,True
P01769,Tablet,Electronics,Bioplastic (PLA),0.378,0.0014,178,True
P01770,Tablet,Electronics,Bioplastic (PLA),0.364,0.003,599,True
P01771,Tablet,Electronics,Recycled Cardboard,0.571,0.0034,581,True
P01772,Tablet,Electronics,Mushroom Mycelium,0.336,0.0035,217,True
P01773,Tablet,Electronics,Mushroom Mycelium,0.609,0.001,212,True
P01774,Tablet,Electronics,Bioplastic (PLA),0.39,0.0017,477,True
P01775,Tablet,Electronics,Bamboo Fiber,0.414,0.0033,638,True
P01776,Tablet,Electronics,Bioplastic (PLA),0.557,0.0023,145,True
P01777,Tablet,Electronics,Recycled Cardboard,0.604,0.0028,335,True
P01778,Tablet,Electronics,Mushroom Mycelium,0.687,0.0035,369,True
P01779,Tablet,Electronics,Bamboo Fiber,0.515,0.0014,601,True
P01780,Tablet,Electronics,Bioplastic (PLA),0.502,0.0012,364,True
P01781,Tablet,Electronics,Mushroom Mycelium,0.521,0.0036,369,True
P01782,Tablet,Electronics,Bioplastic (PLA),0.388,0.0019,210,True
P01783,Tablet,Electronics,Bioplastic (PLA),0.576,0.0028,728,True
P01784,Tablet,Electronics,Bagasse,0.441,0.0016,242,True
P01785,Tablet,Electronics,Recycled Cardboard,0.626,0.0018,120,True
P01786,Tablet,Electronics,Bamboo Fiber,0.559,0.0035,135,True
P01787,Tablet,Electronics,Bagasse,0.466,0.0015,710,True
P01788,Tablet,Electronics,Bagasse,0.341,0.0021,506,True
P01789,Tablet,Electronics,Bagasse,0.548,0.0012,486,True
P01790,Tablet,Electronics,Mushroom Mycelium,0.364,0.0018,679,True
P01791,Tablet,Electronics,Bioplastic (PLA),0.608,0.0017,254,True
P01792,Tablet,Electronics,Bamboo Fiber,0.504,0.0019,105,True
P01793,Tablet,Electronics,Recycled Cardboard,0.6,0.0032,337,True
P01794,Tablet,Electronics,Bamboo Fiber,0.416,0.0016,677,True
P01795,Tablet,Electronics,Mushroom Mycelium,0.697,0.0034,38,True
P01796,Tablet,Electronics,Bioplastic (PLA),0.306,0.0015,394,True
P01797,Tablet,Electronics,Bamboo Fiber,0.431,0.0012,621,True
P01798,Tablet,Electronics,Recycled Cardboard,0.693,0.0024,150,True
P01799,Tablet,Electronics,Bagasse,0.548,0.0018,304,True
P01800,Tablet,Electronics,Recycled Cardboard,0.484,0.0021,139,True
P01801,Tablet,Electronics,Recycled Cardboard,0.634,0.0012,623,True
P01802,Tablet,Electronics,Bioplastic (PLA),0.614,0.0027,61,True
P01803,Tablet,Electronics,Bagasse,0.597,0.0037,229,True
P01804,Tablet,Electronics,Bagasse,0.556,0.0021,477,True
P01805,Tablet,Electronics,Mushroom Mycelium,0.604,0.0037,145,True
P01806,Tablet,Electronics,Bioplastic (PLA),0.448,0.0019,82,True
P01807,Tablet,Electronics,Bioplastic (PLA),0.613,0.0018,219,True
P01808,Tablet,Electronics,Bamboo Fiber,0.354,0.002,612,True
P01809,Tablet,Electronics,Bagasse,0.382,0.0038,478,True
P01810,Tablet,Electronics,Bioplastic (PLA),0.305,0.0028,237,True
P01811,Tablet,Electronics,Mushroom Mycelium,0.664,0.0024,380,True
P01812,Tablet,Electronics,Bagasse,0.414,0.0021,506,True
P01813,Tablet,Electronics,Mushroom Mycelium,0.378,0.0014,96,True
P01814,Tablet,Electronics,Bagasse,0.361,0.0034,599,True
P01815,Tablet,Electronics,Bamboo Fiber,0.678,0.0021,293,True
P01816,Tablet,Electronics,Bamboo Fiber,0.321,0.0022,357,True
P01817,Tablet,Electronics,Bamboo Fiber,0.385,0.0018,114,True
P01818,Tablet,Electronics,Bioplastic (PLA),0.494,0.0036,152,True
P01819,Tablet,Electronics,Bagasse,0.47,0.0012,163,True
P01820,Tablet,Electronics,Bagasse,0.414,0.0011,146,True
P01821,Tablet,Electronics,Recycled Cardboard,0.602,0.0014,573,True
P01822,Tablet,Electronics,Mushroom Mycelium,0.447,0.0025,396,True
P01823,Tablet,Electronics,Bamboo Fiber,0.36,0.0037,106,True
P01824,Tablet,Electronics,Recycled Cardboard,0.519,0.0024,672,True
P01825,Tablet,Electronics,Bamboo Fiber,0.554,0.0027,108,True
P01826,Tablet,Electronics,Recycled Cardboard,0.453,0.0028,197,True
P01827,Tablet,Electronics,Recycled Cardboard,0.491,0.0018,138,True
P01828,Tablet,Electronics,Mushroom Mycelium,0.326,0.0031,626,True
P01829,Tablet,Electronics,Bagasse,0.562,0.002,701,True
P01830,Tablet,Electronics,Recycled Cardboard,0.367,0.0025,413,True
P01831,Tablet,Electronics,Recycled Cardboard,0.601,0.0017,527,True
P01832,Tablet,Electronics,Bamboo Fiber,0.365,0.0012,646,True
P01833,Tablet,Electronics,Recycled Cardboard,0.648,0.0013,102,True
P01834,Tablet,Electronics,Recycled Cardboard,0.466,0.0028,433,True
P01835,Tablet,Electronics,Bioplastic (PLA),0.498,0.0032,177,True
P01836,Tablet,Electronics,Bamboo Fiber,0.57,0.0027,514,True
P01837,Tablet,Electronics,Bagasse,0.425,0.0022,704,True
P01838,Tablet,Electronics,Bagasse,0.652,0.0015,577,True
P01839,Tablet,Electronics,Bagasse,0.544,0.0027,210,True
P01840,Tablet,Electronics,Bagasse,0.519,0.0022,327,True
P01841,Tablet,Electronics,Mushroom Mycelium,0.34,0.0012,569,True
P01842,Tablet,Electronics,Bamboo Fiber,0.657,0.0015,329,True
P01843,Tablet,Electronics,Mushroom Mycelium,0.389,0.0033,280,True
P01844,Tablet,Electronics,Recycled Cardboard,0.657,0.0026,437,True
P01845,Tablet,Electronics,Mushroom Mycelium,0.401,0.0029,168,True
P01846,Tablet,Electronics,Mushroom Mycelium,0.526,0.0031,523,True
P01847,Tablet,Electronics,Mushroom Mycelium,0.593,0.002,44,True
P01848,Tablet,Electronics,Recycled Cardboard,0.454,0.0028,513,True
P01849,Tablet,Electronics,Recycled Cardboard,0.545,0.0014,705,True
P01850,Tablet,Electronics,Bagasse,0.542,0.0018,124,True
P01851,Tablet,Electronics,Mushroom Mycelium,0.584,0.0028,127,True
P01852,Tablet,Electronics,Bagasse,0.35,0.0017,510,True
P01853,Tablet,Electronics,Bamboo Fiber,0.64,0.0029,705,True
P01854,Tablet,Electronics,Bamboo Fiber,0.537,0.0025,658,True
P01855,Tablet,Electronics,Bamboo Fiber,0.368,0.0035,102,True
P01856,Tablet,Electronics,Bamboo Fiber,0.527,0.0024,356,True
P01857,Tablet,Electronics,Mushroom Mycelium,0.413,0.0028,714,True
P01858,Tablet,Electronics,Bioplastic (PLA),0.528,0.0014,619,True
P01859,Tablet,Electronics,Recycled Cardboard,0.372,0.0023,31,True
P01860,Tablet,Electronics,Bioplastic (PLA),0.523,0.001,554,True
P01861,Tablet,Electronics,Mushroom Mycelium,0.593,0.0021,286,True
P01862,Tablet,Electronics,Bioplastic (PLA),0.662,0.0015,551,True
P01863,Tablet,Electronics,Recycled Cardboard,0.457,0.0022,626,True
P01864,Tablet,Electronics,Mushroom Mycelium,0.402,0.0036,728,True
P01865,Tablet,Electronics,Bioplastic (PLA),0.386,0.0034,458,True
P01866,Tablet,Electronics,Mushroom Mycelium,0.637,0.0014,591,True
P01867,Tablet,Electronics,Recycled Cardboard,0.481,0.0022,220,True
P01868,Tablet,Electronics,Mushroom Mycelium,0.429,0.0021,643,True
P01869,Tablet,Electronics,Mushroom Mycelium,0.61,0.0018,262,True
P01870,Tablet,Electronics,Mushroom Mycelium,0.31,0.0029,512,True
P01871,Tablet,Electronics,Mushroom Mycelium,0.508,0.0036,264,True
P01872,Tablet,Electronics,Bagasse,0.508,0.0032,315,True
P01873,Tablet,Electronics,Bamboo Fiber,0.391,0.0016,401,True
P01874,Tablet,Electronics,Bioplastic (PLA),0.45,0.004,461,True
P01875,Tablet,Electronics,Bamboo Fiber,0.447,0.0032,113,True
P01876,Tablet,Electronics,Bagasse,0.479,0.0028,169,True
P01877,Tablet,Electronics,Recycled Cardboard,0.327,0.0026,586,True
P01878,Tablet,Electronics,Bagasse,0.394,0.0013,463,True
P01879,Tablet,Electronics,Bagasse,0.609,0.0011,718,True
P01880,Tablet,Electronics,Mushroom Mycelium,0.638,0.0017,97,True
P01881,Tablet,Electronics,Bamboo Fiber,0.481,0.0024,323,True
P01882,Tablet,Electronics,Mushroom Mycelium,0.488,0.0012,341,True
P01883,Tablet,Electronics,Mushroom Mycelium,0.469,0.003,142,True
P01884,Tablet,Electronics,Bamboo Fiber,0.435,0.0013,630,True
P01885,Tablet,Electronics,Bioplastic (PLA),0.58,0.0026,190,True
P01886,Tablet,Electronics,Bagasse,0.442,0.0033,363,True
P01887,Tablet,Electronics,Bagasse,0.452,0.0039,353,True
P01888,Tablet,Electronics,Recycled Cardboard,0.557,0.0032,433,True
P01889,Tablet,Electronics,Recycled Cardboard,0.372,0.0038,141,True
P01890,Tablet,Electronics,Recycled Cardboard,0.588,0.0038,513,True
P01891,Tablet,Electronics,Bioplastic (PLA),0.576,0.0031,285,True
P01892,Tablet,Electronics,Recycled Cardboard,0.607,0.0039,632,True
P01893,Tablet,Electronics,Recycled Cardboard,0.539,0.0022,378,True
P01894,Tablet,Electronics,Mushroom Mycelium,0.661,0.0027,589,True
P01895,Tablet,Electronics,Mushroom Mycelium,0.327,0.0013,646,True
P01896,Tablet,Electronics,Bioplastic (PLA),0.488,0.0021,662,True
P01897,Tablet,Electronics,Bamboo Fiber,0.441,0.0037,531,True
P01898,Tablet,Electronics,Mushroom Mycelium,0.358,0.0034,601,True
P01899,Tablet,Electronics,Bioplastic (PLA),0.437,0.0024,62,True
P01900,Tablet,Electronics,Mushroom Mycelium,0.663,0.0035,712,True
P01901,Tablet,Electronics,Bagasse,0.62,0.0034,501,True
P01902,Tablet,Electronics,Bagasse,0.515,0.0015,382,True
P01903,Tablet,Electronics,Bamboo Fiber,0.685,0.0024,694,True
P01904,Tablet,Electronics,Recycled Cardboard,0.309,0.0015,168,True
P01905,Tablet,Electronics,Mushroom Mycelium,0.341,0.0038,688,True
P01906,Tablet,Electronics,Bagasse,0.661,0.0022,197,True
P01907,Tablet,Electronics,Bioplastic (PLA),0.518,0.0013,723,True
P01908,Tablet,Electronics,Mushroom Mycelium,0.507,0.0019,346,True
P01909,Tablet,Electronics,Bamboo Fiber,0.463,0.0033,696,True
P01910,Tablet,Electronics,Recycled Cardboard,0.54,0.0034,243,True
P01911,Tablet,Electronics,Bagasse,0.578,0.0014,377,True
P01912,Tablet,Electronics,Bagasse,0.581,0.0018,247,True
P01913,Tablet,Electronics,Bagasse,0.656,0.0016,168,True
P01914,Tablet,Electronics,Recycled Cardboard,0.552,0.0037,563,True
P01915,Tablet,Electronics,Bamboo Fiber,0.532,0.0036,232,True
P01916,Tablet,Electronics,Bagasse,0.315,0.0036,598,True
P01917,Tablet,Electronics,Mushroom Mycelium,0.606,0.0031,558,True
P01918,Tablet,Electronics,Bioplastic (PLA),0.333,0.0029,44,True
P01919,Tablet,Electronics,Bagasse,0.388,0.0016,36,True
P01920,Tablet,Electronics,Bioplastic (PLA),0.658,0.0026,628,True
P01921,Tablet,Electronics,Bamboo Fiber,0.613,0.0013,719,True
P01922,Tablet,Electronics,Mushroom Mycelium,0.697,0.0023,532,True
P01923,Tablet,Electronics,Bioplastic (PLA),0.594,0.002,612,True
P01924,Tablet,Electronics,Bagasse,0.554,0.0024,385,True
P01925,Tablet,Electronics,Bamboo Fiber,0.322,0.0029,702,True
P01926,Tablet,Electronics,Bioplastic (PLA),0.552,0.0018,378,True
P01927,Tablet,Electronics,Mushroom Mycelium,0.597,0.0015,511,True
P01928,Tablet,Electronics,Bamboo Fiber,0.419,0.0015,146,True
P01929,Tablet,Electronics,Recycled Cardboard,0.613,0.0023,707,True
P01930,Tablet,Electronics,Recycled Cardboard,0.521,0.0019,710,True
P01931,Tablet,Electronics,Bamboo Fiber,0.323,0.0017,60,True
P01932,Tablet,Electronics,Recycled Cardboard,0.587,0.0021,275,True
P01933,Tablet,Electronics,Bagasse,0.676,0.0022,454,True
P01934,Tablet,Electronics,Bamboo Fiber,0.443,0.0017,548,True
P01935,Tablet,Electronics,Recycled Cardboard,0.474,0.0022,269,True
P01936,Tablet,Electronics,Bamboo Fiber,0.514,0.0019,537,True
P01937,Tablet,Electronics,Bamboo Fiber,0.577,0.0027,713,True
P01938,Tablet,Electronics,Bamboo Fiber,0.666,0.0018,193,True
P01939,Tablet,Electronics,Bamboo Fiber,0.379,0.0011,596,True
P01940,Tablet,Electronics,Bagasse,0.527,0.0029,382,True
P01941,Tablet,Electronics,Bioplastic (PLA),0.329,0.0014,650,True
P01942,Tablet,Electronics,Mushroom Mycelium,0.632,0.002,721,True
P01943,Tablet,Electronics,Bagasse,0.347,0.0019,436,True
P01944,Tablet,Electronics,Bamboo Fiber,0.39,0.0036,429,True
P01945,Tablet,Electronics,Mushroom Mycelium,0.569,0.0036,587,True
P01946,Tablet,Electronics,Mushroom Mycelium,0.683,0.0021,561,True
P01947,Tablet,Electronics,Bagasse,0.679,0.0021,598,True
P01948,Tablet,Electronics,Bagasse,0.537,0.003,476,True
P01949,Tablet,Electronics,Bioplastic (PLA),0.341,0.0016,566,True
P01950,Tablet,Electronics,Bioplastic (PLA),0.464,0.0032,290,True
P01951,Tablet,Electronics,Bagasse,0.476,0.0031,293,True
P01952,Tablet,Electronics,Mushroom Mycelium,0.521,0.0029,597,True
P01953,Tablet,Electronics,Bamboo Fiber,0.695,0.0016,703,True
P01954,Tablet,Electronics,Bagasse,0.467,0.0028,427,True
P01955,Tablet,Electronics,Bioplastic (PLA),0.46,0.002,30,True
P01956,Tablet,Electronics,Recycled Cardboard,0.641,0.0032,488,True
P01957,Tablet,Electronics,Bioplastic (PLA),0.522,0.0025,505,True
P01958,Tablet,Electronics,Bamboo Fiber,0.499,0.0035,257,True
P01959,Tablet,Electronics,Bioplastic (PLA),0.546,0.0036,171,True
P01960,Tablet,Electronics,Bagasse,0.673,0.0033,330,True
P01961,Tablet,Electronics,Bioplastic (PLA),0.405,0.0032,236,True
P01962,Tablet,Electronics,Bagasse,0.507,0.0012,723,True
P01963,Tablet,Electronics,Bamboo Fiber,0.44,0.0032,560,True
P01964,Tablet,Electronics,Recycled Cardboard,0.447,0.0024,345,True
P01965,Tablet,Electronics,Recycled Cardboard,0.528,0.0034,519,True
P01966,Tablet,Electronics,Bagasse,0.307,0.0013,605,True
P01967,Tablet,Electronics,Bagasse,0.352,0.0019,79,True
P01968,Tablet,Electronics,Mushroom Mycelium,0.479,0.003,492,True
P01969,Tablet,Electronics,Bagasse,0.56,0.0032,137,True
P01970,Tablet,Electronics,Bioplastic (PLA),0.662,0.0014,688,True
P01971,Tablet,Electronics,Recycled Cardboard,0.405,0.0027,533,True
P01972,Tablet,Electronics,Bagasse,0.578,0.0033,487,True
P01973,Tablet,Electronics,Recycled Cardboard,0.496,0.0023,312,True
P01974,Tablet,Electronics,Bioplastic (PLA),0.413,0.0016,388,True
P01975,Tablet,Electronics,Bamboo Fiber,0.669,0.0026,725,True
P01976,Tablet,Electronics,Bagasse,0.45,0.004,694,True
P01977,Tablet,Electronics,Bioplastic (PLA),0.54,0.0027,354,True
P01978,Tablet,Electronics,Bagasse,0.538,0.0017,597,True
P01979,Tablet,Electronics,Bioplastic (PLA),0.54,0.0028,495,True
P01980,Tablet,Electronics,Bioplastic (PLA),0.373,0.0023,584,True
P01981,Tablet,Electronics,Recycled Cardboard,0.322,0.0024,724,True
P01982,Tablet,Electronics,Recycled Cardboard,0.534,0.0028,214,True
P01983,Tablet,Electronics,Bamboo Fiber,0.501,0.0013,194,True
P01984,Tablet,Electronics,Recycled Cardboard,0.599,0.003,469,True
P01985,Tablet,Electronics,Bagasse,0.518,0.0021,693,True
P01986,Tablet,Electronics,Mushroom Mycelium,0.58,0.0014,467,True
P01987,Tablet,Electronics,Bioplastic (PLA),0.482,0.0027,708,True
P01988,Tablet,Electronics,Bioplastic (PLA),0.412,0.0035,667,True
P01989,Tablet,Electronics,Mushroom Mycelium,0.576,0.0023,292,True
P01990,Tablet,Electronics,Bamboo Fiber,0.39,0.001,467,True
P01991,Tablet,Electronics,Mushroom Mycelium,0.467,0.0021,500,True
P01992,Tablet,Electronics,Mushroom Mycelium,0.42,0.0024,597,True
P01993,Tablet,Electronics,Bamboo Fiber,0.392,0.0014,694,True
P01994,Tablet,Electronics,Bamboo Fiber,0.596,0.0037,631,True
P01995,Tablet,Electronics,Bioplastic (PLA),0.689,0.0011,680,True
P01996,Tablet,Electronics,Mushroom Mycelium,0.398,0.0037,97,True
P01997,Tablet,Electronics,Bioplastic (PLA),0.669,0.0039,279,True
P01998,Tablet,Electronics,Bagasse,0.609,0.0027,175,True
P01999,Tablet,Electronics,Mushroom Mycelium,0.475,0.0016,728,True
P02000,Tablet,Electronics,Bamboo Fiber,0.473,0.0027,60,True
P02001,Chocolate,Food,Bamboo Fiber,0.171,0.0001,64,True
P02002,Chocolate,Food,Bioplastic (PLA),0.153,0.0001,184,True
P02003,Chocolate,Food,Bioplastic (PLA),0.177,0.0001,715,True
P02004,Chocolate,Food,Bioplastic (PLA),0.082,0.0002,310,True
P02005,Chocolate,Food,Bioplastic (PLA),0.097,0.0001,426,True
P02006,Chocolate,Food,Bioplastic (PLA),0.187,0.0001,687,True
P02007,Chocolate,Food,Mushroom Mycelium,0.129,0.0002,176,True
P02008,Chocolate,Food,Recycled Cardboard,0.114,0.0002,509,True
P02009,Chocolate,Food,Bioplastic (PLA),0.185,0.0001,365,True
P02010,Chocolate,Food,Bamboo Fiber,0.144,0.0002,197,True
P02011,Chocolate,Food,Bagasse,0.059,0.0001,109,True
P02012,Chocolate,Food,Bamboo Fiber,0.147,0.0001,517,True
P02013,Chocolate,Food,Recycled Cardboard,0.054,0.0002,123,True
P02014,Chocolate,Food,Bamboo Fiber,0.088,0.0001,531,True
P02015,Chocolate,Food,Recycled Cardboard,0.052,0.0002,710,True
P02016,Chocolate,Food,Bamboo Fiber,0.105,0.0002,63,True
P02017,Chocolate,Food,Bamboo Fiber,0.1,0.0001,525,True
P02018,Chocolate,Food,Mushroom Mycelium,0.183,0.0001,336,True
P02019,Chocolate,Food,Bagasse,0.15,0.0001,282,True
P02020,Chocolate,Food,Recycled Cardboard,0.108,0.0001,33,True
P02021,Chocolate,Food,Mushroom Mycelium,0.075,0.0002,716,True
P02022,Chocolate,Food,Mushroom Mycelium,0.193,0.0001,248,True
P02023,Chocolate,Food,Recycled Cardboard,0.106,0.0002,263,True
P02024,Chocolate,Food,Bamboo Fiber,0.054,0.0002,438,True
P02025,Chocolate,Food,Mushroom Mycelium,0.11,0.0002,210,True
P02026,Chocolate,Food,Bioplastic (PLA),0.051,0.0001,591,True
P02027,Chocolate,Food,Recycled Cardboard,0.109,0.0001,226,True
P02028,Chocolate,Food,Mushroom Mycelium,0.074,0.0001,489,True
P02029,Chocolate,Food,Bagasse,0.105,0.0001,354,True
P02030,Chocolate,Food,Bioplastic (PLA),0.126,0.0001,611,True
P02031,Chocolate,Food,Recycled Cardboard,0.065,0.0001,604,True
P02032,Chocolate,Food,Mushroom Mycelium,0.063,0.0001,542,True
P02033,Chocolate,Food,Bioplastic (PLA),0.1,0.0002,619,True
P02034,Chocolate,Food,Bamboo Fiber,0.135,0.0001,273,True
P02035,Chocolate,Food,Mushroom Mycelium,0.152,0.0002,546,True
P02036,Chocolate,Food,Bamboo Fiber,0.166,0.0001,598,True
P02037,Chocolate,Food,Recycled Cardboard,0.185,0.0002,38,True
P02038,Chocolate,Food,Bioplastic (PLA),0.075,0.0001,291,True
P02039,Chocolate,Food,Bioplastic (PLA),0.083,0.0002,699,True
P02040,Chocolate,Food,Recycled Cardboard,0.075,0.0002,495,True
P02041,Chocolate,Food,Bioplastic (PLA),0.197,0.0001,458,True
P02042,Chocolate,Food,Bioplastic (PLA),0.133,0.0002,240,True
P02043,Chocolate,Food,Bioplastic (PLA),0.1,0.0002,130,True
P02044,Chocolate,Food,Bamboo Fiber,0.052,0.0002,601,True
P02045,Chocolate,Food,Recycled Cardboard,0.163,0.0001,59,True
P02046,Chocolate,Food,Recycled Cardboard,0.07,0.0001,399,True
P02047,Chocolate,Food,Recycled Cardboard,0.108,0.0001,516,True
P02048,Chocolate,Food,Bagasse,0.189,0.0001,271,True
P02049,Chocolate,Food,Recycled Cardboard,0.197,0.0001,528,True
P02050,Chocolate,Food,Mushroom Mycelium,0.127,0.0002,118,True
P02051,Chocolate,Food,Bagasse,0.088,0.0001,567,True
P02052,Chocolate,Food,Bioplastic (PLA),0.171,0.0001,232,True
P02053,Chocolate,Food,Bioplastic (PLA),0.053,0.0001,677,True
P02054,Chocolate,Food,Mushroom Mycelium,0.187,0.0001,555,True
P02055,Chocolate,Food,Mushroom Mycelium,0.068,0.0001,529,True
P02056,Chocolate,Food,Recycled Cardboard,0.194,0.0001,510,True
P02057,Chocolate,Food,Bagasse,0.093,0.0001,676,True
P02058,Chocolate,Food,Mushroom Mycelium,0.197,0.0001,161,True
P02059,Chocolate,Food,Mushroom Mycelium,0.085,0.0001,608,True
P02060,Chocolate,Food,Bioplastic (PLA),0.114,0.0001,69,True
P02061,Chocolate,Food,Mushroom Mycelium,0.187,0.0001,729,True
P02062,Chocolate,Food,Mushroom Mycelium,0.196,0.0001,719,True
P02063,Chocolate,Food,Recycled Cardboard,0.192,0.0002,54,True
P02064,Chocolate,Food,Recycled Cardboard,0.178,0.0001,312,True
P02065,Chocolate,Food,Bagasse,0.138,0.0002,103,True
P02066,Chocolate,Food,Bioplastic (PLA),0.178,0.0001,261,True
P02067,Chocolate,Food,Bamboo Fiber,0.119,0.0002,260,True
P02068,Chocolate,Food,Mushroom Mycelium,0.159,0.0002,518,True
P02069,Chocolate,Food,Recycled Cardboard,0.167,0.0001,327,True
P02070,Chocolate,Food,Recycled Cardboard,0.167,0.0002,107,True
P02071,Chocolate,Food,Bioplastic (PLA),0.147,0.0001,254,True
P02072,Chocolate,Food,Mushroom Mycelium,0.096,0.0001,476,True
P02073,Chocolate,Food,Bagasse,0.068,0.0002,558,True
P02074,Chocolate,Food,Bioplastic (PLA),0.191,0.0002,279,True
P02075,Chocolate,Food,Mushroom Mycelium,0.11,0.0001,600,True
P02076,Chocolate,Food,Bagasse,0.096,0.0001,580,True
P02077,Chocolate,Food,Bagasse,0.171,0.0001,409,True
P02078,Chocolate,Food,Mushroom Mycelium,0.162,0.0002,196,True
P02079,Chocolate,Food,Mushroom Mycelium,0.164,0.0001,105,True
P02080,Chocolate,Food,Bamboo Fiber,0.188,0.0001,556,True
P02081,Chocolate,Food,Mushroom Mycelium,0.136,0.0001,462,True
P02082,Chocolate,Food,Bioplastic (PLA),0.184,0.0001,489,True
P02083,Chocolate,Food,Mushroom Mycelium,0.072,0.0002,622,True
P02084,Chocolate,Food,Mushroom Mycelium,0.096,0.0001,130,True
P02085,Chocolate,Food,Bamboo Fiber,0.161,0.0001,144,True
P02086,Chocolate,Food,Bioplastic (PLA),0.17,0.0001,400,True
P02087,Chocolate,Food,Recycled Cardboard,0.133,0.0002,568,True
P02088,Chocolate,Food,Recycled Cardboard,0.118,0.0002,596,True
P02089,Chocolate,Food,Bioplastic (PLA),0.082,0.0002,166,True
P02090,Chocolate,Food,Bioplastic (PLA),0.192,0.0001,356,True
P02091,Chocolate,Food,Recycled Cardboard,0.086,0.0001,188,True
P02092,Chocolate,Food,Recycled Cardboard,0.054,0.0001,385,True
P02093,Chocolate,Food,Recycled Cardboard,0.069,0.0001,672,True
P02094,Chocolate,Food,Bagasse,0.14,0.0001,142,True
P02095,Chocolate,Food,Bioplastic (PLA),0.099,0.0002,550,True
P02096,Chocolate,Food,Bamboo Fiber,0.159,0.0001,454,True
P02097,Chocolate,Food,Mushroom Mycelium,0.147,0.0002,653,True
P02098,Chocolate,Food,Recycled Cardboard,0.193,0.0001,400,True
P02099,Chocolate,Food,Mushroom Mycelium,0.165,0.0001,589,True
P02100,Chocolate,Food,Bagasse,0.08,0.0002,554,True
P02101,Chocolate,Food,Bamboo Fiber,0.166,0.0001,314,True
P02102,Chocolate,Food,Bamboo Fiber,0.093,0.0001,692,True
P02103,Chocolate,Food,Mushroom Mycelium,0.167,0.0002,301,True
P02104,Chocolate,Food,Recycled Cardboard,0.136,0.0001,447,True
P02105,Chocolate,Food,Mushroom Mycelium,0.118,0.0001,532,True
P02106,Chocolate,Food,Bamboo Fiber,0.197,0.0001,487,True
P02107,Chocolate,Food,Recycled Cardboard,0.119,0.0001,205,True
P02108,Chocolate,Food,Bamboo Fiber,0.081,0.0001,495,True
P02109,Chocolate,Food,Bioplastic (PLA),0.12,0.0002,345,True
P02110,Chocolate,Food,Bamboo Fiber,0.152,0.0001,630,True
P02111,Chocolate,Food,Bioplastic (PLA),0.056,0.0001,110,True
P02112,Chocolate,Food,Mushroom Mycelium,0.098,0.0001,426,True
P02113,Chocolate,Food,Bamboo Fiber,0.059,0.0002,641,True
P02114,Chocolate,Food,Recycled Cardboard,0.132,0.0001,325,True
P02115,Chocolate,Food,Bioplastic (PLA),0.084,0.0001,83,True
P02116,Chocolate,Food,Bioplastic (PLA),0.074,0.0002,702,True
P02117,Chocolate,Food,Bagasse,0.092,0.0001,371,True
P02118,Chocolate,Food,Bamboo Fiber,0.095,0.0001,462,True
P02119,Chocolate,Food,Recycled Cardboard,0.081,0.0001,142,True
P02120,Chocolate,Food,Bioplastic (PLA),0.103,0.0002,705,True
P02121,Chocolate,Food,Mushroom Mycelium,0.065,0.0001,685,True
P02122,Chocolate,Food,Bagasse,0.174,0.0002,424,True
P02123,Chocolate,Food,Bioplastic (PLA),0.184,0.0001,145,True
P02124,Chocolate,Food,Bamboo Fiber,0.102,0.0001,600,True
P02125,Chocolate,Food,Bagasse,0.098,0.0001,715,True
P02126,Chocolate,Food,Bagasse,0.145,0.0001,616,True
P02127,Chocolate,Food,Bagasse,0.106,0.0002,421,True
P02128,Chocolate,Food,Mushroom Mycelium,0.073,0.0002,331,True
P02129,Chocolate,Food,Bamboo Fiber,0.158,0.0002,90,True
P02130,Chocolate,Food,Mushroom Mycelium,0.071,0.0002,89,True
P02131,Chocolate,Food,Mushroom Mycelium,0.195,0.0002,164,True
P02132,Chocolate,Food,Bamboo Fiber,0.065,0.0001,649,True
P02133,Chocolate,Food,Mushroom Mycelium,0.081,0.0001,161,True
P02134,Chocolate,Food,Recycled Cardboard,0.193,0.0001,53,True
P02135,Chocolate,Food,Recycled Cardboard,0.119,0.0002,354,True
P02136,Chocolate,Food,Bamboo Fiber,0.085,0.0001,722,True
P02137,Chocolate,Food,Bamboo Fiber,0.1,0.0001,331,True
P02138,Chocolate,Food,Bamboo Fiber,0.098,0.0001,61,True
P02139,Chocolate,Food,Mushroom Mycelium,0.122,0.0001,56,True
P02140,Chocolate,Food,Bamboo Fiber,0.06,0.0001,206,True
P02141,Chocolate,Food,Bamboo Fiber,0.128,0.0001,705,True
P02142,Chocolate,Food,Bioplastic (PLA),0.093,0.0001,459,True
P02143,Chocolate,Food,Bamboo Fiber,0.061,0.0002,252,True
P02144,Chocolate,Food,Mushroom Mycelium,0.109,0.0001,251,True
P02145,Chocolate,Food,Mushroom Mycelium,0.131,0.0001,271,True
P02146,Chocolate,Food,Bamboo Fiber,0.074,0.0001,490,True
P02147,Chocolate,Food,Bamboo Fiber,0.098,0.0002,425,True
P02148,Chocolate,Food,Recycled Cardboard,0.138,0.0001,249,True
P02149,Chocolate,Food,Mushroom Mycelium,0.18,0.0001,331,True
P02150,Chocolate,Food,Recycled Cardboard,0.112,0.0001,543,True
P02151,Chocolate,Food,Bagasse,0.198,0.0002,529,True
P02152,Chocolate,Food,Bamboo Fiber,0.115,0.0001,647,True
P02153,Chocolate,Food,Bioplastic (PLA),0.179,0.0001,279,True
P02154,Chocolate,Food,Mushroom Mycelium,0.078,0.0001,546,True
P02155,Chocolate,Food,Mushroom Mycelium,0.168,0.0001,511,True
P02156,Chocolate,Food,Mushroom Mycelium,0.108,0.0001,187,True
P02157,Chocolate,Food,Bamboo Fiber,0.08,0.0002,714,True
P02158,Chocolate,Food,Bioplastic (PLA),0.103,0.0002,701,True
P02159,Chocolate,Food,Mushroom Mycelium,0.169,0.0001,199,True
P02160,Chocolate,Food,Bagasse,0.056,0.0002,217,True
P02161,Chocolate,Food,Bagasse,0.079,0.0001,630,True
P02162,Chocolate,Food,Mushroom Mycelium,0.146,0.0002,230,True
P02163,Chocolate,Food,Recycled Cardboard,0.118,0.0001,454,True
P02164,Chocolate,Food,Bamboo Fiber,0.093,0.0001,164,True
P02165,Chocolate,Food,Mushroom Mycelium,0.148,0.0001,666,True
P02166,Chocolate,Food,Bioplastic (PLA),0.115,0.0001,363,True
P02167,Chocolate,Food,Recycled Cardboard,0.175,0.0002,619,True
P02168,Chocolate,Food,Bagasse,0.056,0.0001,463,True
P02169,Chocolate,Food,Mushroom Mycelium,0.127,0.0002,358,True
P02170,Chocolate,Food,Bamboo Fiber,0.111,0.0001,604,True
P02171,Chocolate,Food,Bioplastic (PLA),0.155,0.0001,434,True
P02172,Chocolate,Food,Bagasse,0.089,0.0002,553,True
P02173,Chocolate,Food,Bagasse,0.104,0.0001,328,True
P02174,Chocolate,Food,Mushroom Mycelium,0.195,0.0001,399,True
P02175,Chocolate,Food,Bioplastic (PLA),0.148,0.0001,170,True
P02176,Chocolate,Food,Mushroom Mycelium,0.187,0.0001,596,True
P02177,Chocolate,Food,Bamboo Fiber,0.086,0.0001,425,True
P02178,Chocolate,Food,Bamboo Fiber,0.139,0.0001,425,True
P02179,Chocolate,Food,Bioplastic (PLA),0.109,0.0002,603,True
P02180,Chocolate,Food,Bioplastic (PLA),0.11,0.0001,437,True
P02181,Chocolate,Food,Bagasse,0.118,0.0001,263,True
P02182,Chocolate,Food,Bagasse,0.177,0.0001,644,True
P02183,Chocolate,Food,Recycled Cardboard,0.19,0.0001,720,True
P02184,Chocolate,Food,Bamboo Fiber,0.145,0.0002,109,True
P02185,Chocolate,Food,Bagasse,0.181,0.0002,329,True
P02186,Chocolate,Food,Bioplastic (PLA),0.052,0.0001,373,True
P02187,Chocolate,Food,Bagasse,0.174,0.0001,616,True
P02188,Chocolate,Food,Bioplastic (PLA),0.116,0.0002,303,True
P02189,Chocolate,Food,Bagasse,0.134,0.0001,161,True
P02190,Chocolate,Food,Recycled Cardboard,0.058,0.0001,497,True
P02191,Chocolate,Food,Bagasse,0.199,0.0001,494,True
P02192,Chocolate,Food,Mushroom Mycelium,0.143,0.0002,714,True
P02193,Chocolate,Food,Bioplastic (PLA),0.157,0.0001,522,True
P02194,Chocolate,Food,Bagasse,0.123,0.0002,694,True
P02195,Chocolate,Food,Bamboo Fiber,0.184,0.0001,149,True
P02196,Chocolate,Food,Bioplastic (PLA),0.098,0.0001,653,True
P02197,Chocolate,Food,Bagasse,0.066,0.0002,497,True
P02198,Chocolate,Food,Recycled Cardboard,0.161,0.0001,370,True
P02199,Chocolate,Food,Recycled Cardboard,0.068,0.0001,528,True
P02200,Chocolate,Food,Mushroom Mycelium,0.141,0.0002,404,True
P02201,Chocolate,Food,Bagasse,0.112,0.0002,65,True
P02202,Chocolate,Food,Bamboo Fiber,0.114,0.0001,657,True
P02203,Chocolate,Food,Recycled Cardboard,0.195,0.0002,219,True
P02204,Chocolate,Food,Bamboo Fiber,0.133,0.0001,45,True
P02205,Chocolate,Food,Bamboo Fiber,0.179,0.0002,155,True
P02206,Chocolate,Food,Mushroom Mycelium,0.131,0.0002,92,True
P02207,Chocolate,Food,Mushroom Mycelium,0.146,0.0001,593,True
P02208,Chocolate,Food,Bamboo Fiber,0.095,0.0001,131,True
P02209,Chocolate,Food,Recycled Cardboard,0.179,0.0002,178,True
P02210,Chocolate,Food,Mushroom Mycelium,0.174,0.0002,218,True
P02211,Chocolate,Food,Bioplastic (PLA),0.128,0.0002,81,True
P02212,Chocolate,Food,Bamboo Fiber,0.129,0.0001,180,True
P02213,Chocolate,Food,Mushroom Mycelium,0.135,0.0001,516,True
P02214,Chocolate,Food,Bioplastic (PLA),0.098,0.0002,586,True
P02215,Chocolate,Food,Recycled Cardboard,0.137,0.0001,230,True
P02216,Chocolate,Food,Mushroom Mycelium,0.091,0.0001,708,True
P02217,Chocolate,Food,Bagasse,0.073,0.0001,393,True
P02218,Chocolate,Food,Mushroom Mycelium,0.071,0.0002,683,True
P02219,Chocolate,Food,Bioplastic (PLA),0.142,0.0002,499,True
P02220,Chocolate,Food,Bagasse,0.057,0.0001,669,True
P02221,Chocolate,Food,Bamboo Fiber,0.068,0.0001,57,True
P02222,Chocolate,Food,Bagasse,0.135,0.0001,352,True
P02223,Chocolate,Food,Bioplastic (PLA),0.177,0.0001,299,True
P02224,Chocolate,Food,Bioplastic (PLA),0.124,0.0001,141,True
P02225,Chocolate,Food,Bioplastic (PLA),0.098,0.0001,51,True
P02226,Chocolate,Food,Bagasse,0.095,0.0002,641,True
P02227,Chocolate,Food,Mushroom Mycelium,0.097,0.0002,34,True
P02228,Chocolate,Food,Bioplastic (PLA),0.111,0.0002,35,True
P02229,Chocolate,Food,Bioplastic (PLA),0.055,0.0001,265,True
P02230,Chocolate,Food,Bagasse,0.086,0.0002,92,True
P02231,Chocolate,Food,Bamboo Fiber,0.155,0.0002,258,True
P02232,Chocolate,Food,Bagasse,0.16,0.0001,395,True
P02233,Chocolate,Food,Recycled Cardboard,0.143,0.0002,446,True
P02234,Chocolate,Food,Bamboo Fiber,0.099,0.0001,611,True
P02235,Chocolate,Food,Bagasse,0.167,0.0002,690,True
P02236,Chocolate,Food,Mushroom Mycelium,0.092,0.0002,47,True
P02237,Chocolate,Food,Bioplastic (PLA),0.083,0.0001,65,True
P02238,Chocolate,Food,Bamboo Fiber,0.053,0.0002,30,True
P02239,Chocolate,Food,Bamboo Fiber,0.08,0.0001,419,True
P02240,Chocolate,Food,Recycled Cardboard,0.13,0.0001,602,True
P02241,Chocolate,Food,Bamboo Fiber,0.088,0.0002,635,True
P02242,Chocolate,Food,Bamboo Fiber,0.082,0.0001,704,True
P02243,Chocolate,Food,Bagasse,0.181,0.0001,197,True
P02244,Chocolate,Food,Bagasse,0.085,0.0001,136,True
P02245,Chocolate,Food,Mushroom Mycelium,0.133,0.0001,296,True
P02246,Chocolate,Food,Recycled Cardboard,0.122,0.0002,249,True
P02247,Chocolate,Food,Bamboo Fiber,0.084,0.0001,133,True
P02248,Chocolate,Food,Bamboo Fiber,0.05,0.0002,214,True
P02249,Chocolate,Food,Mushroom Mycelium,0.083,0.0001,701,True
P02250,Chocolate,Food,Bamboo Fiber,0.097,0.0001,38,True
P02251,Chocolate,Food,Bagasse,0.11,0.0001,128,True
P02252,Chocolate,Food,Bagasse,0.133,0.0001,92,True
P02253,Chocolate,Food,Recycled Cardboard,0.139,0.0001,140,True
P02254,Chocolate,Food,Recycled Cardboard,0.15,0.0002,309,True
P02255,Chocolate,Food,Recycled Cardboard,0.083,0.0001,571,True
P02256,Chocolate,Food,Bioplastic (PLA),0.192,0.0002,334,True
P02257,Chocolate,Food,Bagasse,0.057,0.0002,458,True
P02258,Chocolate,Food,Mushroom Mycelium,0.091,0.0001,133,True
P02259,Chocolate,Food,Bamboo Fiber,0.175,0.0001,445,True
P02260,Chocolate,Food,Bioplastic (PLA),0.158,0.0001,491,True
P02261,Chocolate,Food,Bamboo Fiber,0.179,0.0001,64,True
P02262,Chocolate,Food,Bamboo Fiber,0.113,0.0001,128,True
P02263,Chocolate,Food,Bioplastic (PLA),0.131,0.0002,295,True
P02264,Chocolate,Food,Bagasse,0.07,0.0001,404,True
P02265,Chocolate,Food,Recycled Cardboard,0.136,0.0002,331,True
P02266,Chocolate,Food,Bagasse,0.177,0.0002,274,True
P02267,Chocolate,Food,Bioplastic (PLA),0.134,0.0001,329,True
P02268,Chocolate,Food,Recycled Cardboard,0.128,0.0002,705,True
P02269,Chocolate,Food,Recycled Cardboard,0.154,0.0001,484,True
P02270,Chocolate,Food,Bagasse,0.155,0.0001,520,True
P02271,Chocolate,Food,Bagasse,0.061,0.0001,728,True
P02272,Chocolate,Food,Bamboo Fiber,0.139,0.0001,144,True
P02273,Chocolate,Food,Recycled Cardboard,0.131,0.0002,554,True
P02274,Chocolate,Food,Mushroom Mycelium,0.19,0.0001,266,True
P02275,Chocolate,Food,Recycled Cardboard,0.176,0.0002,396,True
P02276,Chocolate,Food,Bagasse,0.177,0.0002,372,True
P02277,Chocolate,Food,Bioplastic (PLA),0.112,0.0002,82,True
P02278,Chocolate,Food,Mushroom Mycelium,0.183,0.0002,150,True
P02279,Chocolate,Food,Mushroom Mycelium,0.068,0.0001,359,True
P02280,Chocolate,Food,Bagasse,0.129,0.0002,420,True
P02281,Chocolate,Food,Bamboo Fiber,0.118,0.0002,39,True
P02282,Chocolate,Food,Bamboo Fiber,0.188,0.0001,362,True
P02283,Chocolate,Food,Recycled Cardboard,0.198,0.0002,178,True
P02284,Chocolate,Food,Mushroom Mycelium,0.078,0.0001,454,True
P02285,Chocolate,Food,Bagasse,0.102,0.0001,415,True
P02286,Chocolate,Food,Bagasse,0.114,0.0001,139,True
P02287,Chocolate,Food,Bioplastic (PLA),0.11,0.0002,245,True
P02288,Chocolate,Food,Bamboo Fiber,0.103,0.0001,545,True
P02289,Chocolate,Food,Bamboo Fiber,0.181,0.0002,480,True
P02290,Chocolate,Food,Bagasse,0.064,0.0001,275,True
P02291,Chocolate,Food,Bioplastic (PLA),0.085,0.0001,437,True
P02292,Chocolate,Food,Bagasse,0.105,0.0002,530,True
P02293,Chocolate,Food,Bioplastic (PLA),0.067,0.0002,268,True
P02294,Chocolate,Food,Recycled Cardboard,0.177,0.0001,453,True
P02295,Chocolate,Food,Bagasse,0.073,0.0001,163,True
P02296,Chocolate,Food,Bamboo Fiber,0.056,0.0002,643,True
P02297,Chocolate,Food,Mushroom Mycelium,0.077,0.0002,45,True
P02298,Chocolate,Food,Mushroom Mycelium,0.161,0.0001,343,True
P02299,Chocolate,Food,Mushroom Mycelium,0.174,0.0001,446,True
P02300,Chocolate,Food,Bagasse,0.151,0.0001,708,True
P02301,Chocolate,Food,Bamboo Fiber,0.191,0.0001,561,True
P02302,Chocolate,Food,Bamboo Fiber,0.116,0.0001,178,True
P02303,Chocolate,Food,Mushroom Mycelium,0.067,0.0002,559,True
P02304,Chocolate,Food,Bamboo Fiber,0.055,0.0001,510,True
P02305,Chocolate,Food,Bagasse,0.087,0.0002,687,True
P02306,Chocolate,Food,Bioplastic (PLA),0.197,0.0002,666,True
P02307,Chocolate,Food,Bamboo Fiber,0.083,0.0002,430,True
P02308,Chocolate,Food,Bagasse,0.149,0.0001,267,True
P02309,Chocolate,Food,Bioplastic (PLA),0.098,0.0001,638,True
P02310,Chocolate,Food,Mushroom Mycelium,0.155,0.0002,595,True
P02311,Chocolate,Food,Bamboo Fiber,0.169,0.0002,669,True
P02312,Chocolate,Food,Recycled Cardboard,0.135,0.0001,342,True
P02313,Chocolate,Food,Recycled Cardboard,0.198,0.0001,265,True
P02314,Chocolate,Food,Recycled Cardboard,0.199,0.0001,464,True
P02315,Chocolate,Food,Bioplastic (PLA),0.075,0.0001,361,True
P02316,Chocolate,Food,Recycled Cardboard,0.186,0.0002,111,True
P02317,Chocolate,Food,Bagasse,0.172,0.0001,80,True
P02318,Chocolate,Food,Recycled Cardboard,0.124,0.0001,550,True
P02319,Chocolate,Food,Bioplastic (PLA),0.056,0.0002,273,True
P02320,Chocolate,Food,Bioplastic (PLA),0.053,0.0001,58,True
P02321,Chocolate,Food,Recycled Cardboard,0.164,0.0001,461,True
P02322,Chocolate,Food,Bagasse,0.166,0.0002,59,True
P02323,Chocolate,Food,Bamboo Fiber,0.059,0.0001,431,True
P02324,Chocolate,Food,Mushroom Mycelium,0.052,0.0001,50,True
P02325,Chocolate,Food,Recycled Cardboard,0.132,0.0002,606,True
P02326,Chocolate,Food,Recycled Cardboard,0.108,0.0002,494,True
P02327,Chocolate,Food,Bioplastic (PLA),0.19,0.0002,718,True
P02328,Chocolate,Food,Bamboo Fiber,0.126,0.0001,670,True
P02329,Chocolate,Food,Bagasse,0.131,0.0001,296,True
P02330,Chocolate,Food,Bioplastic (PLA),0.08,0.0001,354,True
P02331,Chocolate,Food,Recycled Cardboard,0.086,0.0001,661,True
P02332,Chocolate,Food,Bamboo Fiber,0.191,0.0001,589,True
P02333,Chocolate,Food,Bioplastic (PLA),0.176,0.0002,66,True
P02334,Chocolate,Food,Bagasse,0.171,0.0001,478,True
P02335,Chocolate,Food,Recycled Cardboard,0.167,0.0001,395,True
P02336,Chocolate,Food,Mushroom Mycelium,0.14,0.0001,52,True
P02337,Chocolate,Food,Mushroom Mycelium,0.099,0.0001,552,True
P02338,Chocolate,Food,Bioplastic (PLA),0.169,0.0001,245,True
P02339,Chocolate,Food,Recycled Cardboard,0.125,0.0001,295,True
P02340,Chocolate,Food,Bagasse,0.114,0.0001,706,True
P02341,Chocolate,Food,Mushroom Mycelium,0.097,0.0002,404,True
P02342,Chocolate,Food,Recycled Cardboard,0.107,0.0002,577,True
P02343,Chocolate,Food,Bioplastic (PLA),0.124,0.0001,535,True
P02344,Chocolate,Food,Recycled Cardboard,0.125,0.0002,257,True
P02345,Chocolate,Food,Bagasse,0.116,0.0001,430,True
P02346,Chocolate,Food,Bioplastic (PLA),0.119,0.0001,139,True
P02347,Chocolate,Food,Bamboo Fiber,0.154,0.0002,428,True
P02348,Chocolate,Food,Bamboo Fiber,0.129,0.0002,299,True
P02349,Chocolate,Food,Bioplastic (PLA),0.127,0.0001,371,True
P02350,Chocolate,Food,Mushroom Mycelium,0.147,0.0001,271,True
P02351,Chocolate,Food,Recycled Cardboard,0.155,0.0001,44,True
P02352,Chocolate,Food,Mushroom Mycelium,0.199,0.0001,194,True
P02353,Chocolate,Food,Bagasse,0.167,0.0001,62,True
P02354,Chocolate,Food,Recycled Cardboard,0.09,0.0002,712,True
P02355,Chocolate,Food,Bioplastic (PLA),0.188,0.0001,284,True
P02356,Chocolate,Food,Bamboo Fiber,0.064,0.0001,713,True
P02357,Chocolate,Food,Bagasse,0.155,0.0001,480,True
P02358,Chocolate,Food,Recycled Cardboard,0.175,0.0002,130,True
P02359,Chocolate,Food,Bagasse,0.19,0.0001,90,True
P02360,Chocolate,Food,Bagasse,0.138,0.0002,123,True
P02361,Chocolate,Food,Bioplastic (PLA),0.184,0.0002,59,True
P02362,Chocolate,Food,Bagasse,0.142,0.0001,33,True
P02363,Chocolate,Food,Mushroom Mycelium,0.052,0.0001,713,True
P02364,Chocolate,Food,Bioplastic (PLA),0.11,0.0002,308,True
P02365,Chocolate,Food,Bioplastic (PLA),0.064,0.0001,241,True
P02366,Chocolate,Food,Bamboo Fiber,0.15,0.0001,530,True
P02367,Chocolate,Food,Bioplastic (PLA),0.103,0.0001,133,True
P02368,Chocolate,Food,Bioplastic (PLA),0.141,0.0001,362,True
P02369,Chocolate,Food,Bamboo Fiber,0.173,0.0002,437,True
P02370,Chocolate,Food,Bagasse,0.099,0.0001,730,True
P02371,Chocolate,Food,Bagasse,0.077,0.0002,458,True
P02372,Chocolate,Food,Recycled Cardboard,0.103,0.0001,106,True
P02373,Chocolate,Food,Bagasse,0.099,0.0001,714,True
P02374,Chocolate,Food,Bioplastic (PLA),0.154,0.0002,306,True
P02375,Chocolate,Food,Recycled Cardboard,0.085,0.0001,64,True
P02376,Chocolate,Food,Recycled Cardboard,0.144,0.0001,521,True
P02377,Chocolate,Food,Recycled Cardboard,0.12,0.0001,629,True
P02378,Chocolate,Food,Recycled Cardboard,0.148,0.0001,279,True
P02379,Chocolate,Food,Bioplastic (PLA),0.174,0.0002,392,True
P02380,Chocolate,Food,Bagasse,0.057,0.0001,723,True
P02381,Chocolate,Food,Bioplastic (PLA),0.172,0.0001,307,True
P02382,Chocolate,Food,Bagasse,0.096,0.0002,544,True
P02383,Chocolate,Food,Bioplastic (PLA),0.092,0.0001,673,True
P02384,Chocolate,Food,Bamboo Fiber,0.1,0.0001,360,True
P02385,Chocolate,Food,Bioplastic (PLA),0.187,0.0002,178,True
P02386,Chocolate,Food,Mushroom Mycelium,0.182,0.0001,438,True
P02387,Chocolate,Food,Bioplastic (PLA),0.109,0.0001,75,True
P02388,Chocolate,Food,Bioplastic (PLA),0.134,0.0002,708,True
P02389,Chocolate,Food,Bamboo Fiber,0.166,0.0001,443,True
P02390,Chocolate,Food,Mushroom Mycelium,0.124,0.0002,596,True
P02391,Chocolate,Food,Bamboo Fiber,0.079,0.0002,467,True
P02392,Chocolate,Food,Recycled Cardboard,0.194,0.0001,602,True
P02393,Chocolate,Food,Bioplastic (PLA),0.145,0.0001,426,True
P02394,Chocolate,Food,Bamboo Fiber,0.091,0.0001,108,True
P02395,Chocolate,Food,Bagasse,0.085,0.0002,241,True
P02396,Chocolate,Food,Bamboo Fiber,0.072,0.0002,221,True
P02397,Chocolate,Food,Bagasse,0.101,0.0001,677,True
P02398,Chocolate,Food,Bioplastic (PLA),0.052,0.0001,452,True
P02399,Chocolate,Food,Bioplastic (PLA),0.095,0.0001,270,True
P02400,Chocolate,Food,Bagasse,0.078,0.0002,196,True
P02401,Chocolate,Food,Recycled Cardboard,0.059,0.0002,410,True
P02402,Chocolate,Food,Bamboo Fiber,0.077,0.0001,90,True
P02403,Chocolate,Food,Mushroom Mycelium,0.093,0.0001,328,True
P02404,Chocolate,Food,Recycled Cardboard,0.147,0.0002,138,True
P02405,Chocolate,Food,Bioplastic (PLA),0.074,0.0002,236,True
P02406,Chocolate,Food,Recycled Cardboard,0.158,0.0002,229,True
P02407,Chocolate,Food,Recycled Cardboard,0.106,0.0002,266,True
P02408,Chocolate,Food,Bioplastic (PLA),0.053,0.0002,494,True
P02409,Chocolate,Food,Bagasse,0.151,0.0001,57,True
P02410,Chocolate,Food,Bagasse,0.103,0.0001,522,True
P02411,Chocolate,Food,Mushroom Mycelium,0.18,0.0002,235,True
P02412,Chocolate,Food,Bamboo Fiber,0.166,0.0002,314,True
P02413,Chocolate,Food,Bamboo Fiber,0.188,0.0002,585,True
P02414,Chocolate,Food,Bioplastic (PLA),0.132,0.0001,660,True
P02415,Chocolate,Food,Bioplastic (PLA),0.195,0.0001,714,True
P02416,Chocolate,Food,Recycled Cardboard,0.197,0.0001,253,True
P02417,Chocolate,Food,Bagasse,0.152,0.0001,697,True
P02418,Chocolate,Food,Recycled Cardboard,0.168,0.0001,642,True
P02419,Chocolate,Food,Mushroom Mycelium,0.067,0.0001,135,True
P02420,Chocolate,Food,Mushroom Mycelium,0.16,0.0002,369,True
P02421,Chocolate,Food,Bagasse,0.054,0.0002,179,True
P02422,Chocolate,Food,Bagasse,0.171,0.0001,244,True
P02423,Chocolate,Food,Bioplastic (PLA),0.173,0.0001,132,True
P02424,Chocolate,Food,Mushroom Mycelium,0.075,0.0001,302,True
P02425,Chocolate,Food,Recycled Cardboard,0.082,0.0001,417,True
P02426,Chocolate,Food,Bioplastic (PLA),0.094,0.0001,509,True
P02427,Chocolate,Food,Bamboo Fiber,0.062,0.0002,342,True
P02428,Chocolate,Food,Recycled Cardboard,0.104,0.0001,115,True
P02429,Chocolate,Food,Bagasse,0.054,0.0001,347,True
P02430,Chocolate,Food,Bioplastic (PLA),0.189,0.0001,325,True
P02431,Chocolate,Food,Mushroom Mycelium,0.102,0.0001,410,True
P02432,Chocolate,Food,Mushroom Mycelium,0.133,0.0001,134,True
P02433,Chocolate,Food,Mushroom Mycelium,0.119,0.0002,658,True
P02434,Chocolate,Food,Recycled Cardboard,0.144,0.0001,251,True
P02435,Chocolate,Food,Bamboo Fiber,0.126,0.0001,297,True
P02436,Chocolate,Food,Recycled Cardboard,0.115,0.0001,505,True
P02437,Chocolate,Food,Bioplastic (PLA),0.153,0.0001,356,True
P02438,Chocolate,Food,Mushroom Mycelium,0.186,0.0001,67,True
P02439,Chocolate,Food,Recycled Cardboard,0.183,0.0001,296,True
P02440,Chocolate,Food,Bamboo Fiber,0.151,0.0001,122,True
P02441,Chocolate,Food,Bioplastic (PLA),0.123,0.0001,63,True
P02442,Chocolate,Food,Recycled Cardboard,0.133,0.0001,268,True
P02443,Chocolate,Food,Bagasse,0.165,0.0001,247,True
P02444,Chocolate,Food,Mushroom Mycelium,0.162,0.0001,624,True
P02445,Chocolate,Food,Mushroom Mycelium,0.14,0.0001,250,True
P02446,Chocolate,Food,Bamboo Fiber,0.1,0.0002,402,True
P02447,Chocolate,Food,Recycled Cardboard,0.063,0.0001,397,True
P02448,Chocolate,Food,Bamboo Fiber,0.155,0.0002,212,True
P02449,Chocolate,Food,Bioplastic (PLA),0.135,0.0002,105,True
P02450,Chocolate,Food,Bamboo Fiber,0.147,0.0001,453,True
P02451,Chocolate,Food,Bagasse,0.19,0.0001,170,True
P02452,Chocolate,Food,Recycled Cardboard,0.063,0.0001,110,True
P02453,Chocolate,Food,Bagasse,0.11,0.0001,101,True
P02454,Chocolate,Food,Bamboo Fiber,0.132,0.0001,521,True
P02455,Chocolate,Food,Bamboo Fiber,0.101,0.0002,484,True
P02456,Chocolate,Food,Recycled Cardboard,0.104,0.0001,51,True
P02457,Chocolate,Food,Mushroom Mycelium,0.155,0.0001,382,True
P02458,Chocolate,Food,Bamboo Fiber,0.103,0.0001,175,True
P02459,Chocolate,Food,Mushroom Mycelium,0.176,0.0001,466,True
P02460,Chocolate,Food,Recycled Cardboard,0.187,0.0002,506,True
P02461,Chocolate,Food,Recycled Cardboard,0.136,0.0002,437,True
P02462,Chocolate,Food,Mushroom Mycelium,0.089,0.0002,721,True
P02463,Chocolate,Food,Bioplastic (PLA),0.141,0.0001,214,True
P02464,Chocolate,Food,Bioplastic (PLA),0.092,0.0002,352,True
P02465,Chocolate,Food,Recycled Cardboard,0.144,0.0001,359,True
P02466,Chocolate,Food,Bioplastic (PLA),0.115,0.0001,726,True
P02467,Chocolate,Food,Mushroom Mycelium,0.062,0.0002,552,True
P02468,Chocolate,Food,Bamboo Fiber,0.105,0.0001,331,True
P02469,Chocolate,Food,Bagasse,0.108,0.0002,667,True
P02470,Chocolate,Food,Recycled Cardboard,0.056,0.0002,594,True
P02471,Chocolate,Food,Recycled Cardboard,0.159,0.0001,424,True
P02472,Chocolate,Food,Mushroom Mycelium,0.133,0.0001,598,True
P02473,Chocolate,Food,Bamboo Fiber,0.088,0.0001,234,True
P02474,Chocolate,Food,Recycled Cardboard,0.057,0.0001,348,True
P02475,Chocolate,Food,Recycled Cardboard,0.179,0.0001,589,True
P02476,Chocolate,Food,Bioplastic (PLA),0.108,0.0001,204,True
P02477,Chocolate,Food,Mushroom Mycelium,0.091,0.0002,541,True
P02478,Chocolate,Food,Bioplastic (PLA),0.051,0.0001,548,True
P02479,Chocolate,Food,Mushroom Mycelium,0.068,0.0002,99,True
P02480,Chocolate,Food,Recycled Cardboard,0.156,0.0001,664,True
P02481,Chocolate,Food,Bioplastic (PLA),0.159,0.0001,352,True
P02482,Chocolate,Food,Recycled Cardboard,0.14,0.0002,495,True
P02483,Chocolate,Food,Bamboo Fiber,0.054,0.0001,232,True
P02484,Chocolate,Food,Bioplastic (PLA),0.163,0.0001,622,True
P02485,Chocolate,Food,Mushroom Mycelium,0.087,0.0001,58,True
P02486,Chocolate,Food,Recycled Cardboard,0.2,0.0002,411,True
P02487,Chocolate,Food,Bagasse,0.066,0.0001,37,True
P02488,Chocolate,Food,Recycled Cardboard,0.139,0.0001,453,True
P02489,Chocolate,Food,Bioplastic (PLA),0.079,0.0001,281,True
P02490,Chocolate,Food,Bamboo Fiber,0.086,0.0001,339,True
P02491,Chocolate,Food,Bagasse,0.16,0.0002,256,True
P02492,Chocolate,Food,Mushroom Mycelium,0.153,0.0001,265,True
P02493,Chocolate,Food,Bagasse,0.067,0.0002,515,True
P02494,Chocolate,Food,Bagasse,0.085,0.0002,255,True
P02495,Chocolate,Food,Recycled Cardboard,0.136,0.0001,491,True
P02496,Chocolate,Food,Recycled Cardboard,0.076,0.0002,573,True
P02497,Chocolate,Food,Bamboo Fiber,0.108,0.0002,688,True
P02498,Chocolate,Food,Bamboo Fiber,0.109,0.0001,664,True
P02499,Chocolate,Food,Mushroom Mycelium,0.12,0.0001,245,True
P02500,Chocolate,Food,Bamboo Fiber,0.139,0.0002,260,True
P02501,Juice Bottle,Food,Mushroom Mycelium,0.927,0.001,53,True
P02502,Juice Bottle,Food,Recycled Cardboard,1.041,0.0015,640,True
P02503,Juice Bottle,Food,Mushroom Mycelium,1.345,0.0007,588,True
P02504,Juice Bottle,Food,Bioplastic (PLA),0.724,0.0011,642,True
P02505,Juice Bottle,Food,Mushroom Mycelium,1.209,0.0014,690,True
P02506,Juice Bottle,Food,Bamboo Fiber,1.248,0.001,443,True
P02507,Juice Bottle,Food,Recycled Cardboard,1.169,0.0005,570,True
P02508,Juice Bottle,Food,Bagasse,0.968,0.0012,409,True
P02509,Juice Bottle,Food,Bioplastic (PLA),1.371,0.0006,344,True
P02510,Juice Bottle,Food,Bagasse,0.816,0.0014,529,True
P02511,Juice Bottle,Food,Recycled Cardboard,0.309,0.0012,323,True
P02512,Juice Bottle,Food,Bamboo Fiber,0.394,0.0014,283,True
P02513,Juice Bottle,Food,Bioplastic (PLA),1.052,0.0004,721,True
P02514,Juice Bottle,Food,Bioplastic (PLA),0.322,0.0006,694,True
P02515,Juice Bottle,Food,Bioplastic (PLA),0.815,0.0011,88,True
P02516,Juice Bottle,Food,Bioplastic (PLA),0.882,0.0007,143,True
P02517,Juice Bottle,Food,Bamboo Fiber,0.441,0.001,140,True
P02518,Juice Bottle,Food,Bioplastic (PLA),0.424,0.0011,239,True
P02519,Juice Bottle,Food,Bamboo Fiber,1.319,0.0006,228,True
P02520,Juice Bottle,Food,Recycled Cardboard,0.268,0.0004,373,True
P02521,Juice Bottle,Food,Bioplastic (PLA),1.126,0.0008,663,True
P02522,Juice Bottle,Food,Bamboo Fiber,0.592,0.001,336,True
P02523,Juice Bottle,Food,Recycled Cardboard,0.692,0.001,249,True
P02524,Juice Bottle,Food,Bagasse,0.965,0.0004,478,True
P02525,Juice Bottle,Food,Bagasse,1.452,0.0013,273,True
P02526,Juice Bottle,Food,Bagasse,0.351,0.0015,618,True
P02527,Juice Bottle,Food,Bagasse,0.685,0.0003,452,True
P02528,Juice Bottle,Food,Bagasse,1.116,0.001,33,True
P02529,Juice Bottle,Food,Bamboo Fiber,0.336,0.0008,231,True
P02530,Juice Bottle,Food,Recycled Cardboard,0.935,0.0005,123,True
P02531,Juice Bottle,Food,Recycled Cardboard,0.448,0.0005,58,True
P02532,Juice Bottle,Food,Bagasse,1.083,0.0004,449,True
P02533,Juice Bottle,Food,Bioplastic (PLA),0.614,0.0011,530,True
P02534,Juice Bottle,Food,Bamboo Fiber,0.386,0.0003,77,True
P02535,Juice Bottle,Food,Bioplastic (PLA),0.322,0.0007,209,True
P02536,Juice Bottle,Food,Bamboo Fiber,0.577,0.0011,519,True
P02537,Juice Bottle,Food,Bamboo Fiber,0.822,0.0008,353,True
P02538,Juice Bottle,Food,Bamboo Fiber,0.971,0.0003,367,True
P02539,Juice Bottle,Food,Recycled Cardboard,1.332,0.0013,423,True
P02540,Juice Bottle,Food,Bioplastic (PLA),1.299,0.0009,341,True
P02541,Juice Bottle,Food,Bagasse,0.305,0.0008,716,True
P02542,Juice Bottle,Food,Bagasse,1.303,0.0004,529,True
P02543,Juice Bottle,Food,Mushroom Mycelium,0.921,0.0014,227,True
P02544,Juice Bottle,Food,Bagasse,1.332,0.0008,554,True
P02545,Juice Bottle,Food,Bioplastic (PLA),0.984,0.0009,133,True
P02546,Juice Bottle,Food,Bagasse,1.05,0.0014,178,True
P02547,Juice Bottle,Food,Bioplastic (PLA),0.797,0.0004,57,True
P02548,Juice Bottle,Food,Bamboo Fiber,1.039,0.0015,184,True
P02549,Juice Bottle,Food,Recycled Cardboard,0.36,0.0013,305,True
P02550,Juice Bottle,Food,Bagasse,1.307,0.0007,516,True
P02551,Juice Bottle,Food,Bioplastic (PLA),1.12,0.0008,285,True
P02552,Juice Bottle,Food,Recycled Cardboard,0.82,0.0004,612,True
P02553,Juice Bottle,Food,Bamboo Fiber,0.495,0.001,253,True
P02554,Juice Bottle,Food,Bioplastic (PLA),1.223,0.001,242,True
P02555,Juice Bottle,Food,Bamboo Fiber,0.281,0.0013,333,True
P02556,Juice Bottle,Food,Recycled Cardboard,1.317,0.0007,112,True
P02557,Juice Bottle,Food,Bamboo Fiber,0.32,0.0003,89,True
P02558,Juice Bottle,Food,Bioplastic (PLA),1.233,0.0012,222,True
P02559,Juice Bottle,Food,Bamboo Fiber,0.773,0.0005,66,True
P02560,Juice Bottle,Food,Bagasse,1.011,0.001,582,True
P02561,Juice Bottle,Food,Bagasse,1.087,0.001,32,True
P02562,Juice Bottle,Food,Bioplastic (PLA),1.395,0.0014,155,True
P02563,Juice Bottle,Food,Bamboo Fiber,0.312,0.0004,660,True
P02564,Juice Bottle,Food,Bioplastic (PLA),0.894,0.0013,318,True
P02565,Juice Bottle,Food,Bioplastic (PLA),0.93,0.001,293,True
P02566,Juice Bottle,Food,Bioplastic (PLA),0.816,0.0009,254,True
P02567,Juice Bottle,Food,Bamboo Fiber,1.196,0.0013,428,True
P02568,Juice Bottle,Food,Bagasse,1.306,0.0004,490,True
P02569,Juice Bottle,Food,Bagasse,0.987,0.0005,372,True
P02570,Juice Bottle,Food,Mushroom Mycelium,1.282,0.0008,302,True
P02571,Juice Bottle,Food,Bamboo Fiber,1.088,0.0007,33,True
P02572,Juice Bottle,Food,Mushroom Mycelium,1.014,0.0003,490,True
P02573,Juice Bottle,Food,Bamboo Fiber,0.466,0.0008,126,True
P02574,Juice Bottle,Food,Mushroom Mycelium,0.487,0.0014,40,True
P02575,Juice Bottle,Food,Recycled Cardboard,0.838,0.0006,206,True
P02576,Juice Bottle,Food,Bioplastic (PLA),0.903,0.0006,41,True
P02577,Juice Bottle,Food,Mushroom Mycelium,1.293,0.0011,142,True
P02578,Juice Bottle,Food,Recycled Cardboard,1.408,0.001,392,True
P02579,Juice Bottle,Food,Bioplastic (PLA),1.178,0.0004,514,True
P02580,Juice Bottle,Food,Bamboo Fiber,1.071,0.0005,158,True
P02581,Juice Bottle,Food,Recycled Cardboard,1.011,0.0012,466,True
P02582,Juice Bottle,Food,Bamboo Fiber,0.424,0.001,571,True
P02583,Juice Bottle,Food,Mushroom Mycelium,1.498,0.001,410,True
P02584,Juice Bottle,Food,Bioplastic (PLA),1.421,0.0005,642,True
P02585,Juice Bottle,Food,Bioplastic (PLA),0.545,0.0008,672,True
P02586,Juice Bottle,Food,Bioplastic (PLA),0.711,0.0005,210,True
P02587,Juice Bottle,Food,Bagasse,1.242,0.0015,362,True
P02588,Juice Bottle,Food,Bagasse,1.449,0.0004,411,True
P02589,Juice Bottle,Food,Mushroom Mycelium,0.471,0.001,403,True
P02590,Juice Bottle,Food,Mushroom Mycelium,0.484,0.0003,626,True
P02591,Juice Bottle,Food,Mushroom Mycelium,0.818,0.0011,545,True
P02592,Juice Bottle,Food,Bioplastic (PLA),1.463,0.0011,144,True
P02593,Juice Bottle,Food,Mushroom Mycelium,0.731,0.0009,478,True
P02594,Juice Bottle,Food,Bagasse,1.319,0.0005,458,True
P02595,Juice Bottle,Food,Recycled Cardboard,1.136,0.0007,125,True
P02596,Juice Bottle,Food,Bioplastic (PLA),0.616,0.0008,76,True
P02597,Juice Bottle,Food,Bioplastic (PLA),1.097,0.0003,648,True
P02598,Juice Bottle,Food,Bioplastic (PLA),0.554,0.0007,273,True
P02599,Juice Bottle,Food,Bamboo Fiber,1.167,0.0014,247,True
P02600,Juice Bottle,Food,Bamboo Fiber,1.038,0.0007,275,True
P02601,Juice Bottle,Food,Bamboo Fiber,1.119,0.0011,407,True
P02602,Juice Bottle,Food,Mushroom Mycelium,0.568,0.0003,534,True
P02603,Juice Bottle,Food,Bioplastic (PLA),1.277,0.0003,727,True
P02604,Juice Bottle,Food,Bamboo Fiber,0.395,0.0014,419,True
P02605,Juice Bottle,Food,Bioplastic (PLA),0.894,0.0006,278,True
P02606,Juice Bottle,Food,Recycled Cardboard,1.109,0.0009,530,True
P02607,Juice Bottle,Food,Bagasse,0.726,0.0013,486,True
P02608,Juice Bottle,Food,Bioplastic (PLA),0.694,0.0008,465,True
P02609,Juice Bottle,Food,Recycled Cardboard,0.533,0.0008,586,True
P02610,Juice Bottle,Food,Bioplastic (PLA),1.232,0.0013,211,True
P02611,Juice Bottle,Food,Bamboo Fiber,0.821,0.0012,632,True
P02612,Juice Bottle,Food,Bamboo Fiber,0.323,0.0007,696,True
P02613,Juice Bottle,Food,Bioplastic (PLA),1.183,0.0012,523,True
P02614,Juice Bottle,Food,Bamboo Fiber,1.357,0.0013,677,True
P02615,Juice Bottle,Food,Bamboo Fiber,0.32,0.0006,482,True
P02616,Juice Bottle,Food,Mushroom Mycelium,0.64,0.0011,197,True
P02617,Juice Bottle,Food,Recycled Cardboard,0.784,0.0014,329,True
P02618,Juice Bottle,Food,Mushroom Mycelium,0.596,0.0012,189,True
P02619,Juice Bottle,Food,Bioplastic (PLA),1.012,0.0007,221,True
P02620,Juice Bottle,Food,Mushroom Mycelium,1.456,0.0013,638,True
P02621,Juice Bottle,Food,Bagasse,0.989,0.0006,412,True
P02622,Juice Bottle,Food,Bamboo Fiber,0.874,0.0004,682,True
P02623,Juice Bottle,Food,Bagasse,0.457,0.0011,368,True
P02624,Juice Bottle,Food,Bamboo Fiber,1.497,0.0006,298,True
P02625,Juice Bottle,Food,Bamboo Fiber,0.259,0.0009,478,True
P02626,Juice Bottle,Food,Bamboo Fiber,0.846,0.0007,560,True
P02627,Juice Bottle,Food,Bioplastic (PLA),1.181,0.0008,498,True
P02628,Juice Bottle,Food,Bamboo Fiber,0.549,0.0011,578,True
P02629,Juice Bottle,Food,Mushroom Mycelium,1.264,0.0009,457,True
P02630,Juice Bottle,Food,Mushroom Mycelium,1.189,0.0009,486,True
P02631,Juice Bottle,Food,Mushroom Mycelium,0.659,0.0008,652,True
P02632,Juice Bottle,Food,Mushroom Mycelium,0.737,0.001,510,True
P02633,Juice Bottle,Food,Recycled Cardboard,0.866,0.0004,281,True
P02634,Juice Bottle,Food,Bamboo Fiber,0.654,0.0008,546,True
P02635,Juice Bottle,Food,Recycled Cardboard,0.955,0.0004,554,True
P02636,Juice Bottle,Food,Bagasse,0.971,0.0009,575,True
P02637,Juice Bottle,Food,Bagasse,1.303,0.0008,618,True
P02638,Juice Bottle,Food,Bioplastic (PLA),0.557,0.0011,115,True
P02639,Juice Bottle,Food,Bagasse,1.166,0.0009,531,True
P02640,Juice Bottle,Food,Recycled Cardboard,0.735,0.0007,51,True
P02641,Juice Bottle,Food,Mushroom Mycelium,1.162,0.0008,231,True
P02642,Juice Bottle,Food,Bagasse,1.166,0.0004,720,True
P02643,Juice Bottle,Food,Bamboo Fiber,0.64,0.001,677,True
P02644,Juice Bottle,Food,Bagasse,0.351,0.0004,151,True
P02645,Juice Bottle,Food,Bamboo Fiber,0.981,0.0006,670,True
P02646,Juice Bottle,Food,Mushroom Mycelium,1.49,0.0008,307,True
P02647,Juice Bottle,Food,Bamboo Fiber,1.258,0.0006,714,True
P02648,Juice Bottle,Food,Bamboo Fiber,0.581,0.0014,599,True
P02649,Juice Bottle,Food,Bagasse,0.487,0.0008,167,True
P02650,Juice Bottle,Food,Bioplastic (PLA),0.823,0.0008,688,True
P02651,Juice Bottle,Food,Bioplastic (PLA),0.368,0.0007,196,True
P02652,Juice Bottle,Food,Recycled Cardboard,0.299,0.0009,57,True
P02653,Juice Bottle,Food,Mushroom Mycelium,1.051,0.001,180,True
P02654,Juice Bottle,Food,Bagasse,0.511,0.0008,38,True
P02655,Juice Bottle,Food,Bamboo Fiber,0.41,0.0007,162,True
P02656,Juice Bottle,Food,Bamboo Fiber,0.895,0.0006,117,True
P02657,Juice Bottle,Food,Bioplastic (PLA),0.493,0.0005,513,True
P02658,Juice Bottle,Food,Mushroom Mycelium,1.418,0.0003,546,True
P02659,Juice Bottle,Food,Bamboo Fiber,0.452,0.0013,38,True
P02660,Juice Bottle,Food,Bamboo Fiber,1.086,0.0008,190,True
P02661,Juice Bottle,Food,Bioplastic (PLA),1.239,0.0003,227,True
P02662,Juice Bottle,Food,Recycled Cardboard,0.42,0.0003,492,True
P02663,Juice Bottle,Food,Bagasse,0.258,0.0003,543,True
P02664,Juice Bottle,Food,Recycled Cardboard,0.398,0.0009,316,True
P02665,Juice Bottle,Food,Bamboo Fiber,0.428,0.0015,240,True
P02666,Juice Bottle,Food,Bioplastic (PLA),0.857,0.0005,289,True
P02667,Juice Bottle,Food,Recycled Cardboard,0.404,0.0013,446,True
P02668,Juice Bottle,Food,Bamboo Fiber,0.777,0.0011,56,True
P02669,Juice Bottle,Food,Bagasse,1.102,0.0005,273,True
P02670,Juice Bottle,Food,Bagasse,0.454,0.0008,563,True
P02671,Juice Bottle,Food,Mushroom Mycelium,0.789,0.0006,201,True
P02672,Juice Bottle,Food,Bagasse,0.781,0.0014,315,True
P02673,Juice Bottle,Food,Bagasse,0.778,0.0007,410,True
P02674,Juice Bottle,Food,Bagasse,0.482,0.0006,425,True
P02675,Juice Bottle,Food,Recycled Cardboard,0.684,0.0009,247,True
P02676,Juice Bottle,Food,Mushroom Mycelium,0.647,0.0004,115,True
P02677,Juice Bottle,Food,Bioplastic (PLA),1.149,0.0009,105,True
P02678,Juice Bottle,Food,Bagasse,0.723,0.0004,213,True
P02679,Juice Bottle,Food,Mushroom Mycelium,1.436,0.0014,514,True
P02680,Juice Bottle,Food,Bamboo Fiber,1.5,0.0005,190,True
P02681,Juice Bottle,Food,Mushroom Mycelium,1.172,0.0004,418,True
P02682,Juice Bottle,Food,Recycled Cardboard,0.377,0.0014,44,True
P02683,Juice Bottle,Food,Mushroom Mycelium,0.374,0.0006,646,True
P02684,Juice Bottle,Food,Mushroom Mycelium,0.776,0.0003,557,True
P02685,Juice Bottle,Food,Bamboo Fiber,0.972,0.0006,170,True
P02686,Juice Bottle,Food,Bioplastic (PLA),0.304,0.0009,286,True
P02687,Juice Bottle,Food,Bagasse,0.673,0.0005,620,True
P02688,Juice Bottle,Food,Bioplastic (PLA),0.597,0.0006,166,True
P02689,Juice Bottle,Food,Mushroom Mycelium,1.309,0.0006,186,True
P02690,Juice Bottle,Food,Recycled Cardboard,0.467,0.0008,266,True
P02691,Juice Bottle,Food,Bamboo Fiber,0.322,0.0003,182,True
P02692,Juice Bottle,Food,Recycled Cardboard,1.385,0.0008,293,True
P02693,Juice Bottle,Food,Mushroom Mycelium,1.155,0.0014,423,True
P02694,Juice Bottle,Food,Mushroom Mycelium,1.473,0.0014,141,True
P02695,Juice Bottle,Food,Bioplastic (PLA),0.7,0.0013,237,True
P02696,Juice Bottle,Food,Bioplastic (PLA),0.96,0.0012,689,True
P02697,Juice Bottle,Food,Bamboo Fiber,0.588,0.0015,508,True
P02698,Juice Bottle,Food,Bagasse,1.249,0.0003,542,True
P02699,Juice Bottle,Food,Bagasse,0.771,0.0005,697,True
P02700,Juice Bottle,Food,Bagasse,1.252,0.0006,235,True
P02701,Juice Bottle,Food,Bamboo Fiber,0.76,0.0011,184,True
P02702,Juice Bottle,Food,Recycled Cardboard,1.173,0.0008,320,True
P02703,Juice Bottle,Food,Bamboo Fiber,1.299,0.0012,176,True
P02704,Juice Bottle,Food,Mushroom Mycelium,1.387,0.0004,289,True
P02705,Juice Bottle,Food,Bagasse,0.777,0.0011,704,True
P02706,Juice Bottle,Food,Bamboo Fiber,1.466,0.0014,333,True
P02707,Juice Bottle,Food,Bioplastic (PLA),0.4,0.0006,122,True
P02708,Juice Bottle,Food,Mushroom Mycelium,0.971,0.0005,690,True
P02709,Juice Bottle,Food,Bamboo Fiber,1.256,0.0015,246,True
P02710,Juice Bottle,Food,Bioplastic (PLA),0.672,0.0009,219,True
P02711,Juice Bottle,Food,Bamboo Fiber,1.447,0.001,446,True
P02712,Juice Bottle,Food,Recycled Cardboard,1.211,0.0006,43,True
P02713,Juice Bottle,Food,Mushroom Mycelium,0.958,0.0005,53,True
P02714,Juice Bottle,Food,Bioplastic (PLA),1.355,0.0004,707,True
P02715,Juice Bottle,Food,Bioplastic (PLA),1.078,0.0011,340,True
P02716,Juice Bottle,Food,Bioplastic (PLA),0.511,0.0013,82,True
P02717,Juice Bottle,Food,Bamboo Fiber,0.905,0.001,402,True
P02718,Juice Bottle,Food,Recycled Cardboard,1.162,0.001,640,True
P02719,Juice Bottle,Food,Bamboo Fiber,0.683,0.0008,47,True
P02720,Juice Bottle,Food,Bamboo Fiber,0.62,0.0015,412,True
P02721,Juice Bottle,Food,Mushroom Mycelium,0.96,0.0003,656,True
P02722,Juice Bottle,Food,Bagasse,1.482,0.0013,606,True
P02723,Juice Bottle,Food,Bagasse,0.841,0.0008,131,True
P02724,Juice Bottle,Food,Recycled Cardboard,0.394,0.001,687,True
P02725,Juice Bottle,Food,Bamboo Fiber,0.384,0.001,74,True
P02726,Juice Bottle,Food,Mushroom Mycelium,1.218,0.0012,705,True
P02727,Juice Bottle,Food,Bioplastic (PLA),0.25,0.0014,148,True
P02728,Juice Bottle,Food,Bioplastic (PLA),1.209,0.0003,522,True
P02729,Juice Bottle,Food,Mushroom Mycelium,1.463,0.0013,285,True
P02730,Juice Bottle,Food,Bamboo Fiber,0.429,0.0009,272,True
P02731,Juice Bottle,Food,Bioplastic (PLA),1.391,0.0004,449,True
P02732,Juice Bottle,Food,Recycled Cardboard,1.381,0.0005,455,True
P02733,Juice Bottle,Food,Recycled Cardboard,0.516,0.0003,421,True
P02734,Juice Bottle,Food,Bamboo Fiber,0.768,0.0008,165,True
P02735,Juice Bottle,Food,Bagasse,0.769,0.0011,227,True
P02736,Juice Bottle,Food,Mushroom Mycelium,0.967,0.0015,585,True
P02737,Juice Bottle,Food,Bagasse,0.517,0.0006,162,True
P02738,Juice Bottle,Food,Bagasse,0.965,0.001,705,True
P02739,Juice Bottle,Food,Bagasse,0.596,0.0007,381,True
P02740,Juice Bottle,Food,Recycled Cardboard,1.194,0.0015,276,True
P02741,Juice Bottle,Food,Bioplastic (PLA),0.687,0.0014,579,True
P02742,Juice Bottle,Food,Bagasse,0.919,0.0014,517,True
P02743,Juice Bottle,Food,Bagasse,0.666,0.0013,343,True
P02744,Juice Bottle,Food,Bamboo Fiber,0.299,0.0006,289,True
P02745,Juice Bottle,Food,Bagasse,0.703,0.0012,104,True
P02746,Juice Bottle,Food,Recycled Cardboard,0.409,0.0014,607,True
P02747,Juice Bottle,Food,Bamboo Fiber,0.421,0.0006,198,True
P02748,Juice Bottle,Food,Mushroom Mycelium,1.45,0.0006,415,True
P02749,Juice Bottle,Food,Mushroom Mycelium,1.399,0.0012,503,True
P02750,Juice Bottle,Food,Bamboo Fiber,1.011,0.0014,182,True
P02751,Juice Bottle,Food,Recycled Cardboard,1.23,0.0013,97,True
P02752,Juice Bottle,Food,Bioplastic (PLA),1.455,0.0006,174,True
P02753,Juice Bottle,Food,Mushroom Mycelium,0.446,0.0011,412,True
P02754,Juice Bottle,Food,Bamboo Fiber,1.234,0.0003,407,True
P02755,Juice Bottle,Food,Bagasse,0.957,0.0003,613,True
P02756,Juice Bottle,Food,Bioplastic (PLA),1.258,0.0013,88,True
P02757,Juice Bottle,Food,Recycled Cardboard,1.295,0.0006,255,True
P02758,Juice Bottle,Food,Mushroom Mycelium,1.101,0.0014,43,True
P02759,Juice Bottle,Food,Bamboo Fiber,0.779,0.0013,100,True
P02760,Juice Bottle,Food,Bioplastic (PLA),0.505,0.0013,587,True
P02761,Juice Bottle,Food,Mushroom Mycelium,1.277,0.0003,329,True
P02762,Juice Bottle,Food,Bioplastic (PLA),0.818,0.0009,631,True
P02763,Juice Bottle,Food,Bioplastic (PLA),0.927,0.0006,528,True
P02764,Juice Bottle,Food,Recycled Cardboard,1.23,0.0003,58,True
P02765,Juice Bottle,Food,Bamboo Fiber,0.309,0.0003,100,True
P02766,Juice Bottle,Food,Bagasse,0.989,0.0014,410,True
P02767,Juice Bottle,Food,Mushroom Mycelium,1.178,0.0008,503,True
P02768,Juice Bottle,Food,Bagasse,0.769,0.0004,243,True
P02769,Juice Bottle,Food,Recycled Cardboard,0.839,0.0005,641,True
P02770,Juice Bottle,Food,Bamboo Fiber,0.298,0.0008,484,True
P02771,Juice Bottle,Food,Bamboo Fiber,0.76,0.0008,697,True
P02772,Juice Bottle,Food,Bagasse,0.858,0.0011,536,True
P02773,Juice Bottle,Food,Mushroom Mycelium,0.4,0.0007,158,True
P02774,Juice Bottle,Food,Bagasse,0.253,0.0014,480,True
P02775,Juice Bottle,Food,Bioplastic (PLA),0.344,0.0003,564,True
P02776,Juice Bottle,Food,Recycled Cardboard,0.503,0.0009,452,True
P02777,Juice Bottle,Food,Bagasse,0.641,0.0006,713,True
P02778,Juice Bottle,Food,Mushroom Mycelium,1.219,0.0013,672,True
P02779,Juice Bottle,Food,Bagasse,1.43,0.0004,292,True
P02780,Juice Bottle,Food,Bagasse,0.532,0.0013,665,True
P02781,Juice Bottle,Food,Mushroom Mycelium,0.956,0.0005,124,True
P02782,Juice Bottle,Food,Bagasse,1.3,0.0005,245,True
P02783,Juice Bottle,Food,Bioplastic (PLA),0.622,0.001,295,True
P02784,Juice Bottle,Food,Bagasse,0.543,0.0011,49,True
P02785,Juice Bottle,Food,Bamboo Fiber,0.66,0.0014,545,True
P02786,Juice Bottle,Food,Recycled Cardboard,1.206,0.0007,198,True
P02787,Juice Bottle,Food,Bamboo Fiber,1.064,0.0008,370,True
P02788,Juice Bottle,Food,Bioplastic (PLA),1.491,0.0007,331,True
P02789,Juice Bottle,Food,Bagasse,0.341,0.0008,576,True
P02790,Juice Bottle,Food,Mushroom Mycelium,1.475,0.0008,44,True
P02791,Juice Bottle,Food,Bamboo Fiber,1.233,0.0004,646,True
P02792,Juice Bottle,Food,Bioplastic (PLA),1.079,0.0005,679,True
P02793,Juice Bottle,Food,Mushroom Mycelium,1.1,0.0014,339,True
P02794,Juice Bottle,Food,Bagasse,0.787,0.0012,241,True
P02795,Juice Bottle,Food,Mushroom Mycelium,1.084,0.0015,380,True
P02796,Juice Bottle,Food,Recycled Cardboard,0.429,0.0015,726,True
P02797,Juice Bottle,Food,Bioplastic (PLA),1.471,0.001,51,True
P02798,Juice Bottle,Food,Bagasse,0.969,0.0014,420,True
P02799,Juice Bottle,Food,Bioplastic (PLA),0.587,0.0006,71,True
P02800,Juice Bottle,Food,Bioplastic (PLA),0.4,0.0004,692,True
P02801,Juice Bottle,Food,Mushroom Mycelium,0.957,0.0008,565,True
P02802,Juice Bottle,Food,Mushroom Mycelium,0.485,0.001,512,True
P02803,Juice Bottle,Food,Bioplastic (PLA),1.328,0.0004,722,True
P02804,Juice Bottle,Food,Mushroom Mycelium,1.038,0.0005,691,True
P02805,Juice Bottle,Food,Mushroom Mycelium,0.37,0.0009,280,True
P02806,Juice Bottle,Food,Bagasse,0.816,0.0012,255,True
P02807,Juice Bottle,Food,Mushroom Mycelium,0.735,0.0004,342,True
P02808,Juice Bottle,Food,Mushroom Mycelium,1.261,0.0005,66,True
P02809,Juice Bottle,Food,Recycled Cardboard,0.653,0.0005,209,True
P02810,Juice Bottle,Food,Bagasse,1.379,0.0011,73,True
P02811,Juice Bottle,Food,Recycled Cardboard,1.278,0.0012,621,True
P02812,Juice Bottle,Food,Bioplastic (PLA),0.907,0.0012,577,True
P02813,Juice Bottle,Food,Bagasse,0.878,0.0013,215,True
P02814,Juice Bottle,Food,Bamboo Fiber,1.471,0.0007,327,True
P02815,Juice Bottle,Food,Recycled Cardboard,1.19,0.0008,418,True
P02816,Juice Bottle,Food,Bagasse,1.472,0.0006,151,True
P02817,Juice Bottle,Food,Recycled Cardboard,0.749,0.0014,133,True
P02818,Juice Bottle,Food,Bamboo Fiber,0.295,0.0006,83,True
P02819,Juice Bottle,Food,Bamboo Fiber,1.227,0.0015,198,True
P02820,Juice Bottle,Food,Mushroom Mycelium,1.275,0.0005,104,True
P02821,Juice Bottle,Food,Bamboo Fiber,0.721,0.0009,179,True
P02822,Juice Bottle,Food,Mushroom Mycelium,0.803,0.0004,228,True
P02823,Juice Bottle,Food,Bioplastic (PLA),1.091,0.0007,509,True
P02824,Juice Bottle,Food,Recycled Cardboard,1.186,0.001,590,True
P02825,Juice Bottle,Food,Bioplastic (PLA),1.446,0.0014,155,True
P02826,Juice Bottle,Food,Bagasse,0.33,0.0014,55,True
P02827,Juice Bottle,Food,Recycled Cardboard,1.454,0.001,359,True
P02828,Juice Bottle,Food,Bamboo Fiber,1.079,0.0014,385,True
P02829,Juice Bottle,Food,Bamboo Fiber,1.209,0.0014,385,True
P02830,Juice Bottle,Food,Bagasse,1.038,0.0011,397,True
P02831,Juice Bottle,Food,Bagasse,0.37,0.0014,410,True
P02832,Juice Bottle,Food,Bioplastic (PLA),1.102,0.0013,488,True
P02833,Juice Bottle,Food,Recycled Cardboard,0.381,0.0011,125,True
P02834,Juice Bottle,Food,Bamboo Fiber,0.672,0.0007,661,True
P02835,Juice Bottle,Food,Bamboo Fiber,0.824,0.0007,197,True
P02836,Juice Bottle,Food,Bioplastic (PLA),1.331,0.0013,286,True
P02837,Juice Bottle,Food,Recycled Cardboard,1.302,0.0006,413,True
P02838,Juice Bottle,Food,Mushroom Mycelium,0.705,0.0012,646,True
P02839,Juice Bottle,Food,Bioplastic (PLA),0.973,0.0014,526,True
P02840,Juice Bottle,Food,Recycled Cardboard,0.971,0.0014,680,True
P02841,Juice Bottle,Food,Bioplastic (PLA),0.785,0.001,459,True
P02842,Juice Bottle,Food,Bamboo Fiber,0.767,0.001,424,True
P02843,Juice Bottle,Food,Bamboo Fiber,0.904,0.0011,488,True
P02844,Juice Bottle,Food,Recycled Cardboard,0.449,0.0006,485,True
P02845,Juice Bottle,Food,Bamboo Fiber,0.561,0.0003,176,True
P02846,Juice Bottle,Food,Recycled Cardboard,1.483,0.0005,597,True
P02847,Juice Bottle,Food,Bioplastic (PLA),1.115,0.0011,261,True
P02848,Juice Bottle,Food,Bamboo Fiber,1.324,0.0014,296,True
P02849,Juice Bottle,Food,Recycled Cardboard,0.408,0.0006,558,True
P02850,Juice Bottle,Food,Bagasse,1.315,0.0013,63,True
P02851,Juice Bottle,Food,Bamboo Fiber,0.95,0.0008,146,True
P02852,Juice Bottle,Food,Bagasse,1.157,0.001,259,True
P02853,Juice Bottle,Food,Bamboo Fiber,0.711,0.0009,251,True
P02854,Juice Bottle,Food,Mushroom Mycelium,0.659,0.0003,590,True
P02855,Juice Bottle,Food,Bioplastic (PLA),1.373,0.0012,679,True
P02856,Juice Bottle,Food,Recycled Cardboard,0.286,0.0009,264,True
P02857,Juice Bottle,Food,Bamboo Fiber,0.573,0.001,91,True
P02858,Juice Bottle,Food,Recycled Cardboard,1.066,0.001,639,True
P02859,Juice Bottle,Food,Mushroom Mycelium,1.134,0.0003,547,True
P02860,Juice Bottle,Food,Recycled Cardboard,0.583,0.0004,212,True
P02861,Juice Bottle,Food,Recycled Cardboard,0.832,0.0014,403,True
P02862,Juice Bottle,Food,Mushroom Mycelium,0.393,0.0012,39,True
P02863,Juice Bottle,Food,Bagasse,1.482,0.0008,486,True
P02864,Juice Bottle,Food,Bagasse,0.671,0.0012,260,True
P02865,Juice Bottle,Food,Bamboo Fiber,0.619,0.0008,436,True
P02866,Juice Bottle,Food,Mushroom Mycelium,0.511,0.0013,450,True
P02867,Juice Bottle,Food,Mushroom Mycelium,0.984,0.0004,540,True
P02868,Juice Bottle,Food,Bagasse,0.979,0.0008,727,True
P02869,Juice Bottle,Food,Bamboo Fiber,1.047,0.0013,468,True
P02870,Juice Bottle,Food,Bagasse,1.114,0.0011,402,True
P02871,Juice Bottle,Food,Mushroom Mycelium,0.916,0.0012,599,True
P02872,Juice Bottle,Food,Bioplastic (PLA),0.895,0.0011,698,True
P02873,Juice Bottle,Food,Bamboo Fiber,1.42,0.001,513,True
P02874,Juice Bottle,Food,Bamboo Fiber,1.279,0.001,612,True
P02875,Juice Bottle,Food,Bagasse,0.561,0.0003,229,True
P02876,Juice Bottle,Food,Bagasse,0.255,0.0004,201,True
P02877,Juice Bottle,Food,Recycled Cardboard,0.919,0.0008,53,True
P02878,Juice Bottle,Food,Recycled Cardboard,0.484,0.0007,245,True
P02879,Juice Bottle,Food,Bamboo Fiber,1.382,0.0011,213,True
P02880,Juice Bottle,Food,Recycled Cardboard,1.158,0.0012,89,True
P02881,Juice Bottle,Food,Recycled Cardboard,0.857,0.0008,477,True
P02882,Juice Bottle,Food,Bamboo Fiber,0.676,0.0003,266,True
P02883,Juice Bottle,Food,Recycled Cardboard,1.06,0.0006,552,True
P02884,Juice Bottle,Food,Bioplastic (PLA),1.159,0.0008,379,True
P02885,Juice Bottle,Food,Recycled Cardboard,1.457,0.0013,269,True
P02886,Juice Bottle,Food,Recycled Cardboard,0.902,0.0004,638,True
P02887,Juice Bottle,Food,Bagasse,1.165,0.0012,89,True
P02888,Juice Bottle,Food,Bagasse,0.29,0.0014,38,True
P02889,Juice Bottle,Food,Mushroom Mycelium,0.604,0.0013,588,True
P02890,Juice Bottle,Food,Bamboo Fiber,0.8,0.001,668,True
P02891,Juice Bottle,Food,Bioplastic (PLA),0.715,0.0014,208,True
P02892,Juice Bottle,Food,Recycled Cardboard,0.638,0.0011,105,True
P02893,Juice Bottle,Food,Recycled Cardboard,1.199,0.0003,312,True
P02894,Juice Bottle,Food,Recycled Cardboard,0.45,0.0007,315,True
P02895,Juice Bottle,Food,Recycled Cardboard,0.521,0.0011,307,True
P02896,Juice Bottle,Food,Bamboo Fiber,1.133,0.0011,276,True
P02897,Juice Bottle,Food,Bagasse,0.963,0.0013,658,True
P02898,Juice Bottle,Food,Mushroom Mycelium,0.604,0.0013,252,True
P02899,Juice Bottle,Food,Recycled Cardboard,0.344,0.0013,713,True
P02900,Juice Bottle,Food,Recycled Cardboard,0.619,0.0012,402,True
P02901,Juice Bottle,Food,Mushroom Mycelium,1.312,0.0009,633,True
P02902,Juice Bottle,Food,Bamboo Fiber,0.818,0.0007,541,True
P02903,Juice Bottle,Food,Mushroom Mycelium,1.396,0.0015,132,True
P02904,Juice Bottle,Food,Recycled Cardboard,0.489,0.001,308,True
P02905,Juice Bottle,Food,Mushroom Mycelium,0.462,0.0014,580,True
P02906,Juice Bottle,Food,Bamboo Fiber,0.544,0.0006,722,True
P02907,Juice Bottle,Food,Bamboo Fiber,1.002,0.0009,120,True
P02908,Juice Bottle,Food,Recycled Cardboard,0.53,0.001,167,True
P02909,Juice Bottle,Food,Mushroom Mycelium,1.072,0.0006,710,True
P02910,Juice Bottle,Food,Bamboo Fiber,1.262,0.0014,686,True
P02911,Juice Bottle,Food,Bioplastic (PLA),1.215,0.0008,287,True
P02912,Juice Bottle,Food,Mushroom Mycelium,0.816,0.0012,651,True
P02913,Juice Bottle,Food,Mushroom Mycelium,1.304,0.001,241,True
P02914,Juice Bottle,Food,Bamboo Fiber,1.387,0.001,296,True
P02915,Juice Bottle,Food,Bamboo Fiber,1.31,0.0012,621,True
P02916,Juice Bottle,Food,Bagasse,0.654,0.0013,193,True
P02917,Juice Bottle,Food,Bagasse,0.284,0.0009,482,True
P02918,Juice Bottle,Food,Recycled Cardboard,0.596,0.0003,189,True
P02919,Juice Bottle,Food,Bioplastic (PLA),1.077,0.0008,177,True
P02920,Juice Bottle,Food,Bioplastic (PLA),1.336,0.0007,154,True
P02921,Juice Bottle,Food,Recycled Cardboard,1.315,0.0007,227,True
P02922,Juice Bottle,Food,Mushroom Mycelium,0.567,0.0003,178,True
P02923,Juice Bottle,Food,Bioplastic (PLA),0.887,0.0005,540,True
P02924,Juice Bottle,Food,Recycled Cardboard,0.739,0.001,141,True
P02925,Juice Bottle,Food,Mushroom Mycelium,0.78,0.0013,612,True
P02926,Juice Bottle,Food,Mushroom Mycelium,1.292,0.0006,345,True
P02927,Juice Bottle,Food,Bagasse,1.286,0.0003,175,True
P02928,Juice Bottle,Food,Bamboo Fiber,1.019,0.0008,414,True
P02929,Juice Bottle,Food,Bamboo Fiber,0.3,0.0014,568,True
P02930,Juice Bottle,Food,Mushroom Mycelium,1.208,0.0013,224,True
P02931,Juice Bottle,Food,Bamboo Fiber,1.191,0.0013,95,True
P02932,Juice Bottle,Food,Recycled Cardboard,0.379,0.0011,192,True
P02933,Juice Bottle,Food,Bamboo Fiber,0.267,0.0011,241,True
P02934,Juice Bottle,Food,Bagasse,1.132,0.0012,485,True
P02935,Juice Bottle,Food,Bamboo Fiber,0.398,0.0011,355,True
P02936,Juice Bottle,Food,Recycled Cardboard,1.479,0.0008,635,True
P02937,Juice Bottle,Food,Bamboo Fiber,0.806,0.001,708,True
P02938,Juice Bottle,Food,Mushroom Mycelium,1.196,0.0007,647,True
P02939,Juice Bottle,Food,Bamboo Fiber,1.2,0.0007,280,True
P02940,Juice Bottle,Food,Mushroom Mycelium,1.249,0.0007,329,True
P02941,Juice Bottle,Food,Recycled Cardboard,1.175,0.0006,523,True
P02942,Juice Bottle,Food,Bagasse,0.65,0.0009,586,True
P02943,Juice Bottle,Food,Mushroom Mycelium,1.1,0.0003,141,True
P02944,Juice Bottle,Food,Bamboo Fiber,0.787,0.0011,589,True
P02945,Juice Bottle,Food,Bioplastic (PLA),0.906,0.0015,453,True
P02946,Juice Bottle,Food,Bamboo Fiber,0.884,0.0004,542,True
P02947,Juice Bottle,Food,Mushroom Mycelium,0.667,0.0008,451,True
P02948,Juice Bottle,Food,Recycled Cardboard,0.835,0.0012,325,True
P02949,Juice Bottle,Food,Recycled Cardboard,1.248,0.0004,326,True
P02950,Juice Bottle,Food,Bamboo Fiber,0.717,0.0007,373,True
P02951,Juice Bottle,Food,Recycled Cardboard,0.31,0.0006,419,True
P02952,Juice Bottle,Food,Bioplastic (PLA),0.311,0.0008,589,True
P02953,Juice Bottle,Food,Recycled Cardboard,0.525,0.0007,668,True
P02954,Juice Bottle,Food,Recycled Cardboard,1.184,0.0005,47,True
P02955,Juice Bottle,Food,Mushroom Mycelium,0.569,0.001,200,True
P02956,Juice Bottle,Food,Bamboo Fiber,0.269,0.0007,422,True
P02957,Juice Bottle,Food,Bamboo Fiber,1.2,0.0009,263,True
P02958,Juice Bottle,Food,Recycled Cardboard,0.834,0.001,730,True
P02959,Juice Bottle,Food,Bamboo Fiber,0.313,0.0012,534,True
P02960,Juice Bottle,Food,Recycled Cardboard,0.496,0.0013,260,True
P02961,Juice Bottle,Food,Bioplastic (PLA),0.874,0.0012,442,True
P02962,Juice Bottle,Food,Bagasse,0.478,0.0005,374,True
P02963,Juice Bottle,Food,Bagasse,0.789,0.001,120,True
P02964,Juice Bottle,Food,Bamboo Fiber,1.33,0.0013,203,True
P02965,Juice Bottle,Food,Recycled Cardboard,1.123,0.0003,237,True
P02966,Juice Bottle,Food,Recycled Cardboard,1.483,0.0009,198,True
P02967,Juice Bottle,Food,Bagasse,0.902,0.0008,459,True
P02968,Juice Bottle,Food,Mushroom Mycelium,1.22,0.0005,56,True
P02969,Juice Bottle,Food,Bamboo Fiber,0.325,0.0003,525,True
P02970,Juice Bottle,Food,Mushroom Mycelium,0.718,0.0013,292,True
P02971,Juice Bottle,Food,Mushroom Mycelium,1.087,0.0007,371,True
P02972,Juice Bottle,Food,Recycled Cardboard,1.207,0.0009,246,True
P02973,Juice Bottle,Food,Bamboo Fiber,1.057,0.0006,590,True
P02974,Juice Bottle,Food,Recycled Cardboard,1.439,0.0014,126,True
P02975,Juice Bottle,Food,Bamboo Fiber,1.123,0.0004,670,True
P02976,Juice Bottle,Food,Bagasse,0.367,0.0013,210,True
P02977,Juice Bottle,Food,Bagasse,1.278,0.0004,604,True
P02978,Juice Bottle,Food,Mushroom Mycelium,0.921,0.0003,516,True
P02979,Juice Bottle,Food,Bioplastic (PLA),0.708,0.0011,625,True
P02980,Juice Bottle,Food,Bamboo Fiber,1.188,0.0013,428,True
P02981,Juice Bottle,Food,Bamboo Fiber,0.617,0.0013,625,True
P02982,Juice Bottle,Food,Recycled Cardboard,1.151,0.0008,89,True
P02983,Juice Bottle,Food,Bamboo Fiber,0.582,0.0006,182,True
P02984,Juice Bottle,Food,Bamboo Fiber,1.449,0.0007,655,True
P02985,Juice Bottle,Food,Mushroom Mycelium,0.68,0.0009,529,True
P02986,Juice Bottle,Food,Bamboo Fiber,1.365,0.0006,700,True
P02987,Juice Bottle,Food,Bamboo Fiber,1.31,0.0006,621,True
P02988,Juice Bottle,Food,Bioplastic (PLA),0.475,0.001,488,True
P02989,Juice Bottle,Food,Bioplastic (PLA),1.31,0.001,482,True
P02990,Juice Bottle,Food,Bioplastic (PLA),1.059,0.0006,478,True
P02991,Juice Bottle,Food,Mushroom Mycelium,1.436,0.0006,496,True
P02992,Juice Bottle,Food,Bioplastic (PLA),0.991,0.0003,342,True
P02993,Juice Bottle,Food,Bagasse,1.075,0.0013,425,True
P02994,Juice Bottle,Food,Bamboo Fiber,0.752,0.0003,672,True
P02995,Juice Bottle,Food,Recycled Cardboard,0.632,0.0005,647,True
P02996,Juice Bottle,Food,Bamboo Fiber,0.462,0.0012,365,True
P02997,Juice Bottle,Food,Bagasse,0.345,0.0006,572,True
P02998,Juice Bottle,Food,Bioplastic (PLA),0.819,0.0012,410,True
P02999,Juice Bottle,Food,Bagasse,1.113,0.0014,726,True
P03000,Juice Bottle,Food,Bioplastic (PLA),0.586,0.0009,655,True
P03001,Snack Pack,Food,Bioplastic (PLA),0.149,0.0001,137,True
P03002,Snack Pack,Food,Bagasse,0.178,0.0005,138,True
P03003,Snack Pack,Food,Bagasse,0.053,0.0001,657,True
P03004,Snack Pack,Food,Bagasse,0.333,0.0003,474,True
P03005,Snack Pack,Food,Recycled Cardboard,0.421,0.0004,713,True
P03006,Snack Pack,Food,Mushroom Mycelium,0.272,0.0001,429,True
P03007,Snack Pack,Food,Mushroom Mycelium,0.197,0.0003,144,True
P03008,Snack Pack,Food,Recycled Cardboard,0.342,0.0005,365,True
P03009,Snack Pack,Food,Mushroom Mycelium,0.468,0.0001,500,True
P03010,Snack Pack,Food,Recycled Cardboard,0.162,0.0002,343,True
P03011,Snack Pack,Food,Recycled Cardboard,0.401,0.0002,167,True
P03012,Snack Pack,Food,Mushroom Mycelium,0.417,0.0002,371,True
P03013,Snack Pack,Food,Mushroom Mycelium,0.199,0.0003,561,True
P03014,Snack Pack,Food,Mushroom Mycelium,0.452,0.0004,148,True
P03015,Snack Pack,Food,Bamboo Fiber,0.193,0.0003,590,True
P03016,Snack Pack,Food,Mushroom Mycelium,0.48,0.0004,523,True
P03017,Snack Pack,Food,Bioplastic (PLA),0.122,0.0001,315,True
P03018,Snack Pack,Food,Recycled Cardboard,0.397,0.0001,168,True
P03019,Snack Pack,Food,Recycled Cardboard,0.187,0.0003,258,True
P03020,Snack Pack,Food,Bioplastic (PLA),0.26,0.0004,477,True
P03021,Snack Pack,Food,Mushroom Mycelium,0.323,0.0004,77,True
P03022,Snack Pack,Food,Bamboo Fiber,0.087,0.0002,242,True
P03023,Snack Pack,Food,Mushroom Mycelium,0.135,0.0002,686,True
P03024,Snack Pack,Food,Bamboo Fiber,0.414,0.0005,594,True
P03025,Snack Pack,Food,Bagasse,0.211,0.0002,291,True
P03026,Snack Pack,Food,Mushroom Mycelium,0.495,0.0003,238,True
P03027,Snack Pack,Food,Mushroom Mycelium,0.275,0.0004,112,True
P03028,Snack Pack,Food,Bamboo Fiber,0.461,0.0004,63,True
P03029,Snack Pack,Food,Recycled Cardboard,0.203,0.0003,583,True
P03030,Snack Pack,Food,Bioplastic (PLA),0.455,0.0003,202,True
P03031,Snack Pack,Food,Mushroom Mycelium,0.345,0.0003,317,True
P03032,Snack Pack,Food,Bioplastic (PLA),0.227,0.0001,238,True
P03033,Snack Pack,Food,Bioplastic (PLA),0.398,0.0002,286,True
P03034,Snack Pack,Food,Bamboo Fiber,0.375,0.0002,362,True
P03035,Snack Pack,Food,Bioplastic (PLA),0.401,0.0002,79,True
P03036,Snack Pack,Food,Recycled Cardboard,0.326,0.0002,121,True
P03037,Snack Pack,Food,Recycled Cardboard,0.46,0.0001,568,True
P03038,Snack Pack,Food,Bamboo Fiber,0.473,0.0001,642,True
P03039,Snack Pack,Food,Bagasse,0.415,0.0003,498,True
P03040,Snack Pack,Food,Mushroom Mycelium,0.347,0.0003,415,True
P03041,Snack Pack,Food,Mushroom Mycelium,0.186,0.0003,273,True
P03042,Snack Pack,Food,Recycled Cardboard,0.287,0.0005,293,True
P03043,Snack Pack,Food,Bioplastic (PLA),0.064,0.0002,401,True
P03044,Snack Pack,Food,Bagasse,0.495,0.0001,35,True
P03045,Snack Pack,Food,Bioplastic (PLA),0.174,0.0002,329,True
P03046,Snack Pack,Food,Bamboo Fiber,0.19,0.0004,149,True
P03047,Snack Pack,Food,Mushroom Mycelium,0.227,0.0003,422,True
P03048,Snack Pack,Food,Bioplastic (PLA),0.498,0.0002,507,True
P03049,Snack Pack,Food,Bamboo Fiber,0.103,0.0001,342,True
P03050,Snack Pack,Food,Bagasse,0.086,0.0003,575,True
P03051,Snack Pack,Food,Recycled Cardboard,0.239,0.0002,562,True
P03052,Snack Pack,Food,Recycled Cardboard,0.424,0.0002,693,True
P03053,Snack Pack,Food,Bagasse,0.206,0.0002,40,True
P03054,Snack Pack,Food,Bamboo Fiber,0.057,0.0003,261,True
P03055,Snack Pack,Food,Mushroom Mycelium,0.375,0.0004,85,True
P03056,Snack Pack,Food,Bamboo Fiber,0.21,0.0001,204,True
P03057,Snack Pack,Food,Mushroom Mycelium,0.196,0.0001,724,True
P03058,Snack Pack,Food,Recycled Cardboard,0.426,0.0002,627,True
P03059,Snack Pack,Food,Recycled Cardboard,0.185,0.0003,252,True
P03060,Snack Pack,Food,Bagasse,0.378,0.0003,649,True
P03061,Snack Pack,Food,Bamboo Fiber,0.402,0.0001,580,True
P03062,Snack Pack,Food,Mushroom Mycelium,0.439,0.0005,76,True
P03063,Snack Pack,Food,Bagasse,0.06,0.0003,670,True
P03064,Snack Pack,Food,Bioplastic (PLA),0.41,0.0001,202,True
P03065,Snack Pack,Food,Bioplastic (PLA),0.478,0.0004,373,True
P03066,Snack Pack,Food,Mushroom Mycelium,0.329,0.0005,491,True
P03067,Snack Pack,Food,Bagasse,0.177,0.0003,134,True
P03068,Snack Pack,Food,Recycled Cardboard,0.353,0.0005,135,True
P03069,Snack Pack,Food,Bagasse,0.327,0.0005,612,True
P03070,Snack Pack,Food,Recycled Cardboard,0.077,0.0002,531,True
P03071,Snack Pack,Food,Mushroom Mycelium,0.312,0.0003,399,True
P03072,Snack Pack,Food,Recycled Cardboard,0.208,0.0003,298,True
P03073,Snack Pack,Food,Recycled Cardboard,0.239,0.0003,514,True
P03074,Snack Pack,Food,Bioplastic (PLA),0.426,0.0005,377,True
P03075,Snack Pack,Food,Bamboo Fiber,0.203,0.0004,252,True
P03076,Snack Pack,Food,Bamboo Fiber,0.323,0.0003,649,True
P03077,Snack Pack,Food,Bioplastic (PLA),0.341,0.0004,724,True
P03078,Snack Pack,Food,Bamboo Fiber,0.131,0.0005,478,True
P03079,Snack Pack,Food,Bagasse,0.088,0.0003,247,True
P03080,Snack Pack,Food,Bioplastic (PLA),0.301,0.0004,464,True
P03081,Snack Pack,Food,Recycled Cardboard,0.234,0.0004,708,True
P03082,Snack Pack,Food,Bamboo Fiber,0.055,0.0001,373,True
P03083,Snack Pack,Food,Bioplastic (PLA),0.415,0.0002,446,True
P03084,Snack Pack,Food,Mushroom Mycelium,0.069,0.0005,137,True
P03085,Snack Pack,Food,Recycled Cardboard,0.241,0.0004,666,True
P03086,Snack Pack,Food,Bioplastic (PLA),0.398,0.0003,144,True
P03087,Snack Pack,Food,Recycled Cardboard,0.2,0.0001,475,True
P03088,Snack Pack,Food,Bioplastic (PLA),0.166,0.0003,157,True
P03089,Snack Pack,Food,Mushroom Mycelium,0.251,0.0001,657,True
P03090,Snack Pack,Food,Mushroom Mycelium,0.339,0.0003,301,True
P03091,Snack Pack,Food,Bioplastic (PLA),0.404,0.0003,316,True
P03092,Snack Pack,Food,Bamboo Fiber,0.208,0.0004,720,True
P03093,Snack Pack,Food,Recycled Cardboard,0.338,0.0003,81,True
P03094,Snack Pack,Food,Bioplastic (PLA),0.444,0.0001,314,True
P03095,Snack Pack,Food,Bioplastic (PLA),0.333,0.0003,104,True
P03096,Snack Pack,Food,Bagasse,0.148,0.0004,666,True
P03097,Snack Pack,Food,Recycled Cardboard,0.307,0.0004,416,True
P03098,Snack Pack,Food,Recycled Cardboard,0.286,0.0003,622,True
P03099,Snack Pack,Food,Recycled Cardboard,0.401,0.0002,701,True
P03100,Snack Pack,Food,Bagasse,0.311,0.0004,82,True
P03101,Snack Pack,Food,Bagasse,0.247,0.0001,189,True
P03102,Snack Pack,Food,Bagasse,0.379,0.0002,649,True
P03103,Snack Pack,Food,Bioplastic (PLA),0.27,0.0001,589,True
P03104,Snack Pack,Food,Bioplastic (PLA),0.495,0.0001,653,True
P03105,Snack Pack,Food,Recycled Cardboard,0.43,0.0001,169,True
P03106,Snack Pack,Food,Recycled Cardboard,0.252,0.0001,74,True
P03107,Snack Pack,Food,Bagasse,0.382,0.0004,216,True
P03108,Snack Pack,Food,Mushroom Mycelium,0.141,0.0001,470,True
P03109,Snack Pack,Food,Mushroom Mycelium,0.45,0.0002,492,True
P03110,Snack Pack,Food,Recycled Cardboard,0.116,0.0003,353,True
P03111,Snack Pack,Food,Bioplastic (PLA),0.338,0.0002,658,True
P03112,Snack Pack,Food,Bagasse,0.076,0.0005,100,True
P03113,Snack Pack,Food,Mushroom Mycelium,0.212,0.0001,363,True
P03114,Snack Pack,Food,Bagasse,0.064,0.0001,80,True
P03115,Snack Pack,Food,Bioplastic (PLA),0.305,0.0004,463,True
P03116,Snack Pack,Food,Bioplastic (PLA),0.23,0.0001,136,True
P03117,Snack Pack,Food,Bagasse,0.495,0.0004,542,True
P03118,Snack Pack,Food,Mushroom Mycelium,0.131,0.0004,730,True
P03119,Snack Pack,Food,Mushroom Mycelium,0.121,0.0003,216,True
P03120,Snack Pack,Food,Mushroom Mycelium,0.421,0.0005,513,True
P03121,Snack Pack,Food,Recycled Cardboard,0.328,0.0001,682,True
P03122,Snack Pack,Food,Bamboo Fiber,0.377,0.0003,520,True
P03123,Snack Pack,Food,Recycled Cardboard,0.206,0.0002,383,True
P03124,Snack Pack,Food,Recycled Cardboard,0.068,0.0002,632,True
P03125,Snack Pack,Food,Bagasse,0.051,0.0004,596,True
P03126,Snack Pack,Food,Bioplastic (PLA),0.364,0.0002,303,True
P03127,Snack Pack,Food,Mushroom Mycelium,0.229,0.0002,396,True
P03128,Snack Pack,Food,Bioplastic (PLA),0.198,0.0005,522,True
P03129,Snack Pack,Food,Bagasse,0.452,0.0001,193,True
P03130,Snack Pack,Food,Bioplastic (PLA),0.215,0.0005,600,True
P03131,Snack Pack,Food,Bamboo Fiber,0.455,0.0001,622,True
P03132,Snack Pack,Food,Bioplastic (PLA),0.248,0.0001,275,True
P03133,Snack Pack,Food,Bamboo Fiber,0.108,0.0001,178,True
P03134,Snack Pack,Food,Bagasse,0.479,0.0002,522,True
P03135,Snack Pack,Food,Mushroom Mycelium,0.116,0.0002,195,True
P03136,Snack Pack,Food,Bamboo Fiber,0.213,0.0003,103,True
P03137,Snack Pack,Food,Recycled Cardboard,0.099,0.0004,127,True
P03138,Snack Pack,Food,Bamboo Fiber,0.457,0.0003,204,True
P03139,Snack Pack,Food,Mushroom Mycelium,0.089,0.0002,609,True
P03140,Snack Pack,Food,Bamboo Fiber,0.315,0.0004,302,True
P03141,Snack Pack,Food,Mushroom Mycelium,0.474,0.0002,353,True
P03142,Snack Pack,Food,Mushroom Mycelium,0.417,0.0002,250,True
P03143,Snack Pack,Food,Bioplastic (PLA),0.278,0.0003,240,True
P03144,Snack Pack,Food,Recycled Cardboard,0.16,0.0004,289,True
P03145,Snack Pack,Food,Bagasse,0.467,0.0003,655,True
P03146,Snack Pack,Food,Bagasse,0.29,0.0002,680,True
P03147,Snack Pack,Food,Bioplastic (PLA),0.332,0.0005,235,True
P03148,Snack Pack,Food,Recycled Cardboard,0.166,0.0001,264,True
P03149,Snack Pack,Food,Mushroom Mycelium,0.479,0.0002,153,True
P03150,Snack Pack,Food,Recycled Cardboard,0.443,0.0002,425,True
P03151,Snack Pack,Food,Bioplastic (PLA),0.496,0.0004,450,True
P03152,Snack Pack,Food,Bamboo Fiber,0.149,0.0003,189,True
P03153,Snack Pack,Food,Bagasse,0.25,0.0003,623,True
P03154,Snack Pack,Food,Recycled Cardboard,0.22,0.0004,258,True
P03155,Snack Pack,Food,Recycled Cardboard,0.1,0.0003,202,True
P03156,Snack Pack,Food,Bamboo Fiber,0.383,0.0003,493,True
P03157,Snack Pack,Food,Bioplastic (PLA),0.384,0.0001,109,True
P03158,Snack Pack,Food,Bamboo Fiber,0.075,0.0003,671,True
P03159,Snack Pack,Food,Recycled Cardboard,0.382,0.0005,482,True
P03160,Snack Pack,Food,Bamboo Fiber,0.422,0.0005,262,True
P03161,Snack Pack,Food,Mushroom Mycelium,0.166,0.0003,500,True
P03162,Snack Pack,Food,Mushroom Mycelium,0.353,0.0001,88,True
P03163,Snack Pack,Food,Bagasse,0.137,0.0001,636,True
P03164,Snack Pack,Food,Bioplastic (PLA),0.17,0.0001,610,True
P03165,Snack Pack,Food,Recycled Cardboard,0.436,0.0003,151,True
P03166,Snack Pack,Food,Bagasse,0.397,0.0003,149,True
P03167,Snack Pack,Food,Bagasse,0.41,0.0001,401,True
P03168,Snack Pack,Food,Bamboo Fiber,0.076,0.0003,146,True
P03169,Snack Pack,Food,Recycled Cardboard,0.414,0.0004,431,True
P03170,Snack Pack,Food,Bagasse,0.389,0.0004,398,True
P03171,Snack Pack,Food,Bagasse,0.487,0.0003,677,True
P03172,Snack Pack,Food,Bagasse,0.057,0.0002,587,True
P03173,Snack Pack,Food,Bamboo Fiber,0.402,0.0005,255,True
P03174,Snack Pack,Food,Bamboo Fiber,0.411,0.0004,296,True
P03175,Snack Pack,Food,Bioplastic (PLA),0.237,0.0003,679,True
P03176,Snack Pack,Food,Bamboo Fiber,0.102,0.0001,129,True
P03177,Snack Pack,Food,Bamboo Fiber,0.403,0.0002,231,True
P03178,Snack Pack,Food,Bioplastic (PLA),0.439,0.0001,407,True
P03179,Snack Pack,Food,Bagasse,0.323,0.0002,107,True
P03180,Snack Pack,Food,Bioplastic (PLA),0.379,0.0003,268,True
P03181,Snack Pack,Food,Bioplastic (PLA),0.394,0.0003,578,True
P03182,Snack Pack,Food,Bagasse,0.339,0.0001,355,True
P03183,Snack Pack,Food,Mushroom Mycelium,0.237,0.0001,67,True
P03184,Snack Pack,Food,Mushroom Mycelium,0.18,0.0004,456,True
P03185,Snack Pack,Food,Bamboo Fiber,0.145,0.0004,75,True
P03186,Snack Pack,Food,Bioplastic (PLA),0.221,0.0002,649,True
P03187,Snack Pack,Food,Bioplastic (PLA),0.244,0.0002,698,True
P03188,Snack Pack,Food,Bamboo Fiber,0.106,0.0002,515,True
P03189,Snack Pack,Food,Bagasse,0.07,0.0002,623,True
P03190,Snack Pack,Food,Bagasse,0.363,0.0004,86,True
P03191,Snack Pack,Food,Mushroom Mycelium,0.216,0.0002,663,True
P03192,Snack Pack,Food,Bamboo Fiber,0.079,0.0002,215,True
P03193,Snack Pack,Food,Recycled Cardboard,0.079,0.0005,709,True
P03194,Snack Pack,Food,Mushroom Mycelium,0.32,0.0001,251,True
P03195,Snack Pack,Food,Bagasse,0.379,0.0005,397,True
P03196,Snack Pack,Food,Bioplastic (PLA),0.157,0.0001,403,True
P03197,Snack Pack,Food,Bioplastic (PLA),0.337,0.0001,467,True
P03198,Snack Pack,Food,Mushroom Mycelium,0.198,0.0004,366,True
P03199,Snack Pack,Food,Bagasse,0.356,0.0003,297,True
P03200,Snack Pack,Food,Recycled Cardboard,0.127,0.0002,650,True
P03201,Snack Pack,Food,Bamboo Fiber,0.072,0.0004,601,True
P03202,Snack Pack,Food,Mushroom Mycelium,0.475,0.0001,51,True
P03203,Snack Pack,Food,Bioplastic (PLA),0.23,0.0001,498,True
P03204,Snack Pack,Food,Bagasse,0.423,0.0003,499,True
P03205,Snack Pack,Food,Bioplastic (PLA),0.318,0.0005,177,True
P03206,Snack Pack,Food,Bioplastic (PLA),0.163,0.0003,112,True
P03207,Snack Pack,Food,Bagasse,0.377,0.0004,129,True
P03208,Snack Pack,Food,Bamboo Fiber,0.364,0.0001,519,True
P03209,Snack Pack,Food,Mushroom Mycelium,0.076,0.0001,402,True
P03210,Snack Pack,Food,Recycled Cardboard,0.206,0.0003,536,True
P03211,Snack Pack,Food,Mushroom Mycelium,0.489,0.0004,509,True
P03212,Snack Pack,Food,Bamboo Fiber,0.293,0.0001,682,True
P03213,Snack Pack,Food,Recycled Cardboard,0.407,0.0002,37,True
P03214,Snack Pack,Food,Recycled Cardboard,0.409,0.0003,174,True
P03215,Snack Pack,Food,Bagasse,0.198,0.0002,170,True
P03216,Snack Pack,Food,Bagasse,0.393,0.0003,716,True
P03217,Snack Pack,Food,Bioplastic (PLA),0.359,0.0001,547,True
P03218,Snack Pack,Food,Mushroom Mycelium,0.357,0.0001,159,True
P03219,Snack Pack,Food,Mushroom Mycelium,0.325,0.0002,437,True
P03220,Snack Pack,Food,Recycled Cardboard,0.375,0.0004,519,True
P03221,Snack Pack,Food,Bioplastic (PLA),0.325,0.0002,716,True
P03222,Snack Pack,Food,Bamboo Fiber,0.153,0.0001,623,True
P03223,Snack Pack,Food,Bamboo Fiber,0.083,0.0001,429,True
P03224,Snack Pack,Food,Recycled Cardboard,0.172,0.0005,428,True
P03225,Snack Pack,Food,Mushroom Mycelium,0.492,0.0004,238,True
P03226,Snack Pack,Food,Bamboo Fiber,0.193,0.0004,275,True
P03227,Snack Pack,Food,Bioplastic (PLA),0.157,0.0004,454,True
P03228,Snack Pack,Food,Bioplastic (PLA),0.394,0.0001,226,True
P03229,Snack Pack,Food,Bagasse,0.223,0.0003,105,True
P03230,Snack Pack,Food,Bagasse,0.445,0.0003,617,True
P03231,Snack Pack,Food,Bamboo Fiber,0.376,0.0005,654,True
P03232,Snack Pack,Food,Bagasse,0.487,0.0002,390,True
P03233,Snack Pack,Food,Bamboo Fiber,0.141,0.0002,284,True
P03234,Snack Pack,Food,Recycled Cardboard,0.388,0.0001,326,True
P03235,Snack Pack,Food,Recycled Cardboard,0.202,0.0003,511,True
P03236,Snack Pack,Food,Recycled Cardboard,0.08,0.0001,353,True
P03237,Snack Pack,Food,Bamboo Fiber,0.165,0.0001,244,True
P03238,Snack Pack,Food,Bagasse,0.183,0.0003,555,True
P03239,Snack Pack,Food,Mushroom Mycelium,0.311,0.0002,244,True
P03240,Snack Pack,Food,Recycled Cardboard,0.346,0.0004,594,True
P03241,Snack Pack,Food,Mushroom Mycelium,0.362,0.0001,236,True
P03242,Snack Pack,Food,Bagasse,0.216,0.0002,315,True
P03243,Snack Pack,Food,Mushroom Mycelium,0.157,0.0003,607,True
P03244,Snack Pack,Food,Bioplastic (PLA),0.203,0.0004,542,True
P03245,Snack Pack,Food,Mushroom Mycelium,0.17,0.0003,504,True
P03246,Snack Pack,Food,Recycled Cardboard,0.18,0.0002,507,True
P03247,Snack Pack,Food,Mushroom Mycelium,0.26,0.0004,152,True
P03248,Snack Pack,Food,Bagasse,0.321,0.0004,254,True
P03249,Snack Pack,Food,Mushroom Mycelium,0.114,0.0005,528,True
P03250,Snack Pack,Food,Bioplastic (PLA),0.147,0.0005,120,True
P03251,Snack Pack,Food,Mushroom Mycelium,0.333,0.0003,342,True
P03252,Snack Pack,Food,Bamboo Fiber,0.12,0.0001,195,True
P03253,Snack Pack,Food,Recycled Cardboard,0.245,0.0003,639,True
P03254,Snack Pack,Food,Bagasse,0.204,0.0001,566,True
P03255,Snack Pack,Food,Recycled Cardboard,0.387,0.0003,702,True
P03256,Snack Pack,Food,Recycled Cardboard,0.323,0.0002,62,True
P03257,Snack Pack,Food,Recycled Cardboard,0.37,0.0001,193,True
P03258,Snack Pack,Food,Bamboo Fiber,0.419,0.0001,173,True
P03259,Snack Pack,Food,Bagasse,0.415,0.0001,656,True
P03260,Snack Pack,Food,Recycled Cardboard,0.144,0.0004,33,True
P03261,Snack Pack,Food,Bagasse,0.435,0.0004,361,True
P03262,Snack Pack,Food,Recycled Cardboard,0.242,0.0005,483,True
P03263,Snack Pack,Food,Bioplastic (PLA),0.494,0.0003,550,True
P03264,Snack Pack,Food,Mushroom Mycelium,0.357,0.0003,462,True
P03265,Snack Pack,Food,Bagasse,0.052,0.0004,272,True
P03266,Snack Pack,Food,Recycled Cardboard,0.485,0.0005,91,True
P03267,Snack Pack,Food,Bioplastic (PLA),0.475,0.0002,476,True
P03268,Snack Pack,Food,Bagasse,0.157,0.0003,589,True
P03269,Snack Pack,Food,Mushroom Mycelium,0.453,0.0004,435,True
P03270,Snack Pack,Food,Bioplastic (PLA),0.345,0.0002,690,True
P03271,Snack Pack,Food,Bagasse,0.281,0.0003,678,True
P03272,Snack Pack,Food,Bagasse,0.063,0.0005,530,True
P03273,Snack Pack,Food,Mushroom Mycelium,0.421,0.0002,509,True
P03274,Snack Pack,Food,Recycled Cardboard,0.052,0.0004,126,True
P03275,Snack Pack,Food,Bagasse,0.266,0.0004,205,True
P03276,Snack Pack,Food,Bioplastic (PLA),0.168,0.0001,115,True
P03277,Snack Pack,Food,Recycled Cardboard,0.265,0.0003,584,True
P03278,Snack Pack,Food,Bagasse,0.374,0.0004,92,True
P03279,Snack Pack,Food,Recycled Cardboard,0.095,0.0002,634,True
P03280,Snack Pack,Food,Mushroom Mycelium,0.261,0.0003,372,True
P03281,Snack Pack,Food,Recycled Cardboard,0.41,0.0004,395,True
P03282,Snack Pack,Food,Bamboo Fiber,0.392,0.0002,84,True
P03283,Snack Pack,Food,Bamboo Fiber,0.278,0.0003,673,True
P03284,Snack Pack,Food,Bioplastic (PLA),0.078,0.0003,712,True
P03285,Snack Pack,Food,Bagasse,0.449,0.0001,538,True
P03286,Snack Pack,Food,Bioplastic (PLA),0.446,0.0003,604,True
P03287,Snack Pack,Food,Mushroom Mycelium,0.278,0.0001,215,True
P03288,Snack Pack,Food,Bioplastic (PLA),0.4,0.0004,109,True
P03289,Snack Pack,Food,Bagasse,0.416,0.0003,176,True
P03290,Snack Pack,Food,Mushroom Mycelium,0.192,0.0003,585,True
P03291,Snack Pack,Food,Recycled Cardboard,0.294,0.0003,398,True
P03292,Snack Pack,Food,Bioplastic (PLA),0.213,0.0002,591,True
P03293,Snack Pack,Food,Recycled Cardboard,0.374,0.0005,480,True
P03294,Snack Pack,Food,Bagasse,0.174,0.0003,271,True
P03295,Snack Pack,Food,Recycled Cardboard,0.251,0.0001,630,True
P03296,Snack Pack,Food,Bioplastic (PLA),0.396,0.0002,208,True
P03297,Snack Pack,Food,Bamboo Fiber,0.394,0.0001,92,True
P03298,Snack Pack,Food,Bioplastic (PLA),0.359,0.0004,669,True
P03299,Snack Pack,Food,Bagasse,0.348,0.0005,581,True
P03300,Snack Pack,Food,Bagasse,0.17,0.0001,403,True
P03301,Snack Pack,Food,Recycled Cardboard,0.103,0.0004,284,True
P03302,Snack Pack,Food,Bioplastic (PLA),0.144,0.0001,168,True
P03303,Snack Pack,Food,Bamboo Fiber,0.125,0.0003,481,True
P03304,Snack Pack,Food,Bioplastic (PLA),0.326,0.0003,197,True
P03305,Snack Pack,Food,Recycled Cardboard,0.219,0.0001,696,True
P03306,Snack Pack,Food,Bagasse,0.403,0.0002,638,True
P03307,Snack Pack,Food,Bamboo Fiber,0.462,0.0002,507,True
P03308,Snack Pack,Food,Recycled Cardboard,0.231,0.0004,673,True
P03309,Snack Pack,Food,Recycled Cardboard,0.214,0.0002,375,True
P03310,Snack Pack,Food,Bagasse,0.099,0.0003,158,True
P03311,Snack Pack,Food,Bagasse,0.184,0.0001,265,True
P03312,Snack Pack,Food,Mushroom Mycelium,0.217,0.0003,498,True
P03313,Snack Pack,Food,Bamboo Fiber,0.41,0.0004,544,True
P03314,Snack Pack,Food,Bagasse,0.256,0.0004,606,True
P03315,Snack Pack,Food,Bioplastic (PLA),0.208,0.0003,520,True
P03316,Snack Pack,Food,Bamboo Fiber,0.305,0.0002,468,True
P03317,Snack Pack,Food,Mushroom Mycelium,0.105,0.0003,323,True
P03318,Snack Pack,Food,Bamboo Fiber,0.062,0.0004,60,True
P03319,Snack Pack,Food,Bamboo Fiber,0.122,0.0001,175,True
P03320,Snack Pack,Food,Bioplastic (PLA),0.441,0.0004,108,True
P03321,Snack Pack,Food,Bioplastic (PLA),0.211,0.0003,603,True
P03322,Snack Pack,Food,Mushroom Mycelium,0.488,0.0003,117,True
P03323,Snack Pack,Food,Bagasse,0.472,0.0003,659,True
P03324,Snack Pack,Food,Bagasse,0.462,0.0003,209,True
P03325,Snack Pack,Food,Mushroom Mycelium,0.382,0.0003,356,True
P03326,Snack Pack,Food,Bamboo Fiber,0.355,0.0002,410,True
P03327,Snack Pack,Food,Bamboo Fiber,0.489,0.0001,182,True
P03328,Snack Pack,Food,Bioplastic (PLA),0.212,0.0003,115,True
P03329,Snack Pack,Food,Bamboo Fiber,0.212,0.0002,438,True
P03330,Snack Pack,Food,Mushroom Mycelium,0.267,0.0004,458,True
P03331,Snack Pack,Food,Recycled Cardboard,0.133,0.0002,702,True
P03332,Snack Pack,Food,Recycled Cardboard,0.293,0.0005,188,True
P03333,Snack Pack,Food,Bamboo Fiber,0.468,0.0003,61,True
P03334,Snack Pack,Food,Bamboo Fiber,0.225,0.0001,716,True
P03335,Snack Pack,Food,Bamboo Fiber,0.216,0.0002,479,True
P03336,Snack Pack,Food,Mushroom Mycelium,0.33,0.0001,66,True
P03337,Snack Pack,Food,Recycled Cardboard,0.473,0.0002,495,True
P03338,Snack Pack,Food,Bioplastic (PLA),0.369,0.0004,395,True
P03339,Snack Pack,Food,Mushroom Mycelium,0.435,0.0003,272,True
P03340,Snack Pack,Food,Bamboo Fiber,0.395,0.0001,272,True
P03341,Snack Pack,Food,Recycled Cardboard,0.196,0.0003,616,True
P03342,Snack Pack,Food,Recycled Cardboard,0.136,0.0001,648,True
P03343,Snack Pack,Food,Recycled Cardboard,0.208,0.0003,628,True
P03344,Snack Pack,Food,Bagasse,0.194,0.0001,74,True
P03345,Snack Pack,Food,Bagasse,0.426,0.0003,103,True
P03346,Snack Pack,Food,Bamboo Fiber,0.426,0.0004,669,True
P03347,Snack Pack,Food,Recycled Cardboard,0.435,0.0005,465,True
P03348,Snack Pack,Food,Mushroom Mycelium,0.256,0.0003,421,True
P03349,Snack Pack,Food,Bamboo Fiber,0.382,0.0004,707,True
P03350,Snack Pack,Food,Mushroom Mycelium,0.382,0.0004,235,True
P03351,Snack Pack,Food,Bioplastic (PLA),0.146,0.0005,704,True
P03352,Snack Pack,Food,Mushroom Mycelium,0.182,0.0004,501,True
P03353,Snack Pack,Food,Mushroom Mycelium,0.406,0.0001,65,True
P03354,Snack Pack,Food,Bioplastic (PLA),0.339,0.0002,144,True
P03355,Snack Pack,Food,Bamboo Fiber,0.444,0.0003,448,True
P03356,Snack Pack,Food,Bagasse,0.205,0.0003,307,True
P03357,Snack Pack,Food,Recycled Cardboard,0.492,0.0003,606,True
P03358,Snack Pack,Food,Bioplastic (PLA),0.107,0.0001,370,True
P03359,Snack Pack,Food,Bioplastic (PLA),0.494,0.0004,258,True
P03360,Snack Pack,Food,Bamboo Fiber,0.131,0.0001,87,True
P03361,Snack Pack,Food,Mushroom Mycelium,0.422,0.0004,89,True
P03362,Snack Pack,Food,Bioplastic (PLA),0.296,0.0003,680,True
P03363,Snack Pack,Food,Bamboo Fiber,0.224,0.0001,174,True
P03364,Snack Pack,Food,Bioplastic (PLA),0.395,0.0001,709,True
P03365,Snack Pack,Food,Bioplastic (PLA),0.199,0.0004,233,True
P03366,Snack Pack,Food,Mushroom Mycelium,0.12,0.0001,58,True
P03367,Snack Pack,Food,Bioplastic (PLA),0.426,0.0001,312,True
P03368,Snack Pack,Food,Bioplastic (PLA),0.311,0.0002,105,True
P03369,Snack Pack,Food,Mushroom Mycelium,0.228,0.0002,727,True
P03370,Snack Pack,Food,Bioplastic (PLA),0.436,0.0004,350,True
P03371,Snack Pack,Food,Mushroom Mycelium,0.266,0.0001,603,True
P03372,Snack Pack,Food,Mushroom Mycelium,0.124,0.0001,501,True
P03373,Snack Pack,Food,Mushroom Mycelium,0.125,0.0002,278,True
P03374,Snack Pack,Food,Bagasse,0.462,0.0002,722,True
P03375,Snack Pack,Food,Bioplastic (PLA),0.481,0.0001,99,True
P03376,Snack Pack,Food,Bioplastic (PLA),0.091,0.0001,365,True
P03377,Snack Pack,Food,Bamboo Fiber,0.265,0.0002,282,True
P03378,Snack Pack,Food,Recycled Cardboard,0.438,0.0001,623,True
P03379,Snack Pack,Food,Bioplastic (PLA),0.077,0.0001,313,True
P03380,Snack Pack,Food,Bagasse,0.334,0.0002,421,True
P03381,Snack Pack,Food,Recycled Cardboard,0.425,0.0001,316,True
P03382,Snack Pack,Food,Bamboo Fiber,0.195,0.0001,584,True
P03383,Snack Pack,Food,Bioplastic (PLA),0.359,0.0001,186,True
P03384,Snack Pack,Food,Bamboo Fiber,0.217,0.0003,290,True
P03385,Snack Pack,Food,Mushroom Mycelium,0.196,0.0001,205,True
P03386,Snack Pack,Food,Bioplastic (PLA),0.396,0.0002,82,True
P03387,Snack Pack,Food,Bamboo Fiber,0.301,0.0001,65,True
P03388,Snack Pack,Food,Bagasse,0.196,0.0003,343,True
P03389,Snack Pack,Food,Bagasse,0.353,0.0002,130,True
P03390,Snack Pack,Food,Bagasse,0.329,0.0001,635,True
P03391,Snack Pack,Food,Recycled Cardboard,0.361,0.0001,382,True
P03392,Snack Pack,Food,Recycled Cardboard,0.095,0.0002,31,True
P03393,Snack Pack,Food,Bamboo Fiber,0.269,0.0005,553,True
P03394,Snack Pack,Food,Bioplastic (PLA),0.193,0.0002,144,True
P03395,Snack Pack,Food,Bagasse,0.14,0.0001,294,True
P03396,Snack Pack,Food,Bioplastic (PLA),0.242,0.0002,201,True
P03397,Snack Pack,Food,Bagasse,0.242,0.0005,666,True
P03398,Snack Pack,Food,Recycled Cardboard,0.368,0.0003,183,True
P03399,Snack Pack,Food,Bioplastic (PLA),0.133,0.0004,549,True
P03400,Snack Pack,Food,Mushroom Mycelium,0.431,0.0001,83,True
P03401,Snack Pack,Food,Mushroom Mycelium,0.363,0.0005,100,True
P03402,Snack Pack,Food,Bamboo Fiber,0.426,0.0003,587,True
P03403,Snack Pack,Food,Bagasse,0.382,0.0002,428,True
P03404,Snack Pack,Food,Bamboo Fiber,0.21,0.0001,276,True
P03405,Snack Pack,Food,Bioplastic (PLA),0.074,0.0005,55,True
P03406,Snack Pack,Food,Recycled Cardboard,0.28,0.0001,241,True
P03407,Snack Pack,Food,Bamboo Fiber,0.455,0.0001,33,True
P03408,Snack Pack,Food,Mushroom Mycelium,0.255,0.0005,305,True
P03409,Snack Pack,Food,Mushroom Mycelium,0.331,0.0001,90,True
P03410,Snack Pack,Food,Bagasse,0.067,0.0003,691,True
P03411,Snack Pack,Food,Recycled Cardboard,0.13,0.0001,264,True
P03412,Snack Pack,Food,Bioplastic (PLA),0.172,0.0004,626,True
P03413,Snack Pack,Food,Recycled Cardboard,0.399,0.0004,552,True
P03414,Snack Pack,Food,Bagasse,0.071,0.0002,104,True
P03415,Snack Pack,Food,Bioplastic (PLA),0.477,0.0004,469,True
P03416,Snack Pack,Food,Bagasse,0.48,0.0002,678,True
P03417,Snack Pack,Food,Bagasse,0.126,0.0002,189,True
P03418,Snack Pack,Food,Recycled Cardboard,0.179,0.0001,609,True
P03419,Snack Pack,Food,Mushroom Mycelium,0.303,0.0005,641,True
P03420,Snack Pack,Food,Mushroom Mycelium,0.097,0.0005,63,True
P03421,Snack Pack,Food,Bagasse,0.192,0.0005,172,True
P03422,Snack Pack,Food,Bamboo Fiber,0.261,0.0002,286,True
P03423,Snack Pack,Food,Bagasse,0.067,0.0003,594,True
P03424,Snack Pack,Food,Bioplastic (PLA),0.11,0.0001,260,True
P03425,Snack Pack,Food,Bioplastic (PLA),0.44,0.0002,245,True
P03426,Snack Pack,Food,Bamboo Fiber,0.198,0.0004,122,True
P03427,Snack Pack,Food,Bagasse,0.352,0.0005,361,True
P03428,Snack Pack,Food,Mushroom Mycelium,0.352,0.0003,488,True
P03429,Snack Pack,Food,Bioplastic (PLA),0.413,0.0002,565,True
P03430,Snack Pack,Food,Bagasse,0.327,0.0005,206,True
P03431,Snack Pack,Food,Bagasse,0.418,0.0002,467,True
P03432,Snack Pack,Food,Bagasse,0.064,0.0002,563,True
P03433,Snack Pack,Food,Recycled Cardboard,0.085,0.0002,212,True
P03434,Snack Pack,Food,Bamboo Fiber,0.292,0.0002,358,True
P03435,Snack Pack,Food,Bamboo Fiber,0.323,0.0005,182,True
P03436,Snack Pack,Food,Bagasse,0.3,0.0002,119,True
P03437,Snack Pack,Food,Bagasse,0.408,0.0004,259,True
P03438,Snack Pack,Food,Bioplastic (PLA),0.389,0.0002,157,True
P03439,Snack Pack,Food,Mushroom Mycelium,0.255,0.0002,130,True
P03440,Snack Pack,Food,Recycled Cardboard,0.402,0.0001,367,True
P03441,Snack Pack,Food,Bamboo Fiber,0.439,0.0003,65,True
P03442,Snack Pack,Food,Bamboo Fiber,0.17,0.0003,562,True
P03443,Snack Pack,Food,Bioplastic (PLA),0.317,0.0002,365,True
P03444,Snack Pack,Food,Bagasse,0.204,0.0001,419,True
P03445,Snack Pack,Food,Bagasse,0.164,0.0002,75,True
P03446,Snack Pack,Food,Bamboo Fiber,0.379,0.0002,134,True
P03447,Snack Pack,Food,Bioplastic (PLA),0.271,0.0003,180,True
P03448,Snack Pack,Food,Recycled Cardboard,0.139,0.0004,650,True
P03449,Snack Pack,Food,Bioplastic (PLA),0.207,0.0004,626,True
P03450,Snack Pack,Food,Bioplastic (PLA),0.464,0.0001,524,True
P03451,Snack Pack,Food,Bamboo Fiber,0.061,0.0001,283,True
P03452,Snack Pack,Food,Bagasse,0.158,0.0001,709,True
P03453,Snack Pack,Food,Mushroom Mycelium,0.088,0.0004,274,True
P03454,Snack Pack,Food,Recycled Cardboard,0.459,0.0002,597,True
P03455,Snack Pack,Food,Mushroom Mycelium,0.229,0.0004,728,True
P03456,Snack Pack,Food,Mushroom Mycelium,0.053,0.0002,186,True
P03457,Snack Pack,Food,Bioplastic (PLA),0.107,0.0002,586,True
P03458,Snack Pack,Food,Bamboo Fiber,0.258,0.0004,513,True
P03459,Snack Pack,Food,Bioplastic (PLA),0.345,0.0003,405,True
P03460,Snack Pack,Food,Bagasse,0.265,0.0001,393,True
P03461,Snack Pack,Food,Bioplastic (PLA),0.468,0.0001,322,True
P03462,Snack Pack,Food,Bagasse,0.087,0.0002,457,True
P03463,Snack Pack,Food,Bagasse,0.459,0.0005,416,True
P03464,Snack Pack,Food,Bamboo Fiber,0.315,0.0003,346,True
P03465,Snack Pack,Food,Bamboo Fiber,0.088,0.0002,397,True
P03466,Snack Pack,Food,Bamboo Fiber,0.07,0.0004,408,True
P03467,Snack Pack,Food,Bamboo Fiber,0.098,0.0005,483,True
P03468,Snack Pack,Food,Recycled Cardboard,0.179,0.0001,516,True
P03469,Snack Pack,Food,Bagasse,0.347,0.0004,395,True
P03470,Snack Pack,Food,Mushroom Mycelium,0.359,0.0002,699,True
P03471,Snack Pack,Food,Bamboo Fiber,0.052,0.0005,206,True
P03472,Snack Pack,Food,Bagasse,0.152,0.0003,391,True
P03473,Snack Pack,Food,Recycled Cardboard,0.454,0.0002,323,True
P03474,Snack Pack,Food,Recycled Cardboard,0.218,0.0002,100,True
P03475,Snack Pack,Food,Bamboo Fiber,0.378,0.0004,314,True
P03476,Snack Pack,Food,Mushroom Mycelium,0.471,0.0003,569,True
P03477,Snack Pack,Food,Bamboo Fiber,0.197,0.0004,472,True
P03478,Snack Pack,Food,Bagasse,0.119,0.0003,571,True
P03479,Snack Pack,Food,Mushroom Mycelium,0.165,0.0001,148,True
P03480,Snack Pack,Food,Bamboo Fiber,0.467,0.0002,336,True
P03481,Snack Pack,Food,Mushroom Mycelium,0.345,0.0002,342,True
P03482,Snack Pack,Food,Bamboo Fiber,0.112,0.0004,523,True
P03483,Snack Pack,Food,Mushroom Mycelium,0.382,0.0003,619,True
P03484,Snack Pack,Food,Bioplastic (PLA),0.203,0.0001,225,True
P03485,Snack Pack,Food,Bagasse,0.477,0.0004,613,True
P03486,Snack Pack,Food,Bagasse,0.348,0.0005,547,True
P03487,Snack Pack,Food,Recycled Cardboard,0.379,0.0001,75,True
P03488,Snack Pack,Food,Mushroom Mycelium,0.418,0.0004,272,True
P03489,Snack Pack,Food,Recycled Cardboard,0.412,0.0004,270,True
P03490,Snack Pack,Food,Bioplastic (PLA),0.416,0.0005,161,True
P03491,Snack Pack,Food,Bamboo Fiber,0.383,0.0001,75,True
P03492,Snack Pack,Food,Bagasse,0.076,0.0004,81,True
P03493,Snack Pack,Food,Bagasse,0.164,0.0003,88,True
P03494,Snack Pack,Food,Bioplastic (PLA),0.095,0.0004,271,True
P03495,Snack Pack,Food,Mushroom Mycelium,0.38,0.0002,115,True
P03496,Snack Pack,Food,Recycled Cardboard,0.351,0.0003,273,True
P03497,Snack Pack,Food,Mushroom Mycelium,0.227,0.0004,620,True
P03498,Snack Pack,Food,Bioplastic (PLA),0.241,0.0002,687,True
P03499,Snack Pack,Food,Bioplastic (PLA),0.486,0.0001,152,True
P03500,Snack Pack,Food,Recycled Cardboard,0.07,0.0003,340,True
P03501,Cereal Box,Food,Recycled Cardboard,0.455,0.0009,250,True
P03502,Cereal Box,Food,Bagasse,0.536,0.0013,329,True
P03503,Cereal Box,Food,Mushroom Mycelium,0.336,0.0006,146,True
P03504,Cereal Box,Food,Mushroom Mycelium,0.898,0.0016,616,True
P03505,Cereal Box,Food,Mushroom Mycelium,0.763,0.0012,587,True
P03506,Cereal Box,Food,Bamboo Fiber,0.628,0.0014,583,True
P03507,Cereal Box,Food,Bamboo Fiber,0.943,0.0013,374,True
P03508,Cereal Box,Food,Recycled Cardboard,0.27,0.0011,210,True
P03509,Cereal Box,Food,Bamboo Fiber,0.265,0.0019,69,True
P03510,Cereal Box,Food,Bioplastic (PLA),0.698,0.0003,476,True
P03511,Cereal Box,Food,Bagasse,0.523,0.0014,331,True
P03512,Cereal Box,Food,Mushroom Mycelium,0.955,0.0015,323,True
P03513,Cereal Box,Food,Bagasse,0.612,0.0008,366,True
P03514,Cereal Box,Food,Recycled Cardboard,0.542,0.0004,119,True
P03515,Cereal Box,Food,Recycled Cardboard,0.646,0.0004,584,True
P03516,Cereal Box,Food,Bagasse,0.234,0.0006,637,True
P03517,Cereal Box,Food,Bamboo Fiber,0.837,0.001,612,True
P03518,Cereal Box,Food,Bagasse,0.305,0.001,234,True
P03519,Cereal Box,Food,Recycled Cardboard,0.667,0.0014,552,True
P03520,Cereal Box,Food,Mushroom Mycelium,0.283,0.0007,618,True
P03521,Cereal Box,Food,Bioplastic (PLA),0.694,0.0006,476,True
P03522,Cereal Box,Food,Bioplastic (PLA),0.487,0.0018,173,True
P03523,Cereal Box,Food,Recycled Cardboard,0.359,0.0019,460,True
P03524,Cereal Box,Food,Bagasse,0.871,0.0006,411,True
P03525,Cereal Box,Food,Mushroom Mycelium,0.957,0.0008,506,True
P03526,Cereal Box,Food,Bioplastic (PLA),0.305,0.0019,167,True
P03527,Cereal Box,Food,Recycled Cardboard,0.918,0.0003,401,True
P03528,Cereal Box,Food,Bagasse,0.396,0.0016,639,True
P03529,Cereal Box,Food,Bioplastic (PLA),0.67,0.0003,385,True
P03530,Cereal Box,Food,Recycled Cardboard,0.708,0.0018,127,True
P03531,Cereal Box,Food,Recycled Cardboard,0.648,0.0013,238,True
P03532,Cereal Box,Food,Recycled Cardboard,0.452,0.0007,550,True
P03533,Cereal Box,Food,Mushroom Mycelium,0.958,0.0004,146,True
P03534,Cereal Box,Food,Bagasse,0.563,0.0007,368,True
P03535,Cereal Box,Food,Bioplastic (PLA),0.408,0.0018,495,True
P03536,Cereal Box,Food,Bagasse,0.216,0.0013,315,True
P03537,Cereal Box,Food,Recycled Cardboard,0.395,0.0009,566,True
P03538,Cereal Box,Food,Bamboo Fiber,0.308,0.0003,307,True
P03539,Cereal Box,Food,Mushroom Mycelium,0.771,0.001,681,True
P03540,Cereal Box,Food,Bamboo Fiber,0.572,0.001,402,True
P03541,Cereal Box,Food,Recycled Cardboard,0.764,0.0017,422,True
P03542,Cereal Box,Food,Bamboo Fiber,0.586,0.0009,548,True
P03543,Cereal Box,Food,Mushroom Mycelium,0.728,0.0004,126,True
P03544,Cereal Box,Food,Recycled Cardboard,0.254,0.0008,405,True
P03545,Cereal Box,Food,Mushroom Mycelium,0.875,0.0003,308,True
P03546,Cereal Box,Food,Mushroom Mycelium,0.205,0.0017,546,True
P03547,Cereal Box,Food,Bioplastic (PLA),0.472,0.0015,271,True
P03548,Cereal Box,Food,Bamboo Fiber,0.656,0.0019,307,True
P03549,Cereal Box,Food,Recycled Cardboard,0.815,0.0005,575,True
P03550,Cereal Box,Food,Bamboo Fiber,0.83,0.0017,162,True
P03551,Cereal Box,Food,Recycled Cardboard,0.342,0.001,142,True
P03552,Cereal Box,Food,Mushroom Mycelium,0.603,0.001,95,True
P03553,Cereal Box,Food,Bamboo Fiber,0.467,0.0017,661,True
P03554,Cereal Box,Food,Bagasse,0.854,0.0002,489,True
P03555,Cereal Box,Food,Mushroom Mycelium,0.55,0.0005,467,True
P03556,Cereal Box,Food,Recycled Cardboard,0.761,0.0014,39,True
P03557,Cereal Box,Food,Mushroom Mycelium,0.801,0.001,162,True
P03558,Cereal Box,Food,Bamboo Fiber,0.347,0.002,622,True
P03559,Cereal Box,Food,Bagasse,0.272,0.0003,77,True
P03560,Cereal Box,Food,Bioplastic (PLA),0.795,0.0018,672,True
P03561,Cereal Box,Food,Bioplastic (PLA),0.592,0.0013,167,True
P03562,Cereal Box,Food,Mushroom Mycelium,0.784,0.0018,535,True
P03563,Cereal Box,Food,Bagasse,0.914,0.0016,543,True
P03564,Cereal Box,Food,Bioplastic (PLA),0.747,0.0005,171,True
P03565,Cereal Box,Food,Bioplastic (PLA),0.486,0.002,109,True
P03566,Cereal Box,Food,Recycled Cardboard,0.803,0.0007,118,True
P03567,Cereal Box,Food,Bioplastic (PLA),0.671,0.0019,534,True
P03568,Cereal Box,Food,Bamboo Fiber,0.299,0.0009,109,True
P03569,Cereal Box,Food,Bamboo Fiber,0.691,0.0018,574,True
P03570,Cereal Box,Food,Recycled Cardboard,0.548,0.0008,339,True
P03571,Cereal Box,Food,Recycled Cardboard,0.251,0.0011,628,True
P03572,Cereal Box,Food,Bioplastic (PLA),0.624,0.0015,210,True
P03573,Cereal Box,Food,Bioplastic (PLA),0.215,0.0014,320,True
P03574,Cereal Box,Food,Mushroom Mycelium,0.655,0.0006,345,True
P03575,Cereal Box,Food,Bagasse,0.464,0.0017,668,True
P03576,Cereal Box,Food,Bioplastic (PLA),0.664,0.0015,464,True
P03577,Cereal Box,Food,Bamboo Fiber,0.301,0.0019,124,True
P03578,Cereal Box,Food,Recycled Cardboard,0.898,0.0005,501,True
P03579,Cereal Box,Food,Bioplastic (PLA),0.211,0.0005,721,True
P03580,Cereal Box,Food,Bamboo Fiber,0.214,0.0006,187,True
P03581,Cereal Box,Food,Mushroom Mycelium,0.297,0.0006,628,True
P03582,Cereal Box,Food,Bioplastic (PLA),0.843,0.0004,165,True
P03583,Cereal Box,Food,Bioplastic (PLA),0.37,0.0005,191,True
P03584,Cereal Box,Food,Bamboo Fiber,0.671,0.0017,245,True
P03585,Cereal Box,Food,Recycled Cardboard,0.696,0.0006,370,True
P03586,Cereal Box,Food,Recycled Cardboard,0.938,0.001,230,True
P03587,Cereal Box,Food,Bioplastic (PLA),0.407,0.0014,127,True
P03588,Cereal Box,Food,Recycled Cardboard,0.811,0.0018,306,True
P03589,Cereal Box,Food,Bagasse,0.451,0.0008,176,True
P03590,Cereal Box,Food,Mushroom Mycelium,0.222,0.0003,310,True
P03591,Cereal Box,Food,Bamboo Fiber,0.644,0.0012,167,True
P03592,Cereal Box,Food,Bioplastic (PLA),0.626,0.0005,641,True
P03593,Cereal Box,Food,Recycled Cardboard,0.674,0.0002,483,True
P03594,Cereal Box,Food,Bioplastic (PLA),0.868,0.0016,278,True
P03595,Cereal Box,Food,Bioplastic (PLA),0.84,0.0004,352,True
P03596,Cereal Box,Food,Mushroom Mycelium,0.411,0.0009,569,True
P03597,Cereal Box,Food,Mushroom Mycelium,0.951,0.0009,588,True
P03598,Cereal Box,Food,Mushroom Mycelium,0.454,0.0008,694,True
P03599,Cereal Box,Food,Bamboo Fiber,0.536,0.0017,497,True
P03600,Cereal Box,Food,Mushroom Mycelium,0.56,0.0013,555,True
P03601,Cereal Box,Food,Mushroom Mycelium,0.782,0.0003,101,True
P03602,Cereal Box,Food,Recycled Cardboard,0.788,0.0016,317,True
P03603,Cereal Box,Food,Recycled Cardboard,0.563,0.0013,361,True
P03604,Cereal Box,Food,Bamboo Fiber,0.863,0.0003,648,True
P03605,Cereal Box,Food,Bamboo Fiber,0.468,0.0007,148,True
P03606,Cereal Box,Food,Recycled Cardboard,0.532,0.0007,136,True
P03607,Cereal Box,Food,Mushroom Mycelium,0.807,0.0003,577,True
P03608,Cereal Box,Food,Mushroom Mycelium,0.448,0.002,144,True
P03609,Cereal Box,Food,Bamboo Fiber,0.779,0.0002,166,True
P03610,Cereal Box,Food,Bioplastic (PLA),0.47,0.0012,182,True
P03611,Cereal Box,Food,Mushroom Mycelium,0.268,0.0007,306,True
P03612,Cereal Box,Food,Mushroom Mycelium,0.294,0.0019,233,True
P03613,Cereal Box,Food,Bioplastic (PLA),0.893,0.0009,560,True
P03614,Cereal Box,Food,Bagasse,0.246,0.0003,174,True
P03615,Cereal Box,Food,Recycled Cardboard,0.709,0.0012,558,True
P03616,Cereal Box,Food,Bioplastic (PLA),0.691,0.0017,41,True
P03617,Cereal Box,Food,Bagasse,0.922,0.0004,578,True
P03618,Cereal Box,Food,Bamboo Fiber,0.6,0.0003,547,True
P03619,Cereal Box,Food,Mushroom Mycelium,0.533,0.0014,337,True
P03620,Cereal Box,Food,Bioplastic (PLA),0.29,0.0018,697,True
P03621,Cereal Box,Food,Recycled Cardboard,0.61,0.0009,133,True
P03622,Cereal Box,Food,Mushroom Mycelium,0.907,0.0017,709,True
P03623,Cereal Box,Food,Bamboo Fiber,0.933,0.0009,320,True
P03624,Cereal Box,Food,Bioplastic (PLA),0.616,0.0008,617,True
P03625,Cereal Box,Food,Bagasse,0.457,0.0003,49,True
P03626,Cereal Box,Food,Recycled Cardboard,0.427,0.0008,191,True
P03627,Cereal Box,Food,Recycled Cardboard,0.793,0.0005,613,True
P03628,Cereal Box,Food,Bioplastic (PLA),0.564,0.0012,683,True
P03629,Cereal Box,Food,Bagasse,0.389,0.0003,42,True
P03630,Cereal Box,Food,Bagasse,0.255,0.0005,257,True
P03631,Cereal Box,Food,Mushroom Mycelium,0.395,0.0013,632,True
P03632,Cereal Box,Food,Bagasse,0.66,0.0019,77,True
P03633,Cereal Box,Food,Mushroom Mycelium,0.336,0.0007,609,True
P03634,Cereal Box,Food,Mushroom Mycelium,0.701,0.0002,693,True
P03635,Cereal Box,Food,Mushroom Mycelium,0.287,0.0006,205,True
P03636,Cereal Box,Food,Recycled Cardboard,0.911,0.0011,417,True
P03637,Cereal Box,Food,Mushroom Mycelium,0.451,0.0005,129,True
P03638,Cereal Box,Food,Recycled Cardboard,0.556,0.0004,199,True
P03639,Cereal Box,Food,Bioplastic (PLA),0.733,0.002,156,True
P03640,Cereal Box,Food,Bagasse,0.834,0.0018,462,True
P03641,Cereal Box,Food,Bioplastic (PLA),0.648,0.0002,531,True
P03642,Cereal Box,Food,Bioplastic (PLA),0.697,0.001,323,True
P03643,Cereal Box,Food,Bamboo Fiber,0.815,0.0013,538,True
P03644,Cereal Box,Food,Bioplastic (PLA),0.908,0.0003,57,True
P03645,Cereal Box,Food,Bagasse,0.247,0.0019,271,True
P03646,Cereal Box,Food,Bagasse,0.752,0.0019,115,True
P03647,Cereal Box,Food,Bioplastic (PLA),0.906,0.002,585,True
P03648,Cereal Box,Food,Bamboo Fiber,0.908,0.002,688,True
P03649,Cereal Box,Food,Bioplastic (PLA),0.689,0.0009,596,True
P03650,Cereal Box,Food,Bioplastic (PLA),0.915,0.002,493,True
P03651,Cereal Box,Food,Mushroom Mycelium,0.203,0.0017,474,True
P03652,Cereal Box,Food,Bagasse,0.719,0.0005,165,True
P03653,Cereal Box,Food,Recycled Cardboard,0.572,0.0017,163,True
P03654,Cereal Box,Food,Bagasse,0.948,0.0006,167,True
P03655,Cereal Box,Food,Recycled Cardboard,0.797,0.0019,665,True
P03656,Cereal Box,Food,Bamboo Fiber,0.766,0.0008,42,True
P03657,Cereal Box,Food,Bioplastic (PLA),0.214,0.0005,438,True
P03658,Cereal Box,Food,Mushroom Mycelium,0.841,0.0013,593,True
P03659,Cereal Box,Food,Mushroom Mycelium,0.702,0.0007,534,True
P03660,Cereal Box,Food,Bamboo Fiber,0.4,0.0011,301,True
P03661,Cereal Box,Food,Mushroom Mycelium,0.73,0.0016,120,True
P03662,Cereal Box,Food,Recycled Cardboard,0.744,0.0006,314,True
P03663,Cereal Box,Food,Bioplastic (PLA),0.716,0.0005,665,True
P03664,Cereal Box,Food,Bioplastic (PLA),0.728,0.0002,56,True
P03665,Cereal Box,Food,Bamboo Fiber,0.852,0.0008,328,True
P03666,Cereal Box,Food,Bioplastic (PLA),0.346,0.0019,364,True
P03667,Cereal Box,Food,Mushroom Mycelium,0.701,0.0007,530,True
P03668,Cereal Box,Food,Recycled Cardboard,0.419,0.001,518,True
P03669,Cereal Box,Food,Recycled Cardboard,0.521,0.0015,244,True
P03670,Cereal Box,Food,Bioplastic (PLA),0.84,0.0003,239,True
P03671,Cereal Box,Food,Bagasse,0.65,0.0009,171,True
P03672,Cereal Box,Food,Bamboo Fiber,0.987,0.001,276,True
P03673,Cereal Box,Food,Bamboo Fiber,0.861,0.0013,59,True
P03674,Cereal Box,Food,Bagasse,0.272,0.0019,265,True
P03675,Cereal Box,Food,Bioplastic (PLA),0.87,0.001,313,True
P03676,Cereal Box,Food,Recycled Cardboard,0.69,0.0003,103,True
P03677,Cereal Box,Food,Mushroom Mycelium,0.477,0.0014,85,True
P03678,Cereal Box,Food,Bamboo Fiber,0.321,0.0009,337,True
P03679,Cereal Box,Food,Bagasse,0.954,0.0005,294,True
P03680,Cereal Box,Food,Bioplastic (PLA),0.248,0.0004,428,True
P03681,Cereal Box,Food,Bamboo Fiber,0.697,0.0014,476,True
P03682,Cereal Box,Food,Bagasse,0.815,0.0013,312,True
P03683,Cereal Box,Food,Mushroom Mycelium,0.923,0.0018,90,True
P03684,Cereal Box,Food,Mushroom Mycelium,0.259,0.0009,315,True
P03685,Cereal Box,Food,Recycled Cardboard,0.643,0.0004,144,True
P03686,Cereal Box,Food,Bioplastic (PLA),0.694,0.0005,382,True
P03687,Cereal Box,Food,Recycled Cardboard,0.456,0.0018,671,True
P03688,Cereal Box,Food,Bioplastic (PLA),0.204,0.0005,593,True
P03689,Cereal Box,Food,Bagasse,0.494,0.0005,115,True
P03690,Cereal Box,Food,Bioplastic (PLA),0.635,0.0008,608,True
P03691,Cereal Box,Food,Recycled Cardboard,0.62,0.0003,206,True
P03692,Cereal Box,Food,Recycled Cardboard,0.843,0.0005,503,True
P03693,Cereal Box,Food,Recycled Cardboard,0.758,0.0005,202,True
P03694,Cereal Box,Food,Mushroom Mycelium,0.989,0.0008,81,True
P03695,Cereal Box,Food,Bamboo Fiber,0.377,0.0002,78,True
P03696,Cereal Box,Food,Mushroom Mycelium,0.751,0.0008,188,True
P03697,Cereal Box,Food,Mushroom Mycelium,0.396,0.0007,465,True
P03698,Cereal Box,Food,Bioplastic (PLA),0.759,0.0009,709,True
P03699,Cereal Box,Food,Recycled Cardboard,0.897,0.0018,200,True
P03700,Cereal Box,Food,Bamboo Fiber,0.491,0.0006,67,True
P03701,Cereal Box,Food,Mushroom Mycelium,0.213,0.0004,83,True
P03702,Cereal Box,Food,Mushroom Mycelium,0.749,0.0004,712,True
P03703,Cereal Box,Food,Bamboo Fiber,0.245,0.0013,236,True
P03704,Cereal Box,Food,Bagasse,0.348,0.0004,190,True
P03705,Cereal Box,Food,Bamboo Fiber,0.97,0.0007,615,True
P03706,Cereal Box,Food,Mushroom Mycelium,0.874,0.0014,454,True
P03707,Cereal Box,Food,Bioplastic (PLA),0.833,0.0016,296,True
P03708,Cereal Box,Food,Bagasse,0.769,0.0011,278,True
P03709,Cereal Box,Food,Mushroom Mycelium,0.867,0.0004,512,True
P03710,Cereal Box,Food,Bioplastic (PLA),0.892,0.0003,564,True
P03711,Cereal Box,Food,Bioplastic (PLA),0.76,0.0005,188,True
P03712,Cereal Box,Food,Recycled Cardboard,0.78,0.0003,442,True
P03713,Cereal Box,Food,Recycled Cardboard,0.445,0.0014,238,True
P03714,Cereal Box,Food,Bagasse,0.831,0.0009,476,True
P03715,Cereal Box,Food,Recycled Cardboard,0.649,0.0017,642,True
P03716,Cereal Box,Food,Mushroom Mycelium,0.579,0.0007,208,True
P03717,Cereal Box,Food,Mushroom Mycelium,0.252,0.001,239,True
P03718,Cereal Box,Food,Bamboo Fiber,0.313,0.001,314,True
P03719,Cereal Box,Food,Bioplastic (PLA),0.46,0.0011,92,True
P03720,Cereal Box,Food,Bamboo Fiber,0.24,0.0017,631,True
P03721,Cereal Box,Food,Mushroom Mycelium,0.827,0.0018,339,True
P03722,Cereal Box,Food,Bioplastic (PLA),0.543,0.0017,558,True
P03723,Cereal Box,Food,Recycled Cardboard,0.565,0.001,75,True
P03724,Cereal Box,Food,Bagasse,0.322,0.0005,106,True
P03725,Cereal Box,Food,Recycled Cardboard,0.411,0.0008,93,True
P03726,Cereal Box,Food,Mushroom Mycelium,0.603,0.0007,580,True
P03727,Cereal Box,Food,Mushroom Mycelium,0.912,0.0004,688,True
P03728,Cereal Box,Food,Bioplastic (PLA),0.76,0.0008,54,True
P03729,Cereal Box,Food,Bagasse,0.349,0.0008,518,True
P03730,Cereal Box,Food,Bamboo Fiber,0.26,0.0009,268,True
P03731,Cereal Box,Food,Bioplastic (PLA),0.269,0.0008,567,True
P03732,Cereal Box,Food,Mushroom Mycelium,0.691,0.0007,684,True
P03733,Cereal Box,Food,Bagasse,0.673,0.0017,330,True
P03734,Cereal Box,Food,Bagasse,0.431,0.0013,116,True
P03735,Cereal Box,Food,Recycled Cardboard,0.491,0.001,601,True
P03736,Cereal Box,Food,Bagasse,0.559,0.0004,429,True
P03737,Cereal Box,Food,Bagasse,0.374,0.0005,470,True
P03738,Cereal Box,Food,Bamboo Fiber,0.721,0.0019,495,True
P03739,Cereal Box,Food,Bagasse,0.55,0.0013,164,True
P03740,Cereal Box,Food,Bioplastic (PLA),0.983,0.0018,391,True
P03741,Cereal Box,Food,Bamboo Fiber,0.415,0.0014,491,True
P03742,Cereal Box,Food,Mushroom Mycelium,0.501,0.0005,104,True
P03743,Cereal Box,Food,Bamboo Fiber,0.877,0.0019,614,True
P03744,Cereal Box,Food,Bagasse,0.734,0.0017,713,True
P03745,Cereal Box,Food,Bagasse,0.406,0.0014,76,True
P03746,Cereal Box,Food,Bioplastic (PLA),0.554,0.0007,372,True
P03747,Cereal Box,Food,Bioplastic (PLA),0.483,0.0019,525,True
P03748,Cereal Box,Food,Mushroom Mycelium,0.551,0.0005,212,True
P03749,Cereal Box,Food,Recycled Cardboard,0.73,0.0006,449,True
P03750,Cereal Box,Food,Mushroom Mycelium,0.674,0.0016,650,True
P03751,Cereal Box,Food,Mushroom Mycelium,0.808,0.0019,688,True
P03752,Cereal Box,Food,Recycled Cardboard,0.716,0.0014,475,True
P03753,Cereal Box,Food,Bamboo Fiber,0.826,0.0004,287,True
P03754,Cereal Box,Food,Recycled Cardboard,0.306,0.0005,656,True
P03755,Cereal Box,Food,Bamboo Fiber,0.611,0.0006,665,True
P03756,Cereal Box,Food,Bagasse,0.728,0.0006,434,True
P03757,Cereal Box,Food,Bioplastic (PLA),0.725,0.0014,523,True
P03758,Cereal Box,Food,Recycled Cardboard,0.353,0.0019,115,True
P03759,Cereal Box,Food,Bamboo Fiber,0.897,0.0006,106,True
P03760,Cereal Box,Food,Bagasse,0.458,0.0018,668,True
P03761,Cereal Box,Food,Bioplastic (PLA),0.212,0.0012,656,True
P03762,Cereal Box,Food,Recycled Cardboard,0.673,0.0002,580,True
P03763,Cereal Box,Food,Bioplastic (PLA),0.317,0.0015,593,True
P03764,Cereal Box,Food,Bamboo Fiber,0.679,0.0012,475,True
P03765,Cereal Box,Food,Bagasse,0.875,0.0014,519,True
P03766,Cereal Box,Food,Mushroom Mycelium,0.385,0.0009,255,True
P03767,Cereal Box,Food,Recycled Cardboard,0.849,0.0012,189,True
P03768,Cereal Box,Food,Mushroom Mycelium,0.887,0.0018,306,True
P03769,Cereal Box,Food,Bagasse,0.229,0.0012,299,True
P03770,Cereal Box,Food,Mushroom Mycelium,0.286,0.0005,454,True
P03771,Cereal Box,Food,Bagasse,0.885,0.002,530,True
P03772,Cereal Box,Food,Bamboo Fiber,0.893,0.0009,430,True
P03773,Cereal Box,Food,Bamboo Fiber,0.537,0.0004,42,True
P03774,Cereal Box,Food,Bagasse,0.978,0.0006,481,True
P03775,Cereal Box,Food,Mushroom Mycelium,0.501,0.0016,415,True
P03776,Cereal Box,Food,Bioplastic (PLA),0.298,0.0013,570,True
P03777,Cereal Box,Food,Bioplastic (PLA),0.922,0.0004,650,True
P03778,Cereal Box,Food,Recycled Cardboard,0.309,0.0013,601,True
P03779,Cereal Box,Food,Bioplastic (PLA),0.705,0.0012,186,True
P03780,Cereal Box,Food,Bamboo Fiber,0.713,0.0008,449,True
P03781,Cereal Box,Food,Bamboo Fiber,0.853,0.0018,31,True
P03782,Cereal Box,Food,Bagasse,0.95,0.0009,279,True
P03783,Cereal Box,Food,Recycled Cardboard,0.537,0.0005,280,True
P03784,Cereal Box,Food,Mushroom Mycelium,0.802,0.0016,147,True
P03785,Cereal Box,Food,Bagasse,0.898,0.001,271,True
P03786,Cereal Box,Food,Bioplastic (PLA),0.42,0.001,448,True
P03787,Cereal Box,Food,Bamboo Fiber,0.873,0.0008,719,True
P03788,Cereal Box,Food,Bamboo Fiber,0.909,0.0015,244,True
P03789,Cereal Box,Food,Bioplastic (PLA),0.286,0.0003,37,True
P03790,Cereal Box,Food,Bioplastic (PLA),0.275,0.0008,371,True
P03791,Cereal Box,Food,Bamboo Fiber,0.999,0.0009,648,True
P03792,Cereal Box,Food,Mushroom Mycelium,0.655,0.0018,81,True
P03793,Cereal Box,Food,Recycled Cardboard,0.99,0.0019,290,True
P03794,Cereal Box,Food,Bioplastic (PLA),0.246,0.0008,340,True
P03795,Cereal Box,Food,Mushroom Mycelium,0.445,0.0005,446,True
P03796,Cereal Box,Food,Recycled Cardboard,0.6,0.001,422,True
P03797,Cereal Box,Food,Bioplastic (PLA),0.491,0.0014,174,True
P03798,Cereal Box,Food,Bagasse,0.201,0.0015,50,True
P03799,Cereal Box,Food,Bioplastic (PLA),0.418,0.0014,408,True
P03800,Cereal Box,Food,Mushroom Mycelium,0.295,0.001,590,True
P03801,Cereal Box,Food,Mushroom Mycelium,0.202,0.0011,606,True
P03802,Cereal Box,Food,Bamboo Fiber,0.891,0.0011,244,True
P03803,Cereal Box,Food,Mushroom Mycelium,0.256,0.0004,512,True
P03804,Cereal Box,Food,Bagasse,0.783,0.0017,72,True
P03805,Cereal Box,Food,Bagasse,0.561,0.0016,522,True
P03806,Cereal Box,Food,Recycled Cardboard,0.695,0.0006,546,True
P03807,Cereal Box,Food,Mushroom Mycelium,0.264,0.0011,489,True
P03808,Cereal Box,Food,Recycled Cardboard,0.335,0.0004,98,True
P03809,Cereal Box,Food,Bioplastic (PLA),0.22,0.0016,684,True
P03810,Cereal Box,Food,Bioplastic (PLA),0.483,0.0009,695,True
P03811,Cereal Box,Food,Bioplastic (PLA),0.561,0.0015,370,True
P03812,Cereal Box,Food,Bagasse,0.727,0.0013,359,True
P03813,Cereal Box,Food,Bioplastic (PLA),0.805,0.0012,157,True
P03814,Cereal Box,Food,Bamboo Fiber,0.925,0.0016,620,True
P03815,Cereal Box,Food,Bagasse,0.221,0.0017,191,True
P03816,Cereal Box,Food,Bagasse,0.341,0.0005,707,True
P03817,Cereal Box,Food,Mushroom Mycelium,0.449,0.0017,638,True
P03818,Cereal Box,Food,Mushroom Mycelium,0.202,0.0005,226,True
P03819,Cereal Box,Food,Recycled Cardboard,0.93,0.0008,349,True
P03820,Cereal Box,Food,Bioplastic (PLA),0.537,0.0009,105,True
P03821,Cereal Box,Food,Recycled Cardboard,0.319,0.0006,564,True
P03822,Cereal Box,Food,Bioplastic (PLA),0.791,0.0011,88,True
P03823,Cereal Box,Food,Recycled Cardboard,0.89,0.0016,120,True
P03824,Cereal Box,Food,Mushroom Mycelium,0.918,0.002,442,True
P03825,Cereal Box,Food,Bioplastic (PLA),0.281,0.0016,711,True
P03826,Cereal Box,Food,Bioplastic (PLA),0.243,0.0007,253,True
P03827,Cereal Box,Food,Bioplastic (PLA),0.714,0.001,244,True
P03828,Cereal Box,Food,Bamboo Fiber,0.519,0.0016,433,True
P03829,Cereal Box,Food,Bamboo Fiber,0.349,0.0008,156,True
P03830,Cereal Box,Food,Recycled Cardboard,0.633,0.0011,618,True
P03831,Cereal Box,Food,Recycled Cardboard,0.209,0.0009,650,True
P03832,Cereal Box,Food,Bioplastic (PLA),0.64,0.0012,260,True
P03833,Cereal Box,Food,Mushroom Mycelium,0.557,0.0005,132,True
P03834,Cereal Box,Food,Recycled Cardboard,0.739,0.0014,39,True
P03835,Cereal Box,Food,Bagasse,0.914,0.0004,323,True
P03836,Cereal Box,Food,Bioplastic (PLA),0.572,0.0014,322,True
P03837,Cereal Box,Food,Bamboo Fiber,0.723,0.0019,141,True
P03838,Cereal Box,Food,Recycled Cardboard,0.535,0.0008,553,True
P03839,Cereal Box,Food,Mushroom Mycelium,0.815,0.0018,456,True
P03840,Cereal Box,Food,Bagasse,0.559,0.0003,191,True
P03841,Cereal Box,Food,Recycled Cardboard,0.437,0.0013,379,True
P03842,Cereal Box,Food,Bagasse,0.731,0.0005,222,True
P03843,Cereal Box,Food,Bamboo Fiber,0.97,0.0014,124,True
P03844,Cereal Box,Food,Mushroom Mycelium,0.225,0.0006,217,True
P03845,Cereal Box,Food,Bioplastic (PLA),0.209,0.0012,423,True
P03846,Cereal Box,Food,Recycled Cardboard,0.622,0.0005,606,True
P03847,Cereal Box,Food,Bamboo Fiber,0.698,0.0009,650,True
P03848,Cereal Box,Food,Bioplastic (PLA),0.543,0.0019,72,True
P03849,Cereal Box,Food,Bamboo Fiber,0.772,0.0011,668,True
P03850,Cereal Box,Food,Bioplastic (PLA),0.504,0.0011,458,True
P03851,Cereal Box,Food,Bagasse,0.976,0.0007,153,True
P03852,Cereal Box,Food,Bioplastic (PLA),0.906,0.0018,321,True
P03853,Cereal Box,Food,Recycled Cardboard,0.806,0.0017,202,True
P03854,Cereal Box,Food,Bagasse,0.867,0.0012,358,True
P03855,Cereal Box,Food,Mushroom Mycelium,0.531,0.0013,644,True
P03856,Cereal Box,Food,Bamboo Fiber,0.73,0.0014,536,True
P03857,Cereal Box,Food,Bagasse,0.762,0.0009,351,True
P03858,Cereal Box,Food,Recycled Cardboard,0.374,0.0017,244,True
P03859,Cereal Box,Food,Bamboo Fiber,0.56,0.0013,151,True
P03860,Cereal Box,Food,Bamboo Fiber,0.436,0.0006,480,True
P03861,Cereal Box,Food,Bamboo Fiber,0.923,0.0009,592,True
P03862,Cereal Box,Food,Bamboo Fiber,0.252,0.0014,421,True
P03863,Cereal Box,Food,Recycled Cardboard,0.554,0.0005,727,True
P03864,Cereal Box,Food,Bamboo Fiber,0.404,0.001,554,True
P03865,Cereal Box,Food,Bamboo Fiber,0.389,0.0018,640,True
P03866,Cereal Box,Food,Bioplastic (PLA),0.258,0.0019,700,True
P03867,Cereal Box,Food,Mushroom Mycelium,0.98,0.0008,721,True
P03868,Cereal Box,Food,Recycled Cardboard,0.322,0.001,637,True
P03869,Cereal Box,Food,Mushroom Mycelium,0.905,0.001,631,True
P03870,Cereal Box,Food,Recycled Cardboard,0.689,0.0018,87,True
P03871,Cereal Box,Food,Recycled Cardboard,0.252,0.0019,329,True
P03872,Cereal Box,Food,Bioplastic (PLA),0.859,0.0012,484,True
P03873,Cereal Box,Food,Mushroom Mycelium,0.302,0.0013,207,True
P03874,Cereal Box,Food,Bagasse,0.559,0.0015,444,True
P03875,Cereal Box,Food,Bamboo Fiber,0.541,0.0019,53,True
P03876,Cereal Box,Food,Recycled Cardboard,0.409,0.0017,202,True
P03877,Cereal Box,Food,Recycled Cardboard,0.846,0.0014,597,True
P03878,Cereal Box,Food,Mushroom Mycelium,0.52,0.0017,623,True
P03879,Cereal Box,Food,Bioplastic (PLA),0.809,0.0008,572,True
P03880,Cereal Box,Food,Bamboo Fiber,0.37,0.0018,250,True
P03881,Cereal Box,Food,Bagasse,0.955,0.0004,658,True
P03882,Cereal Box,Food,Mushroom Mycelium,0.383,0.0003,101,True
P03883,Cereal Box,Food,Mushroom Mycelium,0.8,0.0004,93,True
P03884,Cereal Box,Food,Mushroom Mycelium,0.968,0.0019,198,True
P03885,Cereal Box,Food,Recycled Cardboard,0.493,0.0003,164,True
P03886,Cereal Box,Food,Mushroom Mycelium,0.567,0.0017,175,True
P03887,Cereal Box,Food,Bamboo Fiber,0.504,0.0004,195,True
P03888,Cereal Box,Food,Bagasse,0.504,0.0018,169,True
P03889,Cereal Box,Food,Recycled Cardboard,0.623,0.0008,116,True
P03890,Cereal Box,Food,Bagasse,0.705,0.001,419,True
P03891,Cereal Box,Food,Bagasse,0.343,0.002,452,True
P03892,Cereal Box,Food,Bagasse,0.609,0.0003,331,True
P03893,Cereal Box,Food,Bagasse,0.882,0.0018,246,True
P03894,Cereal Box,Food,Mushroom Mycelium,0.797,0.0015,681,True
P03895,Cereal Box,Food,Bagasse,0.949,0.001,143,True
P03896,Cereal Box,Food,Recycled Cardboard,0.592,0.0008,326,True
P03897,Cereal Box,Food,Bioplastic (PLA),0.248,0.0007,538,True
P03898,Cereal Box,Food,Bagasse,0.24,0.0015,65,True
P03899,Cereal Box,Food,Recycled Cardboard,0.533,0.0012,691,True
P03900,Cereal Box,Food,Bioplastic (PLA),0.961,0.0004,57,True
P03901,Cereal Box,Food,Mushroom Mycelium,0.815,0.0003,541,True
P03902,Cereal Box,Food,Mushroom Mycelium,0.245,0.0019,211,True
P03903,Cereal Box,Food,Bamboo Fiber,0.734,0.0006,600,True
P03904,Cereal Box,Food,Bagasse,0.427,0.0012,322,True
P03905,Cereal Box,Food,Bamboo Fiber,0.416,0.0003,551,True
P03906,Cereal Box,Food,Bioplastic (PLA),0.394,0.0012,221,True
P03907,Cereal Box,Food,Bioplastic (PLA),0.416,0.001,688,True
P03908,Cereal Box,Food,Mushroom Mycelium,0.272,0.0009,197,True
P03909,Cereal Box,Food,Bioplastic (PLA),0.853,0.0013,512,True
P03910,Cereal Box,Food,Recycled Cardboard,0.275,0.0009,334,True
P03911,Cereal Box,Food,Recycled Cardboard,0.688,0.0015,706,True
P03912,Cereal Box,Food,Recycled Cardboard,0.397,0.001,357,True
P03913,Cereal Box,Food,Bioplastic (PLA),0.719,0.0014,301,True
P03914,Cereal Box,Food,Bagasse,0.705,0.0016,339,True
P03915,Cereal Box,Food,Bagasse,0.475,0.0009,690,True
P03916,Cereal Box,Food,Recycled Cardboard,0.356,0.0007,654,True
P03917,Cereal Box,Food,Bamboo Fiber,0.447,0.0017,51,True
P03918,Cereal Box,Food,Recycled Cardboard,0.879,0.0003,228,True
P03919,Cereal Box,Food,Bamboo Fiber,0.381,0.002,459,True
P03920,Cereal Box,Food,Recycled Cardboard,0.686,0.0007,701,True
P03921,Cereal Box,Food,Bioplastic (PLA),0.393,0.0011,65,True
P03922,Cereal Box,Food,Recycled Cardboard,0.351,0.0004,419,True
P03923,Cereal Box,Food,Bagasse,0.651,0.0015,693,True
P03924,Cereal Box,Food,Bioplastic (PLA),0.913,0.0018,389,True
P03925,Cereal Box,Food,Bagasse,0.949,0.001,204,True
P03926,Cereal Box,Food,Bagasse,0.418,0.0012,271,True
P03927,Cereal Box,Food,Bagasse,0.398,0.0019,678,True
P03928,Cereal Box,Food,Bamboo Fiber,0.746,0.002,621,True
P03929,Cereal Box,Food,Recycled Cardboard,0.487,0.0004,256,True
P03930,Cereal Box,Food,Bagasse,0.93,0.0007,491,True
P03931,Cereal Box,Food,Bioplastic (PLA),0.981,0.0007,331,True
P03932,Cereal Box,Food,Mushroom Mycelium,0.223,0.0012,35,True
P03933,Cereal Box,Food,Bagasse,0.455,0.0016,478,True
P03934,Cereal Box,Food,Recycled Cardboard,0.581,0.0008,309,True
P03935,Cereal Box,Food,Recycled Cardboard,0.929,0.002,103,True
P03936,Cereal Box,Food,Bagasse,0.577,0.0019,670,True
P03937,Cereal Box,Food,Recycled Cardboard,0.2,0.0004,303,True
P03938,Cereal Box,Food,Recycled Cardboard,0.363,0.0009,272,True
P03939,Cereal Box,Food,Mushroom Mycelium,0.723,0.002,477,True
P03940,Cereal Box,Food,Bioplastic (PLA),0.826,0.0017,426,True
P03941,Cereal Box,Food,Bamboo Fiber,0.939,0.0015,596,True
P03942,Cereal Box,Food,Bioplastic (PLA),0.336,0.0015,337,True
P03943,Cereal Box,Food,Bamboo Fiber,0.443,0.0013,188,True
P03944,Cereal Box,Food,Bagasse,0.694,0.0014,158,True
P03945,Cereal Box,Food,Bamboo Fiber,0.535,0.0006,189,True
P03946,Cereal Box,Food,Bamboo Fiber,0.712,0.002,51,True
P03947,Cereal Box,Food,Bioplastic (PLA),0.552,0.0014,672,True
P03948,Cereal Box,Food,Recycled Cardboard,0.735,0.0005,379,True
P03949,Cereal Box,Food,Mushroom Mycelium,0.231,0.0017,537,True
P03950,Cereal Box,Food,Bagasse,0.657,0.0002,279,True
P03951,Cereal Box,Food,Bagasse,0.588,0.001,264,True
P03952,Cereal Box,Food,Bagasse,0.307,0.0019,629,True
P03953,Cereal Box,Food,Bamboo Fiber,0.323,0.0002,474,True
P03954,Cereal Box,Food,Bamboo Fiber,0.993,0.0009,207,True
P03955,Cereal Box,Food,Recycled Cardboard,0.633,0.0012,660,True
P03956,Cereal Box,Food,Bagasse,0.451,0.001,402,True
P03957,Cereal Box,Food,Bioplastic (PLA),0.503,0.0013,541,True
P03958,Cereal Box,Food,Bagasse,0.489,0.0013,90,True
P03959,Cereal Box,Food,Bagasse,0.891,0.0018,372,True
P03960,Cereal Box,Food,Bagasse,0.331,0.0007,59,True
P03961,Cereal Box,Food,Bagasse,0.492,0.0005,692,True
P03962,Cereal Box,Food,Bioplastic (PLA),0.372,0.0015,97,True
P03963,Cereal Box,Food,Recycled Cardboard,0.822,0.0007,713,True
P03964,Cereal Box,Food,Bagasse,0.231,0.0004,79,True
P03965,Cereal Box,Food,Bagasse,0.911,0.0011,280,True
P03966,Cereal Box,Food,Mushroom Mycelium,0.354,0.0002,535,True
P03967,Cereal Box,Food,Bamboo Fiber,0.861,0.0013,310,True
P03968,Cereal Box,Food,Recycled Cardboard,0.26,0.0012,327,True
P03969,Cereal Box,Food,Mushroom Mycelium,0.747,0.0012,268,True
P03970,Cereal Box,Food,Recycled Cardboard,0.977,0.0019,493,True
P03971,Cereal Box,Food,Bagasse,0.609,0.001,586,True
P03972,Cereal Box,Food,Bamboo Fiber,0.967,0.002,265,True
P03973,Cereal Box,Food,Bagasse,0.71,0.0005,643,True
P03974,Cereal Box,Food,Bioplastic (PLA),0.79,0.0013,571,True
P03975,Cereal Box,Food,Bioplastic (PLA),0.723,0.0014,216,True
P03976,Cereal Box,Food,Bioplastic (PLA),0.374,0.0014,713,True
P03977,Cereal Box,Food,Bagasse,0.67,0.002,717,True
P03978,Cereal Box,Food,Bagasse,0.345,0.0016,273,True
P03979,Cereal Box,Food,Bioplastic (PLA),0.878,0.0016,104,True
P03980,Cereal Box,Food,Bioplastic (PLA),0.928,0.0019,505,True
P03981,Cereal Box,Food,Mushroom Mycelium,0.785,0.0018,448,True
P03982,Cereal Box,Food,Bioplastic (PLA),0.453,0.0015,196,True
P03983,Cereal Box,Food,Recycled Cardboard,0.269,0.001,84,True
P03984,Cereal Box,Food,Bagasse,0.463,0.0009,180,True
P03985,Cereal Box,Food,Bamboo Fiber,0.22,0.0006,42,True
P03986,Cereal Box,Food,Bioplastic (PLA),0.485,0.0014,626,True
P03987,Cereal Box,Food,Mushroom Mycelium,0.735,0.0017,82,True
P03988,Cereal Box,Food,Mushroom Mycelium,0.283,0.0003,97,True
P03989,Cereal Box,Food,Bagasse,0.933,0.0003,652,True
P03990,Cereal Box,Food,Mushroom Mycelium,0.831,0.0007,203,True
P03991,Cereal Box,Food,Bamboo Fiber,0.545,0.0007,465,True
P03992,Cereal Box,Food,Bamboo Fiber,0.762,0.0014,305,True
P03993,Cereal Box,Food,Bamboo Fiber,0.989,0.0008,231,True
P03994,Cereal Box,Food,Mushroom Mycelium,0.837,0.0012,684,True
P03995,Cereal Box,Food,Mushroom Mycelium,0.583,0.0013,693,True
P03996,Cereal Box,Food,Recycled Cardboard,0.707,0.0014,527,True
P03997,Cereal Box,Food,Bioplastic (PLA),0.502,0.0003,233,True
P03998,Cereal Box,Food,Bagasse,0.778,0.0019,420,True
P03999,Cereal Box,Food,Bioplastic (PLA),0.526,0.0008,482,True
P04000,Cereal Box,Food,Bamboo Fiber,0.272,0.0003,476,True
P04001,Lipstick,Cosmetics,Bamboo Fiber,0.031,0.0,282,True
P04002,Lipstick,Cosmetics,Bioplastic (PLA),0.034,0.0,487,True
P04003,Lipstick,Cosmetics,Bamboo Fiber,0.041,0.0,569,True
P04004,Lipstick,Cosmetics,Mushroom Mycelium,0.039,0.0,364,True
P04005,Lipstick,Cosmetics,Mushroom Mycelium,0.042,0.0,686,True
P04006,Lipstick,Cosmetics,Bioplastic (PLA),0.039,0.0,308,True
P04007,Lipstick,Cosmetics,Bioplastic (PLA),0.038,0.0,647,True
P04008,Lipstick,Cosmetics,Recycled Cardboard,0.031,0.0,39,True
P04009,Lipstick,Cosmetics,Bioplastic (PLA),0.042,0.0,415,True
P04010,Lipstick,Cosmetics,Recycled Cardboard,0.037,0.0,535,True
P04011,Lipstick,Cosmetics,Bagasse,0.032,0.0,126,True
P04012,Lipstick,Cosmetics,Bioplastic (PLA),0.029,0.0,692,True
P04013,Lipstick,Cosmetics,Bamboo Fiber,0.033,0.0,680,True
P04014,Lipstick,Cosmetics,Recycled Cardboard,0.03,0.0,492,True
P04015,Lipstick,Cosmetics,Mushroom Mycelium,0.038,0.0,166,True
P04016,Lipstick,Cosmetics,Bamboo Fiber,0.047,0.0,134,True
P04017,Lipstick,Cosmetics,Bamboo Fiber,0.036,0.0,558,True
P04018,Lipstick,Cosmetics,Bamboo Fiber,0.028,0.0,162,True
P04019,Lipstick,Cosmetics,Recycled Cardboard,0.022,0.0,730,True
P04020,Lipstick,Cosmetics,Mushroom Mycelium,0.043,0.0,270,True
P04021,Lipstick,Cosmetics,Bamboo Fiber,0.046,0.0,83,True
P04022,Lipstick,Cosmetics,Mushroom Mycelium,0.045,0.0,353,True
P04023,Lipstick,Cosmetics,Mushroom Mycelium,0.036,0.0,110,True
P04024,Lipstick,Cosmetics,Bamboo Fiber,0.026,0.0,620,True
P04025,Lipstick,Cosmetics,Recycled Cardboard,0.024,0.0,631,True
P04026,Lipstick,Cosmetics,Bagasse,0.025,0.0,453,True
P04027,Lipstick,Cosmetics,Recycled Cardboard,0.03,0.0,445,True
P04028,Lipstick,Cosmetics,Bioplastic (PLA),0.029,0.0,558,True
P04029,Lipstick,Cosmetics,Bagasse,0.049,0.0,236,True
P04030,Lipstick,Cosmetics,Bamboo Fiber,0.034,0.0,338,True
P04031,Lipstick,Cosmetics,Recycled Cardboard,0.038,0.0,400,True
P04032,Lipstick,Cosmetics,Recycled Cardboard,0.038,0.0,585,True
P04033,Lipstick,Cosmetics,Bagasse,0.033,0.0,382,True
P04034,Lipstick,Cosmetics,Bagasse,0.02,0.0,466,True
P04035,Lipstick,Cosmetics,Bioplastic (PLA),0.033,0.0,43,True
P04036,Lipstick,Cosmetics,Bioplastic (PLA),0.026,0.0,35,True
P04037,Lipstick,Cosmetics,Bamboo Fiber,0.043,0.0,460,True
P04038,Lipstick,Cosmetics,Mushroom Mycelium,0.033,0.0,664,True
P04039,Lipstick,Cosmetics,Mushroom Mycelium,0.049,0.0,697,True
P04040,Lipstick,Cosmetics,Bagasse,0.02,0.0,435,True
P04041,Lipstick,Cosmetics,Recycled Cardboard,0.039,0.0,462,True
P04042,Lipstick,Cosmetics,Mushroom Mycelium,0.049,0.0,719,True
P04043,Lipstick,Cosmetics,Bamboo Fiber,0.05,0.0,32,True
P04044,Lipstick,Cosmetics,Bagasse,0.026,0.0,133,True
P04045,Lipstick,Cosmetics,Bamboo Fiber,0.021,0.0,641,True
P04046,Lipstick,Cosmetics,Recycled Cardboard,0.046,0.0,232,True
P04047,Lipstick,Cosmetics,Recycled Cardboard,0.029,0.0,122,True
P04048,Lipstick,Cosmetics,Bioplastic (PLA),0.046,0.0,80,True
P04049,Lipstick,Cosmetics,Mushroom Mycelium,0.043,0.0,448,True
P04050,Lipstick,Cosmetics,Bamboo Fiber,0.028,0.0,534,True
P04051,Lipstick,Cosmetics,Recycled Cardboard,0.03,0.0,61,True
P04052,Lipstick,Cosmetics,Bamboo Fiber,0.035,0.0,566,True
P04053,Lipstick,Cosmetics,Mushroom Mycelium,0.045,0.0,441,True
P04054,Lipstick,Cosmetics,Recycled Cardboard,0.033,0.0,514,True
P04055,Lipstick,Cosmetics,Bamboo Fiber,0.033,0.0,700,True
P04056,Lipstick,Cosmetics,Mushroom Mycelium,0.025,0.0,719,True
P04057,Lipstick,Cosmetics,Bamboo Fiber,0.031,0.0,419,True
P04058,Lipstick,Cosmetics,Bamboo Fiber,0.034,0.0,577,True
P04059,Lipstick,Cosmetics,Mushroom Mycelium,0.032,0.0,112,True
P04060,Lipstick,Cosmetics,Bagasse,0.022,0.0,726,True
P04061,Lipstick,Cosmetics,Recycled Cardboard,0.048,0.0,97,True
P04062,Lipstick,Cosmetics,Bamboo Fiber,0.048,0.0,708,True
P04063,Lipstick,Cosmetics,Bioplastic (PLA),0.033,0.0,647,True
P04064,Lipstick,Cosmetics,Mushroom Mycelium,0.043,0.0,40,True
P04065,Lipstick,Cosmetics,Bamboo Fiber,0.041,0.0,213,True
P04066,Lipstick,Cosmetics,Recycled Cardboard,0.046,0.0,373,True
P04067,Lipstick,Cosmetics,Bioplastic (PLA),0.045,0.0,704,True
P04068,Lipstick,Cosmetics,Recycled Cardboard,0.041,0.0,84,True
P04069,Lipstick,Cosmetics,Bagasse,0.038,0.0,113,True
P04070,Lipstick,Cosmetics,Mushroom Mycelium,0.03,0.0,359,True
P04071,Lipstick,Cosmetics,Recycled Cardboard,0.028,0.0,681,True
P04072,Lipstick,Cosmetics,Recycled Cardboard,0.024,0.0,140,True
P04073,Lipstick,Cosmetics,Mushroom Mycelium,0.05,0.0,399,True
P04074,Lipstick,Cosmetics,Bamboo Fiber,0.044,0.0,683,True
P04075,Lipstick,Cosmetics,Mushroom Mycelium,0.032,0.0,101,True
P04076,Lipstick,Cosmetics,Bamboo Fiber,0.042,0.0,334,True
P04077,Lipstick,Cosmetics,Bagasse,0.048,0.0,311,True
P04078,Lipstick,Cosmetics,Bagasse,0.027,0.0,374,True
P04079,Lipstick,Cosmetics,Bamboo Fiber,0.023,0.0,571,True
P04080,Lipstick,Cosmetics,Bagasse,0.024,0.0,466,True
P04081,Lipstick,Cosmetics,Mushroom Mycelium,0.036,0.0,334,True
P04082,Lipstick,Cosmetics,Mushroom Mycelium,0.048,0.0,256,True
P04083,Lipstick,Cosmetics,Bioplastic (PLA),0.026,0.0,179,True
P04084,Lipstick,Cosmetics,Mushroom Mycelium,0.023,0.0,554,True
P04085,Lipstick,Cosmetics,Recycled Cardboard,0.024,0.0,87,True
P04086,Lipstick,Cosmetics,Bioplastic (PLA),0.043,0.0,210,True
P04087,Lipstick,Cosmetics,Bamboo Fiber,0.032,0.0,423,True
P04088,Lipstick,Cosmetics,Bamboo Fiber,0.041,0.0,306,True
P04089,Lipstick,Cosmetics,Recycled Cardboard,0.036,0.0,61,True
P04090,Lipstick,Cosmetics,Bagasse,0.037,0.0,204,True
P04091,Lipstick,Cosmetics,Mushroom Mycelium,0.036,0.0,705,True
P04092,Lipstick,Cosmetics,Bamboo Fiber,0.032,0.0,679,True
P04093,Lipstick,Cosmetics,Recycled Cardboard,0.04,0.0,626,True
P04094,Lipstick,Cosmetics,Mushroom Mycelium,0.028,0.0,245,True
P04095,Lipstick,Cosmetics,Bagasse,0.024,0.0,589,True
P04096,Lipstick,Cosmetics,Recycled Cardboard,0.03,0.0,563,True
P04097,Lipstick,Cosmetics,Bioplastic (PLA),0.042,0.0,490,True
P04098,Lipstick,Cosmetics,Mushroom Mycelium,0.039,0.0,65,True
P04099,Lipstick,Cosmetics,Bagasse,0.021,0.0,402,True
P04100,Lipstick,Cosmetics,Recycled Cardboard,0.046,0.0,649,True
P04101,Lipstick,Cosmetics,Bagasse,0.024,0.0,550,True
P04102,Lipstick,Cosmetics,Bioplastic (PLA),0.028,0.0,140,True
P04103,Lipstick,Cosmetics,Recycled Cardboard,0.05,0.0,269,True
P04104,Lipstick,Cosmetics,Bagasse,0.044,0.0,536,True
P04105,Lipstick,Cosmetics,Bamboo Fiber,0.023,0.0,238,True
P04106,Lipstick,Cosmetics,Recycled Cardboard,0.029,0.0,404,True
P04107,Lipstick,Cosmetics,Mushroom Mycelium,0.025,0.0,417,True
P04108,Lipstick,Cosmetics,Recycled Cardboard,0.047,0.0,496,True
P04109,Lipstick,Cosmetics,Recycled Cardboard,0.025,0.0,481,True
P04110,Lipstick,Cosmetics,Mushroom Mycelium,0.033,0.0,597,True
P04111,Lipstick,Cosmetics,Bamboo Fiber,0.045,0.0,353,True
P04112,Lipstick,Cosmetics,Recycled Cardboard,0.044,0.0,293,True
P04113,Lipstick,Cosmetics,Recycled Cardboard,0.045,0.0,423,True
P04114,Lipstick,Cosmetics,Bagasse,0.047,0.0,253,True
P04115,Lipstick,Cosmetics,Bioplastic (PLA),0.042,0.0,95,True
P04116,Lipstick,Cosmetics,Bagasse,0.035,0.0,294,True
P04117,Lipstick,Cosmetics,Mushroom Mycelium,0.043,0.0,277,True
P04118,Lipstick,Cosmetics,Mushroom Mycelium,0.024,0.0,151,True
P04119,Lipstick,Cosmetics,Bagasse,0.044,0.0,574,True
P04120,Lipstick,Cosmetics,Bamboo Fiber,0.029,0.0,612,True
P04121,Lipstick,Cosmetics,Bioplastic (PLA),0.041,0.0,320,True
P04122,Lipstick,Cosmetics,Recycled Cardboard,0.031,0.0,398,True
P04123,Lipstick,Cosmetics,Bamboo Fiber,0.049,0.0,189,True
P04124,Lipstick,Cosmetics,Bioplastic (PLA),0.036,0.0,248,True
P04125,Lipstick,Cosmetics,Bagasse,0.048,0.0,48,True
P04126,Lipstick,Cosmetics,Recycled Cardboard,0.028,0.0,483,True
P04127,Lipstick,Cosmetics,Bioplastic (PLA),0.036,0.0,567,True
P04128,Lipstick,Cosmetics,Bamboo Fiber,0.041,0.0,421,True
P04129,Lipstick,Cosmetics,Mushroom Mycelium,0.041,0.0,259,True
P04130,Lipstick,Cosmetics,Bagasse,0.021,0.0,132,True
P04131,Lipstick,Cosmetics,Mushroom Mycelium,0.022,0.0,200,True
P04132,Lipstick,Cosmetics,Mushroom Mycelium,0.02,0.0,232,True
P04133,Lipstick,Cosmetics,Bioplastic (PLA),0.022,0.0,643,True
P04134,Lipstick,Cosmetics,Recycled Cardboard,0.031,0.0,37,True
P04135,Lipstick,Cosmetics,Bioplastic (PLA),0.035,0.0,428,True
P04136,Lipstick,Cosmetics,Bamboo Fiber,0.031,0.0,355,True
P04137,Lipstick,Cosmetics,Bamboo Fiber,0.042,0.0,493,True
P04138,Lipstick,Cosmetics,Bagasse,0.025,0.0,45,True
P04139,Lipstick,Cosmetics,Mushroom Mycelium,0.047,0.0,363,True
P04140,Lipstick,Cosmetics,Mushroom Mycelium,0.036,0.0,551,True
P04141,Lipstick,Cosmetics,Mushroom Mycelium,0.023,0.0,455,True
P04142,Lipstick,Cosmetics,Bagasse,0.023,0.0,285,True
P04143,Lipstick,Cosmetics,Mushroom Mycelium,0.022,0.0,447,True
P04144,Lipstick,Cosmetics,Mushroom Mycelium,0.029,0.0,686,True
P04145,Lipstick,Cosmetics,Bagasse,0.021,0.0,446,True
P04146,Lipstick,Cosmetics,Bamboo Fiber,0.038,0.0,342,True
P04147,Lipstick,Cosmetics,Mushroom Mycelium,0.023,0.0,53,True
P04148,Lipstick,Cosmetics,Mushroom Mycelium,0.028,0.0,428,True
P04149,Lipstick,Cosmetics,Mushroom Mycelium,0.035,0.0,300,True
P04150,Lipstick,Cosmetics,Bamboo Fiber,0.035,0.0,676,True
P04151,Lipstick,Cosmetics,Bioplastic (PLA),0.049,0.0,571,True
P04152,Lipstick,Cosmetics,Recycled Cardboard,0.025,0.0,659,True
P04153,Lipstick,Cosmetics,Bioplastic (PLA),0.043,0.0,531,True
P04154,Lipstick,Cosmetics,Bioplastic (PLA),0.045,0.0,227,True
P04155,Lipstick,Cosmetics,Mushroom Mycelium,0.02,0.0,565,True
P04156,Lipstick,Cosmetics,Mushroom Mycelium,0.047,0.0,607,True
P04157,Lipstick,Cosmetics,Bioplastic (PLA),0.036,0.0,509,True
P04158,Lipstick,Cosmetics,Bamboo Fiber,0.029,0.0,698,True
P04159,Lipstick,Cosmetics,Bioplastic (PLA),0.021,0.0,106,True
P04160,Lipstick,Cosmetics,Mushroom Mycelium,0.035,0.0,67,True
P04161,Lipstick,Cosmetics,Bioplastic (PLA),0.04,0.0,91,True
P04162,Lipstick,Cosmetics,Bamboo Fiber,0.041,0.0,187,True
P04163,Lipstick,Cosmetics,Bioplastic (PLA),0.043,0.0,223,True
P04164,Lipstick,Cosmetics,Bamboo Fiber,0.033,0.0,199,True
P04165,Lipstick,Cosmetics,Mushroom Mycelium,0.022,0.0,106,True
P04166,Lipstick,Cosmetics,Bagasse,0.022,0.0,34,True
P04167,Lipstick,Cosmetics,Bioplastic (PLA),0.03,0.0,720,True
P04168,Lipstick,Cosmetics,Recycled Cardboard,0.034,0.0,660,True
P04169,Lipstick,Cosmetics,Mushroom Mycelium,0.041,0.0,503,True
P04170,Lipstick,Cosmetics,Bagasse,0.039,0.0,313,True
P04171,Lipstick,Cosmetics,Recycled Cardboard,0.026,0.0,437,True
P04172,Lipstick,Cosmetics,Recycled Cardboard,0.033,0.0,401,True
P04173,Lipstick,Cosmetics,Mushroom Mycelium,0.036,0.0,714,True
P04174,Lipstick,Cosmetics,Recycled Cardboard,0.034,0.0,351,True
P04175,Lipstick,Cosmetics,Bagasse,0.02,0.0,501,True
P04176,Lipstick,Cosmetics,Mushroom Mycelium,0.021,0.0,701,True
P04177,Lipstick,Cosmetics,Bioplastic (PLA),0.046,0.0,441,True
P04178,Lipstick,Cosmetics,Bioplastic (PLA),0.021,0.0,628,True
P04179,Lipstick,Cosmetics,Bioplastic (PLA),0.047,0.0,553,True
P04180,Lipstick,Cosmetics,Bamboo Fiber,0.024,0.0,384,True
P04181,Lipstick,Cosmetics,Bamboo Fiber,0.025,0.0,182,True
P04182,Lipstick,Cosmetics,Bamboo Fiber,0.025,0.0,159,True
P04183,Lipstick,Cosmetics,Bagasse,0.043,0.0,669,True
P04184,Lipstick,Cosmetics,Bagasse,0.033,0.0,341,True
P04185,Lipstick,Cosmetics,Bamboo Fiber,0.025,0.0,194,True
P04186,Lipstick,Cosmetics,Bamboo Fiber,0.048,0.0,272,True
P04187,Lipstick,Cosmetics,Bagasse,0.048,0.0,485,True
P04188,Lipstick,Cosmetics,Bagasse,0.04,0.0,345,True
P04189,Lipstick,Cosmetics,Mushroom Mycelium,0.024,0.0,94,True
P04190,Lipstick,Cosmetics,Recycled Cardboard,0.023,0.0,340,True
P04191,Lipstick,Cosmetics,Mushroom Mycelium,0.031,0.0,618,True
P04192,Lipstick,Cosmetics,Bagasse,0.03,0.0,683,True
P04193,Lipstick,Cosmetics,Bamboo Fiber,0.029,0.0,265,True
P04194,Lipstick,Cosmetics,Bamboo Fiber,0.024,0.0,458,True
P04195,Lipstick,Cosmetics,Mushroom Mycelium,0.03,0.0,491,True
P04196,Lipstick,Cosmetics,Recycled Cardboard,0.027,0.0,236,True
P04197,Lipstick,Cosmetics,Bamboo Fiber,0.042,0.0,260,True
P04198,Lipstick,Cosmetics,Mushroom Mycelium,0.02,0.0,341,True
P04199,Lipstick,Cosmetics,Mushroom Mycelium,0.024,0.0,262,True
P04200,Lipstick,Cosmetics,Recycled Cardboard,0.042,0.0,272,True
P04201,Lipstick,Cosmetics,Bamboo Fiber,0.027,0.0,131,True
P04202,Lipstick,Cosmetics,Mushroom Mycelium,0.047,0.0,448,True
P04203,Lipstick,Cosmetics,Bamboo Fiber,0.044,0.0,499,True
P04204,Lipstick,Cosmetics,Bioplastic (PLA),0.046,0.0,100,True
P04205,Lipstick,Cosmetics,Recycled Cardboard,0.037,0.0,694,True
P04206,Lipstick,Cosmetics,Bamboo Fiber,0.046,0.0,585,True
P04207,Lipstick,Cosmetics,Bamboo Fiber,0.032,0.0,602,True
P04208,Lipstick,Cosmetics,Bamboo Fiber,0.041,0.0,440,True
P04209,Lipstick,Cosmetics,Bioplastic (PLA),0.023,0.0,77,True
P04210,Lipstick,Cosmetics,Bamboo Fiber,0.036,0.0,291,True
P04211,Lipstick,Cosmetics,Bagasse,0.021,0.0,123,True
P04212,Lipstick,Cosmetics,Bamboo Fiber,0.025,0.0,254,True
P04213,Lipstick,Cosmetics,Mushroom Mycelium,0.044,0.0,149,True
P04214,Lipstick,Cosmetics,Bioplastic (PLA),0.024,0.0,109,True
P04215,Lipstick,Cosmetics,Recycled Cardboard,0.042,0.0,505,True
P04216,Lipstick,Cosmetics,Bamboo Fiber,0.03,0.0,578,True
P04217,Lipstick,Cosmetics,Bagasse,0.046,0.0,306,True
P04218,Lipstick,Cosmetics,Mushroom Mycelium,0.036,0.0,169,True
P04219,Lipstick,Cosmetics,Bamboo Fiber,0.049,0.0,727,True
P04220,Lipstick,Cosmetics,Bioplastic (PLA),0.025,0.0,679,True
P04221,Lipstick,Cosmetics,Bamboo Fiber,0.023,0.0,54,True
P04222,Lipstick,Cosmetics,Bagasse,0.031,0.0,186,True
P04223,Lipstick,Cosmetics,Bagasse,0.036,0.0,655,True
P04224,Lipstick,Cosmetics,Bagasse,0.033,0.0,355,True
P04225,Lipstick,Cosmetics,Bioplastic (PLA),0.026,0.0,263,True
P04226,Lipstick,Cosmetics,Mushroom Mycelium,0.028,0.0,343,True
P04227,Lipstick,Cosmetics,Bamboo Fiber,0.025,0.0,48,True
P04228,Lipstick,Cosmetics,Bioplastic (PLA),0.043,0.0,573,True
P04229,Lipstick,Cosmetics,Mushroom Mycelium,0.033,0.0,391,True
P04230,Lipstick,Cosmetics,Bamboo Fiber,0.034,0.0,504,True
P04231,Lipstick,Cosmetics,Mushroom Mycelium,0.049,0.0,83,True
P04232,Lipstick,Cosmetics,Bagasse,0.024,0.0,269,True
P04233,Lipstick,Cosmetics,Mushroom Mycelium,0.04,0.0,344,True
P04234,Lipstick,Cosmetics,Recycled Cardboard,0.024,0.0,355,True
P04235,Lipstick,Cosmetics,Bamboo Fiber,0.044,0.0,199,True
P04236,Lipstick,Cosmetics,Mushroom Mycelium,0.046,0.0,248,True
P04237,Lipstick,Cosmetics,Mushroom Mycelium,0.042,0.0,413,True
P04238,Lipstick,Cosmetics,Mushroom Mycelium,0.038,0.0,450,True
P04239,Lipstick,Cosmetics,Bamboo Fiber,0.032,0.0,336,True
P04240,Lipstick,Cosmetics,Mushroom Mycelium,0.027,0.0,426,True
P04241,Lipstick,Cosmetics,Bagasse,0.045,0.0,615,True
P04242,Lipstick,Cosmetics,Bagasse,0.042,0.0,228,True
P04243,Lipstick,Cosmetics,Mushroom Mycelium,0.021,0.0,47,True
P04244,Lipstick,Cosmetics,Recycled Cardboard,0.046,0.0,335,True
P04245,Lipstick,Cosmetics,Bagasse,0.038,0.0,223,True
P04246,Lipstick,Cosmetics,Bagasse,0.03,0.0,261,True
P04247,Lipstick,Cosmetics,Bamboo Fiber,0.023,0.0,651,True
P04248,Lipstick,Cosmetics,Bagasse,0.023,0.0,584,True
P04249,Lipstick,Cosmetics,Bamboo Fiber,0.026,0.0,557,True
P04250,Lipstick,Cosmetics,Bioplastic (PLA),0.02,0.0,34,True
P04251,Lipstick,Cosmetics,Recycled Cardboard,0.024,0.0,302,True
P04252,Lipstick,Cosmetics,Bamboo Fiber,0.035,0.0,599,True
P04253,Lipstick,Cosmetics,Bioplastic (PLA),0.045,0.0,63,True
P04254,Lipstick,Cosmetics,Bagasse,0.025,0.0,239,True
P04255,Lipstick,Cosmetics,Recycled Cardboard,0.048,0.0,629,True
P04256,Lipstick,Cosmetics,Mushroom Mycelium,0.038,0.0,324,True
P04257,Lipstick,Cosmetics,Bagasse,0.042,0.0,440,True
P04258,Lipstick,Cosmetics,Bamboo Fiber,0.045,0.0,562,True
P04259,Lipstick,Cosmetics,Mushroom Mycelium,0.03,0.0,60,True
P04260,Lipstick,Cosmetics,Bagasse,0.047,0.0,45,True
P04261,Lipstick,Cosmetics,Mushroom Mycelium,0.027,0.0,357,True
P04262,Lipstick,Cosmetics,Bagasse,0.045,0.0,604,True
P04263,Lipstick,Cosmetics,Bagasse,0.044,0.0,163,True
P04264,Lipstick,Cosmetics,Recycled Cardboard,0.04,0.0,327,True
P04265,Lipstick,Cosmetics,Mushroom Mycelium,0.027,0.0,624,True
P04266,Lipstick,Cosmetics,Bagasse,0.045,0.0,316,True
P04267,Lipstick,Cosmetics,Bagasse,0.045,0.0,102,True
P04268,Lipstick,Cosmetics,Bamboo Fiber,0.047,0.0,526,True
P04269,Lipstick,Cosmetics,Bagasse,0.028,0.0,229,True
P04270,Lipstick,Cosmetics,Bagasse,0.041,0.0,632,True
P04271,Lipstick,Cosmetics,Bioplastic (PLA),0.036,0.0,333,True
P04272,Lipstick,Cosmetics,Bioplastic (PLA),0.033,0.0,215,True
P04273,Lipstick,Cosmetics,Bamboo Fiber,0.046,0.0,541,True
P04274,Lipstick,Cosmetics,Mushroom Mycelium,0.037,0.0,594,True
P04275,Lipstick,Cosmetics,Mushroom Mycelium,0.039,0.0,686,True
P04276,Lipstick,Cosmetics,Bagasse,0.028,0.0,132,True
P04277,Lipstick,Cosmetics,Mushroom Mycelium,0.048,0.0,288,True
P04278,Lipstick,Cosmetics,Recycled Cardboard,0.044,0.0,432,True
P04279,Lipstick,Cosmetics,Bamboo Fiber,0.025,0.0,442,True
P04280,Lipstick,Cosmetics,Mushroom Mycelium,0.049,0.0,76,True
P04281,Lipstick,Cosmetics,Mushroom Mycelium,0.045,0.0,305,True
P04282,Lipstick,Cosmetics,Recycled Cardboard,0.027,0.0,572,True
P04283,Lipstick,Cosmetics,Recycled Cardboard,0.026,0.0,95,True
P04284,Lipstick,Cosmetics,Recycled Cardboard,0.021,0.0,504,True
P04285,Lipstick,Cosmetics,Recycled Cardboard,0.045,0.0,553,True
P04286,Lipstick,Cosmetics,Bamboo Fiber,0.048,0.0,525,True
P04287,Lipstick,Cosmetics,Bioplastic (PLA),0.021,0.0,324,True
P04288,Lipstick,Cosmetics,Recycled Cardboard,0.024,0.0,469,True
P04289,Lipstick,Cosmetics,Bagasse,0.026,0.0,463,True
P04290,Lipstick,Cosmetics,Recycled Cardboard,0.049,0.0,546,True
P04291,Lipstick,Cosmetics,Bioplastic (PLA),0.023,0.0,80,True
P04292,Lipstick,Cosmetics,Recycled Cardboard,0.045,0.0,394,True
P04293,Lipstick,Cosmetics,Bagasse,0.048,0.0,648,True
P04294,Lipstick,Cosmetics,Recycled Cardboard,0.028,0.0,446,True
P04295,Lipstick,Cosmetics,Bagasse,0.048,0.0,278,True
P04296,Lipstick,Cosmetics,Bamboo Fiber,0.035,0.0,428,True
P04297,Lipstick,Cosmetics,Bamboo Fiber,0.026,0.0,455,True
P04298,Lipstick,Cosmetics,Recycled Cardboard,0.034,0.0,63,True
P04299,Lipstick,Cosmetics,Bagasse,0.05,0.0,114,True
P04300,Lipstick,Cosmetics,Bioplastic (PLA),0.045,0.0,425,True
P04301,Lipstick,Cosmetics,Bamboo Fiber,0.049,0.0,626,True
P04302,Lipstick,Cosmetics,Recycled Cardboard,0.033,0.0,488,True
P04303,Lipstick,Cosmetics,Bioplastic (PLA),0.034,0.0,121,True
P04304,Lipstick,Cosmetics,Bioplastic (PLA),0.021,0.0,677,True
P04305,Lipstick,Cosmetics,Recycled Cardboard,0.049,0.0,706,True
P04306,Lipstick,Cosmetics,Bioplastic (PLA),0.045,0.0,366,True
P04307,Lipstick,Cosmetics,Recycled Cardboard,0.041,0.0,565,True
P04308,Lipstick,Cosmetics,Bioplastic (PLA),0.027,0.0,564,True
P04309,Lipstick,Cosmetics,Bamboo Fiber,0.04,0.0,311,True
P04310,Lipstick,Cosmetics,Bamboo Fiber,0.042,0.0,229,True
P04311,Lipstick,Cosmetics,Recycled Cardboard,0.048,0.0,399,True
P04312,Lipstick,Cosmetics,Mushroom Mycelium,0.034,0.0,196,True
P04313,Lipstick,Cosmetics,Mushroom Mycelium,0.026,0.0,699,True
P04314,Lipstick,Cosmetics,Bagasse,0.049,0.0,308,True
P04315,Lipstick,Cosmetics,Recycled Cardboard,0.036,0.0,619,True
P04316,Lipstick,Cosmetics,Bagasse,0.048,0.0,251,True
P04317,Lipstick,Cosmetics,Recycled Cardboard,0.039,0.0,219,True
P04318,Lipstick,Cosmetics,Recycled Cardboard,0.047,0.0,353,True
P04319,Lipstick,Cosmetics,Bamboo Fiber,0.033,0.0,36,True
P04320,Lipstick,Cosmetics,Mushroom Mycelium,0.026,0.0,298,True
P04321,Lipstick,Cosmetics,Recycled Cardboard,0.02,0.0,710,True
P04322,Lipstick,Cosmetics,Bamboo Fiber,0.029,0.0,63,True
P04323,Lipstick,Cosmetics,Bioplastic (PLA),0.025,0.0,486,True
P04324,Lipstick,Cosmetics,Mushroom Mycelium,0.033,0.0,494,True
P04325,Lipstick,Cosmetics,Bagasse,0.041,0.0,186,True
P04326,Lipstick,Cosmetics,Bamboo Fiber,0.043,0.0,616,True
P04327,Lipstick,Cosmetics,Bioplastic (PLA),0.033,0.0,679,True
P04328,Lipstick,Cosmetics,Bagasse,0.036,0.0,264,True
P04329,Lipstick,Cosmetics,Mushroom Mycelium,0.045,0.0,233,True
P04330,Lipstick,Cosmetics,Bioplastic (PLA),0.038,0.0,395,True
P04331,Lipstick,Cosmetics,Recycled Cardboard,0.024,0.0,526,True
P04332,Lipstick,Cosmetics,Bioplastic (PLA),0.05,0.0,464,True
P04333,Lipstick,Cosmetics,Bioplastic (PLA),0.031,0.0,210,True
P04334,Lipstick,Cosmetics,Bamboo Fiber,0.05,0.0,719,True
P04335,Lipstick,Cosmetics,Bagasse,0.035,0.0,53,True
P04336,Lipstick,Cosmetics,Bioplastic (PLA),0.032,0.0,214,True
P04337,Lipstick,Cosmetics,Bagasse,0.039,0.0,665,True
P04338,Lipstick,Cosmetics,Bamboo Fiber,0.037,0.0,575,True
P04339,Lipstick,Cosmetics,Mushroom Mycelium,0.033,0.0,426,True
P04340,Lipstick,Cosmetics,Mushroom Mycelium,0.021,0.0,176,True
P04341,Lipstick,Cosmetics,Bagasse,0.035,0.0,278,True
P04342,Lipstick,Cosmetics,Bagasse,0.032,0.0,435,True
P04343,Lipstick,Cosmetics,Recycled Cardboard,0.024,0.0,444,True
P04344,Lipstick,Cosmetics,Mushroom Mycelium,0.035,0.0,182,True
P04345,Lipstick,Cosmetics,Bagasse,0.049,0.0,676,True
P04346,Lipstick,Cosmetics,Bioplastic (PLA),0.045,0.0,386,True
P04347,Lipstick,Cosmetics,Recycled Cardboard,0.045,0.0,367,True
P04348,Lipstick,Cosmetics,Bamboo Fiber,0.041,0.0,66,True
P04349,Lipstick,Cosmetics,Bagasse,0.033,0.0,45,True
P04350,Lipstick,Cosmetics,Bagasse,0.027,0.0,422,True
P04351,Lipstick,Cosmetics,Bamboo Fiber,0.049,0.0,556,True
P04352,Lipstick,Cosmetics,Mushroom Mycelium,0.027,0.0,392,True
P04353,Lipstick,Cosmetics,Bagasse,0.042,0.0,571,True
P04354,Lipstick,Cosmetics,Bamboo Fiber,0.039,0.0,195,True
P04355,Lipstick,Cosmetics,Bioplastic (PLA),0.039,0.0,186,True
P04356,Lipstick,Cosmetics,Mushroom Mycelium,0.033,0.0,300,True
P04357,Lipstick,Cosmetics,Mushroom Mycelium,0.049,0.0,247,True
P04358,Lipstick,Cosmetics,Bagasse,0.048,0.0,276,True
P04359,Lipstick,Cosmetics,Bagasse,0.04,0.0,615,True
P04360,Lipstick,Cosmetics,Bioplastic (PLA),0.025,0.0,100,True
P04361,Lipstick,Cosmetics,Mushroom Mycelium,0.026,0.0,623,True
P04362,Lipstick,Cosmetics,Bioplastic (PLA),0.026,0.0,708,True
P04363,Lipstick,Cosmetics,Mushroom Mycelium,0.049,0.0,122,True
P04364,Lipstick,Cosmetics,Mushroom Mycelium,0.038,0.0,282,True
P04365,Lipstick,Cosmetics,Bioplastic (PLA),0.032,0.0,669,True
P04366,Lipstick,Cosmetics,Mushroom Mycelium,0.02,0.0,352,True
P04367,Lipstick,Cosmetics,Mushroom Mycelium,0.024,0.0,726,True
P04368,Lipstick,Cosmetics,Bioplastic (PLA),0.042,0.0,322,True
P04369,Lipstick,Cosmetics,Mushroom Mycelium,0.029,0.0,535,True
P04370,Lipstick,Cosmetics,Bamboo Fiber,0.034,0.0,474,True
P04371,Lipstick,Cosmetics,Mushroom Mycelium,0.028,0.0,165,True
P04372,Lipstick,Cosmetics,Bioplastic (PLA),0.038,0.0,499,True
P04373,Lipstick,Cosmetics,Bagasse,0.043,0.0,708,True
P04374,Lipstick,Cosmetics,Bioplastic (PLA),0.042,0.0,139,True
P04375,Lipstick,Cosmetics,Bagasse,0.046,0.0,605,True
P04376,Lipstick,Cosmetics,Recycled Cardboard,0.037,0.0,223,True
P04377,Lipstick,Cosmetics,Recycled Cardboard,0.043,0.0,353,True
P04378,Lipstick,Cosmetics,Recycled Cardboard,0.045,0.0,426,True
P04379,Lipstick,Cosmetics,Bamboo Fiber,0.021,0.0,555,True
P04380,Lipstick,Cosmetics,Recycled Cardboard,0.023,0.0,665,True
P04381,Lipstick,Cosmetics,Mushroom Mycelium,0.023,0.0,176,True
P04382,Lipstick,Cosmetics,Bamboo Fiber,0.029,0.0,694,True
P04383,Lipstick,Cosmetics,Bioplastic (PLA),0.022,0.0,173,True
P04384,Lipstick,Cosmetics,Bamboo Fiber,0.049,0.0,660,True
P04385,Lipstick,Cosmetics,Bagasse,0.037,0.0,526,True
P04386,Lipstick,Cosmetics,Mushroom Mycelium,0.034,0.0,447,True
P04387,Lipstick,Cosmetics,Bioplastic (PLA),0.027,0.0,215,True
P04388,Lipstick,Cosmetics,Bagasse,0.031,0.0,74,True
P04389,Lipstick,Cosmetics,Recycled Cardboard,0.022,0.0,598,True
P04390,Lipstick,Cosmetics,Mushroom Mycelium,0.049,0.0,516,True
P04391,Lipstick,Cosmetics,Bagasse,0.029,0.0,306,True
P04392,Lipstick,Cosmetics,Bamboo Fiber,0.048,0.0,185,True
P04393,Lipstick,Cosmetics,Bagasse,0.026,0.0,547,True
P04394,Lipstick,Cosmetics,Recycled Cardboard,0.044,0.0,204,True
P04395,Lipstick,Cosmetics,Bamboo Fiber,0.045,0.0,76,True
P04396,Lipstick,Cosmetics,Bamboo Fiber,0.029,0.0,608,True
P04397,Lipstick,Cosmetics,Bamboo Fiber,0.039,0.0,67,True
P04398,Lipstick,Cosmetics,Mushroom Mycelium,0.021,0.0,278,True
P04399,Lipstick,Cosmetics,Mushroom Mycelium,0.046,0.0,601,True
P04400,Lipstick,Cosmetics,Bioplastic (PLA),0.041,0.0,300,True
P04401,Lipstick,Cosmetics,Bamboo Fiber,0.021,0.0,201,True
P04402,Lipstick,Cosmetics,Mushroom Mycelium,0.041,0.0,42,True
P04403,Lipstick,Cosmetics,Bamboo Fiber,0.028,0.0,614,True
P04404,Lipstick,Cosmetics,Bamboo Fiber,0.045,0.0,698,True
P04405,Lipstick,Cosmetics,Mushroom Mycelium,0.038,0.0,607,True
P04406,Lipstick,Cosmetics,Bagasse,0.041,0.0,300,True
P04407,Lipstick,Cosmetics,Bamboo Fiber,0.026,0.0,594,True
P04408,Lipstick,Cosmetics,Mushroom Mycelium,0.038,0.0,104,True
P04409,Lipstick,Cosmetics,Recycled Cardboard,0.041,0.0,437,True
P04410,Lipstick,Cosmetics,Bagasse,0.046,0.0,339,True
P04411,Lipstick,Cosmetics,Recycled Cardboard,0.025,0.0,572,True
P04412,Lipstick,Cosmetics,Bamboo Fiber,0.039,0.0,577,True
P04413,Lipstick,Cosmetics,Mushroom Mycelium,0.021,0.0,143,True
P04414,Lipstick,Cosmetics,Bioplastic (PLA),0.042,0.0,620,True
P04415,Lipstick,Cosmetics,Recycled Cardboard,0.045,0.0,701,True
P04416,Lipstick,Cosmetics,Bioplastic (PLA),0.038,0.0,666,True
P04417,Lipstick,Cosmetics,Recycled Cardboard,0.027,0.0,88,True
P04418,Lipstick,Cosmetics,Mushroom Mycelium,0.021,0.0,665,True
P04419,Lipstick,Cosmetics,Recycled Cardboard,0.045,0.0,522,True
P04420,Lipstick,Cosmetics,Bamboo Fiber,0.035,0.0,130,True
P04421,Lipstick,Cosmetics,Mushroom Mycelium,0.035,0.0,465,True
P04422,Lipstick,Cosmetics,Bioplastic (PLA),0.029,0.0,213,True
P04423,Lipstick,Cosmetics,Bioplastic (PLA),0.036,0.0,597,True
P04424,Lipstick,Cosmetics,Bagasse,0.045,0.0,184,True
P04425,Lipstick,Cosmetics,Bioplastic (PLA),0.03,0.0,272,True
P04426,Lipstick,Cosmetics,Bioplastic (PLA),0.032,0.0,682,True
P04427,Lipstick,Cosmetics,Mushroom Mycelium,0.02,0.0,719,True
P04428,Lipstick,Cosmetics,Bamboo Fiber,0.02,0.0,648,True
P04429,Lipstick,Cosmetics,Bagasse,0.032,0.0,452,True
P04430,Lipstick,Cosmetics,Bamboo Fiber,0.028,0.0,550,True
P04431,Lipstick,Cosmetics,Recycled Cardboard,0.023,0.0,624,True
P04432,Lipstick,Cosmetics,Bagasse,0.033,0.0,139,True
P04433,Lipstick,Cosmetics,Recycled Cardboard,0.03,0.0,188,True
P04434,Lipstick,Cosmetics,Bioplastic (PLA),0.036,0.0,75,True
P04435,Lipstick,Cosmetics,Bamboo Fiber,0.024,0.0,596,True
P04436,Lipstick,Cosmetics,Recycled Cardboard,0.033,0.0,696,True
P04437,Lipstick,Cosmetics,Mushroom Mycelium,0.023,0.0,614,True
P04438,Lipstick,Cosmetics,Bamboo Fiber,0.047,0.0,184,True
P04439,Lipstick,Cosmetics,Bagasse,0.039,0.0,52,True
P04440,Lipstick,Cosmetics,Bioplastic (PLA),0.028,0.0,357,True
P04441,Lipstick,Cosmetics,Bioplastic (PLA),0.036,0.0,434,True
P04442,Lipstick,Cosmetics,Mushroom Mycelium,0.039,0.0,457,True
P04443,Lipstick,Cosmetics,Mushroom Mycelium,0.035,0.0,423,True
P04444,Lipstick,Cosmetics,Bagasse,0.047,0.0,633,True
P04445,Lipstick,Cosmetics,Recycled Cardboard,0.05,0.0,229,True
P04446,Lipstick,Cosmetics,Recycled Cardboard,0.02,0.0,66,True
P04447,Lipstick,Cosmetics,Mushroom Mycelium,0.029,0.0,338,True
P04448,Lipstick,Cosmetics,Bioplastic (PLA),0.032,0.0,113,True
P04449,Lipstick,Cosmetics,Mushroom Mycelium,0.034,0.0,640,True
P04450,Lipstick,Cosmetics,Mushroom Mycelium,0.028,0.0,352,True
P04451,Lipstick,Cosmetics,Bamboo Fiber,0.023,0.0,219,True
P04452,Lipstick,Cosmetics,Bioplastic (PLA),0.022,0.0,277,True
P04453,Lipstick,Cosmetics,Mushroom Mycelium,0.048,0.0,291,True
P04454,Lipstick,Cosmetics,Bagasse,0.038,0.0,144,True
P04455,Lipstick,Cosmetics,Bagasse,0.021,0.0,386,True
P04456,Lipstick,Cosmetics,Bamboo Fiber,0.029,0.0,188,True
P04457,Lipstick,Cosmetics,Bagasse,0.033,0.0,275,True
P04458,Lipstick,Cosmetics,Mushroom Mycelium,0.049,0.0,532,True
P04459,Lipstick,Cosmetics,Bamboo Fiber,0.028,0.0,680,True
P04460,Lipstick,Cosmetics,Bioplastic (PLA),0.049,0.0,285,True
P04461,Lipstick,Cosmetics,Mushroom Mycelium,0.038,0.0,38,True
P04462,Lipstick,Cosmetics,Mushroom Mycelium,0.041,0.0,254,True
P04463,Lipstick,Cosmetics,Mushroom Mycelium,0.039,0.0,275,True
P04464,Lipstick,Cosmetics,Bagasse,0.021,0.0,552,True
P04465,Lipstick,Cosmetics,Bamboo Fiber,0.031,0.0,713,True
P04466,Lipstick,Cosmetics,Recycled Cardboard,0.038,0.0,269,True
P04467,Lipstick,Cosmetics,Recycled Cardboard,0.026,0.0,456,True
P04468,Lipstick,Cosmetics,Recycled Cardboard,0.04,0.0,85,True
P04469,Lipstick,Cosmetics,Bagasse,0.025,0.0,664,True
P04470,Lipstick,Cosmetics,Bioplastic (PLA),0.038,0.0,710,True
P04471,Lipstick,Cosmetics,Bagasse,0.04,0.0,677,True
P04472,Lipstick,Cosmetics,Bagasse,0.039,0.0,499,True
P04473,Lipstick,Cosmetics,Recycled Cardboard,0.045,0.0,633,True
P04474,Lipstick,Cosmetics,Bamboo Fiber,0.034,0.0,236,True
P04475,Lipstick,Cosmetics,Mushroom Mycelium,0.045,0.0,675,True
P04476,Lipstick,Cosmetics,Recycled Cardboard,0.034,0.0,621,True
P04477,Lipstick,Cosmetics,Bioplastic (PLA),0.044,0.0,580,True
P04478,Lipstick,Cosmetics,Mushroom Mycelium,0.032,0.0,243,True
P04479,Lipstick,Cosmetics,Recycled Cardboard,0.049,0.0,652,True
P04480,Lipstick,Cosmetics,Bioplastic (PLA),0.041,0.0,438,True
P04481,Lipstick,Cosmetics,Mushroom Mycelium,0.028,0.0,545,True
P04482,Lipstick,Cosmetics,Bioplastic (PLA),0.034,0.0,485,True
P04483,Lipstick,Cosmetics,Mushroom Mycelium,0.031,0.0,457,True
P04484,Lipstick,Cosmetics,Bamboo Fiber,0.049,0.0,398,True
P04485,Lipstick,Cosmetics,Bioplastic (PLA),0.037,0.0,629,True
P04486,Lipstick,Cosmetics,Recycled Cardboard,0.043,0.0,581,True
P04487,Lipstick,Cosmetics,Mushroom Mycelium,0.045,0.0,111,True
P04488,Lipstick,Cosmetics,Bioplastic (PLA),0.042,0.0,230,True
P04489,Lipstick,Cosmetics,Bagasse,0.038,0.0,43,True
P04490,Lipstick,Cosmetics,Bagasse,0.045,0.0,332,True
P04491,Lipstick,Cosmetics,Bamboo Fiber,0.024,0.0,532,True
P04492,Lipstick,Cosmetics,Mushroom Mycelium,0.03,0.0,484,True
P04493,Lipstick,Cosmetics,Bagasse,0.028,0.0,673,True
P04494,Lipstick,Cosmetics,Bagasse,0.035,0.0,54,True
P04495,Lipstick,Cosmetics,Mushroom Mycelium,0.024,0.0,207,True
P04496,Lipstick,Cosmetics,Bioplastic (PLA),0.026,0.0,62,True
P04497,Lipstick,Cosmetics,Bagasse,0.039,0.0,442,True
P04498,Lipstick,Cosmetics,Mushroom Mycelium,0.044,0.0,67,True
P04499,Lipstick,Cosmetics,Bagasse,0.034,0.0,729,True
P04500,Lipstick,Cosmetics,Recycled Cardboard,0.022,0.0,267,True
P04501,Face Cream,Cosmetics,Bagasse,0.052,0.0001,281,True
P04502,Face Cream,Cosmetics,Bagasse,0.087,0.0001,115,True
P04503,Face Cream,Cosmetics,Bioplastic (PLA),0.16,0.0002,328,True
P04504,Face Cream,Cosmetics,Bagasse,0.185,0.0002,111,True
P04505,Face Cream,Cosmetics,Recycled Cardboard,0.107,0.0001,466,True
P04506,Face Cream,Cosmetics,Mushroom Mycelium,0.149,0.0002,522,True
P04507,Face Cream,Cosmetics,Bamboo Fiber,0.094,0.0001,145,True
P04508,Face Cream,Cosmetics,Mushroom Mycelium,0.076,0.0001,460,True
P04509,Face Cream,Cosmetics,Bagasse,0.154,0.0001,156,True
P04510,Face Cream,Cosmetics,Bioplastic (PLA),0.17,0.0001,629,True
P04511,Face Cream,Cosmetics,Mushroom Mycelium,0.105,0.0001,411,True
P04512,Face Cream,Cosmetics,Bagasse,0.056,0.0001,272,True
P04513,Face Cream,Cosmetics,Bioplastic (PLA),0.062,0.0001,502,True
P04514,Face Cream,Cosmetics,Mushroom Mycelium,0.077,0.0001,121,True
P04515,Face Cream,Cosmetics,Bagasse,0.155,0.0001,707,True
P04516,Face Cream,Cosmetics,Bagasse,0.051,0.0001,524,True
P04517,Face Cream,Cosmetics,Bamboo Fiber,0.092,0.0001,727,True
P04518,Face Cream,Cosmetics,Bamboo Fiber,0.12,0.0001,108,True
P04519,Face Cream,Cosmetics,Bagasse,0.07,0.0002,135,True
P04520,Face Cream,Cosmetics,Bagasse,0.05,0.0002,245,True
P04521,Face Cream,Cosmetics,Mushroom Mycelium,0.118,0.0001,231,True
P04522,Face Cream,Cosmetics,Mushroom Mycelium,0.158,0.0002,422,True
P04523,Face Cream,Cosmetics,Mushroom Mycelium,0.148,0.0002,306,True
P04524,Face Cream,Cosmetics,Bagasse,0.089,0.0002,621,True
P04525,Face Cream,Cosmetics,Mushroom Mycelium,0.063,0.0001,583,True
P04526,Face Cream,Cosmetics,Recycled Cardboard,0.062,0.0002,571,True
P04527,Face Cream,Cosmetics,Recycled Cardboard,0.123,0.0002,143,True
P04528,Face Cream,Cosmetics,Mushroom Mycelium,0.063,0.0001,401,True
P04529,Face Cream,Cosmetics,Bamboo Fiber,0.053,0.0001,475,True
P04530,Face Cream,Cosmetics,Mushroom Mycelium,0.092,0.0001,359,True
P04531,Face Cream,Cosmetics,Bagasse,0.05,0.0001,525,True
P04532,Face Cream,Cosmetics,Recycled Cardboard,0.095,0.0001,200,True
P04533,Face Cream,Cosmetics,Bamboo Fiber,0.134,0.0002,68,True
P04534,Face Cream,Cosmetics,Recycled Cardboard,0.148,0.0002,566,True
P04535,Face Cream,Cosmetics,Bioplastic (PLA),0.101,0.0002,470,True
P04536,Face Cream,Cosmetics,Recycled Cardboard,0.171,0.0001,81,True
P04537,Face Cream,Cosmetics,Bagasse,0.087,0.0001,510,True
P04538,Face Cream,Cosmetics,Bagasse,0.054,0.0002,261,True
P04539,Face Cream,Cosmetics,Bagasse,0.156,0.0001,163,True
P04540,Face Cream,Cosmetics,Mushroom Mycelium,0.09,0.0002,657,True
P04541,Face Cream,Cosmetics,Recycled Cardboard,0.063,0.0001,386,True
P04542,Face Cream,Cosmetics,Bamboo Fiber,0.185,0.0001,690,True
P04543,Face Cream,Cosmetics,Bamboo Fiber,0.087,0.0001,111,True
P04544,Face Cream,Cosmetics,Bioplastic (PLA),0.117,0.0001,84,True
P04545,Face Cream,Cosmetics,Bagasse,0.097,0.0001,582,True
P04546,Face Cream,Cosmetics,Bagasse,0.059,0.0001,590,True
P04547,Face Cream,Cosmetics,Recycled Cardboard,0.147,0.0001,413,True
P04548,Face Cream,Cosmetics,Bamboo Fiber,0.074,0.0002,346,True
P04549,Face Cream,Cosmetics,Mushroom Mycelium,0.089,0.0001,79,True
P04550,Face Cream,Cosmetics,Recycled Cardboard,0.053,0.0002,305,True
P04551,Face Cream,Cosmetics,Bagasse,0.18,0.0002,631,True
P04552,Face Cream,Cosmetics,Bioplastic (PLA),0.14,0.0001,232,True
P04553,Face Cream,Cosmetics,Recycled Cardboard,0.059,0.0002,352,True
P04554,Face Cream,Cosmetics,Bioplastic (PLA),0.099,0.0002,240,True
P04555,Face Cream,Cosmetics,Mushroom Mycelium,0.078,0.0001,419,True
P04556,Face Cream,Cosmetics,Mushroom Mycelium,0.123,0.0002,313,True
P04557,Face Cream,Cosmetics,Bamboo Fiber,0.154,0.0001,52,True
P04558,Face Cream,Cosmetics,Recycled Cardboard,0.199,0.0001,416,True
P04559,Face Cream,Cosmetics,Bioplastic (PLA),0.136,0.0002,328,True
P04560,Face Cream,Cosmetics,Bagasse,0.107,0.0002,562,True
P04561,Face Cream,Cosmetics,Bagasse,0.095,0.0001,469,True
P04562,Face Cream,Cosmetics,Mushroom Mycelium,0.112,0.0001,264,True
P04563,Face Cream,Cosmetics,Mushroom Mycelium,0.167,0.0002,124,True
P04564,Face Cream,Cosmetics,Bamboo Fiber,0.187,0.0001,632,True
P04565,Face Cream,Cosmetics,Bioplastic (PLA),0.179,0.0001,220,True
P04566,Face Cream,Cosmetics,Recycled Cardboard,0.149,0.0001,539,True
P04567,Face Cream,Cosmetics,Recycled Cardboard,0.056,0.0001,192,True
P04568,Face Cream,Cosmetics,Mushroom Mycelium,0.058,0.0002,530,True
P04569,Face Cream,Cosmetics,Mushroom Mycelium,0.199,0.0001,250,True
P04570,Face Cream,Cosmetics,Bagasse,0.07,0.0001,279,True
P04571,Face Cream,Cosmetics,Recycled Cardboard,0.129,0.0001,391,True
P04572,Face Cream,Cosmetics,Bagasse,0.125,0.0002,452,True
P04573,Face Cream,Cosmetics,Bamboo Fiber,0.12,0.0001,455,True
P04574,Face Cream,Cosmetics,Bagasse,0.111,0.0001,319,True
P04575,Face Cream,Cosmetics,Bioplastic (PLA),0.109,0.0001,558,True
P04576,Face Cream,Cosmetics,Mushroom Mycelium,0.187,0.0001,418,True
P04577,Face Cream,Cosmetics,Recycled Cardboard,0.163,0.0002,710,True
P04578,Face Cream,Cosmetics,Recycled Cardboard,0.2,0.0002,351,True
P04579,Face Cream,Cosmetics,Recycled Cardboard,0.125,0.0001,487,True
P04580,Face Cream,Cosmetics,Recycled Cardboard,0.11,0.0002,372,True
P04581,Face Cream,Cosmetics,Bagasse,0.101,0.0001,676,True
P04582,Face Cream,Cosmetics,Mushroom Mycelium,0.164,0.0002,208,True
P04583,Face Cream,Cosmetics,Bagasse,0.118,0.0001,81,True
P04584,Face Cream,Cosmetics,Bagasse,0.148,0.0001,614,True
P04585,Face Cream,Cosmetics,Bioplastic (PLA),0.07,0.0001,56,True
P04586,Face Cream,Cosmetics,Bamboo Fiber,0.196,0.0001,370,True
P04587,Face Cream,Cosmetics,Mushroom Mycelium,0.097,0.0001,208,True
P04588,Face Cream,Cosmetics,Recycled Cardboard,0.113,0.0002,105,True
P04589,Face Cream,Cosmetics,Bagasse,0.131,0.0002,548,True
P04590,Face Cream,Cosmetics,Bioplastic (PLA),0.124,0.0001,415,True
P04591,Face Cream,Cosmetics,Mushroom Mycelium,0.127,0.0001,116,True
P04592,Face Cream,Cosmetics,Bioplastic (PLA),0.141,0.0001,706,True
P04593,Face Cream,Cosmetics,Recycled Cardboard,0.189,0.0002,614,True
P04594,Face Cream,Cosmetics,Recycled Cardboard,0.129,0.0001,215,True
P04595,Face Cream,Cosmetics,Bagasse,0.191,0.0001,64,True
P04596,Face Cream,Cosmetics,Bamboo Fiber,0.168,0.0001,184,True
P04597,Face Cream,Cosmetics,Bioplastic (PLA),0.082,0.0002,453,True
P04598,Face Cream,Cosmetics,Mushroom Mycelium,0.152,0.0001,37,True
P04599,Face Cream,Cosmetics,Bagasse,0.052,0.0001,106,True
P04600,Face Cream,Cosmetics,Bagasse,0.053,0.0002,423,True
P04601,Face Cream,Cosmetics,Bagasse,0.186,0.0001,224,True
P04602,Face Cream,Cosmetics,Bagasse,0.079,0.0001,677,True
P04603,Face Cream,Cosmetics,Recycled Cardboard,0.199,0.0001,275,True
P04604,Face Cream,Cosmetics,Mushroom Mycelium,0.051,0.0001,675,True
P04605,Face Cream,Cosmetics,Recycled Cardboard,0.093,0.0001,685,True
P04606,Face Cream,Cosmetics,Bioplastic (PLA),0.096,0.0001,698,True
P04607,Face Cream,Cosmetics,Bagasse,0.119,0.0001,707,True
P04608,Face Cream,Cosmetics,Mushroom Mycelium,0.2,0.0001,92,True
P04609,Face Cream,Cosmetics,Bioplastic (PLA),0.064,0.0001,414,True
P04610,Face Cream,Cosmetics,Recycled Cardboard,0.117,0.0001,692,True
P04611,Face Cream,Cosmetics,Recycled Cardboard,0.146,0.0001,653,True
P04612,Face Cream,Cosmetics,Mushroom Mycelium,0.171,0.0001,556,True
P04613,Face Cream,Cosmetics,Mushroom Mycelium,0.164,0.0002,484,True
P04614,Face Cream,Cosmetics,Recycled Cardboard,0.062,0.0001,258,True
P04615,Face Cream,Cosmetics,Bagasse,0.115,0.0001,510,True
P04616,Face Cream,Cosmetics,Bioplastic (PLA),0.147,0.0001,102,True
P04617,Face Cream,Cosmetics,Bagasse,0.089,0.0001,605,True
P04618,Face Cream,Cosmetics,Bagasse,0.144,0.0001,518,True
P04619,Face Cream,Cosmetics,Recycled Cardboard,0.063,0.0001,392,True
P04620,Face Cream,Cosmetics,Bioplastic (PLA),0.096,0.0001,640,True
P04621,Face Cream,Cosmetics,Bioplastic (PLA),0.131,0.0001,42,True
P04622,Face Cream,Cosmetics,Bioplastic (PLA),0.185,0.0001,720,True
P04623,Face Cream,Cosmetics,Recycled Cardboard,0.076,0.0001,319,True
P04624,Face Cream,Cosmetics,Recycled Cardboard,0.149,0.0001,361,True
P04625,Face Cream,Cosmetics,Bagasse,0.102,0.0002,241,True
P04626,Face Cream,Cosmetics,Bioplastic (PLA),0.088,0.0002,502,True
P04627,Face Cream,Cosmetics,Mushroom Mycelium,0.154,0.0001,522,True
P04628,Face Cream,Cosmetics,Bamboo Fiber,0.09,0.0001,725,True
P04629,Face Cream,Cosmetics,Mushroom Mycelium,0.144,0.0001,316,True
P04630,Face Cream,Cosmetics,Bioplastic (PLA),0.17,0.0002,643,True
P04631,Face Cream,Cosmetics,Recycled Cardboard,0.188,0.0001,51,True
P04632,Face Cream,Cosmetics,Recycled Cardboard,0.093,0.0001,347,True
P04633,Face Cream,Cosmetics,Bamboo Fiber,0.139,0.0001,163,True
P04634,Face Cream,Cosmetics,Mushroom Mycelium,0.08,0.0001,629,True
P04635,Face Cream,Cosmetics,Bagasse,0.128,0.0002,575,True
P04636,Face Cream,Cosmetics,Recycled Cardboard,0.15,0.0001,77,True
P04637,Face Cream,Cosmetics,Bagasse,0.18,0.0001,346,True
P04638,Face Cream,Cosmetics,Recycled Cardboard,0.155,0.0002,504,True
P04639,Face Cream,Cosmetics,Bamboo Fiber,0.143,0.0002,220,True
P04640,Face Cream,Cosmetics,Bamboo Fiber,0.116,0.0001,556,True
P04641,Face Cream,Cosmetics,Bioplastic (PLA),0.079,0.0002,677,True
P04642,Face Cream,Cosmetics,Bioplastic (PLA),0.096,0.0001,170,True
P04643,Face Cream,Cosmetics,Recycled Cardboard,0.109,0.0001,338,True
P04644,Face Cream,Cosmetics,Recycled Cardboard,0.179,0.0002,240,True
P04645,Face Cream,Cosmetics,Bamboo Fiber,0.087,0.0001,72,True
P04646,Face Cream,Cosmetics,Mushroom Mycelium,0.065,0.0001,114,True
P04647,Face Cream,Cosmetics,Bamboo Fiber,0.14,0.0002,268,True
P04648,Face Cream,Cosmetics,Mushroom Mycelium,0.177,0.0001,687,True
P04649,Face Cream,Cosmetics,Recycled Cardboard,0.183,0.0001,159,True
P04650,Face Cream,Cosmetics,Bagasse,0.182,0.0001,722,True
P04651,Face Cream,Cosmetics,Bioplastic (PLA),0.117,0.0001,37,True
P04652,Face Cream,Cosmetics,Bamboo Fiber,0.121,0.0001,355,True
P04653,Face Cream,Cosmetics,Bamboo Fiber,0.06,0.0001,376,True
P04654,Face Cream,Cosmetics,Bagasse,0.081,0.0001,77,True
P04655,Face Cream,Cosmetics,Bioplastic (PLA),0.184,0.0001,287,True
P04656,Face Cream,Cosmetics,Bioplastic (PLA),0.08,0.0002,488,True
P04657,Face Cream,Cosmetics,Mushroom Mycelium,0.107,0.0001,212,True
P04658,Face Cream,Cosmetics,Recycled Cardboard,0.084,0.0001,381,True
P04659,Face Cream,Cosmetics,Recycled Cardboard,0.102,0.0001,103,True
P04660,Face Cream,Cosmetics,Bagasse,0.157,0.0002,597,True
P04661,Face Cream,Cosmetics,Mushroom Mycelium,0.186,0.0001,469,True
P04662,Face Cream,Cosmetics,Bagasse,0.083,0.0001,629,True
P04663,Face Cream,Cosmetics,Mushroom Mycelium,0.183,0.0001,375,True
P04664,Face Cream,Cosmetics,Bamboo Fiber,0.053,0.0001,357,True
P04665,Face Cream,Cosmetics,Mushroom Mycelium,0.112,0.0001,646,True
P04666,Face Cream,Cosmetics,Bagasse,0.183,0.0002,59,True
P04667,Face Cream,Cosmetics,Bagasse,0.159,0.0002,623,True
P04668,Face Cream,Cosmetics,Mushroom Mycelium,0.156,0.0002,207,True
P04669,Face Cream,Cosmetics,Bamboo Fiber,0.193,0.0001,106,True
P04670,Face Cream,Cosmetics,Recycled Cardboard,0.105,0.0001,617,True
P04671,Face Cream,Cosmetics,Bamboo Fiber,0.194,0.0001,179,True
P04672,Face Cream,Cosmetics,Bamboo Fiber,0.076,0.0002,518,True
P04673,Face Cream,Cosmetics,Bagasse,0.113,0.0002,200,True
P04674,Face Cream,Cosmetics,Recycled Cardboard,0.122,0.0001,197,True
P04675,Face Cream,Cosmetics,Bagasse,0.159,0.0001,564,True
P04676,Face Cream,Cosmetics,Bioplastic (PLA),0.17,0.0001,545,True
P04677,Face Cream,Cosmetics,Bamboo Fiber,0.124,0.0001,541,True
P04678,Face Cream,Cosmetics,Bagasse,0.15,0.0001,187,True
P04679,Face Cream,Cosmetics,Bamboo Fiber,0.099,0.0001,216,True
P04680,Face Cream,Cosmetics,Bamboo Fiber,0.181,0.0001,702,True
P04681,Face Cream,Cosmetics,Recycled Cardboard,0.106,0.0001,259,True
P04682,Face Cream,Cosmetics,Recycled Cardboard,0.083,0.0001,653,True
P04683,Face Cream,Cosmetics,Bamboo Fiber,0.168,0.0001,562,True
P04684,Face Cream,Cosmetics,Bagasse,0.119,0.0001,128,True
P04685,Face Cream,Cosmetics,Bioplastic (PLA),0.066,0.0002,358,True
P04686,Face Cream,Cosmetics,Bioplastic (PLA),0.19,0.0001,729,True
P04687,Face Cream,Cosmetics,Bamboo Fiber,0.054,0.0001,544,True
P04688,Face Cream,Cosmetics,Bamboo Fiber,0.054,0.0002,66,True
P04689,Face Cream,Cosmetics,Mushroom Mycelium,0.188,0.0002,348,True
P04690,Face Cream,Cosmetics,Bioplastic (PLA),0.058,0.0001,465,True
P04691,Face Cream,Cosmetics,Bamboo Fiber,0.161,0.0001,177,True
P04692,Face Cream,Cosmetics,Bioplastic (PLA),0.051,0.0001,526,True
P04693,Face Cream,Cosmetics,Bagasse,0.089,0.0001,687,True
P04694,Face Cream,Cosmetics,Recycled Cardboard,0.167,0.0001,490,True
P04695,Face Cream,Cosmetics,Bamboo Fiber,0.139,0.0002,321,True
P04696,Face Cream,Cosmetics,Bamboo Fiber,0.078,0.0001,158,True
P04697,Face Cream,Cosmetics,Mushroom Mycelium,0.193,0.0002,80,True
P04698,Face Cream,Cosmetics,Bioplastic (PLA),0.122,0.0001,108,True
P04699,Face Cream,Cosmetics,Recycled Cardboard,0.168,0.0002,392,True
P04700,Face Cream,Cosmetics,Recycled Cardboard,0.114,0.0001,172,True
P04701,Face Cream,Cosmetics,Recycled Cardboard,0.105,0.0001,162,True
P04702,Face Cream,Cosmetics,Recycled Cardboard,0.07,0.0001,624,True
P04703,Face Cream,Cosmetics,Bamboo Fiber,0.104,0.0001,442,True
P04704,Face Cream,Cosmetics,Bagasse,0.082,0.0001,322,True
P04705,Face Cream,Cosmetics,Bioplastic (PLA),0.168,0.0002,242,True
P04706,Face Cream,Cosmetics,Bioplastic (PLA),0.056,0.0002,379,True
P04707,Face Cream,Cosmetics,Recycled Cardboard,0.197,0.0001,100,True
P04708,Face Cream,Cosmetics,Bioplastic (PLA),0.156,0.0001,387,True
P04709,Face Cream,Cosmetics,Bamboo Fiber,0.059,0.0001,458,True
P04710,Face Cream,Cosmetics,Bamboo Fiber,0.17,0.0002,636,True
P04711,Face Cream,Cosmetics,Bagasse,0.188,0.0001,643,True
P04712,Face Cream,Cosmetics,Bamboo Fiber,0.173,0.0001,313,True
P04713,Face Cream,Cosmetics,Recycled Cardboard,0.051,0.0001,269,True
P04714,Face Cream,Cosmetics,Mushroom Mycelium,0.183,0.0002,31,True
P04715,Face Cream,Cosmetics,Mushroom Mycelium,0.161,0.0001,508,True
P04716,Face Cream,Cosmetics,Mushroom Mycelium,0.08,0.0001,345,True
P04717,Face Cream,Cosmetics,Bagasse,0.137,0.0001,456,True
P04718,Face Cream,Cosmetics,Mushroom Mycelium,0.065,0.0002,451,True
P04719,Face Cream,Cosmetics,Recycled Cardboard,0.164,0.0001,251,True
P04720,Face Cream,Cosmetics,Bamboo Fiber,0.123,0.0001,196,True
P04721,Face Cream,Cosmetics,Mushroom Mycelium,0.106,0.0002,655,True
P04722,Face Cream,Cosmetics,Recycled Cardboard,0.091,0.0001,704,True
P04723,Face Cream,Cosmetics,Mushroom Mycelium,0.124,0.0001,204,True
P04724,Face Cream,Cosmetics,Recycled Cardboard,0.197,0.0001,51,True
P04725,Face Cream,Cosmetics,Mushroom Mycelium,0.195,0.0001,442,True
P04726,Face Cream,Cosmetics,Bamboo Fiber,0.163,0.0002,325,True
P04727,Face Cream,Cosmetics,Bagasse,0.063,0.0001,202,True
P04728,Face Cream,Cosmetics,Bamboo Fiber,0.182,0.0001,101,True
P04729,Face Cream,Cosmetics,Bamboo Fiber,0.172,0.0001,311,True
P04730,Face Cream,Cosmetics,Recycled Cardboard,0.114,0.0001,54,True
P04731,Face Cream,Cosmetics,Bagasse,0.155,0.0001,578,True
P04732,Face Cream,Cosmetics,Recycled Cardboard,0.083,0.0001,188,True
P04733,Face Cream,Cosmetics,Recycled Cardboard,0.127,0.0001,666,True
P04734,Face Cream,Cosmetics,Bamboo Fiber,0.06,0.0001,566,True
P04735,Face Cream,Cosmetics,Bamboo Fiber,0.05,0.0001,322,True
P04736,Face Cream,Cosmetics,Bioplastic (PLA),0.187,0.0002,655,True
P04737,Face Cream,Cosmetics,Bamboo Fiber,0.062,0.0001,584,True
P04738,Face Cream,Cosmetics,Recycled Cardboard,0.062,0.0001,440,True
P04739,Face Cream,Cosmetics,Bamboo Fiber,0.19,0.0001,418,True
P04740,Face Cream,Cosmetics,Bioplastic (PLA),0.131,0.0001,385,True
P04741,Face Cream,Cosmetics,Mushroom Mycelium,0.053,0.0002,159,True
P04742,Face Cream,Cosmetics,Mushroom Mycelium,0.195,0.0001,72,True
P04743,Face Cream,Cosmetics,Bioplastic (PLA),0.136,0.0002,130,True
P04744,Face Cream,Cosmetics,Bamboo Fiber,0.087,0.0002,288,True
P04745,Face Cream,Cosmetics,Bamboo Fiber,0.187,0.0002,199,True
P04746,Face Cream,Cosmetics,Mushroom Mycelium,0.09,0.0001,577,True
P04747,Face Cream,Cosmetics,Recycled Cardboard,0.153,0.0002,389,True
P04748,Face Cream,Cosmetics,Mushroom Mycelium,0.177,0.0002,464,True
P04749,Face Cream,Cosmetics,Recycled Cardboard,0.176,0.0001,356,True
P04750,Face Cream,Cosmetics,Mushroom Mycelium,0.155,0.0001,247,True
P04751,Face Cream,Cosmetics,Bioplastic (PLA),0.116,0.0001,476,True
P04752,Face Cream,Cosmetics,Recycled Cardboard,0.092,0.0001,497,True
P04753,Face Cream,Cosmetics,Bioplastic (PLA),0.175,0.0001,145,True
P04754,Face Cream,Cosmetics,Recycled Cardboard,0.158,0.0001,173,True
P04755,Face Cream,Cosmetics,Bioplastic (PLA),0.063,0.0002,615,True
P04756,Face Cream,Cosmetics,Mushroom Mycelium,0.119,0.0001,679,True
P04757,Face Cream,Cosmetics,Mushroom Mycelium,0.141,0.0001,379,True
P04758,Face Cream,Cosmetics,Recycled Cardboard,0.16,0.0001,432,True
P04759,Face Cream,Cosmetics,Bioplastic (PLA),0.107,0.0001,640,True
P04760,Face Cream,Cosmetics,Bamboo Fiber,0.199,0.0001,614,True
P04761,Face Cream,Cosmetics,Bamboo Fiber,0.119,0.0001,378,True
P04762,Face Cream,Cosmetics,Mushroom Mycelium,0.082,0.0001,424,True
P04763,Face Cream,Cosmetics,Bamboo Fiber,0.098,0.0001,714,True
P04764,Face Cream,Cosmetics,Recycled Cardboard,0.179,0.0001,394,True
P04765,Face Cream,Cosmetics,Recycled Cardboard,0.138,0.0001,683,True
P04766,Face Cream,Cosmetics,Bagasse,0.199,0.0001,633,True
P04767,Face Cream,Cosmetics,Bagasse,0.061,0.0002,407,True
P04768,Face Cream,Cosmetics,Mushroom Mycelium,0.171,0.0002,597,True
P04769,Face Cream,Cosmetics,Recycled Cardboard,0.192,0.0001,593,True
P04770,Face Cream,Cosmetics,Bioplastic (PLA),0.139,0.0002,716,True
P04771,Face Cream,Cosmetics,Bamboo Fiber,0.154,0.0002,276,True
P04772,Face Cream,Cosmetics,Bamboo Fiber,0.137,0.0001,562,True
P04773,Face Cream,Cosmetics,Bamboo Fiber,0.129,0.0001,670,True
P04774,Face Cream,Cosmetics,Mushroom Mycelium,0.154,0.0001,474,True
P04775,Face Cream,Cosmetics,Recycled Cardboard,0.1,0.0001,245,True
P04776,Face Cream,Cosmetics,Recycled Cardboard,0.088,0.0001,481,True
P04777,Face Cream,Cosmetics,Bagasse,0.068,0.0001,133,True
P04778,Face Cream,Cosmetics,Bamboo Fiber,0.106,0.0001,628,True
P04779,Face Cream,Cosmetics,Recycled Cardboard,0.057,0.0001,608,True
P04780,Face Cream,Cosmetics,Bagasse,0.162,0.0001,135,True
P04781,Face Cream,Cosmetics,Bamboo Fiber,0.172,0.0001,660,True
P04782,Face Cream,Cosmetics,Mushroom Mycelium,0.118,0.0002,566,True
P04783,Face Cream,Cosmetics,Mushroom Mycelium,0.05,0.0002,568,True
P04784,Face Cream,Cosmetics,Mushroom Mycelium,0.072,0.0002,192,True
P04785,Face Cream,Cosmetics,Bioplastic (PLA),0.163,0.0001,334,True
P04786,Face Cream,Cosmetics,Bamboo Fiber,0.103,0.0001,474,True
P04787,Face Cream,Cosmetics,Bagasse,0.137,0.0001,486,True
P04788,Face Cream,Cosmetics,Mushroom Mycelium,0.104,0.0001,140,True
P04789,Face Cream,Cosmetics,Mushroom Mycelium,0.167,0.0002,345,True
P04790,Face Cream,Cosmetics,Bagasse,0.109,0.0001,353,True
P04791,Face Cream,Cosmetics,Bagasse,0.119,0.0002,161,True
P04792,Face Cream,Cosmetics,Recycled Cardboard,0.084,0.0001,308,True
P04793,Face Cream,Cosmetics,Mushroom Mycelium,0.098,0.0001,106,True
P04794,Face Cream,Cosmetics,Recycled Cardboard,0.053,0.0001,544,True
P04795,Face Cream,Cosmetics,Bioplastic (PLA),0.099,0.0001,179,True
P04796,Face Cream,Cosmetics,Bioplastic (PLA),0.156,0.0002,612,True
P04797,Face Cream,Cosmetics,Mushroom Mycelium,0.106,0.0001,74,True
P04798,Face Cream,Cosmetics,Mushroom Mycelium,0.126,0.0001,264,True
P04799,Face Cream,Cosmetics,Mushroom Mycelium,0.056,0.0002,458,True
P04800,Face Cream,Cosmetics,Bioplastic (PLA),0.07,0.0002,165,True
P04801,Face Cream,Cosmetics,Bagasse,0.071,0.0002,635,True
P04802,Face Cream,Cosmetics,Bamboo Fiber,0.103,0.0001,87,True
P04803,Face Cream,Cosmetics,Bioplastic (PLA),0.11,0.0002,549,True
P04804,Face Cream,Cosmetics,Recycled Cardboard,0.173,0.0002,324,True
P04805,Face Cream,Cosmetics,Recycled Cardboard,0.12,0.0001,529,True
P04806,Face Cream,Cosmetics,Bioplastic (PLA),0.084,0.0001,359,True
P04807,Face Cream,Cosmetics,Bagasse,0.075,0.0001,257,True
P04808,Face Cream,Cosmetics,Bagasse,0.104,0.0001,249,True
P04809,Face Cream,Cosmetics,Recycled Cardboard,0.17,0.0002,595,True
P04810,Face Cream,Cosmetics,Bamboo Fiber,0.053,0.0001,151,True
P04811,Face Cream,Cosmetics,Bamboo Fiber,0.185,0.0001,119,True
P04812,Face Cream,Cosmetics,Mushroom Mycelium,0.178,0.0002,359,True
P04813,Face Cream,Cosmetics,Bamboo Fiber,0.06,0.0001,349,True
P04814,Face Cream,Cosmetics,Bagasse,0.198,0.0001,349,True
P04815,Face Cream,Cosmetics,Recycled Cardboard,0.112,0.0001,192,True
P04816,Face Cream,Cosmetics,Recycled Cardboard,0.154,0.0001,132,True
P04817,Face Cream,Cosmetics,Mushroom Mycelium,0.177,0.0002,134,True
P04818,Face Cream,Cosmetics,Bioplastic (PLA),0.076,0.0001,309,True
P04819,Face Cream,Cosmetics,Bioplastic (PLA),0.143,0.0001,338,True
P04820,Face Cream,Cosmetics,Recycled Cardboard,0.158,0.0002,206,True
P04821,Face Cream,Cosmetics,Bagasse,0.176,0.0001,355,True
P04822,Face Cream,Cosmetics,Bioplastic (PLA),0.093,0.0002,224,True
P04823,Face Cream,Cosmetics,Bioplastic (PLA),0.084,0.0001,499,True
P04824,Face Cream,Cosmetics,Mushroom Mycelium,0.057,0.0001,215,True
P04825,Face Cream,Cosmetics,Bamboo Fiber,0.171,0.0001,174,True
P04826,Face Cream,Cosmetics,Bagasse,0.063,0.0001,472,True
P04827,Face Cream,Cosmetics,Bagasse,0.145,0.0001,204,True
P04828,Face Cream,Cosmetics,Bioplastic (PLA),0.132,0.0001,239,True
P04829,Face Cream,Cosmetics,Mushroom Mycelium,0.069,0.0002,265,True
P04830,Face Cream,Cosmetics,Bamboo Fiber,0.125,0.0001,81,True
P04831,Face Cream,Cosmetics,Bagasse,0.157,0.0001,381,True
P04832,Face Cream,Cosmetics,Mushroom Mycelium,0.146,0.0001,82,True
P04833,Face Cream,Cosmetics,Mushroom Mycelium,0.139,0.0002,551,True
P04834,Face Cream,Cosmetics,Recycled Cardboard,0.131,0.0001,93,True
P04835,Face Cream,Cosmetics,Bagasse,0.157,0.0002,287,True
P04836,Face Cream,Cosmetics,Bioplastic (PLA),0.055,0.0001,561,True
P04837,Face Cream,Cosmetics,Bagasse,0.097,0.0002,412,True
P04838,Face Cream,Cosmetics,Recycled Cardboard,0.178,0.0002,554,True
P04839,Face Cream,Cosmetics,Recycled Cardboard,0.193,0.0001,252,True
P04840,Face Cream,Cosmetics,Mushroom Mycelium,0.167,0.0002,464,True
P04841,Face Cream,Cosmetics,Recycled Cardboard,0.058,0.0001,604,True
P04842,Face Cream,Cosmetics,Bioplastic (PLA),0.182,0.0001,82,True
P04843,Face Cream,Cosmetics,Bamboo Fiber,0.087,0.0001,258,True
P04844,Face Cream,Cosmetics,Mushroom Mycelium,0.171,0.0001,66,True
P04845,Face Cream,Cosmetics,Bamboo Fiber,0.098,0.0002,432,True
P04846,Face Cream,Cosmetics,Recycled Cardboard,0.194,0.0001,526,True
P04847,Face Cream,Cosmetics,Bagasse,0.09,0.0002,41,True
P04848,Face Cream,Cosmetics,Bagasse,0.076,0.0001,118,True
P04849,Face Cream,Cosmetics,Recycled Cardboard,0.07,0.0001,382,True
P04850,Face Cream,Cosmetics,Bamboo Fiber,0.051,0.0002,497,True
P04851,Face Cream,Cosmetics,Bamboo Fiber,0.075,0.0001,643,True
P04852,Face Cream,Cosmetics,Bioplastic (PLA),0.055,0.0002,319,True
P04853,Face Cream,Cosmetics,Bamboo Fiber,0.05,0.0001,458,True
P04854,Face Cream,Cosmetics,Bagasse,0.1,0.0002,234,True
P04855,Face Cream,Cosmetics,Mushroom Mycelium,0.152,0.0002,528,True
P04856,Face Cream,Cosmetics,Bamboo Fiber,0.126,0.0002,74,True
P04857,Face Cream,Cosmetics,Recycled Cardboard,0.084,0.0001,476,True
P04858,Face Cream,Cosmetics,Bagasse,0.123,0.0001,326,True
P04859,Face Cream,Cosmetics,Bagasse,0.113,0.0001,37,True
P04860,Face Cream,Cosmetics,Bamboo Fiber,0.114,0.0001,382,True
P04861,Face Cream,Cosmetics,Bagasse,0.124,0.0002,480,True
P04862,Face Cream,Cosmetics,Recycled Cardboard,0.102,0.0001,402,True
P04863,Face Cream,Cosmetics,Bagasse,0.161,0.0002,191,True
P04864,Face Cream,Cosmetics,Bioplastic (PLA),0.054,0.0001,712,True
P04865,Face Cream,Cosmetics,Bioplastic (PLA),0.111,0.0001,197,True
P04866,Face Cream,Cosmetics,Bioplastic (PLA),0.132,0.0002,551,True
P04867,Face Cream,Cosmetics,Recycled Cardboard,0.093,0.0001,433,True
P04868,Face Cream,Cosmetics,Bioplastic (PLA),0.093,0.0002,111,True
P04869,Face Cream,Cosmetics,Bamboo Fiber,0.069,0.0002,638,True
P04870,Face Cream,Cosmetics,Mushroom Mycelium,0.145,0.0001,651,True
P04871,Face Cream,Cosmetics,Bamboo Fiber,0.054,0.0001,152,True
P04872,Face Cream,Cosmetics,Bagasse,0.058,0.0001,275,True
P04873,Face Cream,Cosmetics,Bagasse,0.142,0.0002,659,True
P04874,Face Cream,Cosmetics,Bioplastic (PLA),0.124,0.0002,456,True
P04875,Face Cream,Cosmetics,Bagasse,0.107,0.0001,326,True
P04876,Face Cream,Cosmetics,Mushroom Mycelium,0.123,0.0002,644,True
P04877,Face Cream,Cosmetics,Mushroom Mycelium,0.07,0.0001,364,True
P04878,Face Cream,Cosmetics,Bagasse,0.073,0.0001,542,True
P04879,Face Cream,Cosmetics,Bagasse,0.069,0.0002,693,True
P04880,Face Cream,Cosmetics,Bioplastic (PLA),0.169,0.0001,639,True
P04881,Face Cream,Cosmetics,Bagasse,0.16,0.0002,329,True
P04882,Face Cream,Cosmetics,Recycled Cardboard,0.164,0.0001,314,True
P04883,Face Cream,Cosmetics,Recycled Cardboard,0.134,0.0001,399,True
P04884,Face Cream,Cosmetics,Recycled Cardboard,0.088,0.0002,497,True
P04885,Face Cream,Cosmetics,Bioplastic (PLA),0.088,0.0002,223,True
P04886,Face Cream,Cosmetics,Mushroom Mycelium,0.099,0.0001,515,True
P04887,Face Cream,Cosmetics,Bamboo Fiber,0.108,0.0002,336,True
P04888,Face Cream,Cosmetics,Bamboo Fiber,0.055,0.0001,649,True
P04889,Face Cream,Cosmetics,Bagasse,0.161,0.0001,110,True
P04890,Face Cream,Cosmetics,Bamboo Fiber,0.077,0.0001,509,True
P04891,Face Cream,Cosmetics,Recycled Cardboard,0.137,0.0001,453,True
P04892,Face Cream,Cosmetics,Bamboo Fiber,0.081,0.0001,581,True
P04893,Face Cream,Cosmetics,Bamboo Fiber,0.176,0.0001,264,True
P04894,Face Cream,Cosmetics,Bamboo Fiber,0.097,0.0001,333,True
P04895,Face Cream,Cosmetics,Mushroom Mycelium,0.143,0.0001,343,True
P04896,Face Cream,Cosmetics,Mushroom Mycelium,0.051,0.0001,183,True
P04897,Face Cream,Cosmetics,Bagasse,0.178,0.0002,320,True
P04898,Face Cream,Cosmetics,Bamboo Fiber,0.105,0.0002,582,True
P04899,Face Cream,Cosmetics,Bioplastic (PLA),0.162,0.0001,191,True
P04900,Face Cream,Cosmetics,Mushroom Mycelium,0.076,0.0002,33,True
P04901,Face Cream,Cosmetics,Bamboo Fiber,0.197,0.0001,31,True
P04902,Face Cream,Cosmetics,Bioplastic (PLA),0.198,0.0001,368,True
P04903,Face Cream,Cosmetics,Recycled Cardboard,0.154,0.0001,659,True
P04904,Face Cream,Cosmetics,Bioplastic (PLA),0.133,0.0001,362,True
P04905,Face Cream,Cosmetics,Recycled Cardboard,0.157,0.0002,489,True
P04906,Face Cream,Cosmetics,Recycled Cardboard,0.162,0.0001,285,True
P04907,Face Cream,Cosmetics,Bioplastic (PLA),0.191,0.0002,691,True
P04908,Face Cream,Cosmetics,Bioplastic (PLA),0.186,0.0001,207,True
P04909,Face Cream,Cosmetics,Recycled Cardboard,0.189,0.0002,688,True
P04910,Face Cream,Cosmetics,Bagasse,0.08,0.0001,53,True
P04911,Face Cream,Cosmetics,Mushroom Mycelium,0.181,0.0001,125,True
P04912,Face Cream,Cosmetics,Bamboo Fiber,0.159,0.0002,402,True
P04913,Face Cream,Cosmetics,Bioplastic (PLA),0.08,0.0001,134,True
P04914,Face Cream,Cosmetics,Bagasse,0.168,0.0002,72,True
P04915,Face Cream,Cosmetics,Bioplastic (PLA),0.106,0.0001,348,True
P04916,Face Cream,Cosmetics,Bamboo Fiber,0.184,0.0001,467,True
P04917,Face Cream,Cosmetics,Bioplastic (PLA),0.127,0.0001,519,True
P04918,Face Cream,Cosmetics,Bamboo Fiber,0.064,0.0001,619,True
P04919,Face Cream,Cosmetics,Bioplastic (PLA),0.129,0.0001,570,True
P04920,Face Cream,Cosmetics,Bioplastic (PLA),0.173,0.0002,132,True
P04921,Face Cream,Cosmetics,Bagasse,0.188,0.0001,639,True
P04922,Face Cream,Cosmetics,Bagasse,0.066,0.0002,34,True
P04923,Face Cream,Cosmetics,Bagasse,0.181,0.0002,680,True
P04924,Face Cream,Cosmetics,Mushroom Mycelium,0.056,0.0002,339,True
P04925,Face Cream,Cosmetics,Bioplastic (PLA),0.065,0.0002,540,True
P04926,Face Cream,Cosmetics,Bioplastic (PLA),0.068,0.0001,436,True
P04927,Face Cream,Cosmetics,Bamboo Fiber,0.154,0.0001,80,True
P04928,Face Cream,Cosmetics,Bagasse,0.137,0.0001,563,True
P04929,Face Cream,Cosmetics,Bamboo Fiber,0.182,0.0001,249,True
P04930,Face Cream,Cosmetics,Bioplastic (PLA),0.142,0.0002,359,True
P04931,Face Cream,Cosmetics,Bamboo Fiber,0.085,0.0002,534,True
P04932,Face Cream,Cosmetics,Bioplastic (PLA),0.062,0.0001,333,True
P04933,Face Cream,Cosmetics,Bagasse,0.113,0.0002,35,True
P04934,Face Cream,Cosmetics,Bamboo Fiber,0.199,0.0001,165,True
P04935,Face Cream,Cosmetics,Bagasse,0.139,0.0002,657,True
P04936,Face Cream,Cosmetics,Mushroom Mycelium,0.123,0.0002,730,True
P04937,Face Cream,Cosmetics,Recycled Cardboard,0.059,0.0001,109,True
P04938,Face Cream,Cosmetics,Recycled Cardboard,0.194,0.0002,688,True
P04939,Face Cream,Cosmetics,Recycled Cardboard,0.116,0.0001,260,True
P04940,Face Cream,Cosmetics,Bagasse,0.112,0.0001,593,True
P04941,Face Cream,Cosmetics,Recycled Cardboard,0.17,0.0001,37,True
P04942,Face Cream,Cosmetics,Bioplastic (PLA),0.09,0.0001,390,True
P04943,Face Cream,Cosmetics,Mushroom Mycelium,0.108,0.0002,556,True
P04944,Face Cream,Cosmetics,Bioplastic (PLA),0.133,0.0001,684,True
P04945,Face Cream,Cosmetics,Bioplastic (PLA),0.078,0.0001,667,True
P04946,Face Cream,Cosmetics,Bamboo Fiber,0.148,0.0001,268,True
P04947,Face Cream,Cosmetics,Recycled Cardboard,0.097,0.0002,350,True
P04948,Face Cream,Cosmetics,Bagasse,0.139,0.0002,638,True
P04949,Face Cream,Cosmetics,Bamboo Fiber,0.107,0.0002,161,True
P04950,Face Cream,Cosmetics,Bamboo Fiber,0.058,0.0001,558,True
P04951,Face Cream,Cosmetics,Recycled Cardboard,0.171,0.0002,90,True
P04952,Face Cream,Cosmetics,Bioplastic (PLA),0.196,0.0001,400,True
P04953,Face Cream,Cosmetics,Bioplastic (PLA),0.156,0.0001,213,True
P04954,Face Cream,Cosmetics,Mushroom Mycelium,0.068,0.0001,295,True
P04955,Face Cream,Cosmetics,Bioplastic (PLA),0.195,0.0001,37,True
P04956,Face Cream,Cosmetics,Bioplastic (PLA),0.115,0.0002,369,True
P04957,Face Cream,Cosmetics,Bioplastic (PLA),0.119,0.0001,511,True
P04958,Face Cream,Cosmetics,Mushroom Mycelium,0.1,0.0002,329,True
P04959,Face Cream,Cosmetics,Bamboo Fiber,0.15,0.0001,47,True
P04960,Face Cream,Cosmetics,Bamboo Fiber,0.117,0.0002,426,True
P04961,Face Cream,Cosmetics,Bioplastic (PLA),0.076,0.0001,448,True
P04962,Face Cream,Cosmetics,Recycled Cardboard,0.114,0.0001,150,True
P04963,Face Cream,Cosmetics,Mushroom Mycelium,0.172,0.0002,510,True
P04964,Face Cream,Cosmetics,Bamboo Fiber,0.128,0.0001,371,True
P04965,Face Cream,Cosmetics,Bamboo Fiber,0.131,0.0002,392,True
P04966,Face Cream,Cosmetics,Bamboo Fiber,0.124,0.0001,119,True
P04967,Face Cream,Cosmetics,Recycled Cardboard,0.188,0.0001,674,True
P04968,Face Cream,Cosmetics,Mushroom Mycelium,0.193,0.0001,195,True
P04969,Face Cream,Cosmetics,Bagasse,0.064,0.0001,410,True
P04970,Face Cream,Cosmetics,Bamboo Fiber,0.139,0.0001,667,True
P04971,Face Cream,Cosmetics,Mushroom Mycelium,0.159,0.0001,433,True
P04972,Face Cream,Cosmetics,Recycled Cardboard,0.174,0.0002,157,True
P04973,Face Cream,Cosmetics,Mushroom Mycelium,0.075,0.0001,270,True
P04974,Face Cream,Cosmetics,Mushroom Mycelium,0.136,0.0001,186,True
P04975,Face Cream,Cosmetics,Bioplastic (PLA),0.053,0.0001,605,True
P04976,Face Cream,Cosmetics,Recycled Cardboard,0.078,0.0001,559,True
P04977,Face Cream,Cosmetics,Bamboo Fiber,0.054,0.0001,130,True
P04978,Face Cream,Cosmetics,Mushroom Mycelium,0.138,0.0001,475,True
P04979,Face Cream,Cosmetics,Bamboo Fiber,0.1,0.0001,227,True
P04980,Face Cream,Cosmetics,Bamboo Fiber,0.06,0.0002,252,True
P04981,Face Cream,Cosmetics,Bamboo Fiber,0.18,0.0001,652,True
P04982,Face Cream,Cosmetics,Bamboo Fiber,0.138,0.0002,240,True
P04983,Face Cream,Cosmetics,Bagasse,0.114,0.0002,569,True
P04984,Face Cream,Cosmetics,Bamboo Fiber,0.119,0.0002,615,True
P04985,Face Cream,Cosmetics,Bagasse,0.074,0.0001,528,True
P04986,Face Cream,Cosmetics,Bamboo Fiber,0.085,0.0002,95,True
P04987,Face Cream,Cosmetics,Bamboo Fiber,0.128,0.0001,440,True
P04988,Face Cream,Cosmetics,Bagasse,0.159,0.0001,713,True
P04989,Face Cream,Cosmetics,Bioplastic (PLA),0.106,0.0002,138,True
P04990,Face Cream,Cosmetics,Mushroom Mycelium,0.059,0.0001,257,True
P04991,Face Cream,Cosmetics,Bioplastic (PLA),0.07,0.0002,215,True
P04992,Face Cream,Cosmetics,Bioplastic (PLA),0.053,0.0001,456,True
P04993,Face Cream,Cosmetics,Bamboo Fiber,0.073,0.0002,37,True
P04994,Face Cream,Cosmetics,Mushroom Mycelium,0.098,0.0001,164,True
P04995,Face Cream,Cosmetics,Mushroom Mycelium,0.061,0.0001,209,True
P04996,Face Cream,Cosmetics,Recycled Cardboard,0.108,0.0002,287,True
P04997,Face Cream,Cosmetics,Mushroom Mycelium,0.172,0.0001,132,True
P04998,Face Cream,Cosmetics,Mushroom Mycelium,0.067,0.0002,165,True
P04999,Face Cream,Cosmetics,Recycled Cardboard,0.114,0.0001,171,True
P05000,Face Cream,Cosmetics,Mushroom Mycelium,0.062,0.0001,283,True
P05001,Shampoo,Cosmetics,Bamboo Fiber,0.42,0.0004,170,True
P05002,Shampoo,Cosmetics,Bioplastic (PLA),0.375,0.0002,197,True
P05003,Shampoo,Cosmetics,Bamboo Fiber,0.433,0.0004,275,True
P05004,Shampoo,Cosmetics,Bamboo Fiber,0.285,0.0004,45,True
P05005,Shampoo,Cosmetics,Bamboo Fiber,0.255,0.0004,648,True
P05006,Shampoo,Cosmetics,Mushroom Mycelium,0.429,0.0004,554,True
P05007,Shampoo,Cosmetics,Bamboo Fiber,0.331,0.0004,603,True
P05008,Shampoo,Cosmetics,Bamboo Fiber,0.428,0.0002,121,True
P05009,Shampoo,Cosmetics,Bioplastic (PLA),0.226,0.0004,601,True
P05010,Shampoo,Cosmetics,Mushroom Mycelium,0.484,0.0005,306,True
P05011,Shampoo,Cosmetics,Mushroom Mycelium,0.208,0.0004,161,True
P05012,Shampoo,Cosmetics,Recycled Cardboard,0.392,0.0004,106,True
P05013,Shampoo,Cosmetics,Bagasse,0.254,0.0005,519,True
P05014,Shampoo,Cosmetics,Mushroom Mycelium,0.373,0.0004,340,True
P05015,Shampoo,Cosmetics,Bamboo Fiber,0.206,0.0004,624,True
P05016,Shampoo,Cosmetics,Bagasse,0.453,0.0004,677,True
P05017,Shampoo,Cosmetics,Bagasse,0.23,0.0004,206,True
P05018,Shampoo,Cosmetics,Recycled Cardboard,0.462,0.0003,242,True
P05019,Shampoo,Cosmetics,Recycled Cardboard,0.231,0.0004,176,True
P05020,Shampoo,Cosmetics,Bioplastic (PLA),0.453,0.0002,663,True
P05021,Shampoo,Cosmetics,Bioplastic (PLA),0.202,0.0003,507,True
P05022,Shampoo,Cosmetics,Bioplastic (PLA),0.459,0.0002,618,True
P05023,Shampoo,Cosmetics,Bioplastic (PLA),0.303,0.0003,639,True
P05024,Shampoo,Cosmetics,Bamboo Fiber,0.256,0.0002,484,True
P05025,Shampoo,Cosmetics,Mushroom Mycelium,0.308,0.0005,268,True
P05026,Shampoo,Cosmetics,Mushroom Mycelium,0.331,0.0003,477,True
P05027,Shampoo,Cosmetics,Bagasse,0.363,0.0005,326,True
P05028,Shampoo,Cosmetics,Bioplastic (PLA),0.239,0.0002,301,True
P05029,Shampoo,Cosmetics,Bioplastic (PLA),0.442,0.0004,231,True
P05030,Shampoo,Cosmetics,Recycled Cardboard,0.293,0.0003,157,True
P05031,Shampoo,Cosmetics,Bioplastic (PLA),0.405,0.0003,152,True
P05032,Shampoo,Cosmetics,Recycled Cardboard,0.464,0.0003,593,True
P05033,Shampoo,Cosmetics,Recycled Cardboard,0.348,0.0003,374,True
P05034,Shampoo,Cosmetics,Recycled Cardboard,0.359,0.0003,509,True
P05035,Shampoo,Cosmetics,Bagasse,0.375,0.0002,567,True
P05036,Shampoo,Cosmetics,Bioplastic (PLA),0.43,0.0003,302,True
P05037,Shampoo,Cosmetics,Bagasse,0.499,0.0003,653,True
P05038,Shampoo,Cosmetics,Bioplastic (PLA),0.441,0.0002,498,True
P05039,Shampoo,Cosmetics,Bagasse,0.497,0.0004,527,True
P05040,Shampoo,Cosmetics,Bagasse,0.378,0.0003,79,True
P05041,Shampoo,Cosmetics,Bagasse,0.327,0.0003,353,True
P05042,Shampoo,Cosmetics,Bagasse,0.333,0.0004,673,True
P05043,Shampoo,Cosmetics,Mushroom Mycelium,0.356,0.0003,496,True
P05044,Shampoo,Cosmetics,Bamboo Fiber,0.492,0.0002,262,True
P05045,Shampoo,Cosmetics,Bagasse,0.451,0.0004,374,True
P05046,Shampoo,Cosmetics,Recycled Cardboard,0.485,0.0005,428,True
P05047,Shampoo,Cosmetics,Bioplastic (PLA),0.472,0.0005,356,True
P05048,Shampoo,Cosmetics,Recycled Cardboard,0.341,0.0004,43,True
P05049,Shampoo,Cosmetics,Bamboo Fiber,0.203,0.0002,549,True
P05050,Shampoo,Cosmetics,Mushroom Mycelium,0.343,0.0003,627,True
P05051,Shampoo,Cosmetics,Bioplastic (PLA),0.485,0.0003,191,True
P05052,Shampoo,Cosmetics,Bamboo Fiber,0.382,0.0003,274,True
P05053,Shampoo,Cosmetics,Bioplastic (PLA),0.313,0.0004,634,True
P05054,Shampoo,Cosmetics,Bagasse,0.34,0.0002,43,True
P05055,Shampoo,Cosmetics,Bioplastic (PLA),0.211,0.0004,550,True
P05056,Shampoo,Cosmetics,Bagasse,0.31,0.0004,338,True
P05057,Shampoo,Cosmetics,Bioplastic (PLA),0.332,0.0003,631,True
P05058,Shampoo,Cosmetics,Bamboo Fiber,0.469,0.0004,448,True
P05059,Shampoo,Cosmetics,Bioplastic (PLA),0.265,0.0005,404,True
P05060,Shampoo,Cosmetics,Recycled Cardboard,0.236,0.0003,400,True
P05061,Shampoo,Cosmetics,Recycled Cardboard,0.286,0.0005,73,True
P05062,Shampoo,Cosmetics,Bamboo Fiber,0.231,0.0004,456,True
P05063,Shampoo,Cosmetics,Mushroom Mycelium,0.23,0.0004,583,True
P05064,Shampoo,Cosmetics,Bioplastic (PLA),0.493,0.0004,563,True
P05065,Shampoo,Cosmetics,Mushroom Mycelium,0.277,0.0003,196,True
P05066,Shampoo,Cosmetics,Mushroom Mycelium,0.326,0.0005,241,True
P05067,Shampoo,Cosmetics,Bamboo Fiber,0.22,0.0004,517,True
P05068,Shampoo,Cosmetics,Bioplastic (PLA),0.222,0.0002,297,True
P05069,Shampoo,Cosmetics,Bioplastic (PLA),0.276,0.0004,580,True
P05070,Shampoo,Cosmetics,Bioplastic (PLA),0.451,0.0003,565,True
P05071,Shampoo,Cosmetics,Bagasse,0.436,0.0004,719,True
P05072,Shampoo,Cosmetics,Bagasse,0.351,0.0004,291,True
P05073,Shampoo,Cosmetics,Bagasse,0.349,0.0002,447,True
P05074,Shampoo,Cosmetics,Bioplastic (PLA),0.255,0.0003,585,True
P05075,Shampoo,Cosmetics,Recycled Cardboard,0.309,0.0003,465,True
P05076,Shampoo,Cosmetics,Mushroom Mycelium,0.431,0.0004,441,True
P05077,Shampoo,Cosmetics,Bagasse,0.209,0.0003,592,True
P05078,Shampoo,Cosmetics,Bioplastic (PLA),0.317,0.0003,454,True
P05079,Shampoo,Cosmetics,Bagasse,0.261,0.0002,534,True
P05080,Shampoo,Cosmetics,Mushroom Mycelium,0.328,0.0004,152,True
P05081,Shampoo,Cosmetics,Bioplastic (PLA),0.389,0.0003,97,True
P05082,Shampoo,Cosmetics,Bioplastic (PLA),0.393,0.0004,387,True
P05083,Shampoo,Cosmetics,Bioplastic (PLA),0.282,0.0004,713,True
P05084,Shampoo,Cosmetics,Bagasse,0.404,0.0004,203,True
P05085,Shampoo,Cosmetics,Recycled Cardboard,0.267,0.0003,57,True
P05086,Shampoo,Cosmetics,Mushroom Mycelium,0.454,0.0004,438,True
P05087,Shampoo,Cosmetics,Bagasse,0.208,0.0004,394,True
P05088,Shampoo,Cosmetics,Bioplastic (PLA),0.231,0.0005,581,True
P05089,Shampoo,Cosmetics,Bioplastic (PLA),0.403,0.0002,522,True
P05090,Shampoo,Cosmetics,Bamboo Fiber,0.275,0.0004,232,True
P05091,Shampoo,Cosmetics,Mushroom Mycelium,0.422,0.0004,324,True
P05092,Shampoo,Cosmetics,Bagasse,0.417,0.0002,347,True
P05093,Shampoo,Cosmetics,Bagasse,0.475,0.0005,99,True
P05094,Shampoo,Cosmetics,Mushroom Mycelium,0.47,0.0003,342,True
P05095,Shampoo,Cosmetics,Recycled Cardboard,0.424,0.0003,716,True
P05096,Shampoo,Cosmetics,Bagasse,0.467,0.0005,379,True
P05097,Shampoo,Cosmetics,Bioplastic (PLA),0.251,0.0005,469,True
P05098,Shampoo,Cosmetics,Bioplastic (PLA),0.226,0.0005,623,True
P05099,Shampoo,Cosmetics,Bagasse,0.302,0.0005,340,True
P05100,Shampoo,Cosmetics,Mushroom Mycelium,0.431,0.0004,121,True
P05101,Shampoo,Cosmetics,Bagasse,0.257,0.0003,430,True
P05102,Shampoo,Cosmetics,Bagasse,0.227,0.0004,129,True
P05103,Shampoo,Cosmetics,Bagasse,0.25,0.0004,197,True
P05104,Shampoo,Cosmetics,Recycled Cardboard,0.451,0.0005,119,True
P05105,Shampoo,Cosmetics,Bioplastic (PLA),0.29,0.0003,551,True
P05106,Shampoo,Cosmetics,Bioplastic (PLA),0.419,0.0003,316,True
P05107,Shampoo,Cosmetics,Bamboo Fiber,0.339,0.0004,536,True
P05108,Shampoo,Cosmetics,Bagasse,0.392,0.0004,724,True
P05109,Shampoo,Cosmetics,Bagasse,0.495,0.0003,587,True
P05110,Shampoo,Cosmetics,Bagasse,0.383,0.0004,602,True
P05111,Shampoo,Cosmetics,Bagasse,0.313,0.0005,365,True
P05112,Shampoo,Cosmetics,Bioplastic (PLA),0.223,0.0005,327,True
P05113,Shampoo,Cosmetics,Mushroom Mycelium,0.345,0.0003,448,True
P05114,Shampoo,Cosmetics,Recycled Cardboard,0.294,0.0004,112,True
P05115,Shampoo,Cosmetics,Bagasse,0.217,0.0002,60,True
P05116,Shampoo,Cosmetics,Bamboo Fiber,0.485,0.0003,714,True
P05117,Shampoo,Cosmetics,Mushroom Mycelium,0.46,0.0002,96,True
P05118,Shampoo,Cosmetics,Recycled Cardboard,0.443,0.0005,72,True
P05119,Shampoo,Cosmetics,Bamboo Fiber,0.249,0.0002,297,True
P05120,Shampoo,Cosmetics,Bioplastic (PLA),0.313,0.0004,412,True
P05121,Shampoo,Cosmetics,Bagasse,0.21,0.0004,476,True
P05122,Shampoo,Cosmetics,Bagasse,0.242,0.0004,349,True
P05123,Shampoo,Cosmetics,Bioplastic (PLA),0.273,0.0004,711,True
P05124,Shampoo,Cosmetics,Mushroom Mycelium,0.252,0.0004,684,True
P05125,Shampoo,Cosmetics,Bamboo Fiber,0.374,0.0004,467,True
P05126,Shampoo,Cosmetics,Recycled Cardboard,0.33,0.0002,344,True
P05127,Shampoo,Cosmetics,Bamboo Fiber,0.436,0.0005,676,True
P05128,Shampoo,Cosmetics,Bioplastic (PLA),0.43,0.0004,354,True
P05129,Shampoo,Cosmetics,Bamboo Fiber,0.486,0.0005,139,True
P05130,Shampoo,Cosmetics,Recycled Cardboard,0.294,0.0003,518,True
P05131,Shampoo,Cosmetics,Mushroom Mycelium,0.474,0.0004,434,True
P05132,Shampoo,Cosmetics,Bagasse,0.311,0.0005,192,True
P05133,Shampoo,Cosmetics,Mushroom Mycelium,0.269,0.0003,71,True
P05134,Shampoo,Cosmetics,Bamboo Fiber,0.25,0.0003,535,True
P05135,Shampoo,Cosmetics,Bioplastic (PLA),0.264,0.0003,222,True
P05136,Shampoo,Cosmetics,Mushroom Mycelium,0.411,0.0004,54,True
P05137,Shampoo,Cosmetics,Bioplastic (PLA),0.391,0.0003,721,True
P05138,Shampoo,Cosmetics,Bioplastic (PLA),0.393,0.0005,186,True
P05139,Shampoo,Cosmetics,Bagasse,0.433,0.0004,659,True
P05140,Shampoo,Cosmetics,Bamboo Fiber,0.394,0.0004,251,True
P05141,Shampoo,Cosmetics,Mushroom Mycelium,0.216,0.0002,353,True
P05142,Shampoo,Cosmetics,Recycled Cardboard,0.338,0.0003,499,True
P05143,Shampoo,Cosmetics,Bagasse,0.277,0.0002,139,True
P05144,Shampoo,Cosmetics,Bagasse,0.208,0.0004,446,True
P05145,Shampoo,Cosmetics,Mushroom Mycelium,0.272,0.0003,292,True
P05146,Shampoo,Cosmetics,Bamboo Fiber,0.444,0.0003,606,True
P05147,Shampoo,Cosmetics,Bagasse,0.491,0.0004,51,True
P05148,Shampoo,Cosmetics,Mushroom Mycelium,0.406,0.0002,627,True
P05149,Shampoo,Cosmetics,Recycled Cardboard,0.394,0.0005,624,True
P05150,Shampoo,Cosmetics,Bagasse,0.44,0.0004,597,True
P05151,Shampoo,Cosmetics,Bagasse,0.43,0.0002,33,True
P05152,Shampoo,Cosmetics,Bamboo Fiber,0.432,0.0004,201,True
P05153,Shampoo,Cosmetics,Bagasse,0.314,0.0002,107,True
P05154,Shampoo,Cosmetics,Bioplastic (PLA),0.214,0.0002,635,True
P05155,Shampoo,Cosmetics,Bioplastic (PLA),0.402,0.0005,450,True
P05156,Shampoo,Cosmetics,Bioplastic (PLA),0.455,0.0004,420,True
P05157,Shampoo,Cosmetics,Bagasse,0.358,0.0003,518,True
P05158,Shampoo,Cosmetics,Bamboo Fiber,0.422,0.0004,603,True
P05159,Shampoo,Cosmetics,Recycled Cardboard,0.33,0.0002,194,True
P05160,Shampoo,Cosmetics,Bagasse,0.244,0.0003,341,True
P05161,Shampoo,Cosmetics,Mushroom Mycelium,0.275,0.0004,437,True
P05162,Shampoo,Cosmetics,Bamboo Fiber,0.282,0.0005,261,True
P05163,Shampoo,Cosmetics,Recycled Cardboard,0.256,0.0003,343,True
P05164,Shampoo,Cosmetics,Bioplastic (PLA),0.3,0.0003,254,True
P05165,Shampoo,Cosmetics,Recycled Cardboard,0.317,0.0004,692,True
P05166,Shampoo,Cosmetics,Mushroom Mycelium,0.419,0.0003,490,True
P05167,Shampoo,Cosmetics,Bamboo Fiber,0.256,0.0003,563,True
P05168,Shampoo,Cosmetics,Recycled Cardboard,0.463,0.0003,591,True
P05169,Shampoo,Cosmetics,Bagasse,0.283,0.0003,87,True
P05170,Shampoo,Cosmetics,Recycled Cardboard,0.316,0.0005,59,True
P05171,Shampoo,Cosmetics,Bioplastic (PLA),0.434,0.0003,130,True
P05172,Shampoo,Cosmetics,Bagasse,0.423,0.0005,681,True
P05173,Shampoo,Cosmetics,Bamboo Fiber,0.455,0.0003,242,True
P05174,Shampoo,Cosmetics,Recycled Cardboard,0.324,0.0004,213,True
P05175,Shampoo,Cosmetics,Bioplastic (PLA),0.481,0.0003,465,True
P05176,Shampoo,Cosmetics,Mushroom Mycelium,0.205,0.0004,546,True
P05177,Shampoo,Cosmetics,Bagasse,0.343,0.0004,622,True
P05178,Shampoo,Cosmetics,Bioplastic (PLA),0.298,0.0003,691,True
P05179,Shampoo,Cosmetics,Recycled Cardboard,0.302,0.0002,139,True
P05180,Shampoo,Cosmetics,Bioplastic (PLA),0.481,0.0004,269,True
P05181,Shampoo,Cosmetics,Bamboo Fiber,0.352,0.0004,210,True
P05182,Shampoo,Cosmetics,Bioplastic (PLA),0.406,0.0003,458,True
P05183,Shampoo,Cosmetics,Recycled Cardboard,0.367,0.0003,174,True
P05184,Shampoo,Cosmetics,Mushroom Mycelium,0.258,0.0004,346,True
P05185,Shampoo,Cosmetics,Mushroom Mycelium,0.291,0.0005,598,True
P05186,Shampoo,Cosmetics,Bagasse,0.395,0.0004,613,True
P05187,Shampoo,Cosmetics,Bamboo Fiber,0.466,0.0004,150,True
P05188,Shampoo,Cosmetics,Bagasse,0.305,0.0003,132,True
P05189,Shampoo,Cosmetics,Bagasse,0.26,0.0005,157,True
P05190,Shampoo,Cosmetics,Mushroom Mycelium,0.34,0.0003,193,True
P05191,Shampoo,Cosmetics,Bagasse,0.435,0.0005,521,True
P05192,Shampoo,Cosmetics,Bamboo Fiber,0.367,0.0005,297,True
P05193,Shampoo,Cosmetics,Bioplastic (PLA),0.398,0.0004,66,True
P05194,Shampoo,Cosmetics,Bagasse,0.303,0.0004,91,True
P05195,Shampoo,Cosmetics,Mushroom Mycelium,0.346,0.0002,583,True
P05196,Shampoo,Cosmetics,Bagasse,0.384,0.0004,540,True
P05197,Shampoo,Cosmetics,Mushroom Mycelium,0.255,0.0005,403,True
P05198,Shampoo,Cosmetics,Mushroom Mycelium,0.363,0.0005,229,True
P05199,Shampoo,Cosmetics,Recycled Cardboard,0.272,0.0004,694,True
P05200,Shampoo,Cosmetics,Recycled Cardboard,0.268,0.0003,177,True
P05201,Shampoo,Cosmetics,Mushroom Mycelium,0.263,0.0004,132,True
P05202,Shampoo,Cosmetics,Bagasse,0.328,0.0004,46,True
P05203,Shampoo,Cosmetics,Bagasse,0.448,0.0004,548,True
P05204,Shampoo,Cosmetics,Bioplastic (PLA),0.399,0.0004,631,True
P05205,Shampoo,Cosmetics,Bagasse,0.45,0.0003,39,True
P05206,Shampoo,Cosmetics,Bagasse,0.388,0.0002,189,True
P05207,Shampoo,Cosmetics,Bamboo Fiber,0.486,0.0004,306,True
P05208,Shampoo,Cosmetics,Mushroom Mycelium,0.253,0.0003,666,True
P05209,Shampoo,Cosmetics,Bioplastic (PLA),0.385,0.0003,660,True
P05210,Shampoo,Cosmetics,Bagasse,0.49,0.0005,589,True
P05211,Shampoo,Cosmetics,Bamboo Fiber,0.215,0.0004,247,True
P05212,Shampoo,Cosmetics,Bagasse,0.327,0.0004,511,True
P05213,Shampoo,Cosmetics,Bamboo Fiber,0.302,0.0002,507,True
P05214,Shampoo,Cosmetics,Mushroom Mycelium,0.36,0.0003,597,True
P05215,Shampoo,Cosmetics,Mushroom Mycelium,0.296,0.0004,256,True
P05216,Shampoo,Cosmetics,Bioplastic (PLA),0.234,0.0004,327,True
P05217,Shampoo,Cosmetics,Recycled Cardboard,0.32,0.0003,170,True
P05218,Shampoo,Cosmetics,Bagasse,0.284,0.0005,170,True
P05219,Shampoo,Cosmetics,Mushroom Mycelium,0.427,0.0004,459,True
P05220,Shampoo,Cosmetics,Recycled Cardboard,0.252,0.0005,305,True
P05221,Shampoo,Cosmetics,Bioplastic (PLA),0.276,0.0004,268,True
P05222,Shampoo,Cosmetics,Bioplastic (PLA),0.314,0.0004,644,True
P05223,Shampoo,Cosmetics,Bagasse,0.241,0.0004,655,True
P05224,Shampoo,Cosmetics,Bagasse,0.405,0.0004,240,True
P05225,Shampoo,Cosmetics,Bamboo Fiber,0.335,0.0004,373,True
P05226,Shampoo,Cosmetics,Recycled Cardboard,0.317,0.0004,658,True
P05227,Shampoo,Cosmetics,Bagasse,0.279,0.0003,587,True
P05228,Shampoo,Cosmetics,Mushroom Mycelium,0.384,0.0005,98,True
P05229,Shampoo,Cosmetics,Recycled Cardboard,0.242,0.0004,609,True
P05230,Shampoo,Cosmetics,Bioplastic (PLA),0.218,0.0005,607,True
P05231,Shampoo,Cosmetics,Bioplastic (PLA),0.37,0.0004,663,True
P05232,Shampoo,Cosmetics,Mushroom Mycelium,0.45,0.0003,578,True
P05233,Shampoo,Cosmetics,Recycled Cardboard,0.482,0.0003,588,True
P05234,Shampoo,Cosmetics,Bamboo Fiber,0.489,0.0002,664,True
P05235,Shampoo,Cosmetics,Bagasse,0.288,0.0004,294,True
P05236,Shampoo,Cosmetics,Bioplastic (PLA),0.249,0.0004,422,True
P05237,Shampoo,Cosmetics,Bamboo Fiber,0.322,0.0003,379,True
P05238,Shampoo,Cosmetics,Bagasse,0.427,0.0005,366,True
P05239,Shampoo,Cosmetics,Mushroom Mycelium,0.387,0.0003,232,True
P05240,Shampoo,Cosmetics,Bioplastic (PLA),0.337,0.0004,337,True
P05241,Shampoo,Cosmetics,Bamboo Fiber,0.411,0.0002,719,True
P05242,Shampoo,Cosmetics,Recycled Cardboard,0.323,0.0003,481,True
P05243,Shampoo,Cosmetics,Bagasse,0.216,0.0004,72,True
P05244,Shampoo,Cosmetics,Mushroom Mycelium,0.45,0.0003,68,True
P05245,Shampoo,Cosmetics,Recycled Cardboard,0.49,0.0003,347,True
P05246,Shampoo,Cosmetics,Recycled Cardboard,0.3,0.0002,457,True
P05247,Shampoo,Cosmetics,Bioplastic (PLA),0.36,0.0003,137,True
P05248,Shampoo,Cosmetics,Bamboo Fiber,0.419,0.0003,274,True
P05249,Shampoo,Cosmetics,Bagasse,0.234,0.0003,193,True
P05250,Shampoo,Cosmetics,Bagasse,0.413,0.0002,663,True
P05251,Shampoo,Cosmetics,Recycled Cardboard,0.485,0.0003,611,True
P05252,Shampoo,Cosmetics,Recycled Cardboard,0.355,0.0002,555,True
P05253,Shampoo,Cosmetics,Bamboo Fiber,0.473,0.0005,332,True
P05254,Shampoo,Cosmetics,Recycled Cardboard,0.48,0.0002,459,True
P05255,Shampoo,Cosmetics,Bioplastic (PLA),0.367,0.0004,712,True
P05256,Shampoo,Cosmetics,Mushroom Mycelium,0.412,0.0003,240,True
P05257,Shampoo,Cosmetics,Mushroom Mycelium,0.315,0.0003,254,True
P05258,Shampoo,Cosmetics,Bagasse,0.344,0.0003,406,True
P05259,Shampoo,Cosmetics,Bagasse,0.366,0.0002,51,True
P05260,Shampoo,Cosmetics,Bioplastic (PLA),0.326,0.0002,155,True
P05261,Shampoo,Cosmetics,Bioplastic (PLA),0.251,0.0005,520,True
P05262,Shampoo,Cosmetics,Bamboo Fiber,0.247,0.0002,553,True
P05263,Shampoo,Cosmetics,Bamboo Fiber,0.451,0.0005,149,True
P05264,Shampoo,Cosmetics,Recycled Cardboard,0.283,0.0004,326,True
P05265,Shampoo,Cosmetics,Mushroom Mycelium,0.393,0.0003,402,True
P05266,Shampoo,Cosmetics,Mushroom Mycelium,0.483,0.0003,405,True
P05267,Shampoo,Cosmetics,Bioplastic (PLA),0.302,0.0002,380,True
P05268,Shampoo,Cosmetics,Bamboo Fiber,0.408,0.0005,463,True
P05269,Shampoo,Cosmetics,Recycled Cardboard,0.274,0.0004,173,True
P05270,Shampoo,Cosmetics,Bioplastic (PLA),0.346,0.0004,524,True
P05271,Shampoo,Cosmetics,Bagasse,0.492,0.0002,532,True
P05272,Shampoo,Cosmetics,Bioplastic (PLA),0.247,0.0004,304,True
P05273,Shampoo,Cosmetics,Bagasse,0.288,0.0003,609,True
P05274,Shampoo,Cosmetics,Bagasse,0.383,0.0003,298,True
P05275,Shampoo,Cosmetics,Mushroom Mycelium,0.46,0.0002,213,True
P05276,Shampoo,Cosmetics,Bamboo Fiber,0.326,0.0005,686,True
P05277,Shampoo,Cosmetics,Bagasse,0.413,0.0003,477,True
P05278,Shampoo,Cosmetics,Bioplastic (PLA),0.315,0.0003,448,True
P05279,Shampoo,Cosmetics,Bioplastic (PLA),0.392,0.0003,92,True
P05280,Shampoo,Cosmetics,Mushroom Mycelium,0.257,0.0005,302,True
P05281,Shampoo,Cosmetics,Bagasse,0.412,0.0004,102,True
P05282,Shampoo,Cosmetics,Mushroom Mycelium,0.203,0.0002,197,True
P05283,Shampoo,Cosmetics,Mushroom Mycelium,0.205,0.0004,107,True
P05284,Shampoo,Cosmetics,Bagasse,0.267,0.0004,244,True
P05285,Shampoo,Cosmetics,Mushroom Mycelium,0.371,0.0004,45,True
P05286,Shampoo,Cosmetics,Bamboo Fiber,0.386,0.0002,182,True
P05287,Shampoo,Cosmetics,Recycled Cardboard,0.314,0.0004,58,True
P05288,Shampoo,Cosmetics,Bagasse,0.247,0.0004,387,True
P05289,Shampoo,Cosmetics,Mushroom Mycelium,0.223,0.0003,381,True
P05290,Shampoo,Cosmetics,Bioplastic (PLA),0.257,0.0003,159,True
P05291,Shampoo,Cosmetics,Bioplastic (PLA),0.304,0.0004,223,True
P05292,Shampoo,Cosmetics,Mushroom Mycelium,0.317,0.0003,374,True
P05293,Shampoo,Cosmetics,Bagasse,0.444,0.0002,512,True
P05294,Shampoo,Cosmetics,Mushroom Mycelium,0.21,0.0005,442,True
P05295,Shampoo,Cosmetics,Bioplastic (PLA),0.296,0.0003,302,True
P05296,Shampoo,Cosmetics,Mushroom Mycelium,0.319,0.0004,277,True
P05297,Shampoo,Cosmetics,Bagasse,0.271,0.0002,147,True
P05298,Shampoo,Cosmetics,Recycled Cardboard,0.431,0.0003,200,True
P05299,Shampoo,Cosmetics,Recycled Cardboard,0.213,0.0004,223,True
P05300,Shampoo,Cosmetics,Recycled Cardboard,0.204,0.0002,264,True
P05301,Shampoo,Cosmetics,Recycled Cardboard,0.405,0.0005,115,True
P05302,Shampoo,Cosmetics,Mushroom Mycelium,0.231,0.0003,312,True
P05303,Shampoo,Cosmetics,Bamboo Fiber,0.423,0.0004,341,True
P05304,Shampoo,Cosmetics,Recycled Cardboard,0.438,0.0002,600,True
P05305,Shampoo,Cosmetics,Bamboo Fiber,0.475,0.0003,391,True
P05306,Shampoo,Cosmetics,Mushroom Mycelium,0.373,0.0005,447,True
P05307,Shampoo,Cosmetics,Bamboo Fiber,0.229,0.0003,711,True
P05308,Shampoo,Cosmetics,Mushroom Mycelium,0.492,0.0004,450,True
P05309,Shampoo,Cosmetics,Bagasse,0.38,0.0005,260,True
P05310,Shampoo,Cosmetics,Recycled Cardboard,0.22,0.0004,536,True
P05311,Shampoo,Cosmetics,Bagasse,0.405,0.0003,425,True
P05312,Shampoo,Cosmetics,Bamboo Fiber,0.289,0.0004,526,True
P05313,Shampoo,Cosmetics,Bioplastic (PLA),0.46,0.0002,220,True
P05314,Shampoo,Cosmetics,Bagasse,0.492,0.0003,33,True
P05315,Shampoo,Cosmetics,Recycled Cardboard,0.231,0.0003,153,True
P05316,Shampoo,Cosmetics,Bamboo Fiber,0.491,0.0003,550,True
P05317,Shampoo,Cosmetics,Bioplastic (PLA),0.259,0.0005,423,True
P05318,Shampoo,Cosmetics,Bagasse,0.219,0.0005,165,True
P05319,Shampoo,Cosmetics,Bioplastic (PLA),0.423,0.0004,647,True
P05320,Shampoo,Cosmetics,Bagasse,0.243,0.0004,561,True
P05321,Shampoo,Cosmetics,Recycled Cardboard,0.37,0.0003,576,True
P05322,Shampoo,Cosmetics,Recycled Cardboard,0.267,0.0002,352,True
P05323,Shampoo,Cosmetics,Bioplastic (PLA),0.236,0.0004,411,True
P05324,Shampoo,Cosmetics,Bamboo Fiber,0.354,0.0003,268,True
P05325,Shampoo,Cosmetics,Bamboo Fiber,0.49,0.0004,180,True
P05326,Shampoo,Cosmetics,Recycled Cardboard,0.258,0.0002,345,True
P05327,Shampoo,Cosmetics,Bagasse,0.282,0.0003,436,True
P05328,Shampoo,Cosmetics,Bagasse,0.379,0.0003,94,True
P05329,Shampoo,Cosmetics,Bioplastic (PLA),0.392,0.0002,211,True
P05330,Shampoo,Cosmetics,Mushroom Mycelium,0.212,0.0004,181,True
P05331,Shampoo,Cosmetics,Bagasse,0.314,0.0004,75,True
P05332,Shampoo,Cosmetics,Bamboo Fiber,0.279,0.0004,84,True
P05333,Shampoo,Cosmetics,Bamboo Fiber,0.371,0.0005,617,True
P05334,Shampoo,Cosmetics,Bagasse,0.319,0.0003,690,True
P05335,Shampoo,Cosmetics,Bamboo Fiber,0.278,0.0005,57,True
P05336,Shampoo,Cosmetics,Bagasse,0.268,0.0005,218,True
P05337,Shampoo,Cosmetics,Bagasse,0.24,0.0003,416,True
P05338,Shampoo,Cosmetics,Mushroom Mycelium,0.247,0.0002,223,True
P05339,Shampoo,Cosmetics,Recycled Cardboard,0.423,0.0004,727,True
P05340,Shampoo,Cosmetics,Recycled Cardboard,0.275,0.0004,301,True
P05341,Shampoo,Cosmetics,Bamboo Fiber,0.287,0.0002,541,True
P05342,Shampoo,Cosmetics,Bagasse,0.341,0.0003,192,True
P05343,Shampoo,Cosmetics,Bagasse,0.314,0.0005,423,True
P05344,Shampoo,Cosmetics,Bioplastic (PLA),0.222,0.0004,553,True
P05345,Shampoo,Cosmetics,Recycled Cardboard,0.309,0.0004,294,True
P05346,Shampoo,Cosmetics,Bamboo Fiber,0.486,0.0005,212,True
P05347,Shampoo,Cosmetics,Mushroom Mycelium,0.257,0.0004,614,True
P05348,Shampoo,Cosmetics,Bioplastic (PLA),0.221,0.0003,248,True
P05349,Shampoo,Cosmetics,Mushroom Mycelium,0.35,0.0005,75,True
P05350,Shampoo,Cosmetics,Bagasse,0.467,0.0005,582,True
P05351,Shampoo,Cosmetics,Bamboo Fiber,0.311,0.0003,57,True
P05352,Shampoo,Cosmetics,Bioplastic (PLA),0.35,0.0003,657,True
P05353,Shampoo,Cosmetics,Mushroom Mycelium,0.445,0.0005,179,True
P05354,Shampoo,Cosmetics,Bagasse,0.382,0.0005,331,True
P05355,Shampoo,Cosmetics,Bagasse,0.418,0.0004,432,True
P05356,Shampoo,Cosmetics,Bagasse,0.403,0.0005,80,True
P05357,Shampoo,Cosmetics,Recycled Cardboard,0.316,0.0004,535,True
P05358,Shampoo,Cosmetics,Bamboo Fiber,0.249,0.0003,69,True
P05359,Shampoo,Cosmetics,Recycled Cardboard,0.451,0.0003,193,True
P05360,Shampoo,Cosmetics,Mushroom Mycelium,0.222,0.0003,224,True
P05361,Shampoo,Cosmetics,Bioplastic (PLA),0.238,0.0002,489,True
P05362,Shampoo,Cosmetics,Bagasse,0.332,0.0003,614,True
P05363,Shampoo,Cosmetics,Bagasse,0.277,0.0005,443,True
P05364,Shampoo,Cosmetics,Mushroom Mycelium,0.233,0.0004,576,True
P05365,Shampoo,Cosmetics,Bamboo Fiber,0.429,0.0005,104,True
P05366,Shampoo,Cosmetics,Bamboo Fiber,0.474,0.0005,175,True
P05367,Shampoo,Cosmetics,Mushroom Mycelium,0.341,0.0004,343,True
P05368,Shampoo,Cosmetics,Mushroom Mycelium,0.408,0.0002,345,True
P05369,Shampoo,Cosmetics,Mushroom Mycelium,0.441,0.0004,648,True
P05370,Shampoo,Cosmetics,Bioplastic (PLA),0.433,0.0003,165,True
P05371,Shampoo,Cosmetics,Mushroom Mycelium,0.418,0.0003,701,True
P05372,Shampoo,Cosmetics,Bioplastic (PLA),0.2,0.0003,381,True
P05373,Shampoo,Cosmetics,Bamboo Fiber,0.414,0.0004,197,True
P05374,Shampoo,Cosmetics,Bioplastic (PLA),0.385,0.0002,483,True
P05375,Shampoo,Cosmetics,Bagasse,0.234,0.0002,603,True
P05376,Shampoo,Cosmetics,Bamboo Fiber,0.28,0.0003,389,True
P05377,Shampoo,Cosmetics,Bagasse,0.368,0.0004,450,True
P05378,Shampoo,Cosmetics,Bagasse,0.399,0.0003,688,True
P05379,Shampoo,Cosmetics,Bagasse,0.283,0.0004,628,True
P05380,Shampoo,Cosmetics,Bagasse,0.45,0.0004,444,True
P05381,Shampoo,Cosmetics,Mushroom Mycelium,0.461,0.0003,321,True
P05382,Shampoo,Cosmetics,Recycled Cardboard,0.262,0.0004,234,True
P05383,Shampoo,Cosmetics,Bagasse,0.349,0.0005,240,True
P05384,Shampoo,Cosmetics,Bamboo Fiber,0.379,0.0002,247,True
P05385,Shampoo,Cosmetics,Bamboo Fiber,0.458,0.0003,535,True
P05386,Shampoo,Cosmetics,Mushroom Mycelium,0.321,0.0004,246,True
P05387,Shampoo,Cosmetics,Bamboo Fiber,0.38,0.0004,605,True
P05388,Shampoo,Cosmetics,Bamboo Fiber,0.405,0.0003,429,True
P05389,Shampoo,Cosmetics,Bagasse,0.333,0.0004,68,True
P05390,Shampoo,Cosmetics,Recycled Cardboard,0.458,0.0002,114,True
P05391,Shampoo,Cosmetics,Bamboo Fiber,0.417,0.0005,145,True
P05392,Shampoo,Cosmetics,Recycled Cardboard,0.231,0.0005,465,True
P05393,Shampoo,Cosmetics,Bagasse,0.308,0.0005,359,True
P05394,Shampoo,Cosmetics,Mushroom Mycelium,0.484,0.0002,145,True
P05395,Shampoo,Cosmetics,Recycled Cardboard,0.232,0.0005,311,True
P05396,Shampoo,Cosmetics,Bagasse,0.324,0.0005,149,True
P05397,Shampoo,Cosmetics,Bagasse,0.332,0.0002,684,True
P05398,Shampoo,Cosmetics,Mushroom Mycelium,0.273,0.0004,93,True
P05399,Shampoo,Cosmetics,Bagasse,0.424,0.0005,669,True
P05400,Shampoo,Cosmetics,Bagasse,0.441,0.0004,113,True
P05401,Shampoo,Cosmetics,Recycled Cardboard,0.29,0.0004,472,True
P05402,Shampoo,Cosmetics,Recycled Cardboard,0.484,0.0004,87,True
P05403,Shampoo,Cosmetics,Bagasse,0.233,0.0003,456,True
P05404,Shampoo,Cosmetics,Bamboo Fiber,0.301,0.0003,305,True
P05405,Shampoo,Cosmetics,Recycled Cardboard,0.344,0.0004,346,True
P05406,Shampoo,Cosmetics,Mushroom Mycelium,0.443,0.0004,660,True
P05407,Shampoo,Cosmetics,Mushroom Mycelium,0.216,0.0004,85,True
P05408,Shampoo,Cosmetics,Recycled Cardboard,0.232,0.0004,491,True
P05409,Shampoo,Cosmetics,Bioplastic (PLA),0.241,0.0002,632,True
P05410,Shampoo,Cosmetics,Bamboo Fiber,0.403,0.0004,71,True
P05411,Shampoo,Cosmetics,Recycled Cardboard,0.219,0.0003,455,True
P05412,Shampoo,Cosmetics,Bagasse,0.219,0.0005,590,True
P05413,Shampoo,Cosmetics,Bioplastic (PLA),0.48,0.0004,347,True
P05414,Shampoo,Cosmetics,Mushroom Mycelium,0.263,0.0002,657,True
P05415,Shampoo,Cosmetics,Bamboo Fiber,0.201,0.0003,549,True
P05416,Shampoo,Cosmetics,Bamboo Fiber,0.465,0.0004,268,True
P05417,Shampoo,Cosmetics,Mushroom Mycelium,0.428,0.0002,420,True
P05418,Shampoo,Cosmetics,Recycled Cardboard,0.431,0.0004,394,True
P05419,Shampoo,Cosmetics,Bamboo Fiber,0.396,0.0003,695,True
P05420,Shampoo,Cosmetics,Recycled Cardboard,0.452,0.0003,288,True
P05421,Shampoo,Cosmetics,Mushroom Mycelium,0.357,0.0005,351,True
P05422,Shampoo,Cosmetics,Bagasse,0.427,0.0004,343,True
P05423,Shampoo,Cosmetics,Bagasse,0.311,0.0004,640,True
P05424,Shampoo,Cosmetics,Mushroom Mycelium,0.224,0.0002,273,True
P05425,Shampoo,Cosmetics,Bagasse,0.215,0.0003,548,True
P05426,Shampoo,Cosmetics,Mushroom Mycelium,0.398,0.0005,533,True
P05427,Shampoo,Cosmetics,Bamboo Fiber,0.236,0.0003,546,True
P05428,Shampoo,Cosmetics,Bioplastic (PLA),0.368,0.0002,545,True
P05429,Shampoo,Cosmetics,Bioplastic (PLA),0.364,0.0005,46,True
P05430,Shampoo,Cosmetics,Bioplastic (PLA),0.478,0.0005,569,True
P05431,Shampoo,Cosmetics,Mushroom Mycelium,0.26,0.0004,147,True
P05432,Shampoo,Cosmetics,Bioplastic (PLA),0.242,0.0002,230,True
P05433,Shampoo,Cosmetics,Bamboo Fiber,0.412,0.0005,34,True
P05434,Shampoo,Cosmetics,Bioplastic (PLA),0.332,0.0003,322,True
P05435,Shampoo,Cosmetics,Mushroom Mycelium,0.215,0.0004,81,True
P05436,Shampoo,Cosmetics,Bamboo Fiber,0.427,0.0003,668,True
P05437,Shampoo,Cosmetics,Bagasse,0.446,0.0003,245,True
P05438,Shampoo,Cosmetics,Bamboo Fiber,0.431,0.0004,376,True
P05439,Shampoo,Cosmetics,Bamboo Fiber,0.36,0.0004,191,True
P05440,Shampoo,Cosmetics,Bamboo Fiber,0.248,0.0005,546,True
P05441,Shampoo,Cosmetics,Bagasse,0.438,0.0005,234,True
P05442,Shampoo,Cosmetics,Bioplastic (PLA),0.429,0.0004,224,True
P05443,Shampoo,Cosmetics,Bagasse,0.329,0.0004,391,True
P05444,Shampoo,Cosmetics,Recycled Cardboard,0.416,0.0002,430,True
P05445,Shampoo,Cosmetics,Bioplastic (PLA),0.283,0.0005,122,True
P05446,Shampoo,Cosmetics,Bamboo Fiber,0.436,0.0004,713,True
P05447,Shampoo,Cosmetics,Bagasse,0.328,0.0002,684,True
P05448,Shampoo,Cosmetics,Bamboo Fiber,0.275,0.0004,608,True
P05449,Shampoo,Cosmetics,Bagasse,0.369,0.0003,164,True
P05450,Shampoo,Cosmetics,Bioplastic (PLA),0.453,0.0004,725,True
P05451,Shampoo,Cosmetics,Bamboo Fiber,0.499,0.0004,370,True
P05452,Shampoo,Cosmetics,Bioplastic (PLA),0.492,0.0003,289,True
P05453,Shampoo,Cosmetics,Mushroom Mycelium,0.354,0.0003,585,True
P05454,Shampoo,Cosmetics,Mushroom Mycelium,0.235,0.0003,255,True
P05455,Shampoo,Cosmetics,Mushroom Mycelium,0.24,0.0005,546,True
P05456,Shampoo,Cosmetics,Bioplastic (PLA),0.271,0.0005,423,True
P05457,Shampoo,Cosmetics,Bamboo Fiber,0.216,0.0005,719,True
P05458,Shampoo,Cosmetics,Bagasse,0.462,0.0005,153,True
P05459,Shampoo,Cosmetics,Bamboo Fiber,0.393,0.0003,51,True
P05460,Shampoo,Cosmetics,Bamboo Fiber,0.345,0.0003,344,True
P05461,Shampoo,Cosmetics,Bioplastic (PLA),0.365,0.0003,619,True
P05462,Shampoo,Cosmetics,Mushroom Mycelium,0.367,0.0005,148,True
P05463,Shampoo,Cosmetics,Bioplastic (PLA),0.207,0.0004,213,True
P05464,Shampoo,Cosmetics,Mushroom Mycelium,0.455,0.0003,104,True
P05465,Shampoo,Cosmetics,Bagasse,0.266,0.0002,387,True
P05466,Shampoo,Cosmetics,Mushroom Mycelium,0.255,0.0004,38,True
P05467,Shampoo,Cosmetics,Bioplastic (PLA),0.357,0.0004,529,True
P05468,Shampoo,Cosmetics,Bagasse,0.469,0.0003,149,True
P05469,Shampoo,Cosmetics,Bioplastic (PLA),0.483,0.0003,171,True
P05470,Shampoo,Cosmetics,Mushroom Mycelium,0.218,0.0003,203,True
P05471,Shampoo,Cosmetics,Mushroom Mycelium,0.212,0.0003,300,True
P05472,Shampoo,Cosmetics,Recycled Cardboard,0.428,0.0003,611,True
P05473,Shampoo,Cosmetics,Recycled Cardboard,0.275,0.0003,467,True
P05474,Shampoo,Cosmetics,Recycled Cardboard,0.479,0.0004,300,True
P05475,Shampoo,Cosmetics,Recycled Cardboard,0.419,0.0003,405,True
P05476,Shampoo,Cosmetics,Bamboo Fiber,0.252,0.0003,244,True
P05477,Shampoo,Cosmetics,Mushroom Mycelium,0.317,0.0005,593,True
P05478,Shampoo,Cosmetics,Mushroom Mycelium,0.428,0.0002,625,True
P05479,Shampoo,Cosmetics,Mushroom Mycelium,0.407,0.0003,127,True
P05480,Shampoo,Cosmetics,Bamboo Fiber,0.212,0.0002,448,True
P05481,Shampoo,Cosmetics,Mushroom Mycelium,0.329,0.0003,344,True
P05482,Shampoo,Cosmetics,Mushroom Mycelium,0.334,0.0004,80,True
P05483,Shampoo,Cosmetics,Mushroom Mycelium,0.25,0.0002,547,True
P05484,Shampoo,Cosmetics,Bamboo Fiber,0.418,0.0003,427,True
P05485,Shampoo,Cosmetics,Bioplastic (PLA),0.309,0.0003,656,True
P05486,Shampoo,Cosmetics,Mushroom Mycelium,0.475,0.0003,678,True
P05487,Shampoo,Cosmetics,Bamboo Fiber,0.467,0.0002,648,True
P05488,Shampoo,Cosmetics,Bagasse,0.447,0.0005,563,True
P05489,Shampoo,Cosmetics,Bamboo Fiber,0.328,0.0005,645,True
P05490,Shampoo,Cosmetics,Mushroom Mycelium,0.455,0.0004,675,True
P05491,Shampoo,Cosmetics,Bagasse,0.44,0.0003,289,True
P05492,Shampoo,Cosmetics,Bioplastic (PLA),0.299,0.0004,329,True
P05493,Shampoo,Cosmetics,Bioplastic (PLA),0.46,0.0002,422,True
P05494,Shampoo,Cosmetics,Bamboo Fiber,0.255,0.0005,369,True
P05495,Shampoo,Cosmetics,Recycled Cardboard,0.314,0.0003,424,True
P05496,Shampoo,Cosmetics,Bioplastic (PLA),0.29,0.0003,337,True
P05497,Shampoo,Cosmetics,Mushroom Mycelium,0.337,0.0004,169,True
P05498,Shampoo,Cosmetics,Bioplastic (PLA),0.298,0.0004,568,True
P05499,Shampoo,Cosmetics,Bioplastic (PLA),0.285,0.0003,639,True
P05500,Shampoo,Cosmetics,Bamboo Fiber,0.302,0.0003,34,True
P05501,Perfume,Cosmetics,Mushroom Mycelium,0.112,0.0001,321,True
P05502,Perfume,Cosmetics,Bioplastic (PLA),0.18,0.0001,420,True
P05503,Perfume,Cosmetics,Recycled Cardboard,0.053,0.0001,397,True
P05504,Perfume,Cosmetics,Mushroom Mycelium,0.155,0.0001,455,True
P05505,Perfume,Cosmetics,Recycled Cardboard,0.086,0.0001,94,True
P05506,Perfume,Cosmetics,Bamboo Fiber,0.137,0.0002,423,True
P05507,Perfume,Cosmetics,Bamboo Fiber,0.111,0.0001,478,True
P05508,Perfume,Cosmetics,Recycled Cardboard,0.085,0.0001,390,True
P05509,Perfume,Cosmetics,Recycled Cardboard,0.2,0.0001,298,True
P05510,Perfume,Cosmetics,Bagasse,0.068,0.0001,42,True
P05511,Perfume,Cosmetics,Mushroom Mycelium,0.15,0.0001,539,True
P05512,Perfume,Cosmetics,Recycled Cardboard,0.156,0.0001,76,True
P05513,Perfume,Cosmetics,Bamboo Fiber,0.173,0.0002,414,True
P05514,Perfume,Cosmetics,Mushroom Mycelium,0.088,0.0001,245,True
P05515,Perfume,Cosmetics,Recycled Cardboard,0.163,0.0001,571,True
P05516,Perfume,Cosmetics,Bioplastic (PLA),0.145,0.0002,434,True
P05517,Perfume,Cosmetics,Recycled Cardboard,0.186,0.0001,599,True
P05518,Perfume,Cosmetics,Recycled Cardboard,0.171,0.0002,584,True
P05519,Perfume,Cosmetics,Bagasse,0.123,0.0001,254,True
P05520,Perfume,Cosmetics,Bamboo Fiber,0.098,0.0001,557,True
P05521,Perfume,Cosmetics,Bamboo Fiber,0.11,0.0001,521,True
P05522,Perfume,Cosmetics,Bioplastic (PLA),0.152,0.0002,176,True
P05523,Perfume,Cosmetics,Bioplastic (PLA),0.098,0.0002,453,True
P05524,Perfume,Cosmetics,Bioplastic (PLA),0.059,0.0002,592,True
P05525,Perfume,Cosmetics,Recycled Cardboard,0.107,0.0002,401,True
P05526,Perfume,Cosmetics,Mushroom Mycelium,0.194,0.0001,479,True
P05527,Perfume,Cosmetics,Bamboo Fiber,0.123,0.0001,611,True
P05528,Perfume,Cosmetics,Bagasse,0.151,0.0002,630,True
P05529,Perfume,Cosmetics,Bagasse,0.076,0.0002,166,True
P05530,Perfume,Cosmetics,Mushroom Mycelium,0.107,0.0001,500,True
P05531,Perfume,Cosmetics,Bagasse,0.083,0.0001,612,True
P05532,Perfume,Cosmetics,Bagasse,0.195,0.0001,727,True
P05533,Perfume,Cosmetics,Bagasse,0.19,0.0001,692,True
P05534,Perfume,Cosmetics,Bagasse,0.066,0.0001,419,True
P05535,Perfume,Cosmetics,Recycled Cardboard,0.15,0.0001,189,True
P05536,Perfume,Cosmetics,Bamboo Fiber,0.13,0.0001,477,True
P05537,Perfume,Cosmetics,Bagasse,0.091,0.0001,229,True
P05538,Perfume,Cosmetics,Bioplastic (PLA),0.084,0.0001,233,True
P05539,Perfume,Cosmetics,Mushroom Mycelium,0.181,0.0001,712,True
P05540,Perfume,Cosmetics,Bamboo Fiber,0.075,0.0001,200,True
P05541,Perfume,Cosmetics,Recycled Cardboard,0.088,0.0002,563,True
P05542,Perfume,Cosmetics,Bagasse,0.144,0.0002,356,True
P05543,Perfume,Cosmetics,Mushroom Mycelium,0.077,0.0001,79,True
P05544,Perfume,Cosmetics,Bamboo Fiber,0.086,0.0001,556,True
P05545,Perfume,Cosmetics,Mushroom Mycelium,0.163,0.0001,514,True
P05546,Perfume,Cosmetics,Mushroom Mycelium,0.161,0.0002,443,True
P05547,Perfume,Cosmetics,Bioplastic (PLA),0.192,0.0001,199,True
P05548,Perfume,Cosmetics,Bamboo Fiber,0.109,0.0001,326,True
P05549,Perfume,Cosmetics,Bioplastic (PLA),0.068,0.0001,211,True
P05550,Perfume,Cosmetics,Bagasse,0.175,0.0002,123,True
P05551,Perfume,Cosmetics,Bioplastic (PLA),0.141,0.0001,425,True
P05552,Perfume,Cosmetics,Bamboo Fiber,0.138,0.0001,564,True
P05553,Perfume,Cosmetics,Bioplastic (PLA),0.075,0.0001,319,True
P05554,Perfume,Cosmetics,Bamboo Fiber,0.091,0.0001,276,True
P05555,Perfume,Cosmetics,Bioplastic (PLA),0.169,0.0001,72,True
P05556,Perfume,Cosmetics,Mushroom Mycelium,0.145,0.0001,518,True
P05557,Perfume,Cosmetics,Bioplastic (PLA),0.052,0.0002,130,True
P05558,Perfume,Cosmetics,Bamboo Fiber,0.172,0.0001,252,True
P05559,Perfume,Cosmetics,Bagasse,0.152,0.0001,32,True
P05560,Perfume,Cosmetics,Recycled Cardboard,0.181,0.0001,719,True
P05561,Perfume,Cosmetics,Bamboo Fiber,0.188,0.0002,665,True
P05562,Perfume,Cosmetics,Bamboo Fiber,0.184,0.0001,356,True
P05563,Perfume,Cosmetics,Bioplastic (PLA),0.09,0.0001,521,True
P05564,Perfume,Cosmetics,Mushroom Mycelium,0.147,0.0001,151,True
P05565,Perfume,Cosmetics,Mushroom Mycelium,0.07,0.0001,35,True
P05566,Perfume,Cosmetics,Recycled Cardboard,0.108,0.0001,547,True
P05567,Perfume,Cosmetics,Recycled Cardboard,0.118,0.0001,71,True
P05568,Perfume,Cosmetics,Mushroom Mycelium,0.064,0.0002,670,True
P05569,Perfume,Cosmetics,Recycled Cardboard,0.148,0.0001,319,True
P05570,Perfume,Cosmetics,Bioplastic (PLA),0.153,0.0001,623,True
P05571,Perfume,Cosmetics,Bioplastic (PLA),0.196,0.0001,171,True
P05572,Perfume,Cosmetics,Bamboo Fiber,0.095,0.0001,370,True
P05573,Perfume,Cosmetics,Bamboo Fiber,0.114,0.0001,511,True
P05574,Perfume,Cosmetics,Bagasse,0.077,0.0001,300,True
P05575,Perfume,Cosmetics,Bamboo Fiber,0.122,0.0002,196,True
P05576,Perfume,Cosmetics,Recycled Cardboard,0.092,0.0002,375,True
P05577,Perfume,Cosmetics,Bamboo Fiber,0.09,0.0001,568,True
P05578,Perfume,Cosmetics,Recycled Cardboard,0.111,0.0001,630,True
P05579,Perfume,Cosmetics,Bagasse,0.124,0.0002,638,True
P05580,Perfume,Cosmetics,Mushroom Mycelium,0.119,0.0001,477,True
P05581,Perfume,Cosmetics,Recycled Cardboard,0.145,0.0002,206,True
P05582,Perfume,Cosmetics,Mushroom Mycelium,0.095,0.0002,264,True
P05583,Perfume,Cosmetics,Mushroom Mycelium,0.186,0.0002,30,True
P05584,Perfume,Cosmetics,Recycled Cardboard,0.085,0.0001,712,True
P05585,Perfume,Cosmetics,Bioplastic (PLA),0.074,0.0001,61,True
P05586,Perfume,Cosmetics,Bagasse,0.153,0.0001,65,True
P05587,Perfume,Cosmetics,Bagasse,0.056,0.0001,338,True
P05588,Perfume,Cosmetics,Bioplastic (PLA),0.18,0.0001,623,True
P05589,Perfume,Cosmetics,Bagasse,0.138,0.0002,188,True
P05590,Perfume,Cosmetics,Bioplastic (PLA),0.062,0.0001,571,True
P05591,Perfume,Cosmetics,Bioplastic (PLA),0.126,0.0002,327,True
P05592,Perfume,Cosmetics,Mushroom Mycelium,0.122,0.0002,105,True
P05593,Perfume,Cosmetics,Bagasse,0.116,0.0001,70,True
P05594,Perfume,Cosmetics,Mushroom Mycelium,0.124,0.0001,493,True
P05595,Perfume,Cosmetics,Bagasse,0.114,0.0001,522,True
P05596,Perfume,Cosmetics,Bagasse,0.088,0.0001,719,True
P05597,Perfume,Cosmetics,Bagasse,0.05,0.0001,264,True
P05598,Perfume,Cosmetics,Recycled Cardboard,0.122,0.0001,593,True
P05599,Perfume,Cosmetics,Mushroom Mycelium,0.135,0.0001,635,True
P05600,Perfume,Cosmetics,Mushroom Mycelium,0.074,0.0002,656,True
P05601,Perfume,Cosmetics,Mushroom Mycelium,0.188,0.0001,349,True
P05602,Perfume,Cosmetics,Bioplastic (PLA),0.122,0.0001,195,True
P05603,Perfume,Cosmetics,Recycled Cardboard,0.078,0.0001,505,True
P05604,Perfume,Cosmetics,Bagasse,0.124,0.0002,488,True
P05605,Perfume,Cosmetics,Bamboo Fiber,0.193,0.0001,594,True
P05606,Perfume,Cosmetics,Mushroom Mycelium,0.197,0.0001,666,True
P05607,Perfume,Cosmetics,Mushroom Mycelium,0.091,0.0001,416,True
P05608,Perfume,Cosmetics,Bamboo Fiber,0.166,0.0001,381,True
P05609,Perfume,Cosmetics,Bamboo Fiber,0.187,0.0001,534,True
P05610,Perfume,Cosmetics,Mushroom Mycelium,0.072,0.0002,705,True
P05611,Perfume,Cosmetics,Mushroom Mycelium,0.053,0.0001,600,True
P05612,Perfume,Cosmetics,Bioplastic (PLA),0.078,0.0001,273,True
P05613,Perfume,Cosmetics,Recycled Cardboard,0.181,0.0002,654,True
P05614,Perfume,Cosmetics,Recycled Cardboard,0.082,0.0001,258,True
P05615,Perfume,Cosmetics,Bioplastic (PLA),0.13,0.0001,266,True
P05616,Perfume,Cosmetics,Bamboo Fiber,0.185,0.0001,327,True
P05617,Perfume,Cosmetics,Bamboo Fiber,0.166,0.0001,211,True
P05618,Perfume,Cosmetics,Recycled Cardboard,0.076,0.0001,711,True
P05619,Perfume,Cosmetics,Bagasse,0.078,0.0002,323,True
P05620,Perfume,Cosmetics,Mushroom Mycelium,0.088,0.0001,519,True
P05621,Perfume,Cosmetics,Bioplastic (PLA),0.059,0.0002,117,True
P05622,Perfume,Cosmetics,Mushroom Mycelium,0.121,0.0001,463,True
P05623,Perfume,Cosmetics,Bioplastic (PLA),0.153,0.0001,215,True
P05624,Perfume,Cosmetics,Bioplastic (PLA),0.095,0.0001,83,True
P05625,Perfume,Cosmetics,Bioplastic (PLA),0.154,0.0002,163,True
P05626,Perfume,Cosmetics,Bagasse,0.066,0.0001,126,True
P05627,Perfume,Cosmetics,Mushroom Mycelium,0.072,0.0001,102,True
P05628,Perfume,Cosmetics,Mushroom Mycelium,0.193,0.0001,433,True
P05629,Perfume,Cosmetics,Bagasse,0.183,0.0001,679,True
P05630,Perfume,Cosmetics,Bioplastic (PLA),0.188,0.0001,490,True
P05631,Perfume,Cosmetics,Bioplastic (PLA),0.051,0.0001,468,True
P05632,Perfume,Cosmetics,Bagasse,0.117,0.0001,530,True
P05633,Perfume,Cosmetics,Bioplastic (PLA),0.175,0.0001,498,True
P05634,Perfume,Cosmetics,Bioplastic (PLA),0.107,0.0002,259,True
P05635,Perfume,Cosmetics,Bioplastic (PLA),0.175,0.0001,358,True
P05636,Perfume,Cosmetics,Recycled Cardboard,0.172,0.0001,249,True
P05637,Perfume,Cosmetics,Bamboo Fiber,0.058,0.0001,277,True
P05638,Perfume,Cosmetics,Recycled Cardboard,0.075,0.0002,505,True
P05639,Perfume,Cosmetics,Recycled Cardboard,0.059,0.0001,355,True
P05640,Perfume,Cosmetics,Bioplastic (PLA),0.114,0.0001,321,True
P05641,Perfume,Cosmetics,Recycled Cardboard,0.146,0.0002,725,True
P05642,Perfume,Cosmetics,Recycled Cardboard,0.14,0.0001,434,True
P05643,Perfume,Cosmetics,Bagasse,0.054,0.0002,213,True
P05644,Perfume,Cosmetics,Recycled Cardboard,0.109,0.0002,502,True
P05645,Perfume,Cosmetics,Bagasse,0.139,0.0002,230,True
P05646,Perfume,Cosmetics,Bioplastic (PLA),0.181,0.0002,721,True
P05647,Perfume,Cosmetics,Bioplastic (PLA),0.113,0.0001,72,True
P05648,Perfume,Cosmetics,Bagasse,0.163,0.0001,568,True
P05649,Perfume,Cosmetics,Recycled Cardboard,0.181,0.0002,427,True
P05650,Perfume,Cosmetics,Bamboo Fiber,0.083,0.0002,131,True
P05651,Perfume,Cosmetics,Recycled Cardboard,0.189,0.0002,105,True
P05652,Perfume,Cosmetics,Mushroom Mycelium,0.112,0.0001,468,True
P05653,Perfume,Cosmetics,Mushroom Mycelium,0.082,0.0002,387,True
P05654,Perfume,Cosmetics,Bagasse,0.051,0.0001,237,True
P05655,Perfume,Cosmetics,Bamboo Fiber,0.109,0.0001,258,True
P05656,Perfume,Cosmetics,Bagasse,0.144,0.0001,475,True
P05657,Perfume,Cosmetics,Recycled Cardboard,0.152,0.0001,445,True
P05658,Perfume,Cosmetics,Recycled Cardboard,0.188,0.0002,166,True
P05659,Perfume,Cosmetics,Bioplastic (PLA),0.152,0.0001,128,True
P05660,Perfume,Cosmetics,Mushroom Mycelium,0.083,0.0001,265,True
P05661,Perfume,Cosmetics,Recycled Cardboard,0.143,0.0002,337,True
P05662,Perfume,Cosmetics,Recycled Cardboard,0.082,0.0001,674,True
P05663,Perfume,Cosmetics,Bamboo Fiber,0.055,0.0001,101,True
P05664,Perfume,Cosmetics,Bamboo Fiber,0.064,0.0001,153,True
P05665,Perfume,Cosmetics,Recycled Cardboard,0.056,0.0002,687,True
P05666,Perfume,Cosmetics,Bamboo Fiber,0.077,0.0002,236,True
P05667,Perfume,Cosmetics,Bioplastic (PLA),0.067,0.0002,190,True
P05668,Perfume,Cosmetics,Recycled Cardboard,0.166,0.0002,498,True
P05669,Perfume,Cosmetics,Mushroom Mycelium,0.151,0.0002,707,True
P05670,Perfume,Cosmetics,Bioplastic (PLA),0.129,0.0001,523,True
P05671,Perfume,Cosmetics,Recycled Cardboard,0.162,0.0002,363,True
P05672,Perfume,Cosmetics,Mushroom Mycelium,0.065,0.0002,121,True
P05673,Perfume,Cosmetics,Bamboo Fiber,0.056,0.0002,151,True
P05674,Perfume,Cosmetics,Bagasse,0.093,0.0001,574,True
P05675,Perfume,Cosmetics,Recycled Cardboard,0.07,0.0002,315,True
P05676,Perfume,Cosmetics,Bagasse,0.171,0.0001,215,True
P05677,Perfume,Cosmetics,Mushroom Mycelium,0.163,0.0002,705,True
P05678,Perfume,Cosmetics,Bagasse,0.056,0.0001,253,True
P05679,Perfume,Cosmetics,Bamboo Fiber,0.066,0.0001,634,True
P05680,Perfume,Cosmetics,Recycled Cardboard,0.182,0.0001,247,True
P05681,Perfume,Cosmetics,Mushroom Mycelium,0.148,0.0002,228,True
P05682,Perfume,Cosmetics,Mushroom Mycelium,0.108,0.0001,545,True
P05683,Perfume,Cosmetics,Mushroom Mycelium,0.192,0.0001,309,True
P05684,Perfume,Cosmetics,Recycled Cardboard,0.091,0.0001,704,True
P05685,Perfume,Cosmetics,Bamboo Fiber,0.184,0.0001,615,True
P05686,Perfume,Cosmetics,Bamboo Fiber,0.116,0.0001,670,True
P05687,Perfume,Cosmetics,Mushroom Mycelium,0.077,0.0002,363,True
P05688,Perfume,Cosmetics,Bamboo Fiber,0.176,0.0001,658,True
P05689,Perfume,Cosmetics,Mushroom Mycelium,0.197,0.0001,549,True
P05690,Perfume,Cosmetics,Bioplastic (PLA),0.097,0.0002,137,True
P05691,Perfume,Cosmetics,Recycled Cardboard,0.052,0.0001,680,True
P05692,Perfume,Cosmetics,Bamboo Fiber,0.173,0.0001,692,True
P05693,Perfume,Cosmetics,Bagasse,0.052,0.0001,235,True
P05694,Perfume,Cosmetics,Bamboo Fiber,0.139,0.0001,301,True
P05695,Perfume,Cosmetics,Bamboo Fiber,0.111,0.0002,635,True
P05696,Perfume,Cosmetics,Mushroom Mycelium,0.06,0.0001,642,True
P05697,Perfume,Cosmetics,Mushroom Mycelium,0.059,0.0001,244,True
P05698,Perfume,Cosmetics,Mushroom Mycelium,0.182,0.0002,364,True
P05699,Perfume,Cosmetics,Mushroom Mycelium,0.063,0.0001,89,True
P05700,Perfume,Cosmetics,Mushroom Mycelium,0.153,0.0001,214,True
P05701,Perfume,Cosmetics,Bioplastic (PLA),0.074,0.0001,434,True
P05702,Perfume,Cosmetics,Bamboo Fiber,0.168,0.0001,215,True
P05703,Perfume,Cosmetics,Bamboo Fiber,0.154,0.0001,552,True
P05704,Perfume,Cosmetics,Bagasse,0.069,0.0001,546,True
P05705,Perfume,Cosmetics,Bamboo Fiber,0.175,0.0001,467,True
P05706,Perfume,Cosmetics,Bioplastic (PLA),0.179,0.0001,613,True
P05707,Perfume,Cosmetics,Bagasse,0.08,0.0001,381,True
P05708,Perfume,Cosmetics,Bagasse,0.138,0.0001,254,True
P05709,Perfume,Cosmetics,Recycled Cardboard,0.082,0.0002,224,True
P05710,Perfume,Cosmetics,Bamboo Fiber,0.081,0.0001,724,True
P05711,Perfume,Cosmetics,Recycled Cardboard,0.099,0.0001,544,True
P05712,Perfume,Cosmetics,Bioplastic (PLA),0.111,0.0001,390,True
P05713,Perfume,Cosmetics,Recycled Cardboard,0.17,0.0001,324,True
P05714,Perfume,Cosmetics,Bamboo Fiber,0.167,0.0002,665,True
P05715,Perfume,Cosmetics,Bioplastic (PLA),0.147,0.0001,90,True
P05716,Perfume,Cosmetics,Mushroom Mycelium,0.104,0.0001,499,True
P05717,Perfume,Cosmetics,Bioplastic (PLA),0.156,0.0001,142,True
P05718,Perfume,Cosmetics,Recycled Cardboard,0.133,0.0001,185,True
P05719,Perfume,Cosmetics,Bagasse,0.164,0.0001,508,True
P05720,Perfume,Cosmetics,Bioplastic (PLA),0.143,0.0001,566,True
P05721,Perfume,Cosmetics,Bamboo Fiber,0.14,0.0002,249,True
P05722,Perfume,Cosmetics,Mushroom Mycelium,0.087,0.0001,89,True
P05723,Perfume,Cosmetics,Recycled Cardboard,0.08,0.0002,387,True
P05724,Perfume,Cosmetics,Bamboo Fiber,0.057,0.0001,312,True
P05725,Perfume,Cosmetics,Bagasse,0.091,0.0001,574,True
P05726,Perfume,Cosmetics,Bagasse,0.11,0.0001,681,True
P05727,Perfume,Cosmetics,Mushroom Mycelium,0.073,0.0001,531,True
P05728,Perfume,Cosmetics,Mushroom Mycelium,0.187,0.0001,329,True
P05729,Perfume,Cosmetics,Mushroom Mycelium,0.096,0.0002,304,True
P05730,Perfume,Cosmetics,Recycled Cardboard,0.06,0.0001,177,True
P05731,Perfume,Cosmetics,Bamboo Fiber,0.116,0.0002,295,True
P05732,Perfume,Cosmetics,Mushroom Mycelium,0.068,0.0002,72,True
P05733,Perfume,Cosmetics,Bagasse,0.112,0.0001,147,True
P05734,Perfume,Cosmetics,Mushroom Mycelium,0.069,0.0002,615,True
P05735,Perfume,Cosmetics,Recycled Cardboard,0.133,0.0001,528,True
P05736,Perfume,Cosmetics,Bamboo Fiber,0.194,0.0001,342,True
P05737,Perfume,Cosmetics,Recycled Cardboard,0.059,0.0002,503,True
P05738,Perfume,Cosmetics,Bamboo Fiber,0.192,0.0001,586,True
P05739,Perfume,Cosmetics,Recycled Cardboard,0.078,0.0002,161,True
P05740,Perfume,Cosmetics,Bioplastic (PLA),0.063,0.0001,267,True
P05741,Perfume,Cosmetics,Mushroom Mycelium,0.096,0.0001,568,True
P05742,Perfume,Cosmetics,Bagasse,0.166,0.0001,478,True
P05743,Perfume,Cosmetics,Mushroom Mycelium,0.163,0.0002,496,True
P05744,Perfume,Cosmetics,Bioplastic (PLA),0.052,0.0002,34,True
P05745,Perfume,Cosmetics,Bioplastic (PLA),0.09,0.0001,697,True
P05746,Perfume,Cosmetics,Bamboo Fiber,0.159,0.0001,686,True
P05747,Perfume,Cosmetics,Mushroom Mycelium,0.073,0.0001,59,True
P05748,Perfume,Cosmetics,Bamboo Fiber,0.184,0.0002,478,True
P05749,Perfume,Cosmetics,Bagasse,0.195,0.0001,494,True
P05750,Perfume,Cosmetics,Mushroom Mycelium,0.136,0.0001,378,True
P05751,Perfume,Cosmetics,Bioplastic (PLA),0.095,0.0001,114,True
P05752,Perfume,Cosmetics,Mushroom Mycelium,0.159,0.0001,635,True
P05753,Perfume,Cosmetics,Mushroom Mycelium,0.189,0.0001,532,True
P05754,Perfume,Cosmetics,Bamboo Fiber,0.102,0.0001,150,True
P05755,Perfume,Cosmetics,Bioplastic (PLA),0.071,0.0001,670,True
P05756,Perfume,Cosmetics,Recycled Cardboard,0.054,0.0001,103,True
P05757,Perfume,Cosmetics,Bagasse,0.062,0.0001,288,True
P05758,Perfume,Cosmetics,Bagasse,0.151,0.0001,143,True
P05759,Perfume,Cosmetics,Mushroom Mycelium,0.196,0.0001,230,True
P05760,Perfume,Cosmetics,Bagasse,0.195,0.0001,606,True
P05761,Perfume,Cosmetics,Recycled Cardboard,0.067,0.0002,516,True
P05762,Perfume,Cosmetics,Recycled Cardboard,0.066,0.0001,670,True
P05763,Perfume,Cosmetics,Mushroom Mycelium,0.068,0.0001,58,True
P05764,Perfume,Cosmetics,Bamboo Fiber,0.11,0.0002,208,True
P05765,Perfume,Cosmetics,Bagasse,0.067,0.0002,274,True
P05766,Perfume,Cosmetics,Bamboo Fiber,0.169,0.0002,240,True
P05767,Perfume,Cosmetics,Recycled Cardboard,0.163,0.0001,583,True
P05768,Perfume,Cosmetics,Bagasse,0.147,0.0001,305,True
P05769,Perfume,Cosmetics,Bagasse,0.073,0.0002,289,True
P05770,Perfume,Cosmetics,Bioplastic (PLA),0.05,0.0001,464,True
P05771,Perfume,Cosmetics,Bagasse,0.165,0.0001,696,True
P05772,Perfume,Cosmetics,Bioplastic (PLA),0.093,0.0001,728,True
P05773,Perfume,Cosmetics,Bagasse,0.138,0.0002,35,True
P05774,Perfume,Cosmetics,Bagasse,0.081,0.0001,267,True
P05775,Perfume,Cosmetics,Bamboo Fiber,0.077,0.0001,278,True
P05776,Perfume,Cosmetics,Bagasse,0.1,0.0002,537,True
P05777,Perfume,Cosmetics,Bioplastic (PLA),0.192,0.0002,353,True
P05778,Perfume,Cosmetics,Recycled Cardboard,0.062,0.0002,530,True
P05779,Perfume,Cosmetics,Mushroom Mycelium,0.093,0.0002,500,True
P05780,Perfume,Cosmetics,Bagasse,0.062,0.0001,107,True
P05781,Perfume,Cosmetics,Bagasse,0.079,0.0001,670,True
P05782,Perfume,Cosmetics,Bamboo Fiber,0.14,0.0002,198,True
P05783,Perfume,Cosmetics,Bioplastic (PLA),0.162,0.0001,485,True
P05784,Perfume,Cosmetics,Recycled Cardboard,0.103,0.0002,457,True
P05785,Perfume,Cosmetics,Bioplastic (PLA),0.183,0.0001,443,True
P05786,Perfume,Cosmetics,Bamboo Fiber,0.103,0.0001,380,True
P05787,Perfume,Cosmetics,Bioplastic (PLA),0.163,0.0002,94,True
P05788,Perfume,Cosmetics,Bamboo Fiber,0.132,0.0002,243,True
P05789,Perfume,Cosmetics,Bagasse,0.141,0.0002,525,True
P05790,Perfume,Cosmetics,Bagasse,0.088,0.0002,468,True
P05791,Perfume,Cosmetics,Recycled Cardboard,0.186,0.0001,596,True
P05792,Perfume,Cosmetics,Bagasse,0.17,0.0001,710,True
P05793,Perfume,Cosmetics,Bagasse,0.166,0.0001,625,True
P05794,Perfume,Cosmetics,Bamboo Fiber,0.089,0.0002,517,True
P05795,Perfume,Cosmetics,Bioplastic (PLA),0.146,0.0001,420,True
P05796,Perfume,Cosmetics,Recycled Cardboard,0.129,0.0002,47,True
P05797,Perfume,Cosmetics,Recycled Cardboard,0.152,0.0001,633,True
P05798,Perfume,Cosmetics,Recycled Cardboard,0.088,0.0001,106,True
P05799,Perfume,Cosmetics,Bagasse,0.108,0.0001,178,True
P05800,Perfume,Cosmetics,Bagasse,0.081,0.0002,440,True
P05801,Perfume,Cosmetics,Mushroom Mycelium,0.115,0.0001,77,True
P05802,Perfume,Cosmetics,Bamboo Fiber,0.15,0.0002,288,True
P05803,Perfume,Cosmetics,Bagasse,0.059,0.0002,573,True
P05804,Perfume,Cosmetics,Bioplastic (PLA),0.181,0.0001,198,True
P05805,Perfume,Cosmetics,Bioplastic (PLA),0.105,0.0002,103,True
P05806,Perfume,Cosmetics,Bamboo Fiber,0.192,0.0001,380,True
P05807,Perfume,Cosmetics,Bagasse,0.138,0.0001,687,True
P05808,Perfume,Cosmetics,Mushroom Mycelium,0.058,0.0001,569,True
P05809,Perfume,Cosmetics,Bagasse,0.1,0.0002,566,True
P05810,Perfume,Cosmetics,Bagasse,0.129,0.0001,346,True
P05811,Perfume,Cosmetics,Bioplastic (PLA),0.157,0.0002,309,True
P05812,Perfume,Cosmetics,Bamboo Fiber,0.067,0.0001,37,True
P05813,Perfume,Cosmetics,Recycled Cardboard,0.053,0.0001,637,True
P05814,Perfume,Cosmetics,Recycled Cardboard,0.177,0.0001,381,True
P05815,Perfume,Cosmetics,Bagasse,0.122,0.0001,405,True
P05816,Perfume,Cosmetics,Mushroom Mycelium,0.151,0.0002,345,True
P05817,Perfume,Cosmetics,Recycled Cardboard,0.118,0.0001,367,True
P05818,Perfume,Cosmetics,Bagasse,0.126,0.0001,581,True
P05819,Perfume,Cosmetics,Bamboo Fiber,0.136,0.0001,265,True
P05820,Perfume,Cosmetics,Recycled Cardboard,0.11,0.0001,326,True
P05821,Perfume,Cosmetics,Bioplastic (PLA),0.192,0.0001,134,True
P05822,Perfume,Cosmetics,Bagasse,0.098,0.0001,582,True
P05823,Perfume,Cosmetics,Bagasse,0.105,0.0002,60,True
P05824,Perfume,Cosmetics,Recycled Cardboard,0.161,0.0002,199,True
P05825,Perfume,Cosmetics,Bagasse,0.153,0.0001,222,True
P05826,Perfume,Cosmetics,Mushroom Mycelium,0.173,0.0001,684,True
P05827,Perfume,Cosmetics,Bamboo Fiber,0.151,0.0002,244,True
P05828,Perfume,Cosmetics,Bioplastic (PLA),0.118,0.0001,548,True
P05829,Perfume,Cosmetics,Bagasse,0.194,0.0001,478,True
P05830,Perfume,Cosmetics,Bamboo Fiber,0.112,0.0001,323,True
P05831,Perfume,Cosmetics,Recycled Cardboard,0.105,0.0001,257,True
P05832,Perfume,Cosmetics,Bioplastic (PLA),0.14,0.0002,658,True
P05833,Perfume,Cosmetics,Bagasse,0.121,0.0002,78,True
P05834,Perfume,Cosmetics,Bioplastic (PLA),0.073,0.0002,487,True
P05835,Perfume,Cosmetics,Bioplastic (PLA),0.173,0.0002,487,True
P05836,Perfume,Cosmetics,Bioplastic (PLA),0.134,0.0001,438,True
P05837,Perfume,Cosmetics,Bagasse,0.151,0.0001,508,True
P05838,Perfume,Cosmetics,Recycled Cardboard,0.115,0.0001,465,True
P05839,Perfume,Cosmetics,Recycled Cardboard,0.092,0.0002,132,True
P05840,Perfume,Cosmetics,Recycled Cardboard,0.12,0.0001,89,True
P05841,Perfume,Cosmetics,Bioplastic (PLA),0.057,0.0002,300,True
P05842,Perfume,Cosmetics,Mushroom Mycelium,0.104,0.0001,532,True
P05843,Perfume,Cosmetics,Bagasse,0.068,0.0001,581,True
P05844,Perfume,Cosmetics,Recycled Cardboard,0.163,0.0001,179,True
P05845,Perfume,Cosmetics,Mushroom Mycelium,0.162,0.0002,708,True
P05846,Perfume,Cosmetics,Mushroom Mycelium,0.188,0.0001,643,True
P05847,Perfume,Cosmetics,Bioplastic (PLA),0.127,0.0001,286,True
P05848,Perfume,Cosmetics,Mushroom Mycelium,0.127,0.0001,239,True
P05849,Perfume,Cosmetics,Mushroom Mycelium,0.191,0.0001,564,True
P05850,Perfume,Cosmetics,Bamboo Fiber,0.088,0.0001,547,True
P05851,Perfume,Cosmetics,Bamboo Fiber,0.199,0.0002,192,True
P05852,Perfume,Cosmetics,Bagasse,0.123,0.0002,391,True
P05853,Perfume,Cosmetics,Recycled Cardboard,0.137,0.0001,661,True
P05854,Perfume,Cosmetics,Bagasse,0.098,0.0002,46,True
P05855,Perfume,Cosmetics,Mushroom Mycelium,0.153,0.0001,358,True
P05856,Perfume,Cosmetics,Recycled Cardboard,0.156,0.0002,714,True
P05857,Perfume,Cosmetics,Mushroom Mycelium,0.122,0.0002,51,True
P05858,Perfume,Cosmetics,Mushroom Mycelium,0.153,0.0002,72,True
P05859,Perfume,Cosmetics,Recycled Cardboard,0.085,0.0001,641,True
P05860,Perfume,Cosmetics,Bamboo Fiber,0.102,0.0002,199,True
P05861,Perfume,Cosmetics,Bioplastic (PLA),0.098,0.0001,122,True
P05862,Perfume,Cosmetics,Recycled Cardboard,0.176,0.0001,251,True
P05863,Perfume,Cosmetics,Mushroom Mycelium,0.058,0.0001,300,True
P05864,Perfume,Cosmetics,Bagasse,0.093,0.0002,383,True
P05865,Perfume,Cosmetics,Mushroom Mycelium,0.12,0.0002,304,True
P05866,Perfume,Cosmetics,Recycled Cardboard,0.115,0.0001,648,True
P05867,Perfume,Cosmetics,Mushroom Mycelium,0.113,0.0002,529,True
P05868,Perfume,Cosmetics,Bagasse,0.196,0.0001,273,True
P05869,Perfume,Cosmetics,Recycled Cardboard,0.148,0.0001,686,True
P05870,Perfume,Cosmetics,Bagasse,0.131,0.0002,53,True
P05871,Perfume,Cosmetics,Bagasse,0.178,0.0002,304,True
P05872,Perfume,Cosmetics,Bioplastic (PLA),0.148,0.0002,310,True
P05873,Perfume,Cosmetics,Bioplastic (PLA),0.106,0.0001,498,True
P05874,Perfume,Cosmetics,Bioplastic (PLA),0.186,0.0001,542,True
P05875,Perfume,Cosmetics,Bamboo Fiber,0.139,0.0002,272,True
P05876,Perfume,Cosmetics,Mushroom Mycelium,0.093,0.0001,590,True
P05877,Perfume,Cosmetics,Recycled Cardboard,0.167,0.0001,168,True
P05878,Perfume,Cosmetics,Bagasse,0.085,0.0002,37,True
P05879,Perfume,Cosmetics,Bioplastic (PLA),0.131,0.0002,513,True
P05880,Perfume,Cosmetics,Mushroom Mycelium,0.125,0.0001,88,True
P05881,Perfume,Cosmetics,Bagasse,0.11,0.0002,527,True
P05882,Perfume,Cosmetics,Recycled Cardboard,0.068,0.0002,329,True
P05883,Perfume,Cosmetics,Bamboo Fiber,0.183,0.0001,621,True
P05884,Perfume,Cosmetics,Mushroom Mycelium,0.149,0.0001,402,True
P05885,Perfume,Cosmetics,Bioplastic (PLA),0.155,0.0001,174,True
P05886,Perfume,Cosmetics,Bioplastic (PLA),0.145,0.0001,275,True
P05887,Perfume,Cosmetics,Bamboo Fiber,0.193,0.0001,533,True
P05888,Perfume,Cosmetics,Mushroom Mycelium,0.087,0.0002,404,True
P05889,Perfume,Cosmetics,Bagasse,0.19,0.0001,644,True
P05890,Perfume,Cosmetics,Bamboo Fiber,0.197,0.0001,581,True
P05891,Perfume,Cosmetics,Bamboo Fiber,0.065,0.0001,165,True
P05892,Perfume,Cosmetics,Bamboo Fiber,0.1,0.0001,32,True
P05893,Perfume,Cosmetics,Bamboo Fiber,0.125,0.0001,482,True
P05894,Perfume,Cosmetics,Bagasse,0.155,0.0001,200,True
P05895,Perfume,Cosmetics,Bamboo Fiber,0.198,0.0001,376,True
P05896,Perfume,Cosmetics,Bamboo Fiber,0.182,0.0001,301,True
P05897,Perfume,Cosmetics,Bioplastic (PLA),0.121,0.0001,249,True
P05898,Perfume,Cosmetics,Recycled Cardboard,0.083,0.0001,492,True
P05899,Perfume,Cosmetics,Mushroom Mycelium,0.143,0.0002,32,True
P05900,Perfume,Cosmetics,Bamboo Fiber,0.159,0.0001,565,True
P05901,Perfume,Cosmetics,Bioplastic (PLA),0.122,0.0001,499,True
P05902,Perfume,Cosmetics,Bagasse,0.196,0.0001,339,True
P05903,Perfume,Cosmetics,Bamboo Fiber,0.054,0.0001,722,True
P05904,Perfume,Cosmetics,Bamboo Fiber,0.126,0.0001,159,True
P05905,Perfume,Cosmetics,Bagasse,0.098,0.0001,701,True
P05906,Perfume,Cosmetics,Bioplastic (PLA),0.189,0.0001,295,True
P05907,Perfume,Cosmetics,Recycled Cardboard,0.135,0.0001,218,True
P05908,Perfume,Cosmetics,Mushroom Mycelium,0.11,0.0002,79,True
P05909,Perfume,Cosmetics,Recycled Cardboard,0.18,0.0002,295,True
P05910,Perfume,Cosmetics,Recycled Cardboard,0.171,0.0002,66,True
P05911,Perfume,Cosmetics,Bamboo Fiber,0.095,0.0001,79,True
P05912,Perfume,Cosmetics,Bamboo Fiber,0.08,0.0001,697,True
P05913,Perfume,Cosmetics,Mushroom Mycelium,0.06,0.0001,351,True
P05914,Perfume,Cosmetics,Bagasse,0.108,0.0001,665,True
P05915,Perfume,Cosmetics,Recycled Cardboard,0.176,0.0002,453,True
P05916,Perfume,Cosmetics,Recycled Cardboard,0.15,0.0002,438,True
P05917,Perfume,Cosmetics,Bamboo Fiber,0.118,0.0001,699,True
P05918,Perfume,Cosmetics,Bagasse,0.167,0.0001,241,True
P05919,Perfume,Cosmetics,Bamboo Fiber,0.165,0.0001,63,True
P05920,Perfume,Cosmetics,Bagasse,0.169,0.0002,365,True
P05921,Perfume,Cosmetics,Recycled Cardboard,0.113,0.0001,30,True
P05922,Perfume,Cosmetics,Mushroom Mycelium,0.176,0.0001,232,True
P05923,Perfume,Cosmetics,Bamboo Fiber,0.153,0.0002,238,True
P05924,Perfume,Cosmetics,Bamboo Fiber,0.175,0.0001,229,True
P05925,Perfume,Cosmetics,Bagasse,0.052,0.0002,45,True
P05926,Perfume,Cosmetics,Bioplastic (PLA),0.196,0.0001,231,True
P05927,Perfume,Cosmetics,Bamboo Fiber,0.14,0.0001,368,True
P05928,Perfume,Cosmetics,Mushroom Mycelium,0.107,0.0002,447,True
P05929,Perfume,Cosmetics,Bagasse,0.152,0.0001,253,True
P05930,Perfume,Cosmetics,Bamboo Fiber,0.161,0.0002,270,True
P05931,Perfume,Cosmetics,Bioplastic (PLA),0.086,0.0001,290,True
P05932,Perfume,Cosmetics,Bagasse,0.062,0.0002,306,True
P05933,Perfume,Cosmetics,Bagasse,0.183,0.0001,292,True
P05934,Perfume,Cosmetics,Bamboo Fiber,0.056,0.0001,613,True
P05935,Perfume,Cosmetics,Bagasse,0.132,0.0001,208,True
P05936,Perfume,Cosmetics,Recycled Cardboard,0.072,0.0001,456,True
P05937,Perfume,Cosmetics,Mushroom Mycelium,0.079,0.0001,381,True
P05938,Perfume,Cosmetics,Bagasse,0.057,0.0002,173,True
P05939,Perfume,Cosmetics,Bioplastic (PLA),0.094,0.0001,76,True
P05940,Perfume,Cosmetics,Recycled Cardboard,0.197,0.0001,271,True
P05941,Perfume,Cosmetics,Bagasse,0.175,0.0002,604,True
P05942,Perfume,Cosmetics,Mushroom Mycelium,0.199,0.0001,449,True
P05943,Perfume,Cosmetics,Recycled Cardboard,0.17,0.0001,605,True
P05944,Perfume,Cosmetics,Bioplastic (PLA),0.132,0.0001,293,True
P05945,Perfume,Cosmetics,Recycled Cardboard,0.053,0.0001,307,True
P05946,Perfume,Cosmetics,Bagasse,0.181,0.0002,627,True
P05947,Perfume,Cosmetics,Recycled Cardboard,0.177,0.0001,493,True
P05948,Perfume,Cosmetics,Bioplastic (PLA),0.116,0.0001,189,True
P05949,Perfume,Cosmetics,Bagasse,0.148,0.0001,289,True
P05950,Perfume,Cosmetics,Mushroom Mycelium,0.104,0.0002,101,True
P05951,Perfume,Cosmetics,Bagasse,0.163,0.0001,96,True
P05952,Perfume,Cosmetics,Bamboo Fiber,0.147,0.0001,539,True
P05953,Perfume,Cosmetics,Bamboo Fiber,0.193,0.0001,725,True
P05954,Perfume,Cosmetics,Recycled Cardboard,0.054,0.0002,306,True
P05955,Perfume,Cosmetics,Bioplastic (PLA),0.072,0.0002,30,True
P05956,Perfume,Cosmetics,Bagasse,0.117,0.0001,652,True
P05957,Perfume,Cosmetics,Mushroom Mycelium,0.194,0.0001,704,True
P05958,Perfume,Cosmetics,Recycled Cardboard,0.15,0.0002,108,True
P05959,Perfume,Cosmetics,Recycled Cardboard,0.11,0.0001,711,True
P05960,Perfume,Cosmetics,Bagasse,0.114,0.0002,684,True
P05961,Perfume,Cosmetics,Recycled Cardboard,0.114,0.0002,151,True
P05962,Perfume,Cosmetics,Bagasse,0.179,0.0001,45,True
P05963,Perfume,Cosmetics,Recycled Cardboard,0.141,0.0001,548,True
P05964,Perfume,Cosmetics,Bioplastic (PLA),0.181,0.0001,452,True
P05965,Perfume,Cosmetics,Bioplastic (PLA),0.113,0.0001,164,True
P05966,Perfume,Cosmetics,Bagasse,0.058,0.0002,69,True
P05967,Perfume,Cosmetics,Bamboo Fiber,0.135,0.0002,563,True
P05968,Perfume,Cosmetics,Bioplastic (PLA),0.114,0.0002,493,True
P05969,Perfume,Cosmetics,Bamboo Fiber,0.183,0.0001,445,True
P05970,Perfume,Cosmetics,Recycled Cardboard,0.175,0.0001,573,True
P05971,Perfume,Cosmetics,Recycled Cardboard,0.149,0.0001,475,True
P05972,Perfume,Cosmetics,Bagasse,0.052,0.0001,235,True
P05973,Perfume,Cosmetics,Bioplastic (PLA),0.199,0.0001,507,True
P05974,Perfume,Cosmetics,Mushroom Mycelium,0.171,0.0002,169,True
P05975,Perfume,Cosmetics,Recycled Cardboard,0.163,0.0001,124,True
P05976,Perfume,Cosmetics,Recycled Cardboard,0.182,0.0001,171,True
P05977,Perfume,Cosmetics,Bamboo Fiber,0.197,0.0002,43,True
P05978,Perfume,Cosmetics,Recycled Cardboard,0.09,0.0001,86,True
P05979,Perfume,Cosmetics,Mushroom Mycelium,0.061,0.0002,427,True
P05980,Perfume,Cosmetics,Mushroom Mycelium,0.094,0.0001,541,True
P05981,Perfume,Cosmetics,Bagasse,0.101,0.0002,532,True
P05982,Perfume,Cosmetics,Bamboo Fiber,0.195,0.0001,359,True
P05983,Perfume,Cosmetics,Bamboo Fiber,0.108,0.0001,53,True
P05984,Perfume,Cosmetics,Bamboo Fiber,0.126,0.0001,651,True
P05985,Perfume,Cosmetics,Recycled Cardboard,0.167,0.0001,688,True
P05986,Perfume,Cosmetics,Recycled Cardboard,0.112,0.0001,586,True
P05987,Perfume,Cosmetics,Bagasse,0.085,0.0001,359,True
P05988,Perfume,Cosmetics,Bamboo Fiber,0.097,0.0001,294,True
P05989,Perfume,Cosmetics,Mushroom Mycelium,0.099,0.0002,271,True
P05990,Perfume,Cosmetics,Bagasse,0.137,0.0002,580,True
P05991,Perfume,Cosmetics,Bamboo Fiber,0.095,0.0001,159,True
P05992,Perfume,Cosmetics,Bioplastic (PLA),0.193,0.0001,280,True
P05993,Perfume,Cosmetics,Mushroom Mycelium,0.054,0.0001,445,True
P05994,Perfume,Cosmetics,Bagasse,0.068,0.0002,446,True
P05995,Perfume,Cosmetics,Bioplastic (PLA),0.14,0.0002,642,True
P05996,Perfume,Cosmetics,Bioplastic (PLA),0.101,0.0001,165,True
P05997,Perfume,Cosmetics,Bamboo Fiber,0.05,0.0002,511,True
P05998,Perfume,Cosmetics,Bamboo Fiber,0.077,0.0001,97,True
P05999,Perfume,Cosmetics,Recycled Cardboard,0.058,0.0002,431,True
P06000,Perfume,Cosmetics,Mushroom Mycelium,0.081,0.0001,468,True
P06001,Detergent Box,Household,Recycled Cardboard,1.204,0.0011,407,True
P06002,Detergent Box,Household,Bamboo Fiber,1.264,0.0029,294,True
P06003,Detergent Box,Household,Mushroom Mycelium,1.914,0.0018,430,True
P06004,Detergent Box,Household,Mushroom Mycelium,2.052,0.0017,463,True
P06005,Detergent Box,Household,Bamboo Fiber,2.782,0.0017,109,True
P06006,Detergent Box,Household,Bagasse,2.097,0.0013,718,True
P06007,Detergent Box,Household,Recycled Cardboard,2.731,0.0007,459,True
P06008,Detergent Box,Household,Bagasse,1.605,0.0027,461,True
P06009,Detergent Box,Household,Bagasse,0.739,0.0011,452,True
P06010,Detergent Box,Household,Bamboo Fiber,1.108,0.001,292,True
P06011,Detergent Box,Household,Bamboo Fiber,1.001,0.0007,653,True
P06012,Detergent Box,Household,Bamboo Fiber,2.014,0.0008,298,True
P06013,Detergent Box,Household,Bamboo Fiber,1.029,0.0026,292,True
P06014,Detergent Box,Household,Recycled Cardboard,1.997,0.0007,637,True
P06015,Detergent Box,Household,Bioplastic (PLA),0.72,0.0012,624,True
P06016,Detergent Box,Household,Recycled Cardboard,0.85,0.001,355,True
P06017,Detergent Box,Household,Bamboo Fiber,1.88,0.0009,468,True
P06018,Detergent Box,Household,Bagasse,2.747,0.0027,30,True
P06019,Detergent Box,Household,Bagasse,1.64,0.0007,312,True
P06020,Detergent Box,Household,Bioplastic (PLA),0.558,0.0018,686,True
P06021,Detergent Box,Household,Bamboo Fiber,1.182,0.0019,350,True
P06022,Detergent Box,Household,Mushroom Mycelium,0.889,0.002,641,True
P06023,Detergent Box,Household,Bamboo Fiber,2.893,0.0016,453,True
P06024,Detergent Box,Household,Recycled Cardboard,0.552,0.0011,489,True
P06025,Detergent Box,Household,Recycled Cardboard,2.96,0.0008,464,True
P06026,Detergent Box,Household,Recycled Cardboard,0.533,0.0013,63,True
P06027,Detergent Box,Household,Recycled Cardboard,2.736,0.0028,467,True
P06028,Detergent Box,Household,Bioplastic (PLA),1.27,0.0017,32,True
P06029,Detergent Box,Household,Bioplastic (PLA),0.901,0.0016,47,True
P06030,Detergent Box,Household,Bamboo Fiber,2.7,0.0016,419,True
P06031,Detergent Box,Household,Bagasse,2.977,0.0007,508,True
P06032,Detergent Box,Household,Bamboo Fiber,1.78,0.0011,35,True
P06033,Detergent Box,Household,Mushroom Mycelium,0.602,0.0028,318,True
P06034,Detergent Box,Household,Mushroom Mycelium,0.577,0.002,169,True
P06035,Detergent Box,Household,Bagasse,1.602,0.0019,431,True
P06036,Detergent Box,Household,Bamboo Fiber,2.449,0.0016,129,True
P06037,Detergent Box,Household,Mushroom Mycelium,0.997,0.0024,127,True
P06038,Detergent Box,Household,Bagasse,2.642,0.0012,99,True
P06039,Detergent Box,Household,Bamboo Fiber,2.607,0.0021,369,True
P06040,Detergent Box,Household,Bioplastic (PLA),1.794,0.0012,710,True
P06041,Detergent Box,Household,Bioplastic (PLA),2.025,0.0014,493,True
P06042,Detergent Box,Household,Bamboo Fiber,0.648,0.0015,415,True
P06043,Detergent Box,Household,Mushroom Mycelium,2.569,0.0026,474,True
P06044,Detergent Box,Household,Bamboo Fiber,0.877,0.0023,429,True
P06045,Detergent Box,Household,Bagasse,1.964,0.0023,474,True
P06046,Detergent Box,Household,Bamboo Fiber,2.628,0.0018,484,True
P06047,Detergent Box,Household,Bamboo Fiber,0.855,0.002,294,True
P06048,Detergent Box,Household,Recycled Cardboard,2.083,0.0007,539,True
P06049,Detergent Box,Household,Recycled Cardboard,0.946,0.0015,357,True
P06050,Detergent Box,Household,Bioplastic (PLA),0.874,0.0026,104,True
P06051,Detergent Box,Household,Bamboo Fiber,1.712,0.0028,478,True
P06052,Detergent Box,Household,Recycled Cardboard,2.388,0.0021,586,True
P06053,Detergent Box,Household,Recycled Cardboard,0.757,0.0007,380,True
P06054,Detergent Box,Household,Mushroom Mycelium,1.811,0.0016,526,True
P06055,Detergent Box,Household,Recycled Cardboard,2.622,0.0009,152,True
P06056,Detergent Box,Household,Bioplastic (PLA),1.537,0.0028,648,True
P06057,Detergent Box,Household,Mushroom Mycelium,2.794,0.0025,123,True
P06058,Detergent Box,Household,Bioplastic (PLA),0.823,0.0008,78,True
P06059,Detergent Box,Household,Recycled Cardboard,2.119,0.003,552,True
P06060,Detergent Box,Household,Bamboo Fiber,1.356,0.002,173,True
P06061,Detergent Box,Household,Bamboo Fiber,2.753,0.0029,623,True
P06062,Detergent Box,Household,Recycled Cardboard,2.29,0.0021,42,True
P06063,Detergent Box,Household,Mushroom Mycelium,2.378,0.0013,392,True
P06064,Detergent Box,Household,Bioplastic (PLA),0.56,0.0019,389,True
P06065,Detergent Box,Household,Bagasse,1.826,0.0019,537,True
P06066,Detergent Box,Household,Bagasse,2.544,0.0014,582,True
P06067,Detergent Box,Household,Bamboo Fiber,0.703,0.0009,126,True
P06068,Detergent Box,Household,Bamboo Fiber,2.018,0.002,187,True
P06069,Detergent Box,Household,Bioplastic (PLA),2.379,0.0009,60,True
P06070,Detergent Box,Household,Bamboo Fiber,1.373,0.0026,399,True
P06071,Detergent Box,Household,Recycled Cardboard,2.878,0.0018,427,True
P06072,Detergent Box,Household,Bioplastic (PLA),2.522,0.0017,603,True
P06073,Detergent Box,Household,Bamboo Fiber,2.825,0.0023,553,True
P06074,Detergent Box,Household,Bagasse,2.906,0.0023,86,True
P06075,Detergent Box,Household,Bagasse,1.009,0.0019,46,True
P06076,Detergent Box,Household,Mushroom Mycelium,2.488,0.0006,519,True
P06077,Detergent Box,Household,Recycled Cardboard,1.548,0.0012,136,True
P06078,Detergent Box,Household,Bioplastic (PLA),1.123,0.0024,139,True
P06079,Detergent Box,Household,Mushroom Mycelium,1.424,0.0026,398,True
P06080,Detergent Box,Household,Mushroom Mycelium,0.981,0.0021,216,True
P06081,Detergent Box,Household,Mushroom Mycelium,1.773,0.0008,78,True
P06082,Detergent Box,Household,Recycled Cardboard,1.768,0.0006,35,True
P06083,Detergent Box,Household,Recycled Cardboard,0.675,0.0014,229,True
P06084,Detergent Box,Household,Mushroom Mycelium,2.967,0.0016,427,True
P06085,Detergent Box,Household,Bagasse,2.437,0.0016,524,True
P06086,Detergent Box,Household,Mushroom Mycelium,2.884,0.0014,706,True
P06087,Detergent Box,Household,Bamboo Fiber,1.492,0.0017,213,True
P06088,Detergent Box,Household,Recycled Cardboard,1.029,0.0021,407,True
P06089,Detergent Box,Household,Mushroom Mycelium,1.271,0.0027,135,True
P06090,Detergent Box,Household,Bamboo Fiber,2.002,0.0026,66,True
P06091,Detergent Box,Household,Bagasse,1.257,0.0018,486,True
P06092,Detergent Box,Household,Bamboo Fiber,1.348,0.0017,729,True
P06093,Detergent Box,Household,Recycled Cardboard,2.043,0.0029,151,True
P06094,Detergent Box,Household,Mushroom Mycelium,2.701,0.0025,142,True
P06095,Detergent Box,Household,Bagasse,2.785,0.0018,318,True
P06096,Detergent Box,Household,Bamboo Fiber,1.806,0.0029,178,True
P06097,Detergent Box,Household,Bamboo Fiber,2.5,0.002,106,True
P06098,Detergent Box,Household,Bioplastic (PLA),0.93,0.0026,40,True
P06099,Detergent Box,Household,Bioplastic (PLA),1.782,0.0008,615,True
P06100,Detergent Box,Household,Bioplastic (PLA),1.206,0.0009,297,True
P06101,Detergent Box,Household,Mushroom Mycelium,1.103,0.0022,452,True
P06102,Detergent Box,Household,Bagasse,0.615,0.002,580,True
P06103,Detergent Box,Household,Recycled Cardboard,0.609,0.0015,146,True
P06104,Detergent Box,Household,Bioplastic (PLA),1.879,0.002,93,True
P06105,Detergent Box,Household,Bioplastic (PLA),1.076,0.0025,141,True
P06106,Detergent Box,Household,Bagasse,1.148,0.0009,579,True
P06107,Detergent Box,Household,Recycled Cardboard,1.114,0.0017,115,True
P06108,Detergent Box,Household,Bamboo Fiber,0.561,0.0013,115,True
P06109,Detergent Box,Household,Bamboo Fiber,1.73,0.001,562,True
P06110,Detergent Box,Household,Bioplastic (PLA),2.661,0.0006,307,True
P06111,Detergent Box,Household,Bamboo Fiber,1.445,0.0011,406,True
P06112,Detergent Box,Household,Mushroom Mycelium,1.397,0.0007,55,True
P06113,Detergent Box,Household,Bamboo Fiber,2.144,0.0019,508,True
P06114,Detergent Box,Household,Bioplastic (PLA),1.497,0.0024,333,True
P06115,Detergent Box,Household,Bagasse,1.228,0.0021,357,True
P06116,Detergent Box,Household,Bagasse,2.879,0.0022,583,True
P06117,Detergent Box,Household,Bagasse,2.025,0.0017,110,True
P06118,Detergent Box,Household,Bagasse,0.894,0.0024,114,True
P06119,Detergent Box,Household,Mushroom Mycelium,2.504,0.0014,551,True
P06120,Detergent Box,Household,Mushroom Mycelium,0.671,0.0021,144,True
P06121,Detergent Box,Household,Mushroom Mycelium,2.53,0.0024,175,True
P06122,Detergent Box,Household,Recycled Cardboard,2.306,0.0024,467,True
P06123,Detergent Box,Household,Mushroom Mycelium,2.192,0.0006,102,True
P06124,Detergent Box,Household,Bioplastic (PLA),0.794,0.0013,479,True
P06125,Detergent Box,Household,Bamboo Fiber,2.551,0.0028,507,True
P06126,Detergent Box,Household,Bioplastic (PLA),2.363,0.0013,110,True
P06127,Detergent Box,Household,Recycled Cardboard,1.953,0.0027,426,True
P06128,Detergent Box,Household,Bagasse,2.265,0.0028,436,True
P06129,Detergent Box,Household,Recycled Cardboard,2.627,0.0017,513,True
P06130,Detergent Box,Household,Bagasse,1.72,0.0006,259,True
P06131,Detergent Box,Household,Bioplastic (PLA),1.62,0.0012,285,True
P06132,Detergent Box,Household,Bioplastic (PLA),2.558,0.0014,160,True
P06133,Detergent Box,Household,Bamboo Fiber,1.319,0.0026,232,True
P06134,Detergent Box,Household,Recycled Cardboard,2.349,0.0023,395,True
P06135,Detergent Box,Household,Bioplastic (PLA),2.185,0.0019,94,True
P06136,Detergent Box,Household,Mushroom Mycelium,0.758,0.0008,543,True
P06137,Detergent Box,Household,Mushroom Mycelium,1.382,0.0024,177,True
P06138,Detergent Box,Household,Bagasse,0.508,0.0026,453,True
P06139,Detergent Box,Household,Bioplastic (PLA),1.716,0.0022,553,True
P06140,Detergent Box,Household,Bamboo Fiber,1.108,0.0026,350,True
P06141,Detergent Box,Household,Recycled Cardboard,1.725,0.002,574,True
P06142,Detergent Box,Household,Bagasse,0.85,0.0012,539,True
P06143,Detergent Box,Household,Recycled Cardboard,1.131,0.0019,88,True
P06144,Detergent Box,Household,Bioplastic (PLA),2.382,0.0009,356,True
P06145,Detergent Box,Household,Bioplastic (PLA),1.852,0.0028,162,True
P06146,Detergent Box,Household,Recycled Cardboard,1.892,0.0015,104,True
P06147,Detergent Box,Household,Bioplastic (PLA),1.245,0.0028,187,True
P06148,Detergent Box,Household,Recycled Cardboard,1.424,0.0026,342,True
P06149,Detergent Box,Household,Mushroom Mycelium,0.842,0.0015,97,True
P06150,Detergent Box,Household,Mushroom Mycelium,2.102,0.002,635,True
P06151,Detergent Box,Household,Bamboo Fiber,0.57,0.0023,122,True
P06152,Detergent Box,Household,Bamboo Fiber,2.249,0.001,200,True
P06153,Detergent Box,Household,Recycled Cardboard,1.646,0.0012,501,True
P06154,Detergent Box,Household,Mushroom Mycelium,1.405,0.0012,360,True
P06155,Detergent Box,Household,Bioplastic (PLA),1.784,0.0021,153,True
P06156,Detergent Box,Household,Bioplastic (PLA),2.422,0.0027,279,True
P06157,Detergent Box,Household,Mushroom Mycelium,1.751,0.0026,213,True
P06158,Detergent Box,Household,Bamboo Fiber,2.549,0.0005,484,True
P06159,Detergent Box,Household,Recycled Cardboard,1.331,0.0007,374,True
P06160,Detergent Box,Household,Recycled Cardboard,1.483,0.0022,176,True
P06161,Detergent Box,Household,Bioplastic (PLA),1.317,0.0016,450,True
P06162,Detergent Box,Household,Bamboo Fiber,0.987,0.0018,568,True
P06163,Detergent Box,Household,Bioplastic (PLA),1.975,0.0017,583,True
P06164,Detergent Box,Household,Recycled Cardboard,1.117,0.0022,418,True
P06165,Detergent Box,Household,Mushroom Mycelium,2.693,0.0009,215,True
P06166,Detergent Box,Household,Recycled Cardboard,1.323,0.0024,105,True
P06167,Detergent Box,Household,Recycled Cardboard,2.23,0.0006,152,True
P06168,Detergent Box,Household,Bagasse,0.757,0.0027,665,True
P06169,Detergent Box,Household,Recycled Cardboard,1.089,0.0018,148,True
P06170,Detergent Box,Household,Bamboo Fiber,0.818,0.0008,436,True
P06171,Detergent Box,Household,Mushroom Mycelium,1.51,0.0015,52,True
P06172,Detergent Box,Household,Bioplastic (PLA),2.386,0.0009,485,True
P06173,Detergent Box,Household,Bioplastic (PLA),0.951,0.0021,173,True
P06174,Detergent Box,Household,Bagasse,2.331,0.0022,578,True
P06175,Detergent Box,Household,Bagasse,2.587,0.002,150,True
P06176,Detergent Box,Household,Recycled Cardboard,1.713,0.0025,558,True
P06177,Detergent Box,Household,Bioplastic (PLA),1.862,0.0028,62,True
P06178,Detergent Box,Household,Bagasse,2.609,0.0007,305,True
P06179,Detergent Box,Household,Recycled Cardboard,1.509,0.0007,289,True
P06180,Detergent Box,Household,Bioplastic (PLA),2.317,0.0024,233,True
P06181,Detergent Box,Household,Recycled Cardboard,2.688,0.0016,695,True
P06182,Detergent Box,Household,Recycled Cardboard,1.386,0.0005,547,True
P06183,Detergent Box,Household,Bagasse,2.201,0.0018,283,True
P06184,Detergent Box,Household,Mushroom Mycelium,1.913,0.001,248,True
P06185,Detergent Box,Household,Bioplastic (PLA),0.638,0.0017,510,True
P06186,Detergent Box,Household,Bamboo Fiber,2.18,0.0017,678,True
P06187,Detergent Box,Household,Bioplastic (PLA),2.58,0.0016,86,True
P06188,Detergent Box,Household,Recycled Cardboard,1.008,0.003,66,True
P06189,Detergent Box,Household,Bamboo Fiber,1.907,0.0007,685,True
P06190,Detergent Box,Household,Bamboo Fiber,1.698,0.0013,437,True
P06191,Detergent Box,Household,Mushroom Mycelium,2.709,0.0013,272,True
P06192,Detergent Box,Household,Bagasse,2.396,0.0012,462,True
P06193,Detergent Box,Household,Bagasse,2.093,0.0006,192,True
P06194,Detergent Box,Household,Bioplastic (PLA),1.766,0.0019,296,True
P06195,Detergent Box,Household,Recycled Cardboard,2.839,0.0012,486,True
P06196,Detergent Box,Household,Recycled Cardboard,0.99,0.0025,195,True
P06197,Detergent Box,Household,Bagasse,1.327,0.0028,316,True
P06198,Detergent Box,Household,Bioplastic (PLA),0.828,0.0014,107,True
P06199,Detergent Box,Household,Mushroom Mycelium,2.643,0.0017,702,True
P06200,Detergent Box,Household,Bioplastic (PLA),2.973,0.0016,311,True
P06201,Detergent Box,Household,Bagasse,1.527,0.0025,150,True
P06202,Detergent Box,Household,Bamboo Fiber,1.21,0.0007,196,True
P06203,Detergent Box,Household,Mushroom Mycelium,0.943,0.0015,167,True
P06204,Detergent Box,Household,Bioplastic (PLA),2.03,0.0029,274,True
P06205,Detergent Box,Household,Mushroom Mycelium,1.393,0.0006,306,True
P06206,Detergent Box,Household,Bioplastic (PLA),0.988,0.0008,472,True
P06207,Detergent Box,Household,Bioplastic (PLA),2.534,0.0023,455,True
P06208,Detergent Box,Household,Bamboo Fiber,2.927,0.0017,464,True
P06209,Detergent Box,Household,Bagasse,0.592,0.0025,267,True
P06210,Detergent Box,Household,Recycled Cardboard,2.412,0.0025,190,True
P06211,Detergent Box,Household,Bagasse,0.649,0.001,617,True
P06212,Detergent Box,Household,Recycled Cardboard,2.471,0.0022,723,True
P06213,Detergent Box,Household,Bagasse,2.571,0.0027,701,True
P06214,Detergent Box,Household,Recycled Cardboard,0.692,0.0028,672,True
P06215,Detergent Box,Household,Recycled Cardboard,2.186,0.0009,178,True
P06216,Detergent Box,Household,Bagasse,2.437,0.001,564,True
P06217,Detergent Box,Household,Bamboo Fiber,2.951,0.0023,76,True
P06218,Detergent Box,Household,Mushroom Mycelium,0.773,0.0029,51,True
P06219,Detergent Box,Household,Recycled Cardboard,1.771,0.0007,115,True
P06220,Detergent Box,Household,Bioplastic (PLA),2.88,0.0009,274,True
P06221,Detergent Box,Household,Bioplastic (PLA),2.049,0.0005,199,True
P06222,Detergent Box,Household,Recycled Cardboard,2.682,0.001,505,True
P06223,Detergent Box,Household,Recycled Cardboard,2.474,0.0023,568,True
P06224,Detergent Box,Household,Bioplastic (PLA),0.71,0.0019,303,True
P06225,Detergent Box,Household,Bagasse,2.076,0.0022,621,True
P06226,Detergent Box,Household,Bioplastic (PLA),2.46,0.0027,37,True
P06227,Detergent Box,Household,Mushroom Mycelium,2.962,0.0017,558,True
P06228,Detergent Box,Household,Bioplastic (PLA),2.169,0.0016,435,True
P06229,Detergent Box,Household,Bagasse,1.929,0.0028,663,True
P06230,Detergent Box,Household,Bamboo Fiber,0.723,0.0012,538,True
P06231,Detergent Box,Household,Bioplastic (PLA),2.728,0.0028,454,True
P06232,Detergent Box,Household,Recycled Cardboard,0.914,0.0014,135,True
P06233,Detergent Box,Household,Bioplastic (PLA),2.458,0.0016,111,True
P06234,Detergent Box,Household,Bamboo Fiber,2.968,0.0024,228,True
P06235,Detergent Box,Household,Bagasse,2.406,0.0009,445,True
P06236,Detergent Box,Household,Bioplastic (PLA),2.671,0.0017,58,True
P06237,Detergent Box,Household,Recycled Cardboard,1.34,0.0015,680,True
P06238,Detergent Box,Household,Bamboo Fiber,0.674,0.0012,85,True
P06239,Detergent Box,Household,Bamboo Fiber,2.362,0.0025,61,True
P06240,Detergent Box,Household,Recycled Cardboard,1.877,0.002,471,True
P06241,Detergent Box,Household,Bagasse,2.282,0.0008,454,True
P06242,Detergent Box,Household,Bagasse,2.938,0.0018,569,True
P06243,Detergent Box,Household,Bioplastic (PLA),2.535,0.0015,561,True
P06244,Detergent Box,Household,Bagasse,1.0,0.0026,535,True
P06245,Detergent Box,Household,Bagasse,2.849,0.0011,472,True
P06246,Detergent Box,Household,Mushroom Mycelium,2.578,0.0015,539,True
P06247,Detergent Box,Household,Bamboo Fiber,0.576,0.0023,458,True
P06248,Detergent Box,Household,Bioplastic (PLA),0.665,0.0008,226,True
P06249,Detergent Box,Household,Bioplastic (PLA),2.604,0.0006,58,True
P06250,Detergent Box,Household,Mushroom Mycelium,0.846,0.0013,487,True
P06251,Detergent Box,Household,Bioplastic (PLA),2.176,0.0024,81,True
P06252,Detergent Box,Household,Recycled Cardboard,0.896,0.0021,481,True
P06253,Detergent Box,Household,Mushroom Mycelium,1.912,0.0015,715,True
P06254,Detergent Box,Household,Bioplastic (PLA),0.747,0.0026,585,True
P06255,Detergent Box,Household,Bioplastic (PLA),0.773,0.0008,44,True
P06256,Detergent Box,Household,Bioplastic (PLA),2.317,0.0008,168,True
P06257,Detergent Box,Household,Recycled Cardboard,1.215,0.0016,227,True
P06258,Detergent Box,Household,Bioplastic (PLA),2.916,0.0024,492,True
P06259,Detergent Box,Household,Recycled Cardboard,1.069,0.0013,281,True
P06260,Detergent Box,Household,Bamboo Fiber,1.634,0.0016,499,True
P06261,Detergent Box,Household,Bioplastic (PLA),2.561,0.0023,544,True
P06262,Detergent Box,Household,Bagasse,1.576,0.0016,453,True
P06263,Detergent Box,Household,Recycled Cardboard,0.65,0.0014,281,True
P06264,Detergent Box,Household,Bioplastic (PLA),2.336,0.0023,403,True
P06265,Detergent Box,Household,Recycled Cardboard,2.626,0.0005,466,True
P06266,Detergent Box,Household,Mushroom Mycelium,0.565,0.0005,554,True
P06267,Detergent Box,Household,Recycled Cardboard,1.026,0.003,342,True
P06268,Detergent Box,Household,Bamboo Fiber,1.848,0.0022,213,True
P06269,Detergent Box,Household,Mushroom Mycelium,0.715,0.0027,276,True
P06270,Detergent Box,Household,Recycled Cardboard,1.861,0.001,49,True
P06271,Detergent Box,Household,Mushroom Mycelium,1.03,0.0008,52,True
P06272,Detergent Box,Household,Recycled Cardboard,1.12,0.0015,429,True
P06273,Detergent Box,Household,Bagasse,0.963,0.001,397,True
P06274,Detergent Box,Household,Bioplastic (PLA),1.675,0.0018,263,True
P06275,Detergent Box,Household,Bioplastic (PLA),2.095,0.0005,707,True
P06276,Detergent Box,Household,Bamboo Fiber,1.987,0.0022,81,True
P06277,Detergent Box,Household,Recycled Cardboard,2.714,0.0026,366,True
P06278,Detergent Box,Household,Bioplastic (PLA),1.716,0.0013,260,True
P06279,Detergent Box,Household,Bioplastic (PLA),1.06,0.001,613,True
P06280,Detergent Box,Household,Bagasse,2.101,0.0013,174,True
P06281,Detergent Box,Household,Recycled Cardboard,1.377,0.001,597,True
P06282,Detergent Box,Household,Mushroom Mycelium,2.692,0.0014,355,True
P06283,Detergent Box,Household,Recycled Cardboard,1.008,0.0019,618,True
P06284,Detergent Box,Household,Recycled Cardboard,1.918,0.002,555,True
P06285,Detergent Box,Household,Bamboo Fiber,1.999,0.0019,646,True
P06286,Detergent Box,Household,Bamboo Fiber,1.054,0.0014,296,True
P06287,Detergent Box,Household,Recycled Cardboard,0.935,0.0026,128,True
P06288,Detergent Box,Household,Bioplastic (PLA),1.598,0.0014,187,True
P06289,Detergent Box,Household,Bamboo Fiber,0.562,0.0025,656,True
P06290,Detergent Box,Household,Recycled Cardboard,1.925,0.0023,393,True
P06291,Detergent Box,Household,Bioplastic (PLA),0.807,0.0019,685,True
P06292,Detergent Box,Household,Bagasse,0.885,0.0023,408,True
P06293,Detergent Box,Household,Recycled Cardboard,0.58,0.0028,536,True
P06294,Detergent Box,Household,Bioplastic (PLA),2.91,0.0029,530,True
P06295,Detergent Box,Household,Recycled Cardboard,0.95,0.0021,550,True
P06296,Detergent Box,Household,Mushroom Mycelium,2.026,0.0005,600,True
P06297,Detergent Box,Household,Mushroom Mycelium,1.58,0.0015,445,True
P06298,Detergent Box,Household,Mushroom Mycelium,2.613,0.0023,220,True
P06299,Detergent Box,Household,Bioplastic (PLA),2.23,0.0023,681,True
P06300,Detergent Box,Household,Bagasse,1.487,0.0021,533,True
P06301,Detergent Box,Household,Bamboo Fiber,1.369,0.0005,80,True
P06302,Detergent Box,Household,Recycled Cardboard,1.014,0.0005,529,True
P06303,Detergent Box,Household,Recycled Cardboard,0.596,0.0029,683,True
P06304,Detergent Box,Household,Recycled Cardboard,1.211,0.0021,110,True
P06305,Detergent Box,Household,Recycled Cardboard,1.532,0.0029,545,True
P06306,Detergent Box,Household,Mushroom Mycelium,1.328,0.0024,190,True
P06307,Detergent Box,Household,Mushroom Mycelium,0.763,0.0007,190,True
P06308,Detergent Box,Household,Mushroom Mycelium,1.919,0.0012,38,True
P06309,Detergent Box,Household,Bamboo Fiber,2.425,0.0014,607,True
P06310,Detergent Box,Household,Bamboo Fiber,1.288,0.0025,32,True
P06311,Detergent Box,Household,Bamboo Fiber,1.567,0.0019,706,True
P06312,Detergent Box,Household,Mushroom Mycelium,2.75,0.002,381,True
P06313,Detergent Box,Household,Bagasse,1.163,0.0014,568,True
P06314,Detergent Box,Household,Bamboo Fiber,2.582,0.0028,95,True
P06315,Detergent Box,Household,Mushroom Mycelium,2.224,0.0022,89,True
P06316,Detergent Box,Household,Bagasse,1.58,0.0011,507,True
P06317,Detergent Box,Household,Bamboo Fiber,1.841,0.0025,46,True
P06318,Detergent Box,Household,Bioplastic (PLA),1.005,0.0014,569,True
P06319,Detergent Box,Household,Mushroom Mycelium,2.38,0.0011,251,True
P06320,Detergent Box,Household,Bamboo Fiber,2.705,0.0009,575,True
P06321,Detergent Box,Household,Mushroom Mycelium,2.976,0.0015,528,True
P06322,Detergent Box,Household,Bioplastic (PLA),0.87,0.0028,399,True
P06323,Detergent Box,Household,Bamboo Fiber,1.693,0.003,283,True
P06324,Detergent Box,Household,Bamboo Fiber,1.503,0.001,400,True
P06325,Detergent Box,Household,Recycled Cardboard,1.333,0.0022,436,True
P06326,Detergent Box,Household,Mushroom Mycelium,1.344,0.0009,723,True
P06327,Detergent Box,Household,Recycled Cardboard,2.173,0.0026,145,True
P06328,Detergent Box,Household,Mushroom Mycelium,2.915,0.0021,167,True
P06329,Detergent Box,Household,Bagasse,1.742,0.001,429,True
P06330,Detergent Box,Household,Mushroom Mycelium,1.368,0.0023,320,True
P06331,Detergent Box,Household,Bamboo Fiber,1.544,0.001,682,True
P06332,Detergent Box,Household,Mushroom Mycelium,0.937,0.001,617,True
P06333,Detergent Box,Household,Bagasse,2.943,0.0024,483,True
P06334,Detergent Box,Household,Bioplastic (PLA),0.739,0.0017,387,True
P06335,Detergent Box,Household,Mushroom Mycelium,1.411,0.0018,32,True
P06336,Detergent Box,Household,Bioplastic (PLA),2.291,0.0015,385,True
P06337,Detergent Box,Household,Recycled Cardboard,1.675,0.0022,317,True
P06338,Detergent Box,Household,Recycled Cardboard,2.961,0.0011,300,True
P06339,Detergent Box,Household,Bioplastic (PLA),2.716,0.0028,480,True
P06340,Detergent Box,Household,Mushroom Mycelium,2.182,0.0011,254,True
P06341,Detergent Box,Household,Mushroom Mycelium,1.363,0.0024,378,True
P06342,Detergent Box,Household,Bagasse,2.578,0.0012,729,True
P06343,Detergent Box,Household,Bagasse,1.626,0.0029,181,True
P06344,Detergent Box,Household,Bagasse,1.743,0.0028,204,True
P06345,Detergent Box,Household,Bagasse,1.946,0.0028,58,True
P06346,Detergent Box,Household,Mushroom Mycelium,2.826,0.0017,219,True
P06347,Detergent Box,Household,Bioplastic (PLA),0.521,0.0011,540,True
P06348,Detergent Box,Household,Bamboo Fiber,2.939,0.0016,723,True
P06349,Detergent Box,Household,Bamboo Fiber,2.309,0.0013,102,True
P06350,Detergent Box,Household,Mushroom Mycelium,1.408,0.0012,553,True
P06351,Detergent Box,Household,Bagasse,0.89,0.0012,526,True
P06352,Detergent Box,Household,Mushroom Mycelium,2.568,0.0028,713,True
P06353,Detergent Box,Household,Mushroom Mycelium,1.706,0.0027,59,True
P06354,Detergent Box,Household,Mushroom Mycelium,1.727,0.0013,608,True
P06355,Detergent Box,Household,Bioplastic (PLA),2.309,0.0021,687,True
P06356,Detergent Box,Household,Recycled Cardboard,2.551,0.0008,258,True
P06357,Detergent Box,Household,Mushroom Mycelium,2.307,0.002,31,True
P06358,Detergent Box,Household,Bagasse,0.702,0.0022,263,True
P06359,Detergent Box,Household,Bagasse,1.707,0.0014,630,True
P06360,Detergent Box,Household,Recycled Cardboard,2.404,0.0016,465,True
P06361,Detergent Box,Household,Bamboo Fiber,1.408,0.0012,37,True
P06362,Detergent Box,Household,Bioplastic (PLA),2.009,0.0006,494,True
P06363,Detergent Box,Household,Bamboo Fiber,2.982,0.002,665,True
P06364,Detergent Box,Household,Bagasse,1.139,0.0015,360,True
P06365,Detergent Box,Household,Bioplastic (PLA),2.278,0.0019,532,True
P06366,Detergent Box,Household,Bioplastic (PLA),1.41,0.0026,260,True
P06367,Detergent Box,Household,Mushroom Mycelium,0.532,0.0021,317,True
P06368,Detergent Box,Household,Bioplastic (PLA),1.147,0.0014,217,True
P06369,Detergent Box,Household,Bamboo Fiber,2.824,0.003,338,True
P06370,Detergent Box,Household,Bagasse,1.112,0.0022,63,True
P06371,Detergent Box,Household,Mushroom Mycelium,2.243,0.0008,133,True
P06372,Detergent Box,Household,Bioplastic (PLA),2.855,0.0006,464,True
P06373,Detergent Box,Household,Bioplastic (PLA),1.77,0.0011,564,True
P06374,Detergent Box,Household,Bagasse,1.155,0.0021,436,True
P06375,Detergent Box,Household,Bagasse,2.369,0.0016,257,True
P06376,Detergent Box,Household,Bioplastic (PLA),2.536,0.0025,597,True
P06377,Detergent Box,Household,Recycled Cardboard,2.543,0.0009,170,True
P06378,Detergent Box,Household,Bagasse,2.643,0.0029,73,True
P06379,Detergent Box,Household,Bioplastic (PLA),2.419,0.0017,709,True
P06380,Detergent Box,Household,Mushroom Mycelium,1.691,0.0005,187,True
P06381,Detergent Box,Household,Bamboo Fiber,1.335,0.0026,56,True
P06382,Detergent Box,Household,Bioplastic (PLA),1.847,0.0029,617,True
P06383,Detergent Box,Household,Bagasse,2.303,0.0021,650,True
P06384,Detergent Box,Household,Mushroom Mycelium,0.741,0.0008,673,True
P06385,Detergent Box,Household,Bioplastic (PLA),1.248,0.0029,147,True
P06386,Detergent Box,Household,Bagasse,2.384,0.0006,501,True
P06387,Detergent Box,Household,Bioplastic (PLA),1.479,0.0017,401,True
P06388,Detergent Box,Household,Bagasse,1.208,0.0008,601,True
P06389,Detergent Box,Household,Bioplastic (PLA),1.979,0.0014,480,True
P06390,Detergent Box,Household,Bamboo Fiber,0.754,0.0018,132,True
P06391,Detergent Box,Household,Bioplastic (PLA),2.244,0.0016,607,True
P06392,Detergent Box,Household,Bioplastic (PLA),1.434,0.001,416,True
P06393,Detergent Box,Household,Bamboo Fiber,1.104,0.0015,566,True
P06394,Detergent Box,Household,Bioplastic (PLA),2.522,0.0025,702,True
P06395,Detergent Box,Household,Bagasse,2.139,0.0009,208,True
P06396,Detergent Box,Household,Bioplastic (PLA),1.515,0.0006,275,True
P06397,Detergent Box,Household,Bagasse,1.701,0.0005,696,True
P06398,Detergent Box,Household,Bagasse,2.279,0.0022,236,True
P06399,Detergent Box,Household,Bioplastic (PLA),2.798,0.0017,321,True
P06400,Detergent Box,Household,Mushroom Mycelium,2.773,0.0015,128,True
P06401,Detergent Box,Household,Bioplastic (PLA),2.992,0.0009,382,True
P06402,Detergent Box,Household,Mushroom Mycelium,1.126,0.0026,573,True
P06403,Detergent Box,Household,Recycled Cardboard,1.953,0.0025,165,True
P06404,Detergent Box,Household,Bamboo Fiber,0.943,0.0006,275,True
P06405,Detergent Box,Household,Recycled Cardboard,2.247,0.0012,311,True
P06406,Detergent Box,Household,Bamboo Fiber,2.713,0.0027,517,True
P06407,Detergent Box,Household,Bamboo Fiber,2.804,0.0019,480,True
P06408,Detergent Box,Household,Bamboo Fiber,1.741,0.0025,324,True
P06409,Detergent Box,Household,Bioplastic (PLA),1.77,0.0009,126,True
P06410,Detergent Box,Household,Bagasse,0.727,0.0007,304,True
P06411,Detergent Box,Household,Mushroom Mycelium,1.82,0.0012,388,True
P06412,Detergent Box,Household,Bagasse,2.628,0.0015,533,True
P06413,Detergent Box,Household,Recycled Cardboard,2.622,0.0015,643,True
P06414,Detergent Box,Household,Mushroom Mycelium,2.869,0.001,413,True
P06415,Detergent Box,Household,Recycled Cardboard,1.55,0.0027,347,True
P06416,Detergent Box,Household,Bagasse,1.74,0.0013,499,True
P06417,Detergent Box,Household,Bioplastic (PLA),1.766,0.0023,525,True
P06418,Detergent Box,Household,Mushroom Mycelium,2.622,0.0021,325,True
P06419,Detergent Box,Household,Bagasse,1.732,0.002,504,True
P06420,Detergent Box,Household,Recycled Cardboard,0.724,0.0009,31,True
P06421,Detergent Box,Household,Bamboo Fiber,2.406,0.0024,75,True
P06422,Detergent Box,Household,Bamboo Fiber,1.07,0.0025,577,True
P06423,Detergent Box,Household,Bioplastic (PLA),1.299,0.0029,246,True
P06424,Detergent Box,Household,Bioplastic (PLA),0.736,0.0019,628,True
P06425,Detergent Box,Household,Bagasse,1.956,0.0025,695,True
P06426,Detergent Box,Household,Recycled Cardboard,2.4,0.0011,446,True
P06427,Detergent Box,Household,Bioplastic (PLA),1.634,0.0017,86,True
P06428,Detergent Box,Household,Bamboo Fiber,1.175,0.0019,564,True
P06429,Detergent Box,Household,Recycled Cardboard,0.907,0.001,350,True
P06430,Detergent Box,Household,Bamboo Fiber,2.482,0.0017,240,True
P06431,Detergent Box,Household,Bioplastic (PLA),2.503,0.0023,678,True
P06432,Detergent Box,Household,Mushroom Mycelium,1.319,0.0027,320,True
P06433,Detergent Box,Household,Mushroom Mycelium,2.517,0.002,591,True
P06434,Detergent Box,Household,Recycled Cardboard,2.444,0.0016,556,True
P06435,Detergent Box,Household,Recycled Cardboard,2.17,0.0029,129,True
P06436,Detergent Box,Household,Bioplastic (PLA),2.676,0.0023,175,True
P06437,Detergent Box,Household,Bioplastic (PLA),1.711,0.0015,314,True
P06438,Detergent Box,Household,Bamboo Fiber,0.74,0.0027,272,True
P06439,Detergent Box,Household,Bagasse,1.133,0.0016,508,True
P06440,Detergent Box,Household,Bamboo Fiber,2.206,0.001,550,True
P06441,Detergent Box,Household,Bagasse,2.813,0.0018,282,True
P06442,Detergent Box,Household,Bamboo Fiber,2.744,0.0015,365,True
P06443,Detergent Box,Household,Bioplastic (PLA),0.921,0.0014,523,True
P06444,Detergent Box,Household,Bamboo Fiber,2.797,0.0026,428,True
P06445,Detergent Box,Household,Recycled Cardboard,2.092,0.0015,87,True
P06446,Detergent Box,Household,Bioplastic (PLA),1.63,0.0012,530,True
P06447,Detergent Box,Household,Mushroom Mycelium,2.064,0.0029,343,True
P06448,Detergent Box,Household,Mushroom Mycelium,0.87,0.0013,293,True
P06449,Detergent Box,Household,Bamboo Fiber,0.664,0.0006,500,True
P06450,Detergent Box,Household,Recycled Cardboard,2.671,0.0012,158,True
P06451,Detergent Box,Household,Bioplastic (PLA),2.682,0.0009,42,True
P06452,Detergent Box,Household,Bamboo Fiber,2.947,0.0025,287,True
P06453,Detergent Box,Household,Mushroom Mycelium,1.776,0.0027,323,True
P06454,Detergent Box,Household,Bagasse,2.696,0.0022,602,True
P06455,Detergent Box,Household,Bagasse,2.802,0.0012,395,True
P06456,Detergent Box,Household,Bioplastic (PLA),1.216,0.0024,227,True
P06457,Detergent Box,Household,Bioplastic (PLA),2.657,0.0008,121,True
P06458,Detergent Box,Household,Bioplastic (PLA),2.213,0.002,710,True
P06459,Detergent Box,Household,Recycled Cardboard,0.773,0.0009,530,True
P06460,Detergent Box,Household,Mushroom Mycelium,0.575,0.0012,304,True
P06461,Detergent Box,Household,Recycled Cardboard,2.357,0.003,216,True
P06462,Detergent Box,Household,Mushroom Mycelium,0.725,0.0011,344,True
P06463,Detergent Box,Household,Recycled Cardboard,1.999,0.0007,700,True
P06464,Detergent Box,Household,Recycled Cardboard,1.464,0.0012,474,True
P06465,Detergent Box,Household,Bagasse,2.123,0.0028,160,True
P06466,Detergent Box,Household,Bioplastic (PLA),1.265,0.0007,176,True
P06467,Detergent Box,Household,Bioplastic (PLA),1.998,0.0022,379,True
P06468,Detergent Box,Household,Bioplastic (PLA),1.887,0.0012,208,True
P06469,Detergent Box,Household,Bagasse,0.881,0.0007,504,True
P06470,Detergent Box,Household,Bagasse,0.957,0.001,397,True
P06471,Detergent Box,Household,Bioplastic (PLA),1.484,0.0012,549,True
P06472,Detergent Box,Household,Bamboo Fiber,1.469,0.0028,515,True
P06473,Detergent Box,Household,Bamboo Fiber,2.768,0.0007,134,True
P06474,Detergent Box,Household,Recycled Cardboard,2.528,0.0008,82,True
P06475,Detergent Box,Household,Bagasse,1.749,0.001,426,True
P06476,Detergent Box,Household,Bamboo Fiber,2.427,0.0018,573,True
P06477,Detergent Box,Household,Bioplastic (PLA),2.671,0.0011,628,True
P06478,Detergent Box,Household,Bamboo Fiber,1.165,0.0017,71,True
P06479,Detergent Box,Household,Bamboo Fiber,2.538,0.0009,380,True
P06480,Detergent Box,Household,Bagasse,2.594,0.001,631,True
P06481,Detergent Box,Household,Recycled Cardboard,0.824,0.0016,153,True
P06482,Detergent Box,Household,Bamboo Fiber,1.946,0.0029,504,True
P06483,Detergent Box,Household,Recycled Cardboard,2.827,0.0012,454,True
P06484,Detergent Box,Household,Bagasse,1.404,0.0008,220,True
P06485,Detergent Box,Household,Mushroom Mycelium,2.283,0.0023,399,True
P06486,Detergent Box,Household,Mushroom Mycelium,1.244,0.0014,722,True
P06487,Detergent Box,Household,Recycled Cardboard,1.987,0.002,488,True
P06488,Detergent Box,Household,Bagasse,1.055,0.0017,220,True
P06489,Detergent Box,Household,Bamboo Fiber,1.3,0.0021,213,True
P06490,Detergent Box,Household,Bioplastic (PLA),1.598,0.0023,80,True
P06491,Detergent Box,Household,Recycled Cardboard,1.489,0.0025,114,True
P06492,Detergent Box,Household,Bioplastic (PLA),2.416,0.0021,462,True
P06493,Detergent Box,Household,Recycled Cardboard,2.18,0.0013,631,True
P06494,Detergent Box,Household,Bamboo Fiber,2.113,0.002,173,True
P06495,Detergent Box,Household,Bioplastic (PLA),2.511,0.0019,320,True
P06496,Detergent Box,Household,Bioplastic (PLA),2.708,0.0019,710,True
P06497,Detergent Box,Household,Recycled Cardboard,1.089,0.0012,649,True
P06498,Detergent Box,Household,Mushroom Mycelium,2.269,0.0015,112,True
P06499,Detergent Box,Household,Bagasse,1.43,0.0029,728,True
P06500,Detergent Box,Household,Mushroom Mycelium,1.807,0.0006,129,True
P06501,Soap Pack,Household,Recycled Cardboard,0.148,0.0003,35,True
P06502,Soap Pack,Household,Recycled Cardboard,0.167,0.0002,46,True
P06503,Soap Pack,Household,Bamboo Fiber,0.212,0.0003,41,True
P06504,Soap Pack,Household,Recycled Cardboard,0.212,0.0003,607,True
P06505,Soap Pack,Household,Bagasse,0.195,0.0002,660,True
P06506,Soap Pack,Household,Bagasse,0.118,0.0003,478,True
P06507,Soap Pack,Household,Bioplastic (PLA),0.131,0.0001,264,True
P06508,Soap Pack,Household,Recycled Cardboard,0.148,0.0003,100,True
P06509,Soap Pack,Household,Mushroom Mycelium,0.214,0.0003,293,True
P06510,Soap Pack,Household,Bamboo Fiber,0.157,0.0002,83,True
P06511,Soap Pack,Household,Bioplastic (PLA),0.283,0.0003,289,True
P06512,Soap Pack,Household,Bagasse,0.14,0.0002,468,True
P06513,Soap Pack,Household,Bagasse,0.225,0.0003,503,True
P06514,Soap Pack,Household,Bagasse,0.286,0.0002,332,True
P06515,Soap Pack,Household,Bamboo Fiber,0.19,0.0002,137,True
P06516,Soap Pack,Household,Recycled Cardboard,0.219,0.0001,605,True
P06517,Soap Pack,Household,Mushroom Mycelium,0.234,0.0001,224,True
P06518,Soap Pack,Household,Bagasse,0.211,0.0001,344,True
P06519,Soap Pack,Household,Bamboo Fiber,0.263,0.0003,602,True
P06520,Soap Pack,Household,Mushroom Mycelium,0.15,0.0002,722,True
P06521,Soap Pack,Household,Recycled Cardboard,0.275,0.0003,274,True
P06522,Soap Pack,Household,Bioplastic (PLA),0.237,0.0002,534,True
P06523,Soap Pack,Household,Mushroom Mycelium,0.273,0.0001,554,True
P06524,Soap Pack,Household,Bioplastic (PLA),0.143,0.0003,233,True
P06525,Soap Pack,Household,Recycled Cardboard,0.233,0.0002,585,True
P06526,Soap Pack,Household,Bioplastic (PLA),0.222,0.0001,291,True
P06527,Soap Pack,Household,Bamboo Fiber,0.153,0.0002,522,True
P06528,Soap Pack,Household,Mushroom Mycelium,0.257,0.0002,57,True
P06529,Soap Pack,Household,Bagasse,0.142,0.0002,224,True
P06530,Soap Pack,Household,Bioplastic (PLA),0.296,0.0003,354,True
P06531,Soap Pack,Household,Bamboo Fiber,0.155,0.0001,116,True
P06532,Soap Pack,Household,Mushroom Mycelium,0.244,0.0003,544,True
P06533,Soap Pack,Household,Bamboo Fiber,0.256,0.0003,123,True
P06534,Soap Pack,Household,Recycled Cardboard,0.208,0.0002,168,True
P06535,Soap Pack,Household,Bagasse,0.141,0.0003,164,True
P06536,Soap Pack,Household,Bamboo Fiber,0.278,0.0001,37,True
P06537,Soap Pack,Household,Bamboo Fiber,0.164,0.0002,328,True
P06538,Soap Pack,Household,Bagasse,0.193,0.0002,381,True
P06539,Soap Pack,Household,Mushroom Mycelium,0.29,0.0002,137,True
P06540,Soap Pack,Household,Bamboo Fiber,0.294,0.0002,99,True
P06541,Soap Pack,Household,Recycled Cardboard,0.14,0.0002,587,True
P06542,Soap Pack,Household,Bamboo Fiber,0.257,0.0002,220,True
P06543,Soap Pack,Household,Bamboo Fiber,0.136,0.0003,97,True
P06544,Soap Pack,Household,Bagasse,0.13,0.0001,556,True
P06545,Soap Pack,Household,Mushroom Mycelium,0.199,0.0001,461,True
P06546,Soap Pack,Household,Bamboo Fiber,0.114,0.0001,214,True
P06547,Soap Pack,Household,Bamboo Fiber,0.114,0.0003,686,True
P06548,Soap Pack,Household,Mushroom Mycelium,0.269,0.0003,475,True
P06549,Soap Pack,Household,Recycled Cardboard,0.161,0.0001,291,True
P06550,Soap Pack,Household,Bagasse,0.186,0.0001,571,True
P06551,Soap Pack,Household,Bioplastic (PLA),0.299,0.0001,55,True
P06552,Soap Pack,Household,Recycled Cardboard,0.204,0.0003,673,True
P06553,Soap Pack,Household,Recycled Cardboard,0.276,0.0002,115,True
P06554,Soap Pack,Household,Bamboo Fiber,0.214,0.0002,302,True
P06555,Soap Pack,Household,Mushroom Mycelium,0.111,0.0001,521,True
P06556,Soap Pack,Household,Mushroom Mycelium,0.219,0.0002,677,True
P06557,Soap Pack,Household,Bagasse,0.168,0.0002,162,True
P06558,Soap Pack,Household,Recycled Cardboard,0.142,0.0001,295,True
P06559,Soap Pack,Household,Recycled Cardboard,0.242,0.0003,473,True
P06560,Soap Pack,Household,Bioplastic (PLA),0.255,0.0003,727,True
P06561,Soap Pack,Household,Bamboo Fiber,0.222,0.0002,605,True
P06562,Soap Pack,Household,Bagasse,0.139,0.0001,593,True
P06563,Soap Pack,Household,Recycled Cardboard,0.214,0.0002,221,True
P06564,Soap Pack,Household,Recycled Cardboard,0.219,0.0002,91,True
P06565,Soap Pack,Household,Recycled Cardboard,0.108,0.0003,471,True
P06566,Soap Pack,Household,Bioplastic (PLA),0.147,0.0001,414,True
P06567,Soap Pack,Household,Bamboo Fiber,0.289,0.0002,435,True
P06568,Soap Pack,Household,Recycled Cardboard,0.2,0.0002,203,True
P06569,Soap Pack,Household,Mushroom Mycelium,0.179,0.0002,630,True
P06570,Soap Pack,Household,Mushroom Mycelium,0.266,0.0001,610,True
P06571,Soap Pack,Household,Bioplastic (PLA),0.275,0.0002,505,True
P06572,Soap Pack,Household,Mushroom Mycelium,0.212,0.0003,101,True
P06573,Soap Pack,Household,Bagasse,0.196,0.0002,452,True
P06574,Soap Pack,Household,Bagasse,0.19,0.0001,468,True
P06575,Soap Pack,Household,Mushroom Mycelium,0.136,0.0001,68,True
P06576,Soap Pack,Household,Bamboo Fiber,0.24,0.0003,385,True
P06577,Soap Pack,Household,Mushroom Mycelium,0.248,0.0003,703,True
P06578,Soap Pack,Household,Mushroom Mycelium,0.292,0.0001,40,True
P06579,Soap Pack,Household,Bioplastic (PLA),0.286,0.0002,536,True
P06580,Soap Pack,Household,Recycled Cardboard,0.199,0.0002,176,True
P06581,Soap Pack,Household,Bagasse,0.228,0.0001,669,True
P06582,Soap Pack,Household,Bamboo Fiber,0.126,0.0002,136,True
P06583,Soap Pack,Household,Bagasse,0.137,0.0001,147,True
P06584,Soap Pack,Household,Bamboo Fiber,0.194,0.0001,319,True
P06585,Soap Pack,Household,Bamboo Fiber,0.243,0.0002,458,True
P06586,Soap Pack,Household,Bamboo Fiber,0.286,0.0002,620,True
P06587,Soap Pack,Household,Bioplastic (PLA),0.208,0.0002,142,True
P06588,Soap Pack,Household,Bagasse,0.253,0.0002,361,True
P06589,Soap Pack,Household,Mushroom Mycelium,0.103,0.0003,313,True
P06590,Soap Pack,Household,Mushroom Mycelium,0.118,0.0003,444,True
P06591,Soap Pack,Household,Bamboo Fiber,0.248,0.0001,700,True
P06592,Soap Pack,Household,Bagasse,0.18,0.0002,131,True
P06593,Soap Pack,Household,Bioplastic (PLA),0.105,0.0002,67,True
P06594,Soap Pack,Household,Recycled Cardboard,0.186,0.0002,114,True
P06595,Soap Pack,Household,Bioplastic (PLA),0.123,0.0002,407,True
P06596,Soap Pack,Household,Bamboo Fiber,0.146,0.0003,76,True
P06597,Soap Pack,Household,Bamboo Fiber,0.254,0.0002,384,True
P06598,Soap Pack,Household,Bioplastic (PLA),0.161,0.0003,240,True
P06599,Soap Pack,Household,Bamboo Fiber,0.108,0.0002,459,True
P06600,Soap Pack,Household,Recycled Cardboard,0.174,0.0002,314,True
P06601,Soap Pack,Household,Recycled Cardboard,0.131,0.0002,705,True
P06602,Soap Pack,Household,Mushroom Mycelium,0.12,0.0003,624,True
P06603,Soap Pack,Household,Recycled Cardboard,0.109,0.0002,662,True
P06604,Soap Pack,Household,Recycled Cardboard,0.259,0.0003,251,True
P06605,Soap Pack,Household,Recycled Cardboard,0.256,0.0001,557,True
P06606,Soap Pack,Household,Bioplastic (PLA),0.188,0.0002,167,True
P06607,Soap Pack,Household,Recycled Cardboard,0.154,0.0002,553,True
P06608,Soap Pack,Household,Recycled Cardboard,0.145,0.0003,638,True
P06609,Soap Pack,Household,Bamboo Fiber,0.169,0.0002,656,True
P06610,Soap Pack,Household,Recycled Cardboard,0.288,0.0001,81,True
P06611,Soap Pack,Household,Bamboo Fiber,0.108,0.0002,252,True
P06612,Soap Pack,Household,Bamboo Fiber,0.279,0.0002,84,True
P06613,Soap Pack,Household,Bamboo Fiber,0.296,0.0002,100,True
P06614,Soap Pack,Household,Bagasse,0.157,0.0002,670,True
P06615,Soap Pack,Household,Recycled Cardboard,0.277,0.0002,620,True
P06616,Soap Pack,Household,Bagasse,0.293,0.0003,386,True
P06617,Soap Pack,Household,Mushroom Mycelium,0.172,0.0002,363,True
P06618,Soap Pack,Household,Recycled Cardboard,0.165,0.0001,477,True
P06619,Soap Pack,Household,Mushroom Mycelium,0.239,0.0002,100,True
P06620,Soap Pack,Household,Bamboo Fiber,0.279,0.0002,653,True
P06621,Soap Pack,Household,Bagasse,0.175,0.0002,446,True
P06622,Soap Pack,Household,Bagasse,0.17,0.0003,241,True
P06623,Soap Pack,Household,Bioplastic (PLA),0.268,0.0002,659,True
P06624,Soap Pack,Household,Bagasse,0.179,0.0002,589,True
P06625,Soap Pack,Household,Bamboo Fiber,0.231,0.0002,586,True
P06626,Soap Pack,Household,Mushroom Mycelium,0.277,0.0001,218,True
P06627,Soap Pack,Household,Mushroom Mycelium,0.296,0.0003,607,True
P06628,Soap Pack,Household,Mushroom Mycelium,0.143,0.0003,571,True
P06629,Soap Pack,Household,Mushroom Mycelium,0.258,0.0002,350,True
P06630,Soap Pack,Household,Bioplastic (PLA),0.265,0.0002,167,True
P06631,Soap Pack,Household,Recycled Cardboard,0.218,0.0003,99,True
P06632,Soap Pack,Household,Recycled Cardboard,0.109,0.0003,428,True
P06633,Soap Pack,Household,Bioplastic (PLA),0.197,0.0001,548,True
P06634,Soap Pack,Household,Bagasse,0.109,0.0002,663,True
P06635,Soap Pack,Household,Bagasse,0.163,0.0002,695,True
P06636,Soap Pack,Household,Bamboo Fiber,0.297,0.0002,541,True
P06637,Soap Pack,Household,Mushroom Mycelium,0.182,0.0001,525,True
P06638,Soap Pack,Household,Bagasse,0.28,0.0002,703,True
P06639,Soap Pack,Household,Recycled Cardboard,0.194,0.0001,43,True
P06640,Soap Pack,Household,Bioplastic (PLA),0.201,0.0003,523,True
P06641,Soap Pack,Household,Bioplastic (PLA),0.171,0.0003,325,True
P06642,Soap Pack,Household,Bioplastic (PLA),0.154,0.0002,578,True
P06643,Soap Pack,Household,Bagasse,0.144,0.0003,259,True
P06644,Soap Pack,Household,Bagasse,0.198,0.0002,206,True
P06645,Soap Pack,Household,Bamboo Fiber,0.213,0.0002,488,True
P06646,Soap Pack,Household,Bamboo Fiber,0.257,0.0002,507,True
P06647,Soap Pack,Household,Bioplastic (PLA),0.15,0.0001,671,True
P06648,Soap Pack,Household,Recycled Cardboard,0.179,0.0002,139,True
P06649,Soap Pack,Household,Mushroom Mycelium,0.179,0.0003,252,True
P06650,Soap Pack,Household,Mushroom Mycelium,0.262,0.0003,601,True
P06651,Soap Pack,Household,Bamboo Fiber,0.256,0.0003,74,True
P06652,Soap Pack,Household,Recycled Cardboard,0.212,0.0002,562,True
P06653,Soap Pack,Household,Mushroom Mycelium,0.221,0.0002,604,True
P06654,Soap Pack,Household,Bamboo Fiber,0.184,0.0002,167,True
P06655,Soap Pack,Household,Bamboo Fiber,0.244,0.0003,716,True
P06656,Soap Pack,Household,Bioplastic (PLA),0.139,0.0001,367,True
P06657,Soap Pack,Household,Recycled Cardboard,0.278,0.0002,52,True
P06658,Soap Pack,Household,Bioplastic (PLA),0.234,0.0001,141,True
P06659,Soap Pack,Household,Bamboo Fiber,0.124,0.0002,586,True
P06660,Soap Pack,Household,Recycled Cardboard,0.166,0.0003,291,True
P06661,Soap Pack,Household,Bamboo Fiber,0.28,0.0001,693,True
P06662,Soap Pack,Household,Mushroom Mycelium,0.199,0.0001,623,True
P06663,Soap Pack,Household,Bagasse,0.145,0.0003,132,True
P06664,Soap Pack,Household,Recycled Cardboard,0.24,0.0002,375,True
P06665,Soap Pack,Household,Bioplastic (PLA),0.274,0.0001,57,True
P06666,Soap Pack,Household,Mushroom Mycelium,0.146,0.0002,195,True
P06667,Soap Pack,Household,Bagasse,0.137,0.0002,137,True
P06668,Soap Pack,Household,Recycled Cardboard,0.126,0.0001,431,True
P06669,Soap Pack,Household,Bamboo Fiber,0.199,0.0002,542,True
P06670,Soap Pack,Household,Bagasse,0.278,0.0002,76,True
P06671,Soap Pack,Household,Bamboo Fiber,0.139,0.0002,200,True
P06672,Soap Pack,Household,Bagasse,0.203,0.0002,182,True
P06673,Soap Pack,Household,Mushroom Mycelium,0.173,0.0002,70,True
P06674,Soap Pack,Household,Bagasse,0.264,0.0001,594,True
P06675,Soap Pack,Household,Bioplastic (PLA),0.201,0.0002,700,True
P06676,Soap Pack,Household,Mushroom Mycelium,0.126,0.0002,505,True
P06677,Soap Pack,Household,Bamboo Fiber,0.244,0.0002,553,True
P06678,Soap Pack,Household,Bagasse,0.275,0.0003,251,True
P06679,Soap Pack,Household,Bagasse,0.263,0.0002,517,True
P06680,Soap Pack,Household,Mushroom Mycelium,0.276,0.0003,30,True
P06681,Soap Pack,Household,Bagasse,0.165,0.0002,586,True
P06682,Soap Pack,Household,Bamboo Fiber,0.201,0.0002,562,True
P06683,Soap Pack,Household,Mushroom Mycelium,0.115,0.0002,371,True
P06684,Soap Pack,Household,Mushroom Mycelium,0.283,0.0002,477,True
P06685,Soap Pack,Household,Bioplastic (PLA),0.104,0.0003,149,True
P06686,Soap Pack,Household,Bagasse,0.185,0.0001,233,True
P06687,Soap Pack,Household,Bamboo Fiber,0.156,0.0002,221,True
P06688,Soap Pack,Household,Bagasse,0.182,0.0002,287,True
P06689,Soap Pack,Household,Recycled Cardboard,0.228,0.0003,275,True
P06690,Soap Pack,Household,Bioplastic (PLA),0.21,0.0002,615,True
P06691,Soap Pack,Household,Bagasse,0.137,0.0003,275,True
P06692,Soap Pack,Household,Bamboo Fiber,0.145,0.0001,312,True
P06693,Soap Pack,Household,Bioplastic (PLA),0.147,0.0003,143,True
P06694,Soap Pack,Household,Bioplastic (PLA),0.178,0.0002,629,True
P06695,Soap Pack,Household,Bagasse,0.139,0.0002,527,True
P06696,Soap Pack,Household,Recycled Cardboard,0.226,0.0002,248,True
P06697,Soap Pack,Household,Bagasse,0.266,0.0001,242,True
P06698,Soap Pack,Household,Bamboo Fiber,0.182,0.0003,609,True
P06699,Soap Pack,Household,Bagasse,0.124,0.0002,53,True
P06700,Soap Pack,Household,Bamboo Fiber,0.122,0.0002,294,True
P06701,Soap Pack,Household,Bioplastic (PLA),0.229,0.0001,83,True
P06702,Soap Pack,Household,Bamboo Fiber,0.244,0.0003,360,True
P06703,Soap Pack,Household,Bamboo Fiber,0.201,0.0003,331,True
P06704,Soap Pack,Household,Bioplastic (PLA),0.176,0.0001,59,True
P06705,Soap Pack,Household,Recycled Cardboard,0.254,0.0003,543,True
P06706,Soap Pack,Household,Mushroom Mycelium,0.204,0.0002,288,True
P06707,Soap Pack,Household,Bagasse,0.195,0.0001,507,True
P06708,Soap Pack,Household,Bagasse,0.185,0.0002,576,True
P06709,Soap Pack,Household,Bioplastic (PLA),0.238,0.0003,239,True
P06710,Soap Pack,Household,Bamboo Fiber,0.198,0.0002,567,True
P06711,Soap Pack,Household,Recycled Cardboard,0.205,0.0002,534,True
P06712,Soap Pack,Household,Recycled Cardboard,0.171,0.0002,516,True
P06713,Soap Pack,Household,Mushroom Mycelium,0.148,0.0002,304,True
P06714,Soap Pack,Household,Bioplastic (PLA),0.182,0.0002,425,True
P06715,Soap Pack,Household,Bamboo Fiber,0.208,0.0003,302,True
P06716,Soap Pack,Household,Mushroom Mycelium,0.104,0.0001,685,True
P06717,Soap Pack,Household,Bioplastic (PLA),0.115,0.0001,43,True
P06718,Soap Pack,Household,Mushroom Mycelium,0.229,0.0002,545,True
P06719,Soap Pack,Household,Bamboo Fiber,0.271,0.0002,301,True
P06720,Soap Pack,Household,Bagasse,0.252,0.0003,438,True
P06721,Soap Pack,Household,Mushroom Mycelium,0.106,0.0002,272,True
P06722,Soap Pack,Household,Bagasse,0.144,0.0002,352,True
P06723,Soap Pack,Household,Bamboo Fiber,0.277,0.0002,493,True
P06724,Soap Pack,Household,Bamboo Fiber,0.278,0.0001,157,True
P06725,Soap Pack,Household,Mushroom Mycelium,0.164,0.0002,470,True
P06726,Soap Pack,Household,Bioplastic (PLA),0.209,0.0001,102,True
P06727,Soap Pack,Household,Bagasse,0.189,0.0001,102,True
P06728,Soap Pack,Household,Bioplastic (PLA),0.155,0.0002,514,True
P06729,Soap Pack,Household,Mushroom Mycelium,0.183,0.0003,507,True
P06730,Soap Pack,Household,Bioplastic (PLA),0.202,0.0002,180,True
P06731,Soap Pack,Household,Recycled Cardboard,0.2,0.0003,725,True
P06732,Soap Pack,Household,Bagasse,0.109,0.0003,631,True
P06733,Soap Pack,Household,Bioplastic (PLA),0.218,0.0002,541,True
P06734,Soap Pack,Household,Bamboo Fiber,0.262,0.0002,77,True
P06735,Soap Pack,Household,Recycled Cardboard,0.129,0.0002,521,True
P06736,Soap Pack,Household,Mushroom Mycelium,0.285,0.0001,173,True
P06737,Soap Pack,Household,Recycled Cardboard,0.291,0.0002,214,True
P06738,Soap Pack,Household,Mushroom Mycelium,0.266,0.0003,423,True
P06739,Soap Pack,Household,Mushroom Mycelium,0.147,0.0002,224,True
P06740,Soap Pack,Household,Bagasse,0.231,0.0002,44,True
P06741,Soap Pack,Household,Bioplastic (PLA),0.261,0.0002,244,True
P06742,Soap Pack,Household,Bioplastic (PLA),0.182,0.0003,527,True
P06743,Soap Pack,Household,Bamboo Fiber,0.286,0.0002,323,True
P06744,Soap Pack,Household,Bioplastic (PLA),0.259,0.0003,297,True
P06745,Soap Pack,Household,Bagasse,0.171,0.0001,58,True
P06746,Soap Pack,Household,Bagasse,0.209,0.0002,126,True
P06747,Soap Pack,Household,Bamboo Fiber,0.231,0.0001,612,True
P06748,Soap Pack,Household,Mushroom Mycelium,0.133,0.0002,729,True
P06749,Soap Pack,Household,Bioplastic (PLA),0.175,0.0003,668,True
P06750,Soap Pack,Household,Bioplastic (PLA),0.289,0.0002,678,True
P06751,Soap Pack,Household,Bamboo Fiber,0.105,0.0001,67,True
P06752,Soap Pack,Household,Mushroom Mycelium,0.233,0.0002,394,True
P06753,Soap Pack,Household,Mushroom Mycelium,0.266,0.0002,510,True
P06754,Soap Pack,Household,Bamboo Fiber,0.229,0.0002,244,True
P06755,Soap Pack,Household,Bagasse,0.163,0.0001,181,True
P06756,Soap Pack,Household,Bagasse,0.214,0.0002,79,True
P06757,Soap Pack,Household,Bagasse,0.181,0.0002,525,True
P06758,Soap Pack,Household,Bagasse,0.184,0.0003,688,True
P06759,Soap Pack,Household,Bagasse,0.242,0.0002,315,True
P06760,Soap Pack,Household,Bagasse,0.262,0.0002,244,True
P06761,Soap Pack,Household,Bamboo Fiber,0.222,0.0002,299,True
P06762,Soap Pack,Household,Recycled Cardboard,0.195,0.0002,206,True
P06763,Soap Pack,Household,Bioplastic (PLA),0.238,0.0001,445,True
P06764,Soap Pack,Household,Recycled Cardboard,0.1,0.0002,622,True
P06765,Soap Pack,Household,Recycled Cardboard,0.178,0.0001,641,True
P06766,Soap Pack,Household,Mushroom Mycelium,0.256,0.0001,381,True
P06767,Soap Pack,Household,Recycled Cardboard,0.215,0.0002,536,True
P06768,Soap Pack,Household,Bioplastic (PLA),0.292,0.0002,192,True
P06769,Soap Pack,Household,Recycled Cardboard,0.135,0.0002,435,True
P06770,Soap Pack,Household,Recycled Cardboard,0.224,0.0002,677,True
P06771,Soap Pack,Household,Mushroom Mycelium,0.21,0.0003,724,True
P06772,Soap Pack,Household,Recycled Cardboard,0.288,0.0001,420,True
P06773,Soap Pack,Household,Bioplastic (PLA),0.171,0.0003,245,True
P06774,Soap Pack,Household,Bamboo Fiber,0.167,0.0003,127,True
P06775,Soap Pack,Household,Bamboo Fiber,0.119,0.0003,346,True
P06776,Soap Pack,Household,Recycled Cardboard,0.268,0.0003,437,True
P06777,Soap Pack,Household,Mushroom Mycelium,0.203,0.0002,91,True
P06778,Soap Pack,Household,Mushroom Mycelium,0.269,0.0001,384,True
P06779,Soap Pack,Household,Recycled Cardboard,0.128,0.0001,393,True
P06780,Soap Pack,Household,Recycled Cardboard,0.122,0.0002,654,True
P06781,Soap Pack,Household,Bagasse,0.172,0.0001,651,True
P06782,Soap Pack,Household,Bagasse,0.254,0.0001,44,True
P06783,Soap Pack,Household,Recycled Cardboard,0.273,0.0002,252,True
P06784,Soap Pack,Household,Bagasse,0.154,0.0001,31,True
P06785,Soap Pack,Household,Bamboo Fiber,0.299,0.0002,303,True
P06786,Soap Pack,Household,Mushroom Mycelium,0.284,0.0001,569,True
P06787,Soap Pack,Household,Recycled Cardboard,0.282,0.0003,334,True
P06788,Soap Pack,Household,Bioplastic (PLA),0.251,0.0002,300,True
P06789,Soap Pack,Household,Mushroom Mycelium,0.189,0.0002,62,True
P06790,Soap Pack,Household,Recycled Cardboard,0.17,0.0001,619,True
P06791,Soap Pack,Household,Mushroom Mycelium,0.231,0.0002,626,True
P06792,Soap Pack,Household,Bamboo Fiber,0.293,0.0001,502,True
P06793,Soap Pack,Household,Recycled Cardboard,0.29,0.0001,623,True
P06794,Soap Pack,Household,Mushroom Mycelium,0.257,0.0003,119,True
P06795,Soap Pack,Household,Mushroom Mycelium,0.257,0.0003,79,True
P06796,Soap Pack,Household,Bagasse,0.149,0.0002,261,True
P06797,Soap Pack,Household,Bamboo Fiber,0.276,0.0003,562,True
P06798,Soap Pack,Household,Bioplastic (PLA),0.117,0.0001,723,True
P06799,Soap Pack,Household,Bagasse,0.238,0.0002,499,True
P06800,Soap Pack,Household,Bamboo Fiber,0.22,0.0002,120,True
P06801,Soap Pack,Household,Bioplastic (PLA),0.138,0.0003,49,True
P06802,Soap Pack,Household,Recycled Cardboard,0.147,0.0003,235,True
P06803,Soap Pack,Household,Recycled Cardboard,0.137,0.0002,407,True
P06804,Soap Pack,Household,Mushroom Mycelium,0.143,0.0001,213,True
P06805,Soap Pack,Household,Bamboo Fiber,0.132,0.0002,388,True
P06806,Soap Pack,Household,Bamboo Fiber,0.242,0.0002,76,True
P06807,Soap Pack,Household,Recycled Cardboard,0.1,0.0003,346,True
P06808,Soap Pack,Household,Mushroom Mycelium,0.113,0.0003,427,True
P06809,Soap Pack,Household,Bagasse,0.248,0.0002,597,True
P06810,Soap Pack,Household,Bamboo Fiber,0.125,0.0002,33,True
P06811,Soap Pack,Household,Recycled Cardboard,0.132,0.0002,146,True
P06812,Soap Pack,Household,Recycled Cardboard,0.235,0.0002,137,True
P06813,Soap Pack,Household,Mushroom Mycelium,0.292,0.0002,99,True
P06814,Soap Pack,Household,Bamboo Fiber,0.206,0.0002,678,True
P06815,Soap Pack,Household,Recycled Cardboard,0.114,0.0001,460,True
P06816,Soap Pack,Household,Bamboo Fiber,0.166,0.0001,327,True
P06817,Soap Pack,Household,Bamboo Fiber,0.291,0.0003,101,True
P06818,Soap Pack,Household,Bamboo Fiber,0.19,0.0001,621,True
P06819,Soap Pack,Household,Bagasse,0.16,0.0003,99,True
P06820,Soap Pack,Household,Bioplastic (PLA),0.145,0.0002,648,True
P06821,Soap Pack,Household,Mushroom Mycelium,0.228,0.0003,404,True
P06822,Soap Pack,Household,Bioplastic (PLA),0.297,0.0001,225,True
P06823,Soap Pack,Household,Bamboo Fiber,0.261,0.0002,577,True
P06824,Soap Pack,Household,Recycled Cardboard,0.153,0.0003,475,True
P06825,Soap Pack,Household,Bagasse,0.115,0.0002,114,True
P06826,Soap Pack,Household,Bagasse,0.111,0.0002,91,True
P06827,Soap Pack,Household,Recycled Cardboard,0.284,0.0002,67,True
P06828,Soap Pack,Household,Bioplastic (PLA),0.261,0.0001,468,True
P06829,Soap Pack,Household,Bioplastic (PLA),0.171,0.0002,633,True
P06830,Soap Pack,Household,Bioplastic (PLA),0.257,0.0002,372,True
P06831,Soap Pack,Household,Bioplastic (PLA),0.274,0.0002,146,True
P06832,Soap Pack,Household,Bamboo Fiber,0.245,0.0003,399,True
P06833,Soap Pack,Household,Bagasse,0.179,0.0002,612,True
P06834,Soap Pack,Household,Recycled Cardboard,0.196,0.0002,714,True
P06835,Soap Pack,Household,Recycled Cardboard,0.199,0.0002,271,True
P06836,Soap Pack,Household,Bioplastic (PLA),0.222,0.0003,46,True
P06837,Soap Pack,Household,Bamboo Fiber,0.211,0.0002,589,True
P06838,Soap Pack,Household,Bamboo Fiber,0.228,0.0002,464,True
P06839,Soap Pack,Household,Mushroom Mycelium,0.231,0.0002,274,True
P06840,Soap Pack,Household,Bioplastic (PLA),0.257,0.0003,438,True
P06841,Soap Pack,Household,Bamboo Fiber,0.215,0.0001,484,True
P06842,Soap Pack,Household,Bioplastic (PLA),0.147,0.0003,199,True
P06843,Soap Pack,Household,Bioplastic (PLA),0.158,0.0003,511,True
P06844,Soap Pack,Household,Recycled Cardboard,0.106,0.0002,157,True
P06845,Soap Pack,Household,Recycled Cardboard,0.201,0.0001,70,True
P06846,Soap Pack,Household,Bagasse,0.252,0.0002,101,True
P06847,Soap Pack,Household,Recycled Cardboard,0.156,0.0002,127,True
P06848,Soap Pack,Household,Bagasse,0.152,0.0002,419,True
P06849,Soap Pack,Household,Recycled Cardboard,0.221,0.0002,657,True
P06850,Soap Pack,Household,Mushroom Mycelium,0.203,0.0001,707,True
P06851,Soap Pack,Household,Recycled Cardboard,0.267,0.0003,201,True
P06852,Soap Pack,Household,Recycled Cardboard,0.223,0.0002,70,True
P06853,Soap Pack,Household,Recycled Cardboard,0.156,0.0001,651,True
P06854,Soap Pack,Household,Bamboo Fiber,0.272,0.0001,660,True
P06855,Soap Pack,Household,Mushroom Mycelium,0.262,0.0002,228,True
P06856,Soap Pack,Household,Bioplastic (PLA),0.252,0.0002,60,True
P06857,Soap Pack,Household,Bioplastic (PLA),0.269,0.0003,553,True
P06858,Soap Pack,Household,Bamboo Fiber,0.116,0.0001,690,True
P06859,Soap Pack,Household,Bamboo Fiber,0.108,0.0003,317,True
P06860,Soap Pack,Household,Recycled Cardboard,0.298,0.0001,205,True
P06861,Soap Pack,Household,Bioplastic (PLA),0.233,0.0001,685,True
P06862,Soap Pack,Household,Bamboo Fiber,0.245,0.0002,655,True
P06863,Soap Pack,Household,Mushroom Mycelium,0.144,0.0002,61,True
P06864,Soap Pack,Household,Bioplastic (PLA),0.224,0.0002,534,True
P06865,Soap Pack,Household,Mushroom Mycelium,0.251,0.0003,723,True
P06866,Soap Pack,Household,Recycled Cardboard,0.289,0.0003,270,True
P06867,Soap Pack,Household,Bamboo Fiber,0.268,0.0003,389,True
P06868,Soap Pack,Household,Bioplastic (PLA),0.241,0.0001,259,True
P06869,Soap Pack,Household,Recycled Cardboard,0.279,0.0003,91,True
P06870,Soap Pack,Household,Recycled Cardboard,0.185,0.0002,662,True
P06871,Soap Pack,Household,Bamboo Fiber,0.114,0.0002,672,True
P06872,Soap Pack,Household,Bioplastic (PLA),0.29,0.0001,187,True
P06873,Soap Pack,Household,Bagasse,0.16,0.0001,174,True
P06874,Soap Pack,Household,Recycled Cardboard,0.157,0.0001,429,True
P06875,Soap Pack,Household,Recycled Cardboard,0.237,0.0003,710,True
P06876,Soap Pack,Household,Bamboo Fiber,0.156,0.0002,38,True
P06877,Soap Pack,Household,Bioplastic (PLA),0.22,0.0002,413,True
P06878,Soap Pack,Household,Mushroom Mycelium,0.23,0.0002,675,True
P06879,Soap Pack,Household,Bamboo Fiber,0.192,0.0002,565,True
P06880,Soap Pack,Household,Bioplastic (PLA),0.294,0.0002,246,True
P06881,Soap Pack,Household,Mushroom Mycelium,0.138,0.0003,130,True
P06882,Soap Pack,Household,Bagasse,0.14,0.0002,534,True
P06883,Soap Pack,Household,Bioplastic (PLA),0.26,0.0001,231,True
P06884,Soap Pack,Household,Bamboo Fiber,0.299,0.0003,628,True
P06885,Soap Pack,Household,Mushroom Mycelium,0.243,0.0002,177,True
P06886,Soap Pack,Household,Bamboo Fiber,0.145,0.0002,693,True
P06887,Soap Pack,Household,Bioplastic (PLA),0.156,0.0002,382,True
P06888,Soap Pack,Household,Recycled Cardboard,0.288,0.0001,448,True
P06889,Soap Pack,Household,Recycled Cardboard,0.252,0.0002,559,True
P06890,Soap Pack,Household,Recycled Cardboard,0.25,0.0002,395,True
P06891,Soap Pack,Household,Bioplastic (PLA),0.294,0.0001,253,True
P06892,Soap Pack,Household,Bamboo Fiber,0.275,0.0002,208,True
P06893,Soap Pack,Household,Bagasse,0.14,0.0002,624,True
P06894,Soap Pack,Household,Bamboo Fiber,0.123,0.0003,513,True
P06895,Soap Pack,Household,Bagasse,0.139,0.0002,439,True
P06896,Soap Pack,Household,Bamboo Fiber,0.224,0.0002,126,True
P06897,Soap Pack,Household,Bamboo Fiber,0.294,0.0002,301,True
P06898,Soap Pack,Household,Mushroom Mycelium,0.289,0.0002,203,True
P06899,Soap Pack,Household,Bagasse,0.151,0.0002,114,True
P06900,Soap Pack,Household,Mushroom Mycelium,0.103,0.0001,352,True
P06901,Soap Pack,Household,Bioplastic (PLA),0.15,0.0002,277,True
P06902,Soap Pack,Household,Bamboo Fiber,0.183,0.0002,189,True
P06903,Soap Pack,Household,Bioplastic (PLA),0.189,0.0002,671,True
P06904,Soap Pack,Household,Recycled Cardboard,0.27,0.0002,427,True
P06905,Soap Pack,Household,Bagasse,0.198,0.0003,469,True
P06906,Soap Pack,Household,Bamboo Fiber,0.275,0.0003,663,True
P06907,Soap Pack,Household,Mushroom Mycelium,0.126,0.0002,409,True
P06908,Soap Pack,Household,Bioplastic (PLA),0.184,0.0003,187,True
P06909,Soap Pack,Household,Bagasse,0.164,0.0003,642,True
P06910,Soap Pack,Household,Mushroom Mycelium,0.253,0.0003,546,True
P06911,Soap Pack,Household,Bioplastic (PLA),0.19,0.0002,658,True
P06912,Soap Pack,Household,Bagasse,0.201,0.0002,649,True
P06913,Soap Pack,Household,Mushroom Mycelium,0.165,0.0002,572,True
P06914,Soap Pack,Household,Mushroom Mycelium,0.285,0.0001,183,True
P06915,Soap Pack,Household,Recycled Cardboard,0.164,0.0002,434,True
P06916,Soap Pack,Household,Bamboo Fiber,0.234,0.0003,666,True
P06917,Soap Pack,Household,Mushroom Mycelium,0.153,0.0001,411,True
P06918,Soap Pack,Household,Recycled Cardboard,0.21,0.0003,457,True
P06919,Soap Pack,Household,Mushroom Mycelium,0.136,0.0003,722,True
P06920,Soap Pack,Household,Bioplastic (PLA),0.231,0.0001,205,True
P06921,Soap Pack,Household,Mushroom Mycelium,0.27,0.0002,714,True
P06922,Soap Pack,Household,Bamboo Fiber,0.142,0.0003,159,True
P06923,Soap Pack,Household,Mushroom Mycelium,0.266,0.0003,383,True
P06924,Soap Pack,Household,Bioplastic (PLA),0.185,0.0001,707,True
P06925,Soap Pack,Household,Bioplastic (PLA),0.156,0.0002,666,True
P06926,Soap Pack,Household,Recycled Cardboard,0.251,0.0001,448,True
P06927,Soap Pack,Household,Recycled Cardboard,0.227,0.0002,342,True
P06928,Soap Pack,Household,Mushroom Mycelium,0.144,0.0002,318,True
P06929,Soap Pack,Household,Bamboo Fiber,0.111,0.0001,369,True
P06930,Soap Pack,Household,Mushroom Mycelium,0.186,0.0001,506,True
P06931,Soap Pack,Household,Mushroom Mycelium,0.119,0.0002,107,True
P06932,Soap Pack,Household,Mushroom Mycelium,0.265,0.0002,57,True
P06933,Soap Pack,Household,Mushroom Mycelium,0.158,0.0003,626,True
P06934,Soap Pack,Household,Recycled Cardboard,0.174,0.0001,607,True
P06935,Soap Pack,Household,Recycled Cardboard,0.277,0.0002,636,True
P06936,Soap Pack,Household,Bamboo Fiber,0.174,0.0002,319,True
P06937,Soap Pack,Household,Mushroom Mycelium,0.292,0.0003,190,True
P06938,Soap Pack,Household,Mushroom Mycelium,0.144,0.0003,508,True
P06939,Soap Pack,Household,Mushroom Mycelium,0.176,0.0003,142,True
P06940,Soap Pack,Household,Recycled Cardboard,0.287,0.0003,484,True
P06941,Soap Pack,Household,Mushroom Mycelium,0.163,0.0003,207,True
P06942,Soap Pack,Household,Bioplastic (PLA),0.149,0.0001,273,True
P06943,Soap Pack,Household,Bagasse,0.13,0.0003,621,True
P06944,Soap Pack,Household,Bioplastic (PLA),0.293,0.0003,150,True
P06945,Soap Pack,Household,Mushroom Mycelium,0.191,0.0002,491,True
P06946,Soap Pack,Household,Recycled Cardboard,0.152,0.0002,537,True
P06947,Soap Pack,Household,Recycled Cardboard,0.107,0.0002,520,True
P06948,Soap Pack,Household,Bagasse,0.179,0.0002,460,True
P06949,Soap Pack,Household,Recycled Cardboard,0.255,0.0002,319,True
P06950,Soap Pack,Household,Mushroom Mycelium,0.241,0.0002,122,True
P06951,Soap Pack,Household,Bioplastic (PLA),0.139,0.0003,690,True
P06952,Soap Pack,Household,Bioplastic (PLA),0.281,0.0002,310,True
P06953,Soap Pack,Household,Bamboo Fiber,0.234,0.0002,409,True
P06954,Soap Pack,Household,Bioplastic (PLA),0.15,0.0002,55,True
P06955,Soap Pack,Household,Bamboo Fiber,0.101,0.0002,593,True
P06956,Soap Pack,Household,Mushroom Mycelium,0.158,0.0002,728,True
P06957,Soap Pack,Household,Recycled Cardboard,0.254,0.0003,488,True
P06958,Soap Pack,Household,Bamboo Fiber,0.256,0.0001,606,True
P06959,Soap Pack,Household,Mushroom Mycelium,0.243,0.0003,417,True
P06960,Soap Pack,Household,Bioplastic (PLA),0.167,0.0001,678,True
P06961,Soap Pack,Household,Mushroom Mycelium,0.136,0.0002,565,True
P06962,Soap Pack,Household,Recycled Cardboard,0.11,0.0001,376,True
P06963,Soap Pack,Household,Bioplastic (PLA),0.211,0.0003,91,True
P06964,Soap Pack,Household,Bioplastic (PLA),0.238,0.0002,378,True
P06965,Soap Pack,Household,Bagasse,0.16,0.0001,455,True
P06966,Soap Pack,Household,Bagasse,0.116,0.0002,107,True
P06967,Soap Pack,Household,Recycled Cardboard,0.287,0.0002,480,True
P06968,Soap Pack,Household,Mushroom Mycelium,0.243,0.0002,346,True
P06969,Soap Pack,Household,Recycled Cardboard,0.115,0.0001,210,True
P06970,Soap Pack,Household,Bagasse,0.259,0.0002,402,True
P06971,Soap Pack,Household,Bioplastic (PLA),0.262,0.0002,114,True
P06972,Soap Pack,Household,Bagasse,0.165,0.0002,67,True
P06973,Soap Pack,Household,Bamboo Fiber,0.299,0.0001,184,True
P06974,Soap Pack,Household,Mushroom Mycelium,0.275,0.0002,590,True
P06975,Soap Pack,Household,Bagasse,0.265,0.0003,585,True
P06976,Soap Pack,Household,Bamboo Fiber,0.253,0.0001,461,True
P06977,Soap Pack,Household,Bagasse,0.223,0.0003,433,True
P06978,Soap Pack,Household,Recycled Cardboard,0.12,0.0002,521,True
P06979,Soap Pack,Household,Bioplastic (PLA),0.121,0.0002,39,True
P06980,Soap Pack,Household,Bamboo Fiber,0.194,0.0003,505,True
P06981,Soap Pack,Household,Bioplastic (PLA),0.182,0.0002,636,True
P06982,Soap Pack,Household,Mushroom Mycelium,0.175,0.0001,555,True
P06983,Soap Pack,Household,Bioplastic (PLA),0.287,0.0003,703,True
P06984,Soap Pack,Household,Recycled Cardboard,0.212,0.0002,411,True
P06985,Soap Pack,Household,Bagasse,0.226,0.0001,638,True
P06986,Soap Pack,Household,Bagasse,0.194,0.0003,692,True
P06987,Soap Pack,Household,Bioplastic (PLA),0.23,0.0003,507,True
P06988,Soap Pack,Household,Bagasse,0.265,0.0001,689,True
P06989,Soap Pack,Household,Mushroom Mycelium,0.126,0.0003,235,True
P06990,Soap Pack,Household,Bagasse,0.277,0.0001,466,True
P06991,Soap Pack,Household,Mushroom Mycelium,0.239,0.0001,564,True
P06992,Soap Pack,Household,Bamboo Fiber,0.126,0.0002,419,True
P06993,Soap Pack,Household,Recycled Cardboard,0.114,0.0003,381,True
P06994,Soap Pack,Household,Bagasse,0.129,0.0003,290,True
P06995,Soap Pack,Household,Bamboo Fiber,0.198,0.0003,351,True
P06996,Soap Pack,Household,Bagasse,0.269,0.0002,336,True
P06997,Soap Pack,Household,Bagasse,0.242,0.0003,55,True
P06998,Soap Pack,Household,Bagasse,0.153,0.0002,159,True
P06999,Soap Pack,Household,Mushroom Mycelium,0.195,0.0003,50,True
P07000,Soap Pack,Household,Bioplastic (PLA),0.197,0.0001,292,True
P07001,Cleaning Spray,Household,Mushroom Mycelium,0.212,0.0002,297,True
P07002,Cleaning Spray,Household,Recycled Cardboard,0.555,0.0005,361,True
P07003,Cleaning Spray,Household,Mushroom Mycelium,0.253,0.0003,627,True
P07004,Cleaning Spray,Household,Bagasse,0.247,0.0005,262,True
P07005,Cleaning Spray,Household,Bagasse,0.399,0.0004,515,True
P07006,Cleaning Spray,Household,Bioplastic (PLA),0.413,0.0006,353,True
P07007,Cleaning Spray,Household,Bagasse,0.536,0.0002,395,True
P07008,Cleaning Spray,Household,Bamboo Fiber,0.549,0.0004,682,True
P07009,Cleaning Spray,Household,Mushroom Mycelium,0.256,0.0003,602,True
P07010,Cleaning Spray,Household,Recycled Cardboard,0.322,0.0002,161,True
P07011,Cleaning Spray,Household,Mushroom Mycelium,0.341,0.0005,466,True
P07012,Cleaning Spray,Household,Mushroom Mycelium,0.363,0.0004,420,True
P07013,Cleaning Spray,Household,Bamboo Fiber,0.541,0.0004,371,True
P07014,Cleaning Spray,Household,Recycled Cardboard,0.23,0.0005,546,True
P07015,Cleaning Spray,Household,Mushroom Mycelium,0.343,0.0003,710,True
P07016,Cleaning Spray,Household,Bagasse,0.312,0.0002,104,True
P07017,Cleaning Spray,Household,Bagasse,0.373,0.0002,159,True
P07018,Cleaning Spray,Household,Mushroom Mycelium,0.547,0.0006,603,True
P07019,Cleaning Spray,Household,Bamboo Fiber,0.274,0.0003,318,True
P07020,Cleaning Spray,Household,Mushroom Mycelium,0.436,0.0005,248,True
P07021,Cleaning Spray,Household,Bioplastic (PLA),0.219,0.0006,190,True
P07022,Cleaning Spray,Household,Bamboo Fiber,0.342,0.0003,228,True
P07023,Cleaning Spray,Household,Bamboo Fiber,0.249,0.0005,548,True
P07024,Cleaning Spray,Household,Bamboo Fiber,0.458,0.0004,644,True
P07025,Cleaning Spray,Household,Recycled Cardboard,0.397,0.0005,219,True
P07026,Cleaning Spray,Household,Bamboo Fiber,0.576,0.0004,37,True
P07027,Cleaning Spray,Household,Mushroom Mycelium,0.248,0.0003,504,True
P07028,Cleaning Spray,Household,Mushroom Mycelium,0.496,0.0005,165,True
P07029,Cleaning Spray,Household,Bagasse,0.403,0.0002,283,True
P07030,Cleaning Spray,Household,Recycled Cardboard,0.298,0.0006,210,True
P07031,Cleaning Spray,Household,Bagasse,0.542,0.0006,175,True
P07032,Cleaning Spray,Household,Bioplastic (PLA),0.563,0.0003,527,True
P07033,Cleaning Spray,Household,Bamboo Fiber,0.261,0.0005,667,True
P07034,Cleaning Spray,Household,Bamboo Fiber,0.332,0.0005,473,True
P07035,Cleaning Spray,Household,Mushroom Mycelium,0.281,0.0004,611,True
P07036,Cleaning Spray,Household,Bioplastic (PLA),0.571,0.0005,266,True
P07037,Cleaning Spray,Household,Bamboo Fiber,0.478,0.0004,170,True
P07038,Cleaning Spray,Household,Bioplastic (PLA),0.587,0.0003,633,True
P07039,Cleaning Spray,Household,Recycled Cardboard,0.413,0.0006,541,True
P07040,Cleaning Spray,Household,Bioplastic (PLA),0.406,0.0004,631,True
P07041,Cleaning Spray,Household,Bioplastic (PLA),0.385,0.0004,80,True
P07042,Cleaning Spray,Household,Bagasse,0.525,0.0004,696,True
P07043,Cleaning Spray,Household,Bamboo Fiber,0.426,0.0004,704,True
P07044,Cleaning Spray,Household,Bagasse,0.355,0.0004,385,True
P07045,Cleaning Spray,Household,Recycled Cardboard,0.475,0.0004,498,True
P07046,Cleaning Spray,Household,Bamboo Fiber,0.586,0.0003,248,True
P07047,Cleaning Spray,Household,Bioplastic (PLA),0.425,0.0006,130,True
P07048,Cleaning Spray,Household,Bioplastic (PLA),0.367,0.0005,664,True
P07049,Cleaning Spray,Household,Mushroom Mycelium,0.361,0.0006,443,True
P07050,Cleaning Spray,Household,Mushroom Mycelium,0.471,0.0004,187,True
P07051,Cleaning Spray,Household,Mushroom Mycelium,0.315,0.0005,423,True
P07052,Cleaning Spray,Household,Bagasse,0.338,0.0006,703,True
P07053,Cleaning Spray,Household,Bioplastic (PLA),0.561,0.0004,625,True
P07054,Cleaning Spray,Household,Bioplastic (PLA),0.211,0.0004,290,True
P07055,Cleaning Spray,Household,Bamboo Fiber,0.452,0.0005,233,True
P07056,Cleaning Spray,Household,Bioplastic (PLA),0.277,0.0004,700,True
P07057,Cleaning Spray,Household,Bioplastic (PLA),0.262,0.0002,312,True
P07058,Cleaning Spray,Household,Bioplastic (PLA),0.38,0.0002,59,True
P07059,Cleaning Spray,Household,Mushroom Mycelium,0.35,0.0003,664,True
P07060,Cleaning Spray,Household,Recycled Cardboard,0.268,0.0005,726,True
P07061,Cleaning Spray,Household,Recycled Cardboard,0.344,0.0002,454,True
P07062,Cleaning Spray,Household,Recycled Cardboard,0.286,0.0002,437,True
P07063,Cleaning Spray,Household,Bioplastic (PLA),0.477,0.0005,349,True
P07064,Cleaning Spray,Household,Bagasse,0.223,0.0003,512,True
P07065,Cleaning Spray,Household,Bagasse,0.555,0.0003,545,True
P07066,Cleaning Spray,Household,Bagasse,0.232,0.0004,44,True
P07067,Cleaning Spray,Household,Mushroom Mycelium,0.565,0.0004,687,True
P07068,Cleaning Spray,Household,Bioplastic (PLA),0.439,0.0002,611,True
P07069,Cleaning Spray,Household,Bioplastic (PLA),0.448,0.0004,415,True
P07070,Cleaning Spray,Household,Bioplastic (PLA),0.31,0.0006,408,True
P07071,Cleaning Spray,Household,Bagasse,0.462,0.0004,524,True
P07072,Cleaning Spray,Household,Bioplastic (PLA),0.217,0.0002,430,True
P07073,Cleaning Spray,Household,Bamboo Fiber,0.557,0.0004,606,True
P07074,Cleaning Spray,Household,Bamboo Fiber,0.378,0.0006,192,True
P07075,Cleaning Spray,Household,Bioplastic (PLA),0.242,0.0005,295,True
P07076,Cleaning Spray,Household,Mushroom Mycelium,0.58,0.0006,674,True
P07077,Cleaning Spray,Household,Bamboo Fiber,0.229,0.0002,372,True
P07078,Cleaning Spray,Household,Mushroom Mycelium,0.437,0.0004,631,True
P07079,Cleaning Spray,Household,Recycled Cardboard,0.262,0.0006,322,True
P07080,Cleaning Spray,Household,Bioplastic (PLA),0.587,0.0004,591,True
P07081,Cleaning Spray,Household,Bamboo Fiber,0.573,0.0002,114,True
P07082,Cleaning Spray,Household,Mushroom Mycelium,0.306,0.0005,245,True
P07083,Cleaning Spray,Household,Bagasse,0.44,0.0004,718,True
P07084,Cleaning Spray,Household,Bioplastic (PLA),0.277,0.0004,381,True
P07085,Cleaning Spray,Household,Mushroom Mycelium,0.517,0.0003,584,True
P07086,Cleaning Spray,Household,Bagasse,0.201,0.0003,532,True
P07087,Cleaning Spray,Household,Bioplastic (PLA),0.283,0.0006,657,True
P07088,Cleaning Spray,Household,Bagasse,0.476,0.0003,151,True
P07089,Cleaning Spray,Household,Bioplastic (PLA),0.264,0.0004,607,True
P07090,Cleaning Spray,Household,Bioplastic (PLA),0.216,0.0003,96,True
P07091,Cleaning Spray,Household,Bioplastic (PLA),0.258,0.0003,406,True
P07092,Cleaning Spray,Household,Bagasse,0.46,0.0003,383,True
P07093,Cleaning Spray,Household,Bagasse,0.5,0.0002,680,True
P07094,Cleaning Spray,Household,Recycled Cardboard,0.463,0.0003,58,True
P07095,Cleaning Spray,Household,Mushroom Mycelium,0.22,0.0005,79,True
P07096,Cleaning Spray,Household,Mushroom Mycelium,0.371,0.0005,251,True
P07097,Cleaning Spray,Household,Bagasse,0.275,0.0005,421,True
P07098,Cleaning Spray,Household,Recycled Cardboard,0.358,0.0005,38,True
P07099,Cleaning Spray,Household,Bagasse,0.209,0.0003,538,True
P07100,Cleaning Spray,Household,Recycled Cardboard,0.398,0.0006,83,True
P07101,Cleaning Spray,Household,Bioplastic (PLA),0.335,0.0004,360,True
P07102,Cleaning Spray,Household,Recycled Cardboard,0.31,0.0004,483,True
P07103,Cleaning Spray,Household,Recycled Cardboard,0.316,0.0005,325,True
P07104,Cleaning Spray,Household,Mushroom Mycelium,0.434,0.0003,633,True
P07105,Cleaning Spray,Household,Bagasse,0.537,0.0002,378,True
P07106,Cleaning Spray,Household,Mushroom Mycelium,0.411,0.0004,325,True
P07107,Cleaning Spray,Household,Bagasse,0.352,0.0003,159,True
P07108,Cleaning Spray,Household,Bioplastic (PLA),0.546,0.0003,75,True
P07109,Cleaning Spray,Household,Bamboo Fiber,0.575,0.0005,628,True
P07110,Cleaning Spray,Household,Bagasse,0.282,0.0005,630,True
P07111,Cleaning Spray,Household,Bagasse,0.306,0.0003,266,True
P07112,Cleaning Spray,Household,Mushroom Mycelium,0.512,0.0005,467,True
P07113,Cleaning Spray,Household,Recycled Cardboard,0.28,0.0006,505,True
P07114,Cleaning Spray,Household,Bioplastic (PLA),0.42,0.0006,517,True
P07115,Cleaning Spray,Household,Mushroom Mycelium,0.385,0.0005,367,True
P07116,Cleaning Spray,Household,Bamboo Fiber,0.481,0.0003,228,True
P07117,Cleaning Spray,Household,Mushroom Mycelium,0.327,0.0006,216,True
P07118,Cleaning Spray,Household,Mushroom Mycelium,0.323,0.0005,412,True
P07119,Cleaning Spray,Household,Bagasse,0.216,0.0003,519,True
P07120,Cleaning Spray,Household,Mushroom Mycelium,0.31,0.0003,679,True
P07121,Cleaning Spray,Household,Bamboo Fiber,0.489,0.0005,342,True
P07122,Cleaning Spray,Household,Mushroom Mycelium,0.335,0.0006,494,True
P07123,Cleaning Spray,Household,Bamboo Fiber,0.295,0.0005,488,True
P07124,Cleaning Spray,Household,Recycled Cardboard,0.22,0.0005,602,True
P07125,Cleaning Spray,Household,Bamboo Fiber,0.581,0.0006,725,True
P07126,Cleaning Spray,Household,Bamboo Fiber,0.217,0.0006,110,True
P07127,Cleaning Spray,Household,Bagasse,0.309,0.0003,529,True
P07128,Cleaning Spray,Household,Bioplastic (PLA),0.259,0.0005,651,True
P07129,Cleaning Spray,Household,Bioplastic (PLA),0.356,0.0004,293,True
P07130,Cleaning Spray,Household,Mushroom Mycelium,0.525,0.0004,337,True
P07131,Cleaning Spray,Household,Mushroom Mycelium,0.349,0.0005,279,True
P07132,Cleaning Spray,Household,Recycled Cardboard,0.308,0.0006,167,True
P07133,Cleaning Spray,Household,Mushroom Mycelium,0.414,0.0003,391,True
P07134,Cleaning Spray,Household,Bagasse,0.401,0.0005,318,True
P07135,Cleaning Spray,Household,Mushroom Mycelium,0.245,0.0003,695,True
P07136,Cleaning Spray,Household,Bioplastic (PLA),0.547,0.0006,185,True
P07137,Cleaning Spray,Household,Mushroom Mycelium,0.221,0.0003,588,True
P07138,Cleaning Spray,Household,Bagasse,0.497,0.0005,437,True
P07139,Cleaning Spray,Household,Bagasse,0.373,0.0003,678,True
P07140,Cleaning Spray,Household,Bagasse,0.598,0.0003,602,True
P07141,Cleaning Spray,Household,Bamboo Fiber,0.505,0.0003,408,True
P07142,Cleaning Spray,Household,Bagasse,0.346,0.0002,147,True
P07143,Cleaning Spray,Household,Mushroom Mycelium,0.407,0.0004,173,True
P07144,Cleaning Spray,Household,Bioplastic (PLA),0.354,0.0004,544,True
P07145,Cleaning Spray,Household,Bioplastic (PLA),0.5,0.0006,608,True
P07146,Cleaning Spray,Household,Recycled Cardboard,0.376,0.0003,640,True
P07147,Cleaning Spray,Household,Bioplastic (PLA),0.246,0.0006,182,True
P07148,Cleaning Spray,Household,Bamboo Fiber,0.552,0.0004,466,True
P07149,Cleaning Spray,Household,Bagasse,0.484,0.0005,448,True
P07150,Cleaning Spray,Household,Mushroom Mycelium,0.214,0.0005,678,True
P07151,Cleaning Spray,Household,Recycled Cardboard,0.407,0.0005,148,True
P07152,Cleaning Spray,Household,Bamboo Fiber,0.553,0.0005,508,True
P07153,Cleaning Spray,Household,Recycled Cardboard,0.512,0.0003,726,True
P07154,Cleaning Spray,Household,Recycled Cardboard,0.425,0.0005,266,True
P07155,Cleaning Spray,Household,Recycled Cardboard,0.348,0.0004,634,True
P07156,Cleaning Spray,Household,Mushroom Mycelium,0.426,0.0003,79,True
P07157,Cleaning Spray,Household,Mushroom Mycelium,0.556,0.0003,694,True
P07158,Cleaning Spray,Household,Bioplastic (PLA),0.298,0.0006,406,True
P07159,Cleaning Spray,Household,Mushroom Mycelium,0.239,0.0005,568,True
P07160,Cleaning Spray,Household,Bioplastic (PLA),0.417,0.0006,71,True
P07161,Cleaning Spray,Household,Bamboo Fiber,0.508,0.0003,291,True
P07162,Cleaning Spray,Household,Bagasse,0.571,0.0002,122,True
P07163,Cleaning Spray,Household,Bagasse,0.218,0.0006,551,True
P07164,Cleaning Spray,Household,Bioplastic (PLA),0.509,0.0002,626,True
P07165,Cleaning Spray,Household,Bioplastic (PLA),0.261,0.0005,106,True
P07166,Cleaning Spray,Household,Bamboo Fiber,0.561,0.0002,459,True
P07167,Cleaning Spray,Household,Bagasse,0.367,0.0004,614,True
P07168,Cleaning Spray,Household,Bioplastic (PLA),0.46,0.0006,687,True
P07169,Cleaning Spray,Household,Recycled Cardboard,0.541,0.0003,566,True
P07170,Cleaning Spray,Household,Mushroom Mycelium,0.502,0.0004,548,True
P07171,Cleaning Spray,Household,Mushroom Mycelium,0.539,0.0003,613,True
P07172,Cleaning Spray,Household,Bioplastic (PLA),0.314,0.0002,409,True
P07173,Cleaning Spray,Household,Bagasse,0.552,0.0005,725,True
P07174,Cleaning Spray,Household,Bioplastic (PLA),0.586,0.0006,384,True
P07175,Cleaning Spray,Household,Bagasse,0.323,0.0003,208,True
P07176,Cleaning Spray,Household,Bamboo Fiber,0.496,0.0004,198,True
P07177,Cleaning Spray,Household,Mushroom Mycelium,0.216,0.0005,579,True
P07178,Cleaning Spray,Household,Bagasse,0.218,0.0006,370,True
P07179,Cleaning Spray,Household,Bagasse,0.32,0.0003,349,True
P07180,Cleaning Spray,Household,Bamboo Fiber,0.507,0.0006,77,True
P07181,Cleaning Spray,Household,Recycled Cardboard,0.518,0.0002,658,True
P07182,Cleaning Spray,Household,Bagasse,0.568,0.0003,44,True
P07183,Cleaning Spray,Household,Mushroom Mycelium,0.336,0.0003,713,True
P07184,Cleaning Spray,Household,Mushroom Mycelium,0.416,0.0002,720,True
P07185,Cleaning Spray,Household,Mushroom Mycelium,0.244,0.0003,629,True
P07186,Cleaning Spray,Household,Bagasse,0.511,0.0003,640,True
P07187,Cleaning Spray,Household,Bioplastic (PLA),0.473,0.0004,49,True
P07188,Cleaning Spray,Household,Bioplastic (PLA),0.411,0.0004,472,True
P07189,Cleaning Spray,Household,Bamboo Fiber,0.407,0.0005,334,True
P07190,Cleaning Spray,Household,Bamboo Fiber,0.541,0.0002,107,True
P07191,Cleaning Spray,Household,Recycled Cardboard,0.288,0.0003,412,True
P07192,Cleaning Spray,Household,Mushroom Mycelium,0.52,0.0004,314,True
P07193,Cleaning Spray,Household,Bamboo Fiber,0.267,0.0004,77,True
P07194,Cleaning Spray,Household,Bamboo Fiber,0.308,0.0005,32,True
P07195,Cleaning Spray,Household,Mushroom Mycelium,0.272,0.0004,210,True
P07196,Cleaning Spray,Household,Bamboo Fiber,0.367,0.0004,606,True
P07197,Cleaning Spray,Household,Recycled Cardboard,0.583,0.0005,388,True
P07198,Cleaning Spray,Household,Bioplastic (PLA),0.385,0.0004,594,True
P07199,Cleaning Spray,Household,Bagasse,0.546,0.0004,194,True
P07200,Cleaning Spray,Household,Mushroom Mycelium,0.58,0.0005,168,True
P07201,Cleaning Spray,Household,Bamboo Fiber,0.333,0.0004,324,True
P07202,Cleaning Spray,Household,Recycled Cardboard,0.446,0.0004,704,True
P07203,Cleaning Spray,Household,Bioplastic (PLA),0.513,0.0004,476,True
P07204,Cleaning Spray,Household,Recycled Cardboard,0.555,0.0002,283,True
P07205,Cleaning Spray,Household,Bioplastic (PLA),0.48,0.0003,217,True
P07206,Cleaning Spray,Household,Recycled Cardboard,0.59,0.0005,212,True
P07207,Cleaning Spray,Household,Bioplastic (PLA),0.474,0.0004,654,True
P07208,Cleaning Spray,Household,Bamboo Fiber,0.366,0.0005,719,True
P07209,Cleaning Spray,Household,Bamboo Fiber,0.448,0.0003,136,True
P07210,Cleaning Spray,Household,Bioplastic (PLA),0.469,0.0005,626,True
P07211,Cleaning Spray,Household,Recycled Cardboard,0.573,0.0004,252,True
P07212,Cleaning Spray,Household,Bamboo Fiber,0.234,0.0003,609,True
P07213,Cleaning Spray,Household,Mushroom Mycelium,0.309,0.0003,236,True
P07214,Cleaning Spray,Household,Bagasse,0.299,0.0005,633,True
P07215,Cleaning Spray,Household,Bioplastic (PLA),0.562,0.0005,160,True
P07216,Cleaning Spray,Household,Bioplastic (PLA),0.338,0.0003,227,True
P07217,Cleaning Spray,Household,Bagasse,0.455,0.0005,595,True
P07218,Cleaning Spray,Household,Bioplastic (PLA),0.343,0.0003,634,True
P07219,Cleaning Spray,Household,Bamboo Fiber,0.42,0.0003,213,True
P07220,Cleaning Spray,Household,Bioplastic (PLA),0.4,0.0003,119,True
P07221,Cleaning Spray,Household,Mushroom Mycelium,0.256,0.0005,227,True
P07222,Cleaning Spray,Household,Bioplastic (PLA),0.397,0.0006,274,True
P07223,Cleaning Spray,Household,Bamboo Fiber,0.212,0.0004,437,True
P07224,Cleaning Spray,Household,Mushroom Mycelium,0.349,0.0003,231,True
P07225,Cleaning Spray,Household,Mushroom Mycelium,0.306,0.0004,143,True
P07226,Cleaning Spray,Household,Recycled Cardboard,0.532,0.0004,686,True
P07227,Cleaning Spray,Household,Mushroom Mycelium,0.339,0.0003,531,True
P07228,Cleaning Spray,Household,Bioplastic (PLA),0.443,0.0004,660,True
P07229,Cleaning Spray,Household,Bioplastic (PLA),0.289,0.0002,239,True
P07230,Cleaning Spray,Household,Bioplastic (PLA),0.275,0.0003,455,True
P07231,Cleaning Spray,Household,Bioplastic (PLA),0.297,0.0006,405,True
P07232,Cleaning Spray,Household,Bioplastic (PLA),0.294,0.0003,664,True
P07233,Cleaning Spray,Household,Bioplastic (PLA),0.213,0.0004,361,True
P07234,Cleaning Spray,Household,Bioplastic (PLA),0.311,0.0005,327,True
P07235,Cleaning Spray,Household,Recycled Cardboard,0.429,0.0005,694,True
P07236,Cleaning Spray,Household,Bagasse,0.317,0.0003,681,True
P07237,Cleaning Spray,Household,Recycled Cardboard,0.37,0.0006,421,True
P07238,Cleaning Spray,Household,Bamboo Fiber,0.22,0.0004,640,True
P07239,Cleaning Spray,Household,Mushroom Mycelium,0.387,0.0003,537,True
P07240,Cleaning Spray,Household,Bioplastic (PLA),0.344,0.0003,185,True
P07241,Cleaning Spray,Household,Bagasse,0.509,0.0002,652,True
P07242,Cleaning Spray,Household,Recycled Cardboard,0.203,0.0004,525,True
P07243,Cleaning Spray,Household,Recycled Cardboard,0.407,0.0003,99,True
P07244,Cleaning Spray,Household,Recycled Cardboard,0.201,0.0003,140,True
P07245,Cleaning Spray,Household,Mushroom Mycelium,0.273,0.0003,159,True
P07246,Cleaning Spray,Household,Bagasse,0.324,0.0005,139,True
P07247,Cleaning Spray,Household,Bioplastic (PLA),0.55,0.0003,542,True
P07248,Cleaning Spray,Household,Bamboo Fiber,0.556,0.0003,186,True
P07249,Cleaning Spray,Household,Recycled Cardboard,0.228,0.0004,525,True
P07250,Cleaning Spray,Household,Recycled Cardboard,0.286,0.0003,32,True
P07251,Cleaning Spray,Household,Recycled Cardboard,0.575,0.0004,520,True
P07252,Cleaning Spray,Household,Bioplastic (PLA),0.477,0.0004,528,True
P07253,Cleaning Spray,Household,Recycled Cardboard,0.247,0.0002,273,True
P07254,Cleaning Spray,Household,Bioplastic (PLA),0.428,0.0005,403,True
P07255,Cleaning Spray,Household,Recycled Cardboard,0.312,0.0002,401,True
P07256,Cleaning Spray,Household,Bamboo Fiber,0.524,0.0005,373,True
P07257,Cleaning Spray,Household,Bioplastic (PLA),0.471,0.0003,251,True
P07258,Cleaning Spray,Household,Bagasse,0.328,0.0004,285,True
P07259,Cleaning Spray,Household,Recycled Cardboard,0.515,0.0005,665,True
P07260,Cleaning Spray,Household,Bamboo Fiber,0.365,0.0002,616,True
P07261,Cleaning Spray,Household,Bioplastic (PLA),0.36,0.0005,484,True
P07262,Cleaning Spray,Household,Bagasse,0.464,0.0003,560,True
P07263,Cleaning Spray,Household,Mushroom Mycelium,0.235,0.0003,335,True
P07264,Cleaning Spray,Household,Mushroom Mycelium,0.23,0.0003,638,True
P07265,Cleaning Spray,Household,Bagasse,0.566,0.0002,447,True
P07266,Cleaning Spray,Household,Bagasse,0.323,0.0003,640,True
P07267,Cleaning Spray,Household,Bamboo Fiber,0.511,0.0004,55,True
P07268,Cleaning Spray,Household,Bagasse,0.6,0.0005,322,True
P07269,Cleaning Spray,Household,Recycled Cardboard,0.249,0.0005,130,True
P07270,Cleaning Spray,Household,Bagasse,0.576,0.0006,543,True
P07271,Cleaning Spray,Household,Bioplastic (PLA),0.468,0.0004,276,True
P07272,Cleaning Spray,Household,Mushroom Mycelium,0.41,0.0004,420,True
P07273,Cleaning Spray,Household,Bioplastic (PLA),0.356,0.0002,666,True
P07274,Cleaning Spray,Household,Bioplastic (PLA),0.275,0.0004,194,True
P07275,Cleaning Spray,Household,Recycled Cardboard,0.506,0.0006,507,True
P07276,Cleaning Spray,Household,Bamboo Fiber,0.544,0.0003,536,True
P07277,Cleaning Spray,Household,Bagasse,0.517,0.0002,375,True
P07278,Cleaning Spray,Household,Mushroom Mycelium,0.4,0.0004,333,True
P07279,Cleaning Spray,Household,Recycled Cardboard,0.342,0.0006,422,True
P07280,Cleaning Spray,Household,Bioplastic (PLA),0.528,0.0003,621,True
P07281,Cleaning Spray,Household,Mushroom Mycelium,0.564,0.0005,104,True
P07282,Cleaning Spray,Household,Bagasse,0.343,0.0004,67,True
P07283,Cleaning Spray,Household,Bagasse,0.416,0.0002,156,True
P07284,Cleaning Spray,Household,Bagasse,0.375,0.0002,330,True
P07285,Cleaning Spray,Household,Recycled Cardboard,0.358,0.0003,679,True
P07286,Cleaning Spray,Household,Recycled Cardboard,0.448,0.0004,444,True
P07287,Cleaning Spray,Household,Bagasse,0.312,0.0003,394,True
P07288,Cleaning Spray,Household,Bioplastic (PLA),0.526,0.0004,514,True
P07289,Cleaning Spray,Household,Bamboo Fiber,0.345,0.0006,258,True
P07290,Cleaning Spray,Household,Bagasse,0.338,0.0006,560,True
P07291,Cleaning Spray,Household,Mushroom Mycelium,0.383,0.0004,228,True
P07292,Cleaning Spray,Household,Bagasse,0.436,0.0003,242,True
P07293,Cleaning Spray,Household,Recycled Cardboard,0.2,0.0005,455,True
P07294,Cleaning Spray,Household,Bioplastic (PLA),0.242,0.0003,495,True
P07295,Cleaning Spray,Household,Bamboo Fiber,0.246,0.0003,283,True
P07296,Cleaning Spray,Household,Bioplastic (PLA),0.48,0.0003,611,True
P07297,Cleaning Spray,Household,Bagasse,0.486,0.0005,219,True
P07298,Cleaning Spray,Household,Bioplastic (PLA),0.242,0.0003,45,True
P07299,Cleaning Spray,Household,Recycled Cardboard,0.24,0.0004,317,True
P07300,Cleaning Spray,Household,Bamboo Fiber,0.539,0.0006,604,True
P07301,Cleaning Spray,Household,Recycled Cardboard,0.48,0.0004,528,True
P07302,Cleaning Spray,Household,Mushroom Mycelium,0.258,0.0003,99,True
P07303,Cleaning Spray,Household,Recycled Cardboard,0.295,0.0004,493,True
P07304,Cleaning Spray,Household,Recycled Cardboard,0.527,0.0004,126,True
P07305,Cleaning Spray,Household,Bioplastic (PLA),0.24,0.0003,664,True
P07306,Cleaning Spray,Household,Bamboo Fiber,0.261,0.0006,67,True
P07307,Cleaning Spray,Household,Mushroom Mycelium,0.225,0.0006,513,True
P07308,Cleaning Spray,Household,Recycled Cardboard,0.405,0.0004,55,True
P07309,Cleaning Spray,Household,Bamboo Fiber,0.265,0.0005,160,True
P07310,Cleaning Spray,Household,Mushroom Mycelium,0.585,0.0005,564,True
P07311,Cleaning Spray,Household,Bamboo Fiber,0.496,0.0005,547,True
P07312,Cleaning Spray,Household,Recycled Cardboard,0.271,0.0003,372,True
P07313,Cleaning Spray,Household,Bagasse,0.308,0.0004,265,True
P07314,Cleaning Spray,Household,Bagasse,0.317,0.0003,114,True
P07315,Cleaning Spray,Household,Recycled Cardboard,0.221,0.0005,335,True
P07316,Cleaning Spray,Household,Bioplastic (PLA),0.362,0.0005,48,True
P07317,Cleaning Spray,Household,Bioplastic (PLA),0.23,0.0004,247,True
P07318,Cleaning Spray,Household,Bamboo Fiber,0.337,0.0004,555,True
P07319,Cleaning Spray,Household,Bamboo Fiber,0.205,0.0005,723,True
P07320,Cleaning Spray,Household,Bioplastic (PLA),0.478,0.0004,526,True
P07321,Cleaning Spray,Household,Bagasse,0.261,0.0003,335,True
P07322,Cleaning Spray,Household,Mushroom Mycelium,0.228,0.0006,100,True
P07323,Cleaning Spray,Household,Bioplastic (PLA),0.386,0.0003,549,True
P07324,Cleaning Spray,Household,Bamboo Fiber,0.248,0.0004,415,True
P07325,Cleaning Spray,Household,Bagasse,0.542,0.0002,460,True
P07326,Cleaning Spray,Household,Recycled Cardboard,0.353,0.0003,590,True
P07327,Cleaning Spray,Household,Mushroom Mycelium,0.499,0.0005,635,True
P07328,Cleaning Spray,Household,Recycled Cardboard,0.582,0.0006,276,True
P07329,Cleaning Spray,Household,Bagasse,0.533,0.0005,561,True
P07330,Cleaning Spray,Household,Bioplastic (PLA),0.58,0.0004,423,True
P07331,Cleaning Spray,Household,Bamboo Fiber,0.297,0.0003,157,True
P07332,Cleaning Spray,Household,Recycled Cardboard,0.223,0.0004,74,True
P07333,Cleaning Spray,Household,Bioplastic (PLA),0.44,0.0002,282,True
P07334,Cleaning Spray,Household,Bioplastic (PLA),0.37,0.0002,202,True
P07335,Cleaning Spray,Household,Bioplastic (PLA),0.367,0.0005,324,True
P07336,Cleaning Spray,Household,Bagasse,0.323,0.0003,608,True
P07337,Cleaning Spray,Household,Bagasse,0.4,0.0006,295,True
P07338,Cleaning Spray,Household,Bamboo Fiber,0.306,0.0003,218,True
P07339,Cleaning Spray,Household,Mushroom Mycelium,0.478,0.0003,527,True
P07340,Cleaning Spray,Household,Bamboo Fiber,0.541,0.0005,212,True
P07341,Cleaning Spray,Household,Bioplastic (PLA),0.378,0.0005,52,True
P07342,Cleaning Spray,Household,Bioplastic (PLA),0.54,0.0004,257,True
P07343,Cleaning Spray,Household,Bamboo Fiber,0.588,0.0004,68,True
P07344,Cleaning Spray,Household,Bamboo Fiber,0.378,0.0004,611,True
P07345,Cleaning Spray,Household,Mushroom Mycelium,0.564,0.0002,143,True
P07346,Cleaning Spray,Household,Mushroom Mycelium,0.291,0.0002,77,True
P07347,Cleaning Spray,Household,Bioplastic (PLA),0.264,0.0003,426,True
P07348,Cleaning Spray,Household,Bioplastic (PLA),0.375,0.0005,729,True
P07349,Cleaning Spray,Household,Bamboo Fiber,0.485,0.0003,172,True
P07350,Cleaning Spray,Household,Bamboo Fiber,0.315,0.0003,273,True
P07351,Cleaning Spray,Household,Bioplastic (PLA),0.498,0.0005,513,True
P07352,Cleaning Spray,Household,Bioplastic (PLA),0.548,0.0006,411,True
P07353,Cleaning Spray,Household,Bioplastic (PLA),0.374,0.0004,546,True
P07354,Cleaning Spray,Household,Recycled Cardboard,0.587,0.0003,701,True
P07355,Cleaning Spray,Household,Recycled Cardboard,0.204,0.0003,234,True
P07356,Cleaning Spray,Household,Bamboo Fiber,0.454,0.0005,638,True
P07357,Cleaning Spray,Household,Bamboo Fiber,0.366,0.0002,707,True
P07358,Cleaning Spray,Household,Bioplastic (PLA),0.504,0.0005,674,True
P07359,Cleaning Spray,Household,Mushroom Mycelium,0.432,0.0005,97,True
P07360,Cleaning Spray,Household,Bioplastic (PLA),0.549,0.0006,453,True
P07361,Cleaning Spray,Household,Recycled Cardboard,0.229,0.0005,526,True
P07362,Cleaning Spray,Household,Bamboo Fiber,0.37,0.0004,677,True
P07363,Cleaning Spray,Household,Recycled Cardboard,0.561,0.0002,588,True
P07364,Cleaning Spray,Household,Bagasse,0.34,0.0004,551,True
P07365,Cleaning Spray,Household,Recycled Cardboard,0.408,0.0006,653,True
P07366,Cleaning Spray,Household,Bamboo Fiber,0.315,0.0004,253,True
P07367,Cleaning Spray,Household,Bioplastic (PLA),0.486,0.0006,264,True
P07368,Cleaning Spray,Household,Recycled Cardboard,0.378,0.0003,392,True
P07369,Cleaning Spray,Household,Mushroom Mycelium,0.396,0.0003,485,True
P07370,Cleaning Spray,Household,Bamboo Fiber,0.472,0.0004,582,True
P07371,Cleaning Spray,Household,Bagasse,0.596,0.0004,210,True
P07372,Cleaning Spray,Household,Bagasse,0.279,0.0004,453,True
P07373,Cleaning Spray,Household,Mushroom Mycelium,0.495,0.0006,129,True
P07374,Cleaning Spray,Household,Bagasse,0.587,0.0004,136,True
P07375,Cleaning Spray,Household,Recycled Cardboard,0.353,0.0004,342,True
P07376,Cleaning Spray,Household,Bagasse,0.486,0.0005,115,True
P07377,Cleaning Spray,Household,Bamboo Fiber,0.321,0.0006,724,True
P07378,Cleaning Spray,Household,Mushroom Mycelium,0.222,0.0005,139,True
P07379,Cleaning Spray,Household,Bagasse,0.241,0.0004,198,True
P07380,Cleaning Spray,Household,Bamboo Fiber,0.302,0.0004,728,True
P07381,Cleaning Spray,Household,Recycled Cardboard,0.556,0.0003,200,True
P07382,Cleaning Spray,Household,Bioplastic (PLA),0.58,0.0004,429,True
P07383,Cleaning Spray,Household,Bioplastic (PLA),0.465,0.0005,694,True
P07384,Cleaning Spray,Household,Bioplastic (PLA),0.515,0.0006,271,True
P07385,Cleaning Spray,Household,Bamboo Fiber,0.277,0.0005,132,True
P07386,Cleaning Spray,Household,Recycled Cardboard,0.459,0.0004,594,True
P07387,Cleaning Spray,Household,Mushroom Mycelium,0.521,0.0002,512,True
P07388,Cleaning Spray,Household,Bioplastic (PLA),0.582,0.0005,280,True
P07389,Cleaning Spray,Household,Mushroom Mycelium,0.23,0.0003,140,True
P07390,Cleaning Spray,Household,Bamboo Fiber,0.478,0.0004,379,True
P07391,Cleaning Spray,Household,Bioplastic (PLA),0.329,0.0003,588,True
P07392,Cleaning Spray,Household,Bamboo Fiber,0.506,0.0005,579,True
P07393,Cleaning Spray,Household,Bamboo Fiber,0.312,0.0006,461,True
P07394,Cleaning Spray,Household,Bioplastic (PLA),0.206,0.0005,256,True
P07395,Cleaning Spray,Household,Mushroom Mycelium,0.505,0.0003,426,True
P07396,Cleaning Spray,Household,Recycled Cardboard,0.404,0.0005,465,True
P07397,Cleaning Spray,Household,Bagasse,0.379,0.0003,681,True
P07398,Cleaning Spray,Household,Bioplastic (PLA),0.322,0.0005,168,True
P07399,Cleaning Spray,Household,Bamboo Fiber,0.505,0.0004,112,True
P07400,Cleaning Spray,Household,Recycled Cardboard,0.224,0.0006,187,True
P07401,Cleaning Spray,Household,Bioplastic (PLA),0.494,0.0004,84,True
P07402,Cleaning Spray,Household,Bamboo Fiber,0.383,0.0003,139,True
P07403,Cleaning Spray,Household,Bioplastic (PLA),0.295,0.0005,82,True
P07404,Cleaning Spray,Household,Bagasse,0.429,0.0005,585,True
P07405,Cleaning Spray,Household,Bagasse,0.346,0.0002,75,True
P07406,Cleaning Spray,Household,Bamboo Fiber,0.567,0.0004,206,True
P07407,Cleaning Spray,Household,Bagasse,0.408,0.0005,160,True
P07408,Cleaning Spray,Household,Recycled Cardboard,0.549,0.0006,247,True
P07409,Cleaning Spray,Household,Bamboo Fiber,0.3,0.0005,472,True
P07410,Cleaning Spray,Household,Recycled Cardboard,0.583,0.0003,298,True
P07411,Cleaning Spray,Household,Bagasse,0.431,0.0002,292,True
P07412,Cleaning Spray,Household,Mushroom Mycelium,0.223,0.0004,56,True
P07413,Cleaning Spray,Household,Recycled Cardboard,0.341,0.0004,502,True
P07414,Cleaning Spray,Household,Recycled Cardboard,0.381,0.0005,160,True
P07415,Cleaning Spray,Household,Recycled Cardboard,0.481,0.0002,352,True
P07416,Cleaning Spray,Household,Recycled Cardboard,0.441,0.0004,619,True
P07417,Cleaning Spray,Household,Mushroom Mycelium,0.298,0.0005,402,True
P07418,Cleaning Spray,Household,Mushroom Mycelium,0.582,0.0004,470,True
P07419,Cleaning Spray,Household,Bamboo Fiber,0.36,0.0004,61,True
P07420,Cleaning Spray,Household,Mushroom Mycelium,0.344,0.0002,80,True
P07421,Cleaning Spray,Household,Bioplastic (PLA),0.307,0.0006,389,True
P07422,Cleaning Spray,Household,Bioplastic (PLA),0.519,0.0005,44,True
P07423,Cleaning Spray,Household,Mushroom Mycelium,0.501,0.0003,123,True
P07424,Cleaning Spray,Household,Bamboo Fiber,0.54,0.0002,62,True
P07425,Cleaning Spray,Household,Recycled Cardboard,0.28,0.0003,476,True
P07426,Cleaning Spray,Household,Mushroom Mycelium,0.272,0.0003,352,True
P07427,Cleaning Spray,Household,Bagasse,0.363,0.0003,633,True
P07428,Cleaning Spray,Household,Mushroom Mycelium,0.497,0.0003,485,True
P07429,Cleaning Spray,Household,Bioplastic (PLA),0.352,0.0005,658,True
P07430,Cleaning Spray,Household,Mushroom Mycelium,0.534,0.0003,319,True
P07431,Cleaning Spray,Household,Mushroom Mycelium,0.318,0.0005,132,True
P07432,Cleaning Spray,Household,Bamboo Fiber,0.276,0.0006,278,True
P07433,Cleaning Spray,Household,Mushroom Mycelium,0.52,0.0005,220,True
P07434,Cleaning Spray,Household,Mushroom Mycelium,0.45,0.0005,458,True
P07435,Cleaning Spray,Household,Bagasse,0.281,0.0003,650,True
P07436,Cleaning Spray,Household,Mushroom Mycelium,0.467,0.0005,124,True
P07437,Cleaning Spray,Household,Bagasse,0.513,0.0004,63,True
P07438,Cleaning Spray,Household,Mushroom Mycelium,0.337,0.0004,425,True
P07439,Cleaning Spray,Household,Mushroom Mycelium,0.345,0.0002,143,True
P07440,Cleaning Spray,Household,Mushroom Mycelium,0.538,0.0002,525,True
P07441,Cleaning Spray,Household,Bamboo Fiber,0.206,0.0006,578,True
P07442,Cleaning Spray,Household,Recycled Cardboard,0.225,0.0006,199,True
P07443,Cleaning Spray,Household,Bamboo Fiber,0.215,0.0005,205,True
P07444,Cleaning Spray,Household,Mushroom Mycelium,0.406,0.0004,175,True
P07445,Cleaning Spray,Household,Recycled Cardboard,0.24,0.0006,562,True
P07446,Cleaning Spray,Household,Bagasse,0.219,0.0004,221,True
P07447,Cleaning Spray,Household,Bioplastic (PLA),0.512,0.0005,70,True
P07448,Cleaning Spray,Household,Bioplastic (PLA),0.391,0.0005,554,True
P07449,Cleaning Spray,Household,Recycled Cardboard,0.473,0.0002,103,True
P07450,Cleaning Spray,Household,Bamboo Fiber,0.597,0.0004,352,True
P07451,Cleaning Spray,Household,Recycled Cardboard,0.336,0.0006,350,True
P07452,Cleaning Spray,Household,Bagasse,0.313,0.0004,420,True
P07453,Cleaning Spray,Household,Bioplastic (PLA),0.202,0.0004,502,True
P07454,Cleaning Spray,Household,Mushroom Mycelium,0.501,0.0005,722,True
P07455,Cleaning Spray,Household,Bagasse,0.315,0.0006,577,True
P07456,Cleaning Spray,Household,Mushroom Mycelium,0.477,0.0003,316,True
P07457,Cleaning Spray,Household,Recycled Cardboard,0.333,0.0004,210,True
P07458,Cleaning Spray,Household,Bioplastic (PLA),0.245,0.0006,330,True
P07459,Cleaning Spray,Household,Recycled Cardboard,0.354,0.0003,543,True
P07460,Cleaning Spray,Household,Recycled Cardboard,0.328,0.0002,147,True
P07461,Cleaning Spray,Household,Bagasse,0.208,0.0005,279,True
P07462,Cleaning Spray,Household,Bagasse,0.26,0.0003,323,True
P07463,Cleaning Spray,Household,Recycled Cardboard,0.228,0.0003,506,True
P07464,Cleaning Spray,Household,Bagasse,0.247,0.0006,164,True
P07465,Cleaning Spray,Household,Mushroom Mycelium,0.591,0.0003,614,True
P07466,Cleaning Spray,Household,Recycled Cardboard,0.298,0.0004,355,True
P07467,Cleaning Spray,Household,Bagasse,0.342,0.0003,113,True
P07468,Cleaning Spray,Household,Mushroom Mycelium,0.327,0.0003,608,True
P07469,Cleaning Spray,Household,Bagasse,0.431,0.0004,148,True
P07470,Cleaning Spray,Household,Recycled Cardboard,0.538,0.0002,334,True
P07471,Cleaning Spray,Household,Bamboo Fiber,0.339,0.0005,294,True
P07472,Cleaning Spray,Household,Bioplastic (PLA),0.555,0.0005,275,True
P07473,Cleaning Spray,Household,Bamboo Fiber,0.281,0.0006,636,True
P07474,Cleaning Spray,Household,Recycled Cardboard,0.509,0.0002,716,True
P07475,Cleaning Spray,Household,Mushroom Mycelium,0.322,0.0003,398,True
P07476,Cleaning Spray,Household,Recycled Cardboard,0.548,0.0005,258,True
P07477,Cleaning Spray,Household,Recycled Cardboard,0.317,0.0002,549,True
P07478,Cleaning Spray,Household,Recycled Cardboard,0.459,0.0005,154,True
P07479,Cleaning Spray,Household,Bagasse,0.284,0.0006,308,True
P07480,Cleaning Spray,Household,Bioplastic (PLA),0.254,0.0002,358,True
P07481,Cleaning Spray,Household,Bioplastic (PLA),0.519,0.0005,432,True
P07482,Cleaning Spray,Household,Bamboo Fiber,0.332,0.0003,199,True
P07483,Cleaning Spray,Household,Mushroom Mycelium,0.378,0.0004,708,True
P07484,Cleaning Spray,Household,Bioplastic (PLA),0.513,0.0004,329,True
P07485,Cleaning Spray,Household,Recycled Cardboard,0.424,0.0003,190,True
P07486,Cleaning Spray,Household,Mushroom Mycelium,0.487,0.0005,349,True
P07487,Cleaning Spray,Household,Mushroom Mycelium,0.518,0.0003,338,True
P07488,Cleaning Spray,Household,Mushroom Mycelium,0.261,0.0005,232,True
P07489,Cleaning Spray,Household,Bagasse,0.214,0.0004,234,True
P07490,Cleaning Spray,Household,Recycled Cardboard,0.47,0.0005,186,True
P07491,Cleaning Spray,Household,Mushroom Mycelium,0.419,0.0004,464,True
P07492,Cleaning Spray,Household,Mushroom Mycelium,0.263,0.0005,145,True
P07493,Cleaning Spray,Household,Mushroom Mycelium,0.404,0.0004,289,True
P07494,Cleaning Spray,Household,Bioplastic (PLA),0.574,0.0003,128,True
P07495,Cleaning Spray,Household,Bagasse,0.216,0.0005,165,True
P07496,Cleaning Spray,Household,Bamboo Fiber,0.295,0.0004,620,True
P07497,Cleaning Spray,Household,Bamboo Fiber,0.215,0.0004,94,True
P07498,Cleaning Spray,Household,Mushroom Mycelium,0.438,0.0004,83,True
P07499,Cleaning Spray,Household,Bagasse,0.347,0.0004,395,True
P07500,Cleaning Spray,Household,Bamboo Fiber,0.468,0.0006,652,True
P07501,Trash Bag,Household,Mushroom Mycelium,0.887,0.0019,230,True
P07502,Trash Bag,Household,Bagasse,1.947,0.0009,648,True
P07503,Trash Bag,Household,Bagasse,1.961,0.0014,251,True
P07504,Trash Bag,Household,Bagasse,1.678,0.0014,30,True
P07505,Trash Bag,Household,Bioplastic (PLA),1.4,0.0012,476,True
P07506,Trash Bag,Household,Mushroom Mycelium,1.557,0.001,640,True
P07507,Trash Bag,Household,Recycled Cardboard,1.733,0.0009,283,True
P07508,Trash Bag,Household,Bioplastic (PLA),0.918,0.0018,155,True
P07509,Trash Bag,Household,Recycled Cardboard,1.944,0.001,149,True
P07510,Trash Bag,Household,Recycled Cardboard,1.896,0.0012,139,True
P07511,Trash Bag,Household,Mushroom Mycelium,1.593,0.0008,469,True
P07512,Trash Bag,Household,Bioplastic (PLA),1.192,0.0014,71,True
P07513,Trash Bag,Household,Mushroom Mycelium,1.691,0.0007,584,True
P07514,Trash Bag,Household,Mushroom Mycelium,1.133,0.0014,48,True
P07515,Trash Bag,Household,Bagasse,0.916,0.0005,280,True
P07516,Trash Bag,Household,Mushroom Mycelium,1.137,0.0007,399,True
P07517,Trash Bag,Household,Bioplastic (PLA),1.337,0.0012,208,True
P07518,Trash Bag,Household,Bioplastic (PLA),1.78,0.002,625,True
P07519,Trash Bag,Household,Bagasse,0.66,0.0009,193,True
P07520,Trash Bag,Household,Bioplastic (PLA),1.572,0.0017,679,True
P07521,Trash Bag,Household,Mushroom Mycelium,1.698,0.0017,551,True
P07522,Trash Bag,Household,Bagasse,0.536,0.0007,641,True
P07523,Trash Bag,Household,Mushroom Mycelium,0.985,0.0007,246,True
P07524,Trash Bag,Household,Recycled Cardboard,1.192,0.002,563,True
P07525,Trash Bag,Household,Bagasse,1.751,0.0019,547,True
P07526,Trash Bag,Household,Bamboo Fiber,0.613,0.0007,594,True
P07527,Trash Bag,Household,Bioplastic (PLA),1.927,0.0011,193,True
P07528,Trash Bag,Household,Bioplastic (PLA),1.543,0.0019,604,True
P07529,Trash Bag,Household,Mushroom Mycelium,1.577,0.0019,337,True
P07530,Trash Bag,Household,Mushroom Mycelium,0.647,0.0015,384,True
P07531,Trash Bag,Household,Mushroom Mycelium,1.917,0.0014,66,True
P07532,Trash Bag,Household,Mushroom Mycelium,1.739,0.0007,86,True
P07533,Trash Bag,Household,Bagasse,0.839,0.0016,597,True
P07534,Trash Bag,Household,Bagasse,1.39,0.0005,202,True
P07535,Trash Bag,Household,Bioplastic (PLA),1.95,0.0016,620,True
P07536,Trash Bag,Household,Recycled Cardboard,1.571,0.0018,290,True
P07537,Trash Bag,Household,Bagasse,0.762,0.0006,210,True
P07538,Trash Bag,Household,Bagasse,1.09,0.0017,138,True
P07539,Trash Bag,Household,Bagasse,1.835,0.0019,495,True
P07540,Trash Bag,Household,Bamboo Fiber,1.768,0.0017,375,True
P07541,Trash Bag,Household,Recycled Cardboard,0.697,0.0012,106,True
P07542,Trash Bag,Household,Bamboo Fiber,0.603,0.0017,328,True
P07543,Trash Bag,Household,Mushroom Mycelium,1.287,0.0016,689,True
P07544,Trash Bag,Household,Bamboo Fiber,0.913,0.0012,500,True
P07545,Trash Bag,Household,Recycled Cardboard,1.073,0.0013,535,True
P07546,Trash Bag,Household,Bioplastic (PLA),1.228,0.001,632,True
P07547,Trash Bag,Household,Bioplastic (PLA),1.96,0.0007,45,True
P07548,Trash Bag,Household,Bioplastic (PLA),0.583,0.0008,372,True
P07549,Trash Bag,Household,Recycled Cardboard,0.759,0.0012,585,True
P07550,Trash Bag,Household,Bioplastic (PLA),1.9,0.0016,627,True
P07551,Trash Bag,Household,Mushroom Mycelium,1.503,0.0018,441,True
P07552,Trash Bag,Household,Bioplastic (PLA),1.245,0.0009,119,True
P07553,Trash Bag,Household,Bagasse,1.761,0.0016,587,True
P07554,Trash Bag,Household,Bagasse,0.887,0.001,158,True
P07555,Trash Bag,Household,Recycled Cardboard,0.68,0.0011,716,True
P07556,Trash Bag,Household,Bamboo Fiber,0.528,0.0015,112,True
P07557,Trash Bag,Household,Bagasse,1.615,0.0014,183,True
P07558,Trash Bag,Household,Bioplastic (PLA),1.571,0.0009,309,True
P07559,Trash Bag,Household,Bamboo Fiber,0.684,0.0014,498,True
P07560,Trash Bag,Household,Mushroom Mycelium,1.495,0.0013,522,True
P07561,Trash Bag,Household,Bagasse,1.413,0.0017,338,True
P07562,Trash Bag,Household,Bamboo Fiber,0.73,0.0008,124,True
P07563,Trash Bag,Household,Recycled Cardboard,1.626,0.0019,36,True
P07564,Trash Bag,Household,Mushroom Mycelium,1.973,0.0015,442,True
P07565,Trash Bag,Household,Bagasse,1.059,0.002,671,True
P07566,Trash Bag,Household,Recycled Cardboard,0.502,0.0007,599,True
P07567,Trash Bag,Household,Bamboo Fiber,1.24,0.0013,630,True
P07568,Trash Bag,Household,Mushroom Mycelium,0.665,0.0012,142,True
P07569,Trash Bag,Household,Bioplastic (PLA),1.352,0.0005,98,True
P07570,Trash Bag,Household,Bamboo Fiber,1.244,0.0012,595,True
P07571,Trash Bag,Household,Bagasse,0.963,0.0011,549,True
P07572,Trash Bag,Household,Bioplastic (PLA),0.931,0.0012,141,True
P07573,Trash Bag,Household,Recycled Cardboard,1.742,0.0012,553,True
P07574,Trash Bag,Household,Recycled Cardboard,1.413,0.0019,317,True
P07575,Trash Bag,Household,Bamboo Fiber,1.005,0.0009,672,True
P07576,Trash Bag,Household,Bioplastic (PLA),1.069,0.0008,681,True
P07577,Trash Bag,Household,Mushroom Mycelium,0.95,0.0018,671,True
P07578,Trash Bag,Household,Mushroom Mycelium,0.848,0.0019,104,True
P07579,Trash Bag,Household,Bioplastic (PLA),1.764,0.0008,292,True
P07580,Trash Bag,Household,Mushroom Mycelium,1.52,0.0008,31,True
P07581,Trash Bag,Household,Recycled Cardboard,0.613,0.0017,618,True
P07582,Trash Bag,Household,Recycled Cardboard,1.258,0.0016,227,True
P07583,Trash Bag,Household,Recycled Cardboard,1.757,0.001,54,True
P07584,Trash Bag,Household,Recycled Cardboard,0.921,0.001,242,True
P07585,Trash Bag,Household,Mushroom Mycelium,1.516,0.0007,148,True
P07586,Trash Bag,Household,Mushroom Mycelium,0.723,0.0017,526,True
P07587,Trash Bag,Household,Bioplastic (PLA),1.598,0.0011,581,True
P07588,Trash Bag,Household,Mushroom Mycelium,1.802,0.0015,467,True
P07589,Trash Bag,Household,Mushroom Mycelium,0.722,0.0005,699,True
P07590,Trash Bag,Household,Bagasse,1.825,0.0014,297,True
P07591,Trash Bag,Household,Mushroom Mycelium,0.997,0.0018,173,True
P07592,Trash Bag,Household,Bamboo Fiber,1.657,0.0017,660,True
P07593,Trash Bag,Household,Bagasse,1.301,0.0011,187,True
P07594,Trash Bag,Household,Mushroom Mycelium,1.203,0.0019,478,True
P07595,Trash Bag,Household,Bagasse,1.375,0.0012,715,True
P07596,Trash Bag,Household,Recycled Cardboard,1.421,0.0014,534,True
P07597,Trash Bag,Household,Mushroom Mycelium,0.889,0.001,52,True
P07598,Trash Bag,Household,Mushroom Mycelium,0.822,0.0006,297,True
P07599,Trash Bag,Household,Bioplastic (PLA),1.008,0.0016,413,True
P07600,Trash Bag,Household,Bioplastic (PLA),0.74,0.0014,197,True
P07601,Trash Bag,Household,Mushroom Mycelium,1.774,0.0015,202,True
P07602,Trash Bag,Household,Recycled Cardboard,1.741,0.0017,300,True
P07603,Trash Bag,Household,Mushroom Mycelium,1.963,0.0007,137,True
P07604,Trash Bag,Household,Recycled Cardboard,0.626,0.0013,309,True
P07605,Trash Bag,Household,Mushroom Mycelium,1.09,0.0016,333,True
P07606,Trash Bag,Household,Bioplastic (PLA),0.757,0.0018,315,True
P07607,Trash Bag,Household,Bagasse,1.383,0.0007,272,True
P07608,Trash Bag,Household,Bamboo Fiber,0.764,0.0007,201,True
P07609,Trash Bag,Household,Mushroom Mycelium,0.819,0.0019,407,True
P07610,Trash Bag,Household,Bamboo Fiber,1.965,0.0017,263,True
P07611,Trash Bag,Household,Bioplastic (PLA),1.867,0.0009,510,True
P07612,Trash Bag,Household,Bioplastic (PLA),1.922,0.0018,293,True
P07613,Trash Bag,Household,Bamboo Fiber,1.683,0.0009,631,True
P07614,Trash Bag,Household,Mushroom Mycelium,1.437,0.0019,181,True
P07615,Trash Bag,Household,Bamboo Fiber,1.552,0.0015,244,True
P07616,Trash Bag,Household,Bagasse,0.822,0.0018,714,True
P07617,Trash Bag,Household,Bagasse,1.708,0.0009,360,True
P07618,Trash Bag,Household,Bagasse,0.715,0.0015,146,True
P07619,Trash Bag,Household,Bioplastic (PLA),0.705,0.0019,711,True
P07620,Trash Bag,Household,Bagasse,0.745,0.0017,390,True
P07621,Trash Bag,Household,Mushroom Mycelium,0.895,0.0017,105,True
P07622,Trash Bag,Household,Bioplastic (PLA),1.389,0.0016,659,True
P07623,Trash Bag,Household,Bamboo Fiber,1.741,0.0008,540,True
P07624,Trash Bag,Household,Bamboo Fiber,1.201,0.0017,514,True
P07625,Trash Bag,Household,Bioplastic (PLA),0.852,0.0018,444,True
P07626,Trash Bag,Household,Bamboo Fiber,1.084,0.0012,336,True
P07627,Trash Bag,Household,Bagasse,1.684,0.0013,419,True
P07628,Trash Bag,Household,Bagasse,1.98,0.0016,326,True
P07629,Trash Bag,Household,Mushroom Mycelium,1.958,0.0012,89,True
P07630,Trash Bag,Household,Mushroom Mycelium,1.712,0.0018,289,True
P07631,Trash Bag,Household,Mushroom Mycelium,1.179,0.0016,151,True
P07632,Trash Bag,Household,Recycled Cardboard,1.917,0.0011,513,True
P07633,Trash Bag,Household,Recycled Cardboard,1.706,0.0017,394,True
P07634,Trash Bag,Household,Mushroom Mycelium,0.986,0.0018,155,True
P07635,Trash Bag,Household,Bagasse,0.648,0.0012,399,True
P07636,Trash Bag,Household,Bamboo Fiber,0.648,0.0011,191,True
P07637,Trash Bag,Household,Bamboo Fiber,0.85,0.0007,584,True
P07638,Trash Bag,Household,Bioplastic (PLA),1.594,0.001,337,True
P07639,Trash Bag,Household,Mushroom Mycelium,1.416,0.0009,653,True
P07640,Trash Bag,Household,Mushroom Mycelium,0.95,0.0011,283,True
P07641,Trash Bag,Household,Mushroom Mycelium,1.853,0.0011,697,True
P07642,Trash Bag,Household,Mushroom Mycelium,0.64,0.0013,634,True
P07643,Trash Bag,Household,Recycled Cardboard,1.975,0.0008,624,True
P07644,Trash Bag,Household,Bagasse,0.893,0.0015,603,True
P07645,Trash Bag,Household,Bamboo Fiber,1.063,0.001,199,True
P07646,Trash Bag,Household,Mushroom Mycelium,1.797,0.0006,120,True
P07647,Trash Bag,Household,Recycled Cardboard,1.074,0.0009,214,True
P07648,Trash Bag,Household,Bagasse,1.804,0.0006,129,True
P07649,Trash Bag,Household,Bioplastic (PLA),1.643,0.0019,378,True
P07650,Trash Bag,Household,Bagasse,1.503,0.0013,165,True
P07651,Trash Bag,Household,Bioplastic (PLA),1.312,0.0011,43,True
P07652,Trash Bag,Household,Mushroom Mycelium,1.098,0.0018,254,True
P07653,Trash Bag,Household,Recycled Cardboard,0.669,0.0015,198,True
P07654,Trash Bag,Household,Recycled Cardboard,1.58,0.0007,641,True
P07655,Trash Bag,Household,Bagasse,1.823,0.0006,533,True
P07656,Trash Bag,Household,Mushroom Mycelium,1.656,0.0013,368,True
P07657,Trash Bag,Household,Bamboo Fiber,1.449,0.0011,210,True
P07658,Trash Bag,Household,Bioplastic (PLA),0.721,0.0017,59,True
P07659,Trash Bag,Household,Mushroom Mycelium,0.709,0.002,39,True
P07660,Trash Bag,Household,Bioplastic (PLA),1.884,0.0005,526,True
P07661,Trash Bag,Household,Mushroom Mycelium,0.801,0.0007,176,True
P07662,Trash Bag,Household,Bioplastic (PLA),1.788,0.0012,561,True
P07663,Trash Bag,Household,Bamboo Fiber,0.752,0.0017,308,True
P07664,Trash Bag,Household,Bioplastic (PLA),1.699,0.0017,295,True
P07665,Trash Bag,Household,Bioplastic (PLA),0.818,0.0007,208,True
P07666,Trash Bag,Household,Bioplastic (PLA),1.274,0.0016,280,True
P07667,Trash Bag,Household,Mushroom Mycelium,0.883,0.0016,138,True
P07668,Trash Bag,Household,Bagasse,1.856,0.0008,189,True
P07669,Trash Bag,Household,Bamboo Fiber,0.852,0.0006,708,True
P07670,Trash Bag,Household,Recycled Cardboard,1.511,0.0012,76,True
P07671,Trash Bag,Household,Mushroom Mycelium,1.022,0.0017,623,True
P07672,Trash Bag,Household,Bioplastic (PLA),0.547,0.0014,183,True
P07673,Trash Bag,Household,Bagasse,1.55,0.0011,170,True
P07674,Trash Bag,Household,Bioplastic (PLA),0.905,0.0013,539,True
P07675,Trash Bag,Household,Recycled Cardboard,1.716,0.0012,586,True
P07676,Trash Bag,Household,Mushroom Mycelium,1.823,0.002,258,True
P07677,Trash Bag,Household,Bioplastic (PLA),1.299,0.0007,607,True
P07678,Trash Bag,Household,Bamboo Fiber,1.375,0.0018,536,True
P07679,Trash Bag,Household,Bamboo Fiber,1.801,0.0012,276,True
P07680,Trash Bag,Household,Mushroom Mycelium,1.942,0.0013,126,True
P07681,Trash Bag,Household,Bioplastic (PLA),0.629,0.0007,91,True
P07682,Trash Bag,Household,Mushroom Mycelium,1.408,0.0012,637,True
P07683,Trash Bag,Household,Bamboo Fiber,1.613,0.0011,392,True
P07684,Trash Bag,Household,Bioplastic (PLA),1.733,0.0015,517,True
P07685,Trash Bag,Household,Bioplastic (PLA),1.55,0.0012,372,True
P07686,Trash Bag,Household,Mushroom Mycelium,0.702,0.0012,160,True
P07687,Trash Bag,Household,Bamboo Fiber,1.051,0.001,398,True
P07688,Trash Bag,Household,Mushroom Mycelium,1.401,0.0018,230,True
P07689,Trash Bag,Household,Bioplastic (PLA),1.659,0.0006,277,True
P07690,Trash Bag,Household,Bamboo Fiber,1.979,0.0019,559,True
P07691,Trash Bag,Household,Bagasse,1.529,0.002,391,True
P07692,Trash Bag,Household,Bagasse,1.993,0.0008,195,True
P07693,Trash Bag,Household,Mushroom Mycelium,1.11,0.0017,676,True
P07694,Trash Bag,Household,Bioplastic (PLA),1.93,0.0015,719,True
P07695,Trash Bag,Household,Bagasse,1.321,0.0013,175,True
P07696,Trash Bag,Household,Bamboo Fiber,0.596,0.0012,630,True
P07697,Trash Bag,Household,Bagasse,0.758,0.0007,254,True
P07698,Trash Bag,Household,Bagasse,1.313,0.0019,200,True
P07699,Trash Bag,Household,Bamboo Fiber,0.741,0.0018,101,True
P07700,Trash Bag,Household,Recycled Cardboard,0.814,0.0011,189,True
P07701,Trash Bag,Household,Recycled Cardboard,1.37,0.0013,115,True
P07702,Trash Bag,Household,Bioplastic (PLA),0.77,0.0017,664,True
P07703,Trash Bag,Household,Bamboo Fiber,1.051,0.0006,406,True
P07704,Trash Bag,Household,Recycled Cardboard,1.657,0.0016,155,True
P07705,Trash Bag,Household,Recycled Cardboard,1.01,0.0009,73,True
P07706,Trash Bag,Household,Bioplastic (PLA),1.591,0.0008,560,True
P07707,Trash Bag,Household,Bioplastic (PLA),0.988,0.0011,210,True
P07708,Trash Bag,Household,Bioplastic (PLA),1.476,0.0017,436,True
P07709,Trash Bag,Household,Bioplastic (PLA),1.776,0.0011,574,True
P07710,Trash Bag,Household,Recycled Cardboard,1.397,0.0013,139,True
P07711,Trash Bag,Household,Mushroom Mycelium,0.546,0.001,464,True
P07712,Trash Bag,Household,Mushroom Mycelium,0.886,0.0013,462,True
P07713,Trash Bag,Household,Bioplastic (PLA),1.929,0.0007,150,True
P07714,Trash Bag,Household,Recycled Cardboard,1.947,0.001,599,True
P07715,Trash Bag,Household,Recycled Cardboard,1.726,0.0017,666,True
P07716,Trash Bag,Household,Bamboo Fiber,1.017,0.0007,570,True
P07717,Trash Bag,Household,Recycled Cardboard,0.946,0.0013,577,True
P07718,Trash Bag,Household,Bagasse,1.797,0.002,476,True
P07719,Trash Bag,Household,Mushroom Mycelium,1.817,0.0016,86,True
P07720,Trash Bag,Household,Bamboo Fiber,1.579,0.0012,506,True
P07721,Trash Bag,Household,Mushroom Mycelium,1.787,0.0007,697,True
P07722,Trash Bag,Household,Mushroom Mycelium,1.89,0.0014,240,True
P07723,Trash Bag,Household,Mushroom Mycelium,1.781,0.0019,418,True
P07724,Trash Bag,Household,Mushroom Mycelium,1.091,0.0019,50,True
P07725,Trash Bag,Household,Bamboo Fiber,1.181,0.0012,436,True
P07726,Trash Bag,Household,Recycled Cardboard,1.145,0.0014,401,True
P07727,Trash Bag,Household,Bioplastic (PLA),0.733,0.001,516,True
P07728,Trash Bag,Household,Recycled Cardboard,1.193,0.0019,154,True
P07729,Trash Bag,Household,Mushroom Mycelium,1.897,0.0012,483,True
P07730,Trash Bag,Household,Bamboo Fiber,1.872,0.0009,183,True
P07731,Trash Bag,Household,Recycled Cardboard,0.617,0.0012,195,True
P07732,Trash Bag,Household,Bamboo Fiber,0.666,0.0015,104,True
P07733,Trash Bag,Household,Bamboo Fiber,0.654,0.002,472,True
P07734,Trash Bag,Household,Recycled Cardboard,0.785,0.0009,241,True
P07735,Trash Bag,Household,Bamboo Fiber,1.65,0.0007,413,True
P07736,Trash Bag,Household,Recycled Cardboard,1.416,0.0009,459,True
P07737,Trash Bag,Household,Recycled Cardboard,1.758,0.0015,519,True
P07738,Trash Bag,Household,Bamboo Fiber,1.361,0.0013,407,True
P07739,Trash Bag,Household,Bioplastic (PLA),1.11,0.0017,533,True
P07740,Trash Bag,Household,Bagasse,0.677,0.0009,431,True
P07741,Trash Bag,Household,Bamboo Fiber,0.631,0.0009,193,True
P07742,Trash Bag,Household,Bagasse,0.614,0.0019,194,True
P07743,Trash Bag,Household,Bagasse,1.58,0.001,726,True
P07744,Trash Bag,Household,Bagasse,0.809,0.0012,683,True
P07745,Trash Bag,Household,Bamboo Fiber,1.957,0.0016,337,True
P07746,Trash Bag,Household,Bagasse,0.672,0.0005,304,True
P07747,Trash Bag,Household,Mushroom Mycelium,0.724,0.0018,324,True
P07748,Trash Bag,Household,Bagasse,1.784,0.0016,61,True
P07749,Trash Bag,Household,Recycled Cardboard,0.951,0.0014,364,True
P07750,Trash Bag,Household,Bagasse,1.025,0.0013,258,True
P07751,Trash Bag,Household,Bamboo Fiber,0.856,0.0008,540,True
P07752,Trash Bag,Household,Mushroom Mycelium,1.367,0.0015,620,True
P07753,Trash Bag,Household,Mushroom Mycelium,0.501,0.0019,224,True
P07754,Trash Bag,Household,Bagasse,1.784,0.0007,512,True
P07755,Trash Bag,Household,Bagasse,0.773,0.002,538,True
P07756,Trash Bag,Household,Bagasse,1.761,0.0014,339,True
P07757,Trash Bag,Household,Recycled Cardboard,0.544,0.0009,168,True
P07758,Trash Bag,Household,Bamboo Fiber,1.888,0.0015,663,True
P07759,Trash Bag,Household,Bamboo Fiber,1.05,0.0009,652,True
P07760,Trash Bag,Household,Bagasse,1.207,0.0012,259,True
P07761,Trash Bag,Household,Bagasse,1.406,0.001,57,True
P07762,Trash Bag,Household,Mushroom Mycelium,0.823,0.0012,544,True
P07763,Trash Bag,Household,Bamboo Fiber,1.549,0.0006,701,True
P07764,Trash Bag,Household,Mushroom Mycelium,1.599,0.001,105,True
P07765,Trash Bag,Household,Bioplastic (PLA),0.639,0.0015,381,True
P07766,Trash Bag,Household,Bamboo Fiber,1.752,0.0016,587,True
P07767,Trash Bag,Household,Mushroom Mycelium,1.171,0.0018,397,True
P07768,Trash Bag,Household,Bagasse,1.859,0.0009,598,True
P07769,Trash Bag,Household,Bamboo Fiber,1.652,0.0019,360,True
P07770,Trash Bag,Household,Bioplastic (PLA),1.854,0.0009,714,True
P07771,Trash Bag,Household,Bagasse,1.707,0.0006,564,True
P07772,Trash Bag,Household,Recycled Cardboard,0.681,0.0006,182,True
P07773,Trash Bag,Household,Bioplastic (PLA),0.769,0.0006,413,True
P07774,Trash Bag,Household,Mushroom Mycelium,1.679,0.0012,658,True
P07775,Trash Bag,Household,Mushroom Mycelium,1.746,0.0017,594,True
P07776,Trash Bag,Household,Bioplastic (PLA),1.828,0.0017,121,True
P07777,Trash Bag,Household,Mushroom Mycelium,1.162,0.0015,61,True
P07778,Trash Bag,Household,Bioplastic (PLA),1.161,0.0014,189,True
P07779,Trash Bag,Household,Mushroom Mycelium,1.967,0.0017,525,True
P07780,Trash Bag,Household,Mushroom Mycelium,1.577,0.0006,521,True
P07781,Trash Bag,Household,Recycled Cardboard,0.687,0.0005,34,True
P07782,Trash Bag,Household,Bioplastic (PLA),1.073,0.0005,511,True
P07783,Trash Bag,Household,Recycled Cardboard,1.744,0.0014,538,True
P07784,Trash Bag,Household,Bioplastic (PLA),1.642,0.0005,461,True
P07785,Trash Bag,Household,Recycled Cardboard,1.506,0.0017,372,True
P07786,Trash Bag,Household,Mushroom Mycelium,1.097,0.0015,338,True
P07787,Trash Bag,Household,Bagasse,1.726,0.0014,479,True
P07788,Trash Bag,Household,Recycled Cardboard,1.016,0.0015,216,True
P07789,Trash Bag,Household,Mushroom Mycelium,1.633,0.0009,361,True
P07790,Trash Bag,Household,Recycled Cardboard,0.557,0.0018,289,True
P07791,Trash Bag,Household,Mushroom Mycelium,1.716,0.0017,512,True
P07792,Trash Bag,Household,Bagasse,1.922,0.0019,232,True
P07793,Trash Bag,Household,Mushroom Mycelium,1.516,0.0019,216,True
P07794,Trash Bag,Household,Bagasse,0.588,0.0008,630,True
P07795,Trash Bag,Household,Bioplastic (PLA),1.552,0.0018,256,True
P07796,Trash Bag,Household,Mushroom Mycelium,0.959,0.0005,235,True
P07797,Trash Bag,Household,Bamboo Fiber,1.222,0.001,422,True
P07798,Trash Bag,Household,Bagasse,1.471,0.0009,605,True
P07799,Trash Bag,Household,Bamboo Fiber,1.377,0.0016,283,True
P07800,Trash Bag,Household,Bamboo Fiber,1.274,0.0013,518,True
P07801,Trash Bag,Household,Recycled Cardboard,0.863,0.0013,421,True
P07802,Trash Bag,Household,Recycled Cardboard,1.024,0.0017,555,True
P07803,Trash Bag,Household,Mushroom Mycelium,1.605,0.0006,414,True
P07804,Trash Bag,Household,Bagasse,0.778,0.0019,535,True
P07805,Trash Bag,Household,Bioplastic (PLA),1.811,0.0016,188,True
P07806,Trash Bag,Household,Bamboo Fiber,1.792,0.0016,612,True
P07807,Trash Bag,Household,Bagasse,1.702,0.0005,221,True
P07808,Trash Bag,Household,Bioplastic (PLA),1.965,0.0007,629,True
P07809,Trash Bag,Household,Bagasse,0.532,0.0011,102,True
P07810,Trash Bag,Household,Bioplastic (PLA),0.617,0.0012,622,True
P07811,Trash Bag,Household,Bagasse,1.042,0.0019,249,True
P07812,Trash Bag,Household,Bamboo Fiber,1.755,0.0018,562,True
P07813,Trash Bag,Household,Mushroom Mycelium,1.621,0.0013,244,True
P07814,Trash Bag,Household,Mushroom Mycelium,0.581,0.0011,426,True
P07815,Trash Bag,Household,Recycled Cardboard,1.536,0.0013,537,True
P07816,Trash Bag,Household,Recycled Cardboard,1.865,0.0005,539,True
P07817,Trash Bag,Household,Bagasse,1.038,0.0017,600,True
P07818,Trash Bag,Household,Mushroom Mycelium,1.509,0.0017,378,True
P07819,Trash Bag,Household,Bioplastic (PLA),1.771,0.0008,525,True
P07820,Trash Bag,Household,Bagasse,0.86,0.0014,132,True
P07821,Trash Bag,Household,Bioplastic (PLA),1.374,0.0011,285,True
P07822,Trash Bag,Household,Recycled Cardboard,1.626,0.0008,162,True
P07823,Trash Bag,Household,Recycled Cardboard,0.523,0.001,480,True
P07824,Trash Bag,Household,Mushroom Mycelium,1.215,0.0011,601,True
P07825,Trash Bag,Household,Bagasse,1.14,0.0015,77,True
P07826,Trash Bag,Household,Bamboo Fiber,1.533,0.0006,597,True
P07827,Trash Bag,Household,Bamboo Fiber,1.794,0.0011,632,True
P07828,Trash Bag,Household,Recycled Cardboard,1.494,0.0019,364,True
P07829,Trash Bag,Household,Bamboo Fiber,1.749,0.0016,707,True
P07830,Trash Bag,Household,Recycled Cardboard,1.119,0.0008,608,True
P07831,Trash Bag,Household,Bagasse,0.749,0.0016,603,True
P07832,Trash Bag,Household,Bamboo Fiber,1.567,0.001,635,True
P07833,Trash Bag,Household,Bioplastic (PLA),1.658,0.0016,277,True
P07834,Trash Bag,Household,Bagasse,0.685,0.0005,712,True
P07835,Trash Bag,Household,Recycled Cardboard,0.563,0.0019,516,True
P07836,Trash Bag,Household,Mushroom Mycelium,0.935,0.0009,462,True
P07837,Trash Bag,Household,Bamboo Fiber,1.906,0.0013,366,True
P07838,Trash Bag,Household,Bagasse,0.822,0.0019,500,True
P07839,Trash Bag,Household,Bioplastic (PLA),1.802,0.0018,505,True
P07840,Trash Bag,Household,Mushroom Mycelium,1.926,0.0006,153,True
P07841,Trash Bag,Household,Mushroom Mycelium,1.684,0.0012,713,True
P07842,Trash Bag,Household,Bioplastic (PLA),1.147,0.0007,423,True
P07843,Trash Bag,Household,Bamboo Fiber,0.965,0.0005,125,True
P07844,Trash Bag,Household,Bioplastic (PLA),0.586,0.0009,202,True
P07845,Trash Bag,Household,Bioplastic (PLA),0.89,0.002,357,True
P07846,Trash Bag,Household,Bagasse,0.971,0.0006,52,True
P07847,Trash Bag,Household,Bioplastic (PLA),0.776,0.0016,114,True
P07848,Trash Bag,Household,Recycled Cardboard,1.477,0.0015,40,True
P07849,Trash Bag,Household,Bagasse,1.796,0.0016,552,True
P07850,Trash Bag,Household,Mushroom Mycelium,1.332,0.0015,309,True
P07851,Trash Bag,Household,Bioplastic (PLA),0.645,0.001,452,True
P07852,Trash Bag,Household,Bamboo Fiber,1.058,0.0007,447,True
P07853,Trash Bag,Household,Bioplastic (PLA),0.91,0.0008,600,True
P07854,Trash Bag,Household,Bagasse,1.386,0.0011,579,True
P07855,Trash Bag,Household,Bagasse,1.564,0.0015,238,True
P07856,Trash Bag,Household,Recycled Cardboard,0.662,0.0011,619,True
P07857,Trash Bag,Household,Bagasse,0.936,0.0013,343,True
P07858,Trash Bag,Household,Bamboo Fiber,1.284,0.0016,128,True
P07859,Trash Bag,Household,Bagasse,0.887,0.0008,541,True
P07860,Trash Bag,Household,Mushroom Mycelium,1.483,0.0007,173,True
P07861,Trash Bag,Household,Bagasse,0.687,0.0008,488,True
P07862,Trash Bag,Household,Recycled Cardboard,1.628,0.0017,72,True
P07863,Trash Bag,Household,Mushroom Mycelium,0.868,0.0005,264,True
P07864,Trash Bag,Household,Bagasse,1.285,0.0017,179,True
P07865,Trash Bag,Household,Bamboo Fiber,0.952,0.0015,375,True
P07866,Trash Bag,Household,Bioplastic (PLA),0.612,0.0005,464,True
P07867,Trash Bag,Household,Recycled Cardboard,0.956,0.0011,387,True
P07868,Trash Bag,Household,Bamboo Fiber,1.892,0.0012,108,True
P07869,Trash Bag,Household,Bioplastic (PLA),0.77,0.0015,495,True
P07870,Trash Bag,Household,Bamboo Fiber,0.938,0.0016,239,True
P07871,Trash Bag,Household,Mushroom Mycelium,0.51,0.0017,126,True
P07872,Trash Bag,Household,Bamboo Fiber,0.88,0.0013,568,True
P07873,Trash Bag,Household,Bamboo Fiber,1.905,0.0011,367,True
P07874,Trash Bag,Household,Bioplastic (PLA),0.888,0.0009,653,True
P07875,Trash Bag,Household,Bagasse,1.796,0.0018,356,True
P07876,Trash Bag,Household,Mushroom Mycelium,0.697,0.0014,458,True
P07877,Trash Bag,Household,Mushroom Mycelium,1.191,0.0005,639,True
P07878,Trash Bag,Household,Mushroom Mycelium,0.906,0.001,397,True
P07879,Trash Bag,Household,Bioplastic (PLA),1.141,0.0014,458,True
P07880,Trash Bag,Household,Bioplastic (PLA),0.697,0.0012,620,True
P07881,Trash Bag,Household,Recycled Cardboard,0.838,0.0015,150,True
P07882,Trash Bag,Household,Bagasse,1.529,0.0006,34,True
P07883,Trash Bag,Household,Recycled Cardboard,0.531,0.0017,441,True
P07884,Trash Bag,Household,Bioplastic (PLA),1.862,0.0015,144,True
P07885,Trash Bag,Household,Recycled Cardboard,0.93,0.0007,599,True
P07886,Trash Bag,Household,Mushroom Mycelium,1.44,0.0012,563,True
P07887,Trash Bag,Household,Bamboo Fiber,1.024,0.0017,711,True
P07888,Trash Bag,Household,Recycled Cardboard,1.514,0.0013,503,True
P07889,Trash Bag,Household,Bamboo Fiber,1.678,0.0009,199,True
P07890,Trash Bag,Household,Bamboo Fiber,1.554,0.0019,233,True
P07891,Trash Bag,Household,Bagasse,0.833,0.0009,142,True
P07892,Trash Bag,Household,Mushroom Mycelium,1.496,0.0017,161,True
P07893,Trash Bag,Household,Bagasse,1.725,0.0019,269,True
P07894,Trash Bag,Household,Bagasse,1.64,0.0016,487,True
P07895,Trash Bag,Household,Bioplastic (PLA),1.696,0.0011,645,True
P07896,Trash Bag,Household,Mushroom Mycelium,1.455,0.0014,631,True
P07897,Trash Bag,Household,Bagasse,1.708,0.0005,475,True
P07898,Trash Bag,Household,Bamboo Fiber,1.061,0.0013,640,True
P07899,Trash Bag,Household,Mushroom Mycelium,0.502,0.0016,283,True
P07900,Trash Bag,Household,Mushroom Mycelium,1.917,0.001,39,True
P07901,Trash Bag,Household,Mushroom Mycelium,1.035,0.002,98,True
P07902,Trash Bag,Household,Bamboo Fiber,0.556,0.0009,345,True
P07903,Trash Bag,Household,Bagasse,1.71,0.0014,417,True
P07904,Trash Bag,Household,Bamboo Fiber,1.099,0.0008,231,True
P07905,Trash Bag,Household,Mushroom Mycelium,0.506,0.0018,617,True
P07906,Trash Bag,Household,Bamboo Fiber,0.954,0.0019,366,True
P07907,Trash Bag,Household,Bagasse,0.86,0.0008,685,True
P07908,Trash Bag,Household,Recycled Cardboard,1.775,0.0008,510,True
P07909,Trash Bag,Household,Recycled Cardboard,0.74,0.0013,391,True
P07910,Trash Bag,Household,Mushroom Mycelium,1.018,0.0015,484,True
P07911,Trash Bag,Household,Bagasse,0.968,0.0019,535,True
P07912,Trash Bag,Household,Bagasse,1.761,0.0019,162,True
P07913,Trash Bag,Household,Mushroom Mycelium,1.905,0.0007,40,True
P07914,Trash Bag,Household,Bioplastic (PLA),1.308,0.0006,102,True
P07915,Trash Bag,Household,Recycled Cardboard,1.867,0.0015,677,True
P07916,Trash Bag,Household,Mushroom Mycelium,1.449,0.0016,322,True
P07917,Trash Bag,Household,Recycled Cardboard,1.979,0.0011,179,True
P07918,Trash Bag,Household,Bagasse,1.109,0.0019,383,True
P07919,Trash Bag,Household,Bagasse,1.068,0.0017,555,True
P07920,Trash Bag,Household,Recycled Cardboard,1.232,0.0011,573,True
P07921,Trash Bag,Household,Mushroom Mycelium,1.068,0.0006,379,True
P07922,Trash Bag,Household,Bamboo Fiber,1.164,0.0007,53,True
P07923,Trash Bag,Household,Bamboo Fiber,1.789,0.0011,246,True
P07924,Trash Bag,Household,Bagasse,0.564,0.0008,725,True
P07925,Trash Bag,Household,Bamboo Fiber,0.719,0.0011,478,True
P07926,Trash Bag,Household,Bagasse,1.431,0.0011,261,True
P07927,Trash Bag,Household,Recycled Cardboard,1.099,0.0012,254,True
P07928,Trash Bag,Household,Bioplastic (PLA),0.628,0.0008,91,True
P07929,Trash Bag,Household,Recycled Cardboard,1.624,0.0017,310,True
P07930,Trash Bag,Household,Recycled Cardboard,0.521,0.0008,168,True
P07931,Trash Bag,Household,Bagasse,1.968,0.0007,177,True
P07932,Trash Bag,Household,Recycled Cardboard,1.601,0.0016,467,True
P07933,Trash Bag,Household,Bagasse,1.558,0.0015,101,True
P07934,Trash Bag,Household,Bamboo Fiber,0.552,0.0013,388,True
P07935,Trash Bag,Household,Mushroom Mycelium,1.522,0.0019,694,True
P07936,Trash Bag,Household,Bagasse,0.523,0.0011,249,True
P07937,Trash Bag,Household,Recycled Cardboard,0.814,0.0014,500,True
P07938,Trash Bag,Household,Bamboo Fiber,1.008,0.0013,150,True
P07939,Trash Bag,Household,Bagasse,1.985,0.0011,437,True
P07940,Trash Bag,Household,Bioplastic (PLA),1.733,0.0006,572,True
P07941,Trash Bag,Household,Bamboo Fiber,0.509,0.0012,617,True
P07942,Trash Bag,Household,Recycled Cardboard,0.878,0.0016,349,True
P07943,Trash Bag,Household,Bioplastic (PLA),0.806,0.0015,178,True
P07944,Trash Bag,Household,Bioplastic (PLA),0.848,0.0015,469,True
P07945,Trash Bag,Household,Recycled Cardboard,0.939,0.0009,591,True
P07946,Trash Bag,Household,Bamboo Fiber,1.283,0.0016,556,True
P07947,Trash Bag,Household,Bioplastic (PLA),2.0,0.0009,158,True
P07948,Trash Bag,Household,Bioplastic (PLA),1.099,0.0013,465,True
P07949,Trash Bag,Household,Mushroom Mycelium,1.093,0.0009,402,True
P07950,Trash Bag,Household,Bagasse,0.646,0.0009,593,True
P07951,Trash Bag,Household,Bagasse,1.786,0.002,361,True
P07952,Trash Bag,Household,Bamboo Fiber,0.952,0.0014,472,True
P07953,Trash Bag,Household,Bioplastic (PLA),1.84,0.0014,376,True
P07954,Trash Bag,Household,Recycled Cardboard,1.889,0.0007,653,True
P07955,Trash Bag,Household,Recycled Cardboard,1.299,0.0018,461,True
P07956,Trash Bag,Household,Recycled Cardboard,1.709,0.0018,367,True
P07957,Trash Bag,Household,Recycled Cardboard,0.796,0.0019,31,True
P07958,Trash Bag,Household,Bagasse,1.788,0.0019,33,True
P07959,Trash Bag,Household,Mushroom Mycelium,0.922,0.0008,64,True
P07960,Trash Bag,Household,Mushroom Mycelium,1.799,0.0008,699,True
P07961,Trash Bag,Household,Bagasse,1.061,0.0014,214,True
P07962,Trash Bag,Household,Mushroom Mycelium,0.642,0.0018,399,True
P07963,Trash Bag,Household,Mushroom Mycelium,1.811,0.002,381,True
P07964,Trash Bag,Household,Bioplastic (PLA),1.952,0.0009,726,True
P07965,Trash Bag,Household,Bioplastic (PLA),0.911,0.0019,507,True
P07966,Trash Bag,Household,Bioplastic (PLA),1.47,0.0019,659,True
P07967,Trash Bag,Household,Recycled Cardboard,1.614,0.0012,381,True
P07968,Trash Bag,Household,Bagasse,1.666,0.0018,51,True
P07969,Trash Bag,Household,Mushroom Mycelium,0.92,0.0016,156,True
P07970,Trash Bag,Household,Mushroom Mycelium,0.758,0.0011,170,True
P07971,Trash Bag,Household,Mushroom Mycelium,1.038,0.0019,103,True
P07972,Trash Bag,Household,Bagasse,0.615,0.0019,56,True
P07973,Trash Bag,Household,Mushroom Mycelium,1.789,0.0005,99,True
P07974,Trash Bag,Household,Bagasse,1.923,0.0006,547,True
P07975,Trash Bag,Household,Mushroom Mycelium,1.155,0.0016,360,True
P07976,Trash Bag,Household,Mushroom Mycelium,1.433,0.0007,275,True
P07977,Trash Bag,Household,Mushroom Mycelium,1.072,0.0007,31,True
P07978,Trash Bag,Household,Recycled Cardboard,0.848,0.0018,721,True
P07979,Trash Bag,Household,Bioplastic (PLA),1.622,0.0013,637,True
P07980,Trash Bag,Household,Mushroom Mycelium,0.839,0.0017,500,True
P07981,Trash Bag,Household,Bamboo Fiber,0.598,0.0019,360,True
P07982,Trash Bag,Household,Recycled Cardboard,0.63,0.0014,339,True
P07983,Trash Bag,Household,Bamboo Fiber,1.912,0.0013,133,True
P07984,Trash Bag,Household,Bamboo Fiber,1.358,0.0005,614,True
P07985,Trash Bag,Household,Bioplastic (PLA),1.136,0.0015,349,True
P07986,Trash Bag,Household,Mushroom Mycelium,1.432,0.0008,721,True
P07987,Trash Bag,Household,Bagasse,0.516,0.0013,674,True
P07988,Trash Bag,Household,Mushroom Mycelium,1.306,0.0017,81,True
P07989,Trash Bag,Household,Bamboo Fiber,1.117,0.0009,498,True
P07990,Trash Bag,Household,Bamboo Fiber,1.485,0.0005,221,True
P07991,Trash Bag,Household,Bagasse,0.669,0.0013,665,True
P07992,Trash Bag,Household,Bioplastic (PLA),0.73,0.0006,314,True
P07993,Trash Bag,Household,Bagasse,1.732,0.0007,187,True
P07994,Trash Bag,Household,Recycled Cardboard,0.568,0.0009,385,True
P07995,Trash Bag,Household,Bagasse,1.822,0.001,31,True
P07996,Trash Bag,Household,Bamboo Fiber,0.911,0.0013,305,True
P07997,Trash Bag,Household,Bioplastic (PLA),0.83,0.0006,403,True
P07998,Trash Bag,Household,Recycled Cardboard,1.005,0.0018,121,True
P07999,Trash Bag,Household,Recycled Cardboard,0.927,0.001,520,True
P08000,Trash Bag,Household,Bamboo Fiber,1.68,0.0009,243,True
P08001,T-Shirt,Apparel,Bagasse,0.234,0.0007,409,True
P08002,T-Shirt,Apparel,Bioplastic (PLA),0.195,0.0007,97,True
P08003,T-Shirt,Apparel,Bamboo Fiber,0.271,0.0003,42,True
P08004,T-Shirt,Apparel,Bioplastic (PLA),0.242,0.0009,276,True
P08005,T-Shirt,Apparel,Bamboo Fiber,0.219,0.0006,356,True
P08006,T-Shirt,Apparel,Bagasse,0.273,0.0009,95,True
P08007,T-Shirt,Apparel,Recycled Cardboard,0.152,0.0008,201,True
P08008,T-Shirt,Apparel,Bagasse,0.159,0.001,399,True
P08009,T-Shirt,Apparel,Mushroom Mycelium,0.201,0.0005,666,True
P08010,T-Shirt,Apparel,Bamboo Fiber,0.242,0.0002,306,True
P08011,T-Shirt,Apparel,Bioplastic (PLA),0.129,0.0007,612,True
P08012,T-Shirt,Apparel,Bamboo Fiber,0.252,0.0002,537,True
P08013,T-Shirt,Apparel,Bioplastic (PLA),0.126,0.0005,229,True
P08014,T-Shirt,Apparel,Mushroom Mycelium,0.252,0.0008,532,True
P08015,T-Shirt,Apparel,Mushroom Mycelium,0.206,0.0002,491,True
P08016,T-Shirt,Apparel,Recycled Cardboard,0.269,0.0006,54,True
P08017,T-Shirt,Apparel,Recycled Cardboard,0.17,0.0006,264,True
P08018,T-Shirt,Apparel,Mushroom Mycelium,0.128,0.0008,624,True
P08019,T-Shirt,Apparel,Mushroom Mycelium,0.103,0.0004,598,True
P08020,T-Shirt,Apparel,Mushroom Mycelium,0.257,0.0004,497,True
P08021,T-Shirt,Apparel,Recycled Cardboard,0.203,0.0006,99,True
P08022,T-Shirt,Apparel,Mushroom Mycelium,0.142,0.0003,354,True
P08023,T-Shirt,Apparel,Bioplastic (PLA),0.254,0.0005,185,True
P08024,T-Shirt,Apparel,Recycled Cardboard,0.258,0.0008,456,True
P08025,T-Shirt,Apparel,Bamboo Fiber,0.178,0.0009,218,True
P08026,T-Shirt,Apparel,Recycled Cardboard,0.228,0.0002,244,True
P08027,T-Shirt,Apparel,Bamboo Fiber,0.162,0.0003,628,True
P08028,T-Shirt,Apparel,Recycled Cardboard,0.195,0.0003,202,True
P08029,T-Shirt,Apparel,Bioplastic (PLA),0.113,0.0005,307,True
P08030,T-Shirt,Apparel,Bioplastic (PLA),0.221,0.0007,58,True
P08031,T-Shirt,Apparel,Recycled Cardboard,0.243,0.0003,545,True
P08032,T-Shirt,Apparel,Recycled Cardboard,0.156,0.0006,439,True
P08033,T-Shirt,Apparel,Mushroom Mycelium,0.239,0.0007,124,True
P08034,T-Shirt,Apparel,Bagasse,0.195,0.0006,146,True
P08035,T-Shirt,Apparel,Bagasse,0.291,0.0005,195,True
P08036,T-Shirt,Apparel,Bioplastic (PLA),0.192,0.0006,517,True
P08037,T-Shirt,Apparel,Bamboo Fiber,0.196,0.0004,517,True
P08038,T-Shirt,Apparel,Bioplastic (PLA),0.159,0.001,445,True
P08039,T-Shirt,Apparel,Bamboo Fiber,0.177,0.001,170,True
P08040,T-Shirt,Apparel,Bagasse,0.246,0.0009,581,True
P08041,T-Shirt,Apparel,Bioplastic (PLA),0.119,0.0002,78,True
P08042,T-Shirt,Apparel,Bamboo Fiber,0.15,0.0001,288,True
P08043,T-Shirt,Apparel,Bamboo Fiber,0.119,0.0005,349,True
P08044,T-Shirt,Apparel,Bioplastic (PLA),0.158,0.0009,520,True
P08045,T-Shirt,Apparel,Recycled Cardboard,0.272,0.0003,475,True
P08046,T-Shirt,Apparel,Recycled Cardboard,0.198,0.0006,463,True
P08047,T-Shirt,Apparel,Bamboo Fiber,0.208,0.0002,233,True
P08048,T-Shirt,Apparel,Bioplastic (PLA),0.254,0.0006,271,True
P08049,T-Shirt,Apparel,Bioplastic (PLA),0.232,0.0003,519,True
P08050,T-Shirt,Apparel,Bioplastic (PLA),0.27,0.0006,511,True
P08051,T-Shirt,Apparel,Bagasse,0.129,0.0003,125,True
P08052,T-Shirt,Apparel,Mushroom Mycelium,0.154,0.0008,489,True
P08053,T-Shirt,Apparel,Recycled Cardboard,0.269,0.0002,621,True
P08054,T-Shirt,Apparel,Bamboo Fiber,0.274,0.0007,632,True
P08055,T-Shirt,Apparel,Bioplastic (PLA),0.196,0.0006,466,True
P08056,T-Shirt,Apparel,Bioplastic (PLA),0.29,0.0009,692,True
P08057,T-Shirt,Apparel,Bamboo Fiber,0.176,0.0006,236,True
P08058,T-Shirt,Apparel,Bioplastic (PLA),0.167,0.0004,402,True
P08059,T-Shirt,Apparel,Bagasse,0.246,0.0006,539,True
P08060,T-Shirt,Apparel,Bagasse,0.138,0.0007,587,True
P08061,T-Shirt,Apparel,Mushroom Mycelium,0.103,0.0004,724,True
P08062,T-Shirt,Apparel,Bagasse,0.103,0.0002,83,True
P08063,T-Shirt,Apparel,Bagasse,0.23,0.0008,201,True
P08064,T-Shirt,Apparel,Bamboo Fiber,0.224,0.0003,708,True
P08065,T-Shirt,Apparel,Bagasse,0.206,0.0004,333,True
P08066,T-Shirt,Apparel,Mushroom Mycelium,0.29,0.0006,101,True
P08067,T-Shirt,Apparel,Mushroom Mycelium,0.121,0.0007,493,True
P08068,T-Shirt,Apparel,Bagasse,0.169,0.0002,516,True
P08069,T-Shirt,Apparel,Bagasse,0.193,0.0001,258,True
P08070,T-Shirt,Apparel,Mushroom Mycelium,0.126,0.0001,352,True
P08071,T-Shirt,Apparel,Bioplastic (PLA),0.26,0.0008,220,True
P08072,T-Shirt,Apparel,Recycled Cardboard,0.13,0.0002,553,True
P08073,T-Shirt,Apparel,Bamboo Fiber,0.226,0.0002,623,True
P08074,T-Shirt,Apparel,Bamboo Fiber,0.238,0.0005,199,True
P08075,T-Shirt,Apparel,Recycled Cardboard,0.149,0.0003,293,True
P08076,T-Shirt,Apparel,Bagasse,0.297,0.0004,127,True
P08077,T-Shirt,Apparel,Bioplastic (PLA),0.269,0.0006,704,True
P08078,T-Shirt,Apparel,Bagasse,0.247,0.0003,262,True
P08079,T-Shirt,Apparel,Recycled Cardboard,0.186,0.0002,444,True
P08080,T-Shirt,Apparel,Bioplastic (PLA),0.108,0.0009,40,True
P08081,T-Shirt,Apparel,Recycled Cardboard,0.106,0.0006,151,True
P08082,T-Shirt,Apparel,Bioplastic (PLA),0.138,0.0003,151,True
P08083,T-Shirt,Apparel,Bioplastic (PLA),0.148,0.0006,586,True
P08084,T-Shirt,Apparel,Recycled Cardboard,0.249,0.0008,85,True
P08085,T-Shirt,Apparel,Bamboo Fiber,0.24,0.0003,93,True
P08086,T-Shirt,Apparel,Bagasse,0.131,0.0007,468,True
P08087,T-Shirt,Apparel,Recycled Cardboard,0.21,0.0003,667,True
P08088,T-Shirt,Apparel,Bioplastic (PLA),0.282,0.0006,503,True
P08089,T-Shirt,Apparel,Recycled Cardboard,0.153,0.0001,295,True
P08090,T-Shirt,Apparel,Recycled Cardboard,0.131,0.0009,263,True
P08091,T-Shirt,Apparel,Bagasse,0.194,0.0002,629,True
P08092,T-Shirt,Apparel,Bamboo Fiber,0.15,0.0007,602,True
P08093,T-Shirt,Apparel,Bamboo Fiber,0.113,0.0005,173,True
P08094,T-Shirt,Apparel,Bamboo Fiber,0.137,0.0009,659,True
P08095,T-Shirt,Apparel,Bioplastic (PLA),0.299,0.0004,233,True
P08096,T-Shirt,Apparel,Mushroom Mycelium,0.199,0.0002,45,True
P08097,T-Shirt,Apparel,Bamboo Fiber,0.174,0.0001,210,True
P08098,T-Shirt,Apparel,Bamboo Fiber,0.268,0.0007,128,True
P08099,T-Shirt,Apparel,Bamboo Fiber,0.185,0.001,206,True
P08100,T-Shirt,Apparel,Recycled Cardboard,0.226,0.0006,664,True
P08101,T-Shirt,Apparel,Bioplastic (PLA),0.177,0.0006,119,True
P08102,T-Shirt,Apparel,Bioplastic (PLA),0.207,0.0001,282,True
P08103,T-Shirt,Apparel,Bagasse,0.159,0.0005,96,True
P08104,T-Shirt,Apparel,Bamboo Fiber,0.291,0.0007,227,True
P08105,T-Shirt,Apparel,Mushroom Mycelium,0.13,0.0007,628,True
P08106,T-Shirt,Apparel,Bamboo Fiber,0.204,0.0006,557,True
P08107,T-Shirt,Apparel,Recycled Cardboard,0.186,0.0003,50,True
P08108,T-Shirt,Apparel,Recycled Cardboard,0.244,0.0007,642,True
P08109,T-Shirt,Apparel,Bamboo Fiber,0.269,0.0007,706,True
P08110,T-Shirt,Apparel,Bamboo Fiber,0.11,0.0006,276,True
P08111,T-Shirt,Apparel,Bioplastic (PLA),0.251,0.0004,602,True
P08112,T-Shirt,Apparel,Bagasse,0.275,0.0009,662,True
P08113,T-Shirt,Apparel,Recycled Cardboard,0.116,0.0002,30,True
P08114,T-Shirt,Apparel,Bamboo Fiber,0.171,0.0005,668,True
P08115,T-Shirt,Apparel,Bioplastic (PLA),0.218,0.0001,651,True
P08116,T-Shirt,Apparel,Bagasse,0.134,0.0004,204,True
P08117,T-Shirt,Apparel,Mushroom Mycelium,0.212,0.0006,260,True
P08118,T-Shirt,Apparel,Recycled Cardboard,0.284,0.0006,730,True
P08119,T-Shirt,Apparel,Mushroom Mycelium,0.238,0.0007,423,True
P08120,T-Shirt,Apparel,Bamboo Fiber,0.197,0.0001,450,True
P08121,T-Shirt,Apparel,Bagasse,0.206,0.0008,525,True
P08122,T-Shirt,Apparel,Bagasse,0.12,0.0009,721,True
P08123,T-Shirt,Apparel,Bamboo Fiber,0.194,0.0008,452,True
P08124,T-Shirt,Apparel,Bamboo Fiber,0.289,0.0001,607,True
P08125,T-Shirt,Apparel,Bagasse,0.253,0.0009,49,True
P08126,T-Shirt,Apparel,Bamboo Fiber,0.146,0.0008,514,True
P08127,T-Shirt,Apparel,Bamboo Fiber,0.146,0.0008,319,True
P08128,T-Shirt,Apparel,Recycled Cardboard,0.127,0.0001,64,True
P08129,T-Shirt,Apparel,Bioplastic (PLA),0.213,0.0003,250,True
P08130,T-Shirt,Apparel,Bagasse,0.211,0.0009,668,True
P08131,T-Shirt,Apparel,Bioplastic (PLA),0.179,0.0003,729,True
P08132,T-Shirt,Apparel,Bamboo Fiber,0.165,0.0001,203,True
P08133,T-Shirt,Apparel,Bamboo Fiber,0.267,0.0006,340,True
P08134,T-Shirt,Apparel,Bamboo Fiber,0.225,0.0004,549,True
P08135,T-Shirt,Apparel,Mushroom Mycelium,0.164,0.0004,624,True
P08136,T-Shirt,Apparel,Bagasse,0.184,0.0005,684,True
P08137,T-Shirt,Apparel,Bamboo Fiber,0.132,0.0008,687,True
P08138,T-Shirt,Apparel,Bamboo Fiber,0.221,0.0006,442,True
P08139,T-Shirt,Apparel,Mushroom Mycelium,0.25,0.0001,274,True
P08140,T-Shirt,Apparel,Bamboo Fiber,0.125,0.0005,381,True
P08141,T-Shirt,Apparel,Bagasse,0.213,0.0004,338,True
P08142,T-Shirt,Apparel,Mushroom Mycelium,0.105,0.0006,336,True
P08143,T-Shirt,Apparel,Bioplastic (PLA),0.276,0.0007,371,True
P08144,T-Shirt,Apparel,Mushroom Mycelium,0.121,0.0003,311,True
P08145,T-Shirt,Apparel,Bagasse,0.144,0.0008,713,True
P08146,T-Shirt,Apparel,Bagasse,0.242,0.0008,82,True
P08147,T-Shirt,Apparel,Recycled Cardboard,0.176,0.0006,376,True
P08148,T-Shirt,Apparel,Bagasse,0.185,0.0002,458,True
P08149,T-Shirt,Apparel,Recycled Cardboard,0.298,0.0006,353,True
P08150,T-Shirt,Apparel,Recycled Cardboard,0.255,0.0003,376,True
P08151,T-Shirt,Apparel,Bagasse,0.228,0.0001,493,True
P08152,T-Shirt,Apparel,Recycled Cardboard,0.269,0.0003,279,True
P08153,T-Shirt,Apparel,Bamboo Fiber,0.279,0.0008,92,True
P08154,T-Shirt,Apparel,Mushroom Mycelium,0.129,0.0006,197,True
P08155,T-Shirt,Apparel,Bamboo Fiber,0.166,0.0003,389,True
P08156,T-Shirt,Apparel,Bamboo Fiber,0.169,0.0002,304,True
P08157,T-Shirt,Apparel,Bioplastic (PLA),0.241,0.0003,721,True
P08158,T-Shirt,Apparel,Bioplastic (PLA),0.103,0.0005,555,True
P08159,T-Shirt,Apparel,Recycled Cardboard,0.182,0.0008,675,True
P08160,T-Shirt,Apparel,Recycled Cardboard,0.28,0.0009,80,True
P08161,T-Shirt,Apparel,Recycled Cardboard,0.283,0.0006,550,True
P08162,T-Shirt,Apparel,Recycled Cardboard,0.182,0.0006,471,True
P08163,T-Shirt,Apparel,Mushroom Mycelium,0.204,0.0004,309,True
P08164,T-Shirt,Apparel,Bagasse,0.178,0.0009,250,True
P08165,T-Shirt,Apparel,Bagasse,0.296,0.0007,366,True
P08166,T-Shirt,Apparel,Recycled Cardboard,0.232,0.0004,636,True
P08167,T-Shirt,Apparel,Recycled Cardboard,0.229,0.0002,131,True
P08168,T-Shirt,Apparel,Recycled Cardboard,0.219,0.0005,163,True
P08169,T-Shirt,Apparel,Bagasse,0.177,0.0007,475,True
P08170,T-Shirt,Apparel,Bagasse,0.266,0.0003,204,True
P08171,T-Shirt,Apparel,Bagasse,0.253,0.0005,450,True
P08172,T-Shirt,Apparel,Recycled Cardboard,0.209,0.0004,191,True
P08173,T-Shirt,Apparel,Recycled Cardboard,0.19,0.0008,686,True
P08174,T-Shirt,Apparel,Recycled Cardboard,0.29,0.0003,565,True
P08175,T-Shirt,Apparel,Bagasse,0.213,0.0001,564,True
P08176,T-Shirt,Apparel,Recycled Cardboard,0.17,0.0007,186,True
P08177,T-Shirt,Apparel,Recycled Cardboard,0.156,0.0007,44,True
P08178,T-Shirt,Apparel,Mushroom Mycelium,0.252,0.0008,313,True
P08179,T-Shirt,Apparel,Bioplastic (PLA),0.196,0.0009,379,True
P08180,T-Shirt,Apparel,Recycled Cardboard,0.265,0.0004,667,True
P08181,T-Shirt,Apparel,Bagasse,0.13,0.0004,587,True
P08182,T-Shirt,Apparel,Bioplastic (PLA),0.248,0.0007,299,True
P08183,T-Shirt,Apparel,Bagasse,0.105,0.0004,449,True
P08184,T-Shirt,Apparel,Bamboo Fiber,0.178,0.0003,495,True
P08185,T-Shirt,Apparel,Recycled Cardboard,0.147,0.0006,422,True
P08186,T-Shirt,Apparel,Mushroom Mycelium,0.118,0.0003,91,True
P08187,T-Shirt,Apparel,Recycled Cardboard,0.131,0.0003,102,True
P08188,T-Shirt,Apparel,Recycled Cardboard,0.205,0.0003,338,True
P08189,T-Shirt,Apparel,Bamboo Fiber,0.298,0.0008,168,True
P08190,T-Shirt,Apparel,Mushroom Mycelium,0.25,0.001,202,True
P08191,T-Shirt,Apparel,Mushroom Mycelium,0.221,0.0007,132,True
P08192,T-Shirt,Apparel,Bagasse,0.153,0.0003,665,True
P08193,T-Shirt,Apparel,Recycled Cardboard,0.186,0.0002,538,True
P08194,T-Shirt,Apparel,Bioplastic (PLA),0.104,0.0004,580,True
P08195,T-Shirt,Apparel,Bamboo Fiber,0.147,0.0002,134,True
P08196,T-Shirt,Apparel,Bamboo Fiber,0.119,0.0008,357,True
P08197,T-Shirt,Apparel,Bioplastic (PLA),0.273,0.0007,729,True
P08198,T-Shirt,Apparel,Bioplastic (PLA),0.132,0.0005,145,True
P08199,T-Shirt,Apparel,Bamboo Fiber,0.282,0.0009,718,True
P08200,T-Shirt,Apparel,Mushroom Mycelium,0.128,0.0007,230,True
P08201,T-Shirt,Apparel,Mushroom Mycelium,0.124,0.0008,610,True
P08202,T-Shirt,Apparel,Mushroom Mycelium,0.211,0.0009,81,True
P08203,T-Shirt,Apparel,Bioplastic (PLA),0.199,0.0007,48,True
P08204,T-Shirt,Apparel,Bioplastic (PLA),0.182,0.0005,338,True
P08205,T-Shirt,Apparel,Bioplastic (PLA),0.266,0.0007,456,True
P08206,T-Shirt,Apparel,Bamboo Fiber,0.106,0.0004,86,True
P08207,T-Shirt,Apparel,Bioplastic (PLA),0.29,0.0005,480,True
P08208,T-Shirt,Apparel,Recycled Cardboard,0.231,0.0001,123,True
P08209,T-Shirt,Apparel,Mushroom Mycelium,0.182,0.001,71,True
P08210,T-Shirt,Apparel,Recycled Cardboard,0.208,0.0005,286,True
P08211,T-Shirt,Apparel,Bioplastic (PLA),0.14,0.0008,197,True
P08212,T-Shirt,Apparel,Recycled Cardboard,0.192,0.0002,507,True
P08213,T-Shirt,Apparel,Bioplastic (PLA),0.275,0.0002,655,True
P08214,T-Shirt,Apparel,Bioplastic (PLA),0.293,0.0006,605,True
P08215,T-Shirt,Apparel,Mushroom Mycelium,0.108,0.0002,310,True
P08216,T-Shirt,Apparel,Mushroom Mycelium,0.226,0.0009,709,True
P08217,T-Shirt,Apparel,Bioplastic (PLA),0.155,0.0006,381,True
P08218,T-Shirt,Apparel,Mushroom Mycelium,0.211,0.0003,610,True
P08219,T-Shirt,Apparel,Mushroom Mycelium,0.171,0.0008,475,True
P08220,T-Shirt,Apparel,Bagasse,0.22,0.0008,683,True
P08221,T-Shirt,Apparel,Bagasse,0.266,0.0002,170,True
P08222,T-Shirt,Apparel,Recycled Cardboard,0.279,0.0006,555,True
P08223,T-Shirt,Apparel,Mushroom Mycelium,0.135,0.0004,30,True
P08224,T-Shirt,Apparel,Mushroom Mycelium,0.189,0.0002,555,True
P08225,T-Shirt,Apparel,Recycled Cardboard,0.214,0.0003,113,True
P08226,T-Shirt,Apparel,Mushroom Mycelium,0.175,0.0007,619,True
P08227,T-Shirt,Apparel,Mushroom Mycelium,0.225,0.0009,174,True
P08228,T-Shirt,Apparel,Recycled Cardboard,0.127,0.0005,632,True
P08229,T-Shirt,Apparel,Bagasse,0.206,0.0006,74,True
P08230,T-Shirt,Apparel,Bagasse,0.147,0.0007,78,True
P08231,T-Shirt,Apparel,Bamboo Fiber,0.279,0.0009,591,True
P08232,T-Shirt,Apparel,Recycled Cardboard,0.135,0.0006,587,True
P08233,T-Shirt,Apparel,Bagasse,0.13,0.0005,188,True
P08234,T-Shirt,Apparel,Mushroom Mycelium,0.206,0.0005,448,True
P08235,T-Shirt,Apparel,Bamboo Fiber,0.176,0.0003,469,True
P08236,T-Shirt,Apparel,Mushroom Mycelium,0.182,0.0007,442,True
P08237,T-Shirt,Apparel,Mushroom Mycelium,0.285,0.0008,373,True
P08238,T-Shirt,Apparel,Recycled Cardboard,0.178,0.0009,164,True
P08239,T-Shirt,Apparel,Bioplastic (PLA),0.279,0.0009,399,True
P08240,T-Shirt,Apparel,Recycled Cardboard,0.142,0.0003,161,True
P08241,T-Shirt,Apparel,Mushroom Mycelium,0.265,0.0004,138,True
P08242,T-Shirt,Apparel,Bamboo Fiber,0.123,0.0006,569,True
P08243,T-Shirt,Apparel,Bioplastic (PLA),0.125,0.0009,273,True
P08244,T-Shirt,Apparel,Bioplastic (PLA),0.254,0.0008,533,True
P08245,T-Shirt,Apparel,Recycled Cardboard,0.264,0.0002,70,True
P08246,T-Shirt,Apparel,Mushroom Mycelium,0.201,0.0003,159,True
P08247,T-Shirt,Apparel,Bagasse,0.283,0.0006,254,True
P08248,T-Shirt,Apparel,Recycled Cardboard,0.211,0.001,652,True
P08249,T-Shirt,Apparel,Bagasse,0.11,0.0003,656,True
P08250,T-Shirt,Apparel,Mushroom Mycelium,0.115,0.0008,556,True
P08251,T-Shirt,Apparel,Bioplastic (PLA),0.171,0.0009,672,True
P08252,T-Shirt,Apparel,Recycled Cardboard,0.133,0.0003,710,True
P08253,T-Shirt,Apparel,Recycled Cardboard,0.223,0.001,396,True
P08254,T-Shirt,Apparel,Bioplastic (PLA),0.235,0.0007,713,True
P08255,T-Shirt,Apparel,Bagasse,0.217,0.0005,253,True
P08256,T-Shirt,Apparel,Mushroom Mycelium,0.292,0.0003,268,True
P08257,T-Shirt,Apparel,Bamboo Fiber,0.237,0.0007,608,True
P08258,T-Shirt,Apparel,Bamboo Fiber,0.142,0.0006,130,True
P08259,T-Shirt,Apparel,Mushroom Mycelium,0.218,0.001,389,True
P08260,T-Shirt,Apparel,Bamboo Fiber,0.173,0.001,549,True
P08261,T-Shirt,Apparel,Bamboo Fiber,0.269,0.0006,392,True
P08262,T-Shirt,Apparel,Mushroom Mycelium,0.233,0.0002,357,True
P08263,T-Shirt,Apparel,Mushroom Mycelium,0.222,0.0006,174,True
P08264,T-Shirt,Apparel,Bagasse,0.216,0.001,207,True
P08265,T-Shirt,Apparel,Recycled Cardboard,0.285,0.0003,442,True
P08266,T-Shirt,Apparel,Recycled Cardboard,0.271,0.0006,111,True
P08267,T-Shirt,Apparel,Mushroom Mycelium,0.114,0.0003,699,True
P08268,T-Shirt,Apparel,Bagasse,0.185,0.0009,33,True
P08269,T-Shirt,Apparel,Bagasse,0.133,0.0009,400,True
P08270,T-Shirt,Apparel,Bamboo Fiber,0.205,0.0009,164,True
P08271,T-Shirt,Apparel,Mushroom Mycelium,0.186,0.0004,247,True
P08272,T-Shirt,Apparel,Bagasse,0.227,0.0008,637,True
P08273,T-Shirt,Apparel,Mushroom Mycelium,0.117,0.0004,585,True
P08274,T-Shirt,Apparel,Recycled Cardboard,0.295,0.0008,142,True
P08275,T-Shirt,Apparel,Bioplastic (PLA),0.258,0.0002,482,True
P08276,T-Shirt,Apparel,Bamboo Fiber,0.161,0.0009,708,True
P08277,T-Shirt,Apparel,Mushroom Mycelium,0.217,0.0007,47,True
P08278,T-Shirt,Apparel,Bioplastic (PLA),0.129,0.0006,118,True
P08279,T-Shirt,Apparel,Bagasse,0.241,0.0007,179,True
P08280,T-Shirt,Apparel,Bagasse,0.26,0.0007,222,True
P08281,T-Shirt,Apparel,Bamboo Fiber,0.198,0.0005,496,True
P08282,T-Shirt,Apparel,Recycled Cardboard,0.265,0.0006,146,True
P08283,T-Shirt,Apparel,Bioplastic (PLA),0.221,0.0006,520,True
P08284,T-Shirt,Apparel,Bioplastic (PLA),0.221,0.0004,247,True
P08285,T-Shirt,Apparel,Recycled Cardboard,0.298,0.0003,458,True
P08286,T-Shirt,Apparel,Bagasse,0.239,0.0009,280,True
P08287,T-Shirt,Apparel,Bamboo Fiber,0.24,0.0004,260,True
P08288,T-Shirt,Apparel,Recycled Cardboard,0.29,0.0005,538,True
P08289,T-Shirt,Apparel,Recycled Cardboard,0.17,0.0002,146,True
P08290,T-Shirt,Apparel,Bamboo Fiber,0.184,0.0003,534,True
P08291,T-Shirt,Apparel,Mushroom Mycelium,0.211,0.0003,437,True
P08292,T-Shirt,Apparel,Bamboo Fiber,0.299,0.0002,172,True
P08293,T-Shirt,Apparel,Mushroom Mycelium,0.134,0.0004,327,True
P08294,T-Shirt,Apparel,Bagasse,0.191,0.0008,704,True
P08295,T-Shirt,Apparel,Bioplastic (PLA),0.175,0.0002,196,True
P08296,T-Shirt,Apparel,Bioplastic (PLA),0.226,0.0002,167,True
P08297,T-Shirt,Apparel,Bamboo Fiber,0.291,0.0007,487,True
P08298,T-Shirt,Apparel,Bamboo Fiber,0.146,0.0003,512,True
P08299,T-Shirt,Apparel,Bagasse,0.284,0.0008,194,True
P08300,T-Shirt,Apparel,Mushroom Mycelium,0.176,0.0005,137,True
P08301,T-Shirt,Apparel,Bioplastic (PLA),0.278,0.0007,119,True
P08302,T-Shirt,Apparel,Mushroom Mycelium,0.154,0.0008,50,True
P08303,T-Shirt,Apparel,Mushroom Mycelium,0.218,0.0006,236,True
P08304,T-Shirt,Apparel,Bagasse,0.127,0.0003,322,True
P08305,T-Shirt,Apparel,Recycled Cardboard,0.194,0.0003,172,True
P08306,T-Shirt,Apparel,Bagasse,0.249,0.0009,538,True
P08307,T-Shirt,Apparel,Bagasse,0.18,0.0006,63,True
P08308,T-Shirt,Apparel,Mushroom Mycelium,0.254,0.001,179,True
P08309,T-Shirt,Apparel,Bamboo Fiber,0.167,0.0002,648,True
P08310,T-Shirt,Apparel,Recycled Cardboard,0.225,0.0001,515,True
P08311,T-Shirt,Apparel,Bioplastic (PLA),0.235,0.0003,205,True
P08312,T-Shirt,Apparel,Bagasse,0.25,0.0007,628,True
P08313,T-Shirt,Apparel,Bamboo Fiber,0.261,0.0007,575,True
P08314,T-Shirt,Apparel,Mushroom Mycelium,0.156,0.0001,695,True
P08315,T-Shirt,Apparel,Bamboo Fiber,0.279,0.0006,679,True
P08316,T-Shirt,Apparel,Bamboo Fiber,0.142,0.0003,527,True
P08317,T-Shirt,Apparel,Bamboo Fiber,0.269,0.0009,561,True
P08318,T-Shirt,Apparel,Bioplastic (PLA),0.126,0.0005,662,True
P08319,T-Shirt,Apparel,Recycled Cardboard,0.16,0.0002,343,True
P08320,T-Shirt,Apparel,Bamboo Fiber,0.206,0.0004,43,True
P08321,T-Shirt,Apparel,Recycled Cardboard,0.229,0.0004,351,True
P08322,T-Shirt,Apparel,Bioplastic (PLA),0.163,0.0002,710,True
P08323,T-Shirt,Apparel,Bioplastic (PLA),0.174,0.0005,83,True
P08324,T-Shirt,Apparel,Bagasse,0.106,0.0006,453,True
P08325,T-Shirt,Apparel,Bagasse,0.147,0.0009,636,True
P08326,T-Shirt,Apparel,Bagasse,0.186,0.0002,298,True
P08327,T-Shirt,Apparel,Mushroom Mycelium,0.281,0.0006,313,True
P08328,T-Shirt,Apparel,Bagasse,0.215,0.0002,134,True
P08329,T-Shirt,Apparel,Bioplastic (PLA),0.258,0.0006,467,True
P08330,T-Shirt,Apparel,Bioplastic (PLA),0.174,0.0007,721,True
P08331,T-Shirt,Apparel,Bagasse,0.227,0.0002,661,True
P08332,T-Shirt,Apparel,Bamboo Fiber,0.224,0.0003,649,True
P08333,T-Shirt,Apparel,Bamboo Fiber,0.242,0.0009,656,True
P08334,T-Shirt,Apparel,Mushroom Mycelium,0.18,0.0005,384,True
P08335,T-Shirt,Apparel,Recycled Cardboard,0.104,0.0003,158,True
P08336,T-Shirt,Apparel,Mushroom Mycelium,0.237,0.0003,588,True
P08337,T-Shirt,Apparel,Recycled Cardboard,0.203,0.0009,268,True
P08338,T-Shirt,Apparel,Bioplastic (PLA),0.255,0.0003,541,True
P08339,T-Shirt,Apparel,Mushroom Mycelium,0.138,0.0008,537,True
P08340,T-Shirt,Apparel,Bamboo Fiber,0.196,0.001,286,True
P08341,T-Shirt,Apparel,Bagasse,0.294,0.0001,207,True
P08342,T-Shirt,Apparel,Recycled Cardboard,0.201,0.0003,476,True
P08343,T-Shirt,Apparel,Bamboo Fiber,0.262,0.0005,580,True
P08344,T-Shirt,Apparel,Mushroom Mycelium,0.181,0.0002,437,True
P08345,T-Shirt,Apparel,Bagasse,0.225,0.0001,354,True
P08346,T-Shirt,Apparel,Mushroom Mycelium,0.122,0.0009,124,True
P08347,T-Shirt,Apparel,Mushroom Mycelium,0.159,0.0006,64,True
P08348,T-Shirt,Apparel,Bagasse,0.275,0.0006,230,True
P08349,T-Shirt,Apparel,Bagasse,0.144,0.0009,728,True
P08350,T-Shirt,Apparel,Mushroom Mycelium,0.262,0.0008,299,True
P08351,T-Shirt,Apparel,Bamboo Fiber,0.279,0.0007,445,True
P08352,T-Shirt,Apparel,Bagasse,0.203,0.0004,276,True
P08353,T-Shirt,Apparel,Bamboo Fiber,0.289,0.0008,543,True
P08354,T-Shirt,Apparel,Bioplastic (PLA),0.263,0.0006,292,True
P08355,T-Shirt,Apparel,Bamboo Fiber,0.245,0.0007,575,True
P08356,T-Shirt,Apparel,Mushroom Mycelium,0.151,0.001,562,True
P08357,T-Shirt,Apparel,Mushroom Mycelium,0.162,0.0005,119,True
P08358,T-Shirt,Apparel,Recycled Cardboard,0.206,0.0003,716,True
P08359,T-Shirt,Apparel,Mushroom Mycelium,0.125,0.0003,647,True
P08360,T-Shirt,Apparel,Bamboo Fiber,0.175,0.0004,349,True
P08361,T-Shirt,Apparel,Recycled Cardboard,0.275,0.0002,712,True
P08362,T-Shirt,Apparel,Bagasse,0.292,0.0006,447,True
P08363,T-Shirt,Apparel,Bagasse,0.267,0.0006,597,True
P08364,T-Shirt,Apparel,Bagasse,0.284,0.0006,694,True
P08365,T-Shirt,Apparel,Bagasse,0.229,0.0005,623,True
P08366,T-Shirt,Apparel,Bioplastic (PLA),0.239,0.0002,249,True
P08367,T-Shirt,Apparel,Bioplastic (PLA),0.155,0.0004,122,True
P08368,T-Shirt,Apparel,Bamboo Fiber,0.299,0.0004,685,True
P08369,T-Shirt,Apparel,Bagasse,0.135,0.0005,706,True
P08370,T-Shirt,Apparel,Mushroom Mycelium,0.106,0.0005,493,True
P08371,T-Shirt,Apparel,Bamboo Fiber,0.131,0.0007,161,True
P08372,T-Shirt,Apparel,Recycled Cardboard,0.19,0.0005,298,True
P08373,T-Shirt,Apparel,Bioplastic (PLA),0.178,0.0007,479,True
P08374,T-Shirt,Apparel,Bamboo Fiber,0.169,0.0009,624,True
P08375,T-Shirt,Apparel,Mushroom Mycelium,0.207,0.0007,699,True
P08376,T-Shirt,Apparel,Recycled Cardboard,0.136,0.0005,684,True
P08377,T-Shirt,Apparel,Recycled Cardboard,0.172,0.0004,546,True
P08378,T-Shirt,Apparel,Bagasse,0.262,0.0007,347,True
P08379,T-Shirt,Apparel,Recycled Cardboard,0.19,0.0002,180,True
P08380,T-Shirt,Apparel,Mushroom Mycelium,0.181,0.0005,141,True
P08381,T-Shirt,Apparel,Bioplastic (PLA),0.173,0.0001,426,True
P08382,T-Shirt,Apparel,Mushroom Mycelium,0.155,0.0006,414,True
P08383,T-Shirt,Apparel,Bioplastic (PLA),0.153,0.0007,598,True
P08384,T-Shirt,Apparel,Mushroom Mycelium,0.184,0.0002,156,True
P08385,T-Shirt,Apparel,Recycled Cardboard,0.297,0.0002,351,True
P08386,T-Shirt,Apparel,Bioplastic (PLA),0.289,0.0005,71,True
P08387,T-Shirt,Apparel,Mushroom Mycelium,0.296,0.0005,580,True
P08388,T-Shirt,Apparel,Bioplastic (PLA),0.279,0.0001,214,True
P08389,T-Shirt,Apparel,Bioplastic (PLA),0.197,0.001,697,True
P08390,T-Shirt,Apparel,Bagasse,0.271,0.0002,265,True
P08391,T-Shirt,Apparel,Mushroom Mycelium,0.252,0.0008,605,True
P08392,T-Shirt,Apparel,Recycled Cardboard,0.268,0.0007,687,True
P08393,T-Shirt,Apparel,Bagasse,0.113,0.0006,424,True
P08394,T-Shirt,Apparel,Bamboo Fiber,0.208,0.0008,427,True
P08395,T-Shirt,Apparel,Mushroom Mycelium,0.265,0.0008,40,True
P08396,T-Shirt,Apparel,Mushroom Mycelium,0.147,0.0003,327,True
P08397,T-Shirt,Apparel,Recycled Cardboard,0.299,0.0004,87,True
P08398,T-Shirt,Apparel,Bagasse,0.279,0.0008,68,True
P08399,T-Shirt,Apparel,Mushroom Mycelium,0.254,0.0002,636,True
P08400,T-Shirt,Apparel,Bamboo Fiber,0.252,0.0002,545,True
P08401,T-Shirt,Apparel,Bioplastic (PLA),0.206,0.0008,242,True
P08402,T-Shirt,Apparel,Bioplastic (PLA),0.144,0.0006,136,True
P08403,T-Shirt,Apparel,Mushroom Mycelium,0.284,0.0008,186,True
P08404,T-Shirt,Apparel,Bamboo Fiber,0.254,0.0008,486,True
P08405,T-Shirt,Apparel,Recycled Cardboard,0.102,0.0008,484,True
P08406,T-Shirt,Apparel,Bamboo Fiber,0.184,0.0005,52,True
P08407,T-Shirt,Apparel,Bagasse,0.251,0.0007,393,True
P08408,T-Shirt,Apparel,Bamboo Fiber,0.207,0.001,68,True
P08409,T-Shirt,Apparel,Recycled Cardboard,0.138,0.0004,275,True
P08410,T-Shirt,Apparel,Bamboo Fiber,0.148,0.0006,628,True
P08411,T-Shirt,Apparel,Recycled Cardboard,0.182,0.0005,592,True
P08412,T-Shirt,Apparel,Bioplastic (PLA),0.262,0.0009,720,True
P08413,T-Shirt,Apparel,Bioplastic (PLA),0.281,0.0005,634,True
P08414,T-Shirt,Apparel,Bagasse,0.259,0.001,619,True
P08415,T-Shirt,Apparel,Recycled Cardboard,0.141,0.0002,299,True
P08416,T-Shirt,Apparel,Recycled Cardboard,0.26,0.0003,502,True
P08417,T-Shirt,Apparel,Bamboo Fiber,0.27,0.0002,483,True
P08418,T-Shirt,Apparel,Mushroom Mycelium,0.158,0.0007,388,True
P08419,T-Shirt,Apparel,Bagasse,0.213,0.0004,91,True
P08420,T-Shirt,Apparel,Recycled Cardboard,0.284,0.0005,408,True
P08421,T-Shirt,Apparel,Bagasse,0.202,0.0005,676,True
P08422,T-Shirt,Apparel,Bamboo Fiber,0.161,0.0005,512,True
P08423,T-Shirt,Apparel,Bagasse,0.271,0.0005,92,True
P08424,T-Shirt,Apparel,Bioplastic (PLA),0.172,0.0004,415,True
P08425,T-Shirt,Apparel,Bamboo Fiber,0.229,0.0007,104,True
P08426,T-Shirt,Apparel,Bamboo Fiber,0.283,0.0004,336,True
P08427,T-Shirt,Apparel,Recycled Cardboard,0.118,0.0004,497,True
P08428,T-Shirt,Apparel,Bamboo Fiber,0.186,0.0008,615,True
P08429,T-Shirt,Apparel,Bamboo Fiber,0.21,0.0004,279,True
P08430,T-Shirt,Apparel,Bagasse,0.274,0.0005,493,True
P08431,T-Shirt,Apparel,Mushroom Mycelium,0.101,0.0004,71,True
P08432,T-Shirt,Apparel,Recycled Cardboard,0.137,0.0002,547,True
P08433,T-Shirt,Apparel,Mushroom Mycelium,0.223,0.0003,124,True
P08434,T-Shirt,Apparel,Mushroom Mycelium,0.238,0.0005,121,True
P08435,T-Shirt,Apparel,Recycled Cardboard,0.241,0.0005,498,True
P08436,T-Shirt,Apparel,Bamboo Fiber,0.204,0.0005,544,True
P08437,T-Shirt,Apparel,Recycled Cardboard,0.115,0.0009,143,True
P08438,T-Shirt,Apparel,Mushroom Mycelium,0.201,0.0004,116,True
P08439,T-Shirt,Apparel,Bagasse,0.299,0.0008,96,True
P08440,T-Shirt,Apparel,Bioplastic (PLA),0.185,0.0008,309,True
P08441,T-Shirt,Apparel,Recycled Cardboard,0.222,0.0006,493,True
P08442,T-Shirt,Apparel,Bamboo Fiber,0.143,0.0009,105,True
P08443,T-Shirt,Apparel,Bagasse,0.201,0.0007,594,True
P08444,T-Shirt,Apparel,Mushroom Mycelium,0.26,0.0009,472,True
P08445,T-Shirt,Apparel,Recycled Cardboard,0.156,0.0005,65,True
P08446,T-Shirt,Apparel,Bamboo Fiber,0.122,0.0002,487,True
P08447,T-Shirt,Apparel,Mushroom Mycelium,0.183,0.0005,492,True
P08448,T-Shirt,Apparel,Recycled Cardboard,0.294,0.0004,574,True
P08449,T-Shirt,Apparel,Mushroom Mycelium,0.166,0.0007,77,True
P08450,T-Shirt,Apparel,Bamboo Fiber,0.292,0.0001,107,True
P08451,T-Shirt,Apparel,Mushroom Mycelium,0.173,0.0004,228,True
P08452,T-Shirt,Apparel,Mushroom Mycelium,0.121,0.0003,218,True
P08453,T-Shirt,Apparel,Bioplastic (PLA),0.227,0.0003,653,True
P08454,T-Shirt,Apparel,Bamboo Fiber,0.147,0.0008,211,True
P08455,T-Shirt,Apparel,Bagasse,0.218,0.0008,146,True
P08456,T-Shirt,Apparel,Bamboo Fiber,0.1,0.0005,381,True
P08457,T-Shirt,Apparel,Bagasse,0.15,0.0009,211,True
P08458,T-Shirt,Apparel,Bamboo Fiber,0.275,0.0004,708,True
P08459,T-Shirt,Apparel,Bioplastic (PLA),0.105,0.0008,411,True
P08460,T-Shirt,Apparel,Bamboo Fiber,0.158,0.0003,314,True
P08461,T-Shirt,Apparel,Bioplastic (PLA),0.286,0.0009,517,True
P08462,T-Shirt,Apparel,Bioplastic (PLA),0.271,0.0008,34,True
P08463,T-Shirt,Apparel,Bioplastic (PLA),0.114,0.0004,491,True
P08464,T-Shirt,Apparel,Recycled Cardboard,0.277,0.0004,670,True
P08465,T-Shirt,Apparel,Bioplastic (PLA),0.296,0.0003,89,True
P08466,T-Shirt,Apparel,Bioplastic (PLA),0.138,0.0007,688,True
P08467,T-Shirt,Apparel,Recycled Cardboard,0.211,0.0009,332,True
P08468,T-Shirt,Apparel,Bioplastic (PLA),0.237,0.0003,92,True
P08469,T-Shirt,Apparel,Bagasse,0.156,0.0004,199,True
P08470,T-Shirt,Apparel,Mushroom Mycelium,0.246,0.0003,697,True
P08471,T-Shirt,Apparel,Bagasse,0.228,0.0007,539,True
P08472,T-Shirt,Apparel,Bioplastic (PLA),0.158,0.0001,505,True
P08473,T-Shirt,Apparel,Bioplastic (PLA),0.136,0.0004,47,True
P08474,T-Shirt,Apparel,Mushroom Mycelium,0.147,0.0006,251,True
P08475,T-Shirt,Apparel,Mushroom Mycelium,0.27,0.0009,257,True
P08476,T-Shirt,Apparel,Bamboo Fiber,0.175,0.0007,523,True
P08477,T-Shirt,Apparel,Bagasse,0.151,0.0001,41,True
P08478,T-Shirt,Apparel,Bioplastic (PLA),0.112,0.0009,425,True
P08479,T-Shirt,Apparel,Bioplastic (PLA),0.114,0.0008,318,True
P08480,T-Shirt,Apparel,Bioplastic (PLA),0.19,0.0004,262,True
P08481,T-Shirt,Apparel,Mushroom Mycelium,0.241,0.0009,387,True
P08482,T-Shirt,Apparel,Bamboo Fiber,0.219,0.0008,187,True
P08483,T-Shirt,Apparel,Recycled Cardboard,0.255,0.001,448,True
P08484,T-Shirt,Apparel,Bagasse,0.124,0.0008,729,True
P08485,T-Shirt,Apparel,Bagasse,0.132,0.0009,421,True
P08486,T-Shirt,Apparel,Bamboo Fiber,0.291,0.0006,208,True
P08487,T-Shirt,Apparel,Mushroom Mycelium,0.229,0.0003,578,True
P08488,T-Shirt,Apparel,Bamboo Fiber,0.203,0.0004,416,True
P08489,T-Shirt,Apparel,Bamboo Fiber,0.221,0.0005,625,True
P08490,T-Shirt,Apparel,Bioplastic (PLA),0.18,0.0002,550,True
P08491,T-Shirt,Apparel,Bagasse,0.296,0.0005,274,True
P08492,T-Shirt,Apparel,Bagasse,0.235,0.0009,55,True
P08493,T-Shirt,Apparel,Bagasse,0.192,0.0007,307,True
P08494,T-Shirt,Apparel,Bioplastic (PLA),0.241,0.0009,285,True
P08495,T-Shirt,Apparel,Bagasse,0.262,0.0003,368,True
P08496,T-Shirt,Apparel,Recycled Cardboard,0.242,0.0009,265,True
P08497,T-Shirt,Apparel,Bagasse,0.112,0.0007,561,True
P08498,T-Shirt,Apparel,Bamboo Fiber,0.134,0.0005,228,True
P08499,T-Shirt,Apparel,Bioplastic (PLA),0.295,0.0002,450,True
P08500,T-Shirt,Apparel,Bagasse,0.231,0.0007,490,True
P08501,Sneakers,Apparel,Bioplastic (PLA),0.542,0.0014,32,True
P08502,Sneakers,Apparel,Mushroom Mycelium,0.726,0.0013,180,True
P08503,Sneakers,Apparel,Bioplastic (PLA),0.776,0.0012,582,True
P08504,Sneakers,Apparel,Bagasse,0.734,0.0014,153,True
P08505,Sneakers,Apparel,Mushroom Mycelium,0.503,0.0007,465,True
P08506,Sneakers,Apparel,Bioplastic (PLA),0.565,0.0008,94,True
P08507,Sneakers,Apparel,Bagasse,0.878,0.0012,351,True
P08508,Sneakers,Apparel,Bioplastic (PLA),0.953,0.0014,299,True
P08509,Sneakers,Apparel,Recycled Cardboard,0.819,0.0011,45,True
P08510,Sneakers,Apparel,Recycled Cardboard,0.607,0.001,42,True
P08511,Sneakers,Apparel,Mushroom Mycelium,0.962,0.0013,291,True
P08512,Sneakers,Apparel,Bamboo Fiber,0.604,0.001,307,True
P08513,Sneakers,Apparel,Mushroom Mycelium,0.584,0.0009,405,True
P08514,Sneakers,Apparel,Bagasse,0.705,0.001,583,True
P08515,Sneakers,Apparel,Bamboo Fiber,0.563,0.0008,287,True
P08516,Sneakers,Apparel,Bagasse,0.804,0.0008,710,True
P08517,Sneakers,Apparel,Bioplastic (PLA),0.603,0.0005,339,True
P08518,Sneakers,Apparel,Recycled Cardboard,0.988,0.0014,604,True
P08519,Sneakers,Apparel,Mushroom Mycelium,0.656,0.001,200,True
P08520,Sneakers,Apparel,Bamboo Fiber,0.747,0.0009,511,True
P08521,Sneakers,Apparel,Bioplastic (PLA),0.901,0.0007,595,True
P08522,Sneakers,Apparel,Bagasse,0.841,0.0009,237,True
P08523,Sneakers,Apparel,Bioplastic (PLA),0.957,0.0012,536,True
P08524,Sneakers,Apparel,Bamboo Fiber,0.662,0.0011,273,True
P08525,Sneakers,Apparel,Recycled Cardboard,0.529,0.0008,489,True
P08526,Sneakers,Apparel,Bagasse,0.905,0.0012,294,True
P08527,Sneakers,Apparel,Bagasse,0.639,0.001,681,True
P08528,Sneakers,Apparel,Bamboo Fiber,0.733,0.0012,145,True
P08529,Sneakers,Apparel,Mushroom Mycelium,0.844,0.001,432,True
P08530,Sneakers,Apparel,Bioplastic (PLA),0.562,0.0007,85,True
P08531,Sneakers,Apparel,Mushroom Mycelium,0.688,0.001,399,True
P08532,Sneakers,Apparel,Bioplastic (PLA),0.845,0.0006,162,True
P08533,Sneakers,Apparel,Recycled Cardboard,0.908,0.0009,61,True
P08534,Sneakers,Apparel,Bioplastic (PLA),0.92,0.0008,607,True
P08535,Sneakers,Apparel,Bioplastic (PLA),0.939,0.0012,227,True
P08536,Sneakers,Apparel,Recycled Cardboard,0.793,0.001,349,True
P08537,Sneakers,Apparel,Bamboo Fiber,0.855,0.001,613,True
P08538,Sneakers,Apparel,Recycled Cardboard,0.936,0.0006,401,True
P08539,Sneakers,Apparel,Bagasse,0.963,0.0006,479,True
P08540,Sneakers,Apparel,Bioplastic (PLA),0.846,0.0005,539,True
P08541,Sneakers,Apparel,Bagasse,0.513,0.0014,496,True
P08542,Sneakers,Apparel,Bagasse,0.832,0.0012,90,True
P08543,Sneakers,Apparel,Recycled Cardboard,0.506,0.0013,277,True
P08544,Sneakers,Apparel,Bioplastic (PLA),0.732,0.0015,360,True
P08545,Sneakers,Apparel,Bamboo Fiber,0.655,0.0012,522,True
P08546,Sneakers,Apparel,Recycled Cardboard,0.816,0.0006,181,True
P08547,Sneakers,Apparel,Bioplastic (PLA),0.758,0.0011,38,True
P08548,Sneakers,Apparel,Mushroom Mycelium,0.71,0.0013,387,True
P08549,Sneakers,Apparel,Bioplastic (PLA),0.68,0.0009,501,True
P08550,Sneakers,Apparel,Bioplastic (PLA),0.811,0.0013,114,True
P08551,Sneakers,Apparel,Bamboo Fiber,0.586,0.0006,153,True
P08552,Sneakers,Apparel,Bamboo Fiber,0.679,0.0012,179,True
P08553,Sneakers,Apparel,Bioplastic (PLA),0.602,0.001,569,True
P08554,Sneakers,Apparel,Mushroom Mycelium,0.793,0.0009,198,True
P08555,Sneakers,Apparel,Mushroom Mycelium,0.803,0.0007,661,True
P08556,Sneakers,Apparel,Bagasse,0.79,0.001,113,True
P08557,Sneakers,Apparel,Bamboo Fiber,0.877,0.001,649,True
P08558,Sneakers,Apparel,Bamboo Fiber,0.515,0.0009,429,True
P08559,Sneakers,Apparel,Bioplastic (PLA),0.53,0.0008,210,True
P08560,Sneakers,Apparel,Mushroom Mycelium,0.839,0.0013,663,True
P08561,Sneakers,Apparel,Bioplastic (PLA),0.724,0.0013,288,True
P08562,Sneakers,Apparel,Recycled Cardboard,0.955,0.0014,294,True
P08563,Sneakers,Apparel,Bamboo Fiber,0.954,0.0009,229,True
P08564,Sneakers,Apparel,Bamboo Fiber,0.54,0.001,463,True
P08565,Sneakers,Apparel,Mushroom Mycelium,0.632,0.0015,490,True
P08566,Sneakers,Apparel,Bioplastic (PLA),0.533,0.0012,486,True
P08567,Sneakers,Apparel,Bamboo Fiber,0.826,0.0015,249,True
P08568,Sneakers,Apparel,Bamboo Fiber,0.766,0.0009,254,True
P08569,Sneakers,Apparel,Recycled Cardboard,0.635,0.001,447,True
P08570,Sneakers,Apparel,Mushroom Mycelium,0.645,0.0005,404,True
P08571,Sneakers,Apparel,Bagasse,0.727,0.0007,219,True
P08572,Sneakers,Apparel,Bagasse,0.772,0.0006,295,True
P08573,Sneakers,Apparel,Bioplastic (PLA),0.754,0.0009,267,True
P08574,Sneakers,Apparel,Bagasse,0.757,0.0013,608,True
P08575,Sneakers,Apparel,Bioplastic (PLA),0.689,0.0005,665,True
P08576,Sneakers,Apparel,Bamboo Fiber,0.658,0.0013,655,True
P08577,Sneakers,Apparel,Bamboo Fiber,0.94,0.0005,453,True
P08578,Sneakers,Apparel,Bagasse,0.742,0.0008,207,True
P08579,Sneakers,Apparel,Recycled Cardboard,0.869,0.0008,556,True
P08580,Sneakers,Apparel,Bioplastic (PLA),0.541,0.0013,560,True
P08581,Sneakers,Apparel,Mushroom Mycelium,0.781,0.0005,454,True
P08582,Sneakers,Apparel,Bamboo Fiber,0.751,0.0009,191,True
P08583,Sneakers,Apparel,Mushroom Mycelium,0.609,0.0006,89,True
P08584,Sneakers,Apparel,Bagasse,0.574,0.0008,186,True
P08585,Sneakers,Apparel,Mushroom Mycelium,0.873,0.0011,298,True
P08586,Sneakers,Apparel,Bamboo Fiber,0.825,0.0007,689,True
P08587,Sneakers,Apparel,Bamboo Fiber,0.932,0.001,363,True
P08588,Sneakers,Apparel,Bamboo Fiber,0.976,0.0012,722,True
P08589,Sneakers,Apparel,Bioplastic (PLA),0.68,0.0011,490,True
P08590,Sneakers,Apparel,Bamboo Fiber,0.563,0.0006,444,True
P08591,Sneakers,Apparel,Bagasse,0.932,0.0007,113,True
P08592,Sneakers,Apparel,Bagasse,0.657,0.001,603,True
P08593,Sneakers,Apparel,Bagasse,0.845,0.0008,389,True
P08594,Sneakers,Apparel,Mushroom Mycelium,0.523,0.001,718,True
P08595,Sneakers,Apparel,Bamboo Fiber,0.813,0.001,460,True
P08596,Sneakers,Apparel,Bioplastic (PLA),0.919,0.0014,708,True
P08597,Sneakers,Apparel,Bioplastic (PLA),0.618,0.0014,207,True
P08598,Sneakers,Apparel,Bamboo Fiber,0.693,0.0006,721,True
P08599,Sneakers,Apparel,Bagasse,0.967,0.0007,111,True
P08600,Sneakers,Apparel,Bagasse,0.57,0.0011,516,True
P08601,Sneakers,Apparel,Bioplastic (PLA),0.708,0.0008,224,True
P08602,Sneakers,Apparel,Bagasse,0.953,0.0011,133,True
P08603,Sneakers,Apparel,Mushroom Mycelium,0.924,0.0012,278,True
P08604,Sneakers,Apparel,Mushroom Mycelium,0.647,0.0014,652,True
P08605,Sneakers,Apparel,Bagasse,0.958,0.0007,75,True
P08606,Sneakers,Apparel,Recycled Cardboard,0.934,0.0005,286,True
P08607,Sneakers,Apparel,Bioplastic (PLA),0.696,0.0013,418,True
P08608,Sneakers,Apparel,Bamboo Fiber,0.765,0.0005,613,True
P08609,Sneakers,Apparel,Bioplastic (PLA),0.752,0.0011,256,True
P08610,Sneakers,Apparel,Mushroom Mycelium,0.858,0.001,661,True
P08611,Sneakers,Apparel,Bioplastic (PLA),0.69,0.0008,224,True
P08612,Sneakers,Apparel,Bamboo Fiber,0.655,0.0011,49,True
P08613,Sneakers,Apparel,Mushroom Mycelium,0.858,0.0012,253,True
P08614,Sneakers,Apparel,Bamboo Fiber,0.865,0.0011,571,True
P08615,Sneakers,Apparel,Bamboo Fiber,0.528,0.0009,352,True
P08616,Sneakers,Apparel,Mushroom Mycelium,0.557,0.0011,674,True
P08617,Sneakers,Apparel,Bioplastic (PLA),0.698,0.0005,376,True
P08618,Sneakers,Apparel,Mushroom Mycelium,0.611,0.001,66,True
P08619,Sneakers,Apparel,Bioplastic (PLA),0.831,0.0011,263,True
P08620,Sneakers,Apparel,Recycled Cardboard,0.611,0.0009,41,True
P08621,Sneakers,Apparel,Bioplastic (PLA),0.896,0.0005,220,True
P08622,Sneakers,Apparel,Recycled Cardboard,0.952,0.0008,74,True
P08623,Sneakers,Apparel,Bagasse,0.934,0.0011,568,True
P08624,Sneakers,Apparel,Bioplastic (PLA),0.741,0.0005,402,True
P08625,Sneakers,Apparel,Recycled Cardboard,0.82,0.0015,76,True
P08626,Sneakers,Apparel,Bioplastic (PLA),0.646,0.0006,586,True
P08627,Sneakers,Apparel,Bioplastic (PLA),0.648,0.0007,63,True
P08628,Sneakers,Apparel,Bagasse,0.804,0.0013,562,True
P08629,Sneakers,Apparel,Bioplastic (PLA),0.941,0.001,296,True
P08630,Sneakers,Apparel,Bioplastic (PLA),0.968,0.001,601,True
P08631,Sneakers,Apparel,Mushroom Mycelium,0.528,0.001,87,True
P08632,Sneakers,Apparel,Recycled Cardboard,0.641,0.0009,135,True
P08633,Sneakers,Apparel,Bagasse,0.918,0.0008,265,True
P08634,Sneakers,Apparel,Mushroom Mycelium,0.786,0.0015,570,True
P08635,Sneakers,Apparel,Bioplastic (PLA),0.936,0.0009,306,True
P08636,Sneakers,Apparel,Bamboo Fiber,0.822,0.0009,523,True
P08637,Sneakers,Apparel,Mushroom Mycelium,0.804,0.0009,367,True
P08638,Sneakers,Apparel,Recycled Cardboard,0.839,0.0005,127,True
P08639,Sneakers,Apparel,Recycled Cardboard,0.622,0.0014,466,True
P08640,Sneakers,Apparel,Bamboo Fiber,0.782,0.0011,726,True
P08641,Sneakers,Apparel,Bioplastic (PLA),0.92,0.0008,354,True
P08642,Sneakers,Apparel,Bamboo Fiber,0.861,0.0011,71,True
P08643,Sneakers,Apparel,Mushroom Mycelium,0.638,0.0009,454,True
P08644,Sneakers,Apparel,Bamboo Fiber,0.869,0.0014,622,True
P08645,Sneakers,Apparel,Bamboo Fiber,0.878,0.0008,520,True
P08646,Sneakers,Apparel,Recycled Cardboard,0.616,0.0009,728,True
P08647,Sneakers,Apparel,Bioplastic (PLA),0.519,0.0015,541,True
P08648,Sneakers,Apparel,Bagasse,0.549,0.001,386,True
P08649,Sneakers,Apparel,Recycled Cardboard,0.78,0.0008,599,True
P08650,Sneakers,Apparel,Bamboo Fiber,0.662,0.001,710,True
P08651,Sneakers,Apparel,Recycled Cardboard,0.98,0.0013,354,True
P08652,Sneakers,Apparel,Bagasse,0.781,0.0014,528,True
P08653,Sneakers,Apparel,Recycled Cardboard,0.64,0.0012,253,True
P08654,Sneakers,Apparel,Recycled Cardboard,0.685,0.0006,457,True
P08655,Sneakers,Apparel,Mushroom Mycelium,0.535,0.0012,443,True
P08656,Sneakers,Apparel,Bamboo Fiber,0.505,0.0009,311,True
P08657,Sneakers,Apparel,Recycled Cardboard,0.943,0.0005,191,True
P08658,Sneakers,Apparel,Recycled Cardboard,0.953,0.0014,189,True
P08659,Sneakers,Apparel,Bagasse,0.99,0.0012,692,True
P08660,Sneakers,Apparel,Recycled Cardboard,0.907,0.0013,723,True
P08661,Sneakers,Apparel,Bagasse,0.627,0.0014,522,True
P08662,Sneakers,Apparel,Bioplastic (PLA),0.725,0.0012,491,True
P08663,Sneakers,Apparel,Bioplastic (PLA),0.922,0.0006,370,True
P08664,Sneakers,Apparel,Bagasse,0.631,0.0012,461,True
P08665,Sneakers,Apparel,Mushroom Mycelium,0.505,0.0015,575,True
P08666,Sneakers,Apparel,Bioplastic (PLA),0.618,0.0011,56,True
P08667,Sneakers,Apparel,Recycled Cardboard,0.881,0.0008,680,True
P08668,Sneakers,Apparel,Recycled Cardboard,0.861,0.0014,586,True
P08669,Sneakers,Apparel,Recycled Cardboard,0.643,0.0009,608,True
P08670,Sneakers,Apparel,Recycled Cardboard,0.695,0.0011,178,True
P08671,Sneakers,Apparel,Bagasse,0.755,0.001,79,True
P08672,Sneakers,Apparel,Recycled Cardboard,0.918,0.001,98,True
P08673,Sneakers,Apparel,Bioplastic (PLA),0.587,0.0012,526,True
P08674,Sneakers,Apparel,Mushroom Mycelium,0.751,0.0009,412,True
P08675,Sneakers,Apparel,Recycled Cardboard,0.575,0.0009,299,True
P08676,Sneakers,Apparel,Recycled Cardboard,0.67,0.0005,551,True
P08677,Sneakers,Apparel,Bamboo Fiber,0.808,0.0015,186,True
P08678,Sneakers,Apparel,Mushroom Mycelium,0.696,0.0006,347,True
P08679,Sneakers,Apparel,Bagasse,0.696,0.0015,36,True
P08680,Sneakers,Apparel,Bagasse,0.817,0.0008,437,True
P08681,Sneakers,Apparel,Recycled Cardboard,0.595,0.001,695,True
P08682,Sneakers,Apparel,Bioplastic (PLA),0.561,0.001,155,True
P08683,Sneakers,Apparel,Bagasse,0.578,0.001,680,True
P08684,Sneakers,Apparel,Bamboo Fiber,0.64,0.0012,44,True
P08685,Sneakers,Apparel,Bamboo Fiber,0.582,0.0006,516,True
P08686,Sneakers,Apparel,Mushroom Mycelium,0.597,0.0005,233,True
P08687,Sneakers,Apparel,Mushroom Mycelium,0.683,0.0008,323,True
P08688,Sneakers,Apparel,Bioplastic (PLA),0.632,0.0012,553,True
P08689,Sneakers,Apparel,Bagasse,0.68,0.0007,115,True
P08690,Sneakers,Apparel,Bagasse,0.669,0.0006,124,True
P08691,Sneakers,Apparel,Recycled Cardboard,0.661,0.0007,645,True
P08692,Sneakers,Apparel,Bioplastic (PLA),0.773,0.0006,465,True
P08693,Sneakers,Apparel,Bioplastic (PLA),0.889,0.0008,696,True
P08694,Sneakers,Apparel,Bamboo Fiber,0.587,0.0006,375,True
P08695,Sneakers,Apparel,Bamboo Fiber,0.557,0.0005,603,True
P08696,Sneakers,Apparel,Bamboo Fiber,0.513,0.0005,582,True
P08697,Sneakers,Apparel,Bioplastic (PLA),0.939,0.0013,592,True
P08698,Sneakers,Apparel,Bioplastic (PLA),0.569,0.0007,132,True
P08699,Sneakers,Apparel,Bamboo Fiber,0.793,0.0011,475,True
P08700,Sneakers,Apparel,Bioplastic (PLA),0.884,0.0009,594,True
P08701,Sneakers,Apparel,Bioplastic (PLA),0.562,0.0012,451,True
P08702,Sneakers,Apparel,Mushroom Mycelium,0.845,0.0014,320,True
P08703,Sneakers,Apparel,Recycled Cardboard,0.711,0.0013,241,True
P08704,Sneakers,Apparel,Recycled Cardboard,0.905,0.0011,276,True
P08705,Sneakers,Apparel,Mushroom Mycelium,0.563,0.0015,550,True
P08706,Sneakers,Apparel,Bioplastic (PLA),0.804,0.0006,387,True
P08707,Sneakers,Apparel,Bamboo Fiber,0.853,0.0015,103,True
P08708,Sneakers,Apparel,Mushroom Mycelium,0.817,0.0012,184,True
P08709,Sneakers,Apparel,Bagasse,0.864,0.001,444,True
P08710,Sneakers,Apparel,Bagasse,0.9,0.0009,492,True
P08711,Sneakers,Apparel,Mushroom Mycelium,0.874,0.0013,36,True
P08712,Sneakers,Apparel,Recycled Cardboard,0.9,0.0008,302,True
P08713,Sneakers,Apparel,Recycled Cardboard,0.586,0.0005,148,True
P08714,Sneakers,Apparel,Bioplastic (PLA),0.66,0.0007,46,True
P08715,Sneakers,Apparel,Mushroom Mycelium,0.58,0.0008,186,True
P08716,Sneakers,Apparel,Bagasse,0.626,0.0008,362,True
P08717,Sneakers,Apparel,Bioplastic (PLA),0.713,0.0014,408,True
P08718,Sneakers,Apparel,Bioplastic (PLA),0.551,0.0012,730,True
P08719,Sneakers,Apparel,Bamboo Fiber,0.559,0.0009,678,True
P08720,Sneakers,Apparel,Bamboo Fiber,0.692,0.0011,695,True
P08721,Sneakers,Apparel,Mushroom Mycelium,0.999,0.0014,602,True
P08722,Sneakers,Apparel,Recycled Cardboard,0.717,0.0007,97,True
P08723,Sneakers,Apparel,Recycled Cardboard,0.749,0.0009,42,True
P08724,Sneakers,Apparel,Recycled Cardboard,0.634,0.0014,532,True
P08725,Sneakers,Apparel,Mushroom Mycelium,0.836,0.0014,589,True
P08726,Sneakers,Apparel,Recycled Cardboard,0.772,0.0013,510,True
P08727,Sneakers,Apparel,Bioplastic (PLA),0.875,0.0007,531,True
P08728,Sneakers,Apparel,Recycled Cardboard,0.749,0.0007,685,True
P08729,Sneakers,Apparel,Bioplastic (PLA),0.942,0.0007,572,True
P08730,Sneakers,Apparel,Recycled Cardboard,0.976,0.0008,592,True
P08731,Sneakers,Apparel,Mushroom Mycelium,0.582,0.0014,520,True
P08732,Sneakers,Apparel,Bioplastic (PLA),0.78,0.0006,507,True
P08733,Sneakers,Apparel,Bagasse,0.893,0.0013,640,True
P08734,Sneakers,Apparel,Mushroom Mycelium,0.944,0.0006,418,True
P08735,Sneakers,Apparel,Bioplastic (PLA),0.951,0.0007,373,True
P08736,Sneakers,Apparel,Mushroom Mycelium,0.957,0.0007,511,True
P08737,Sneakers,Apparel,Bioplastic (PLA),0.854,0.0005,726,True
P08738,Sneakers,Apparel,Mushroom Mycelium,0.589,0.0006,714,True
P08739,Sneakers,Apparel,Bioplastic (PLA),0.546,0.0012,623,True
P08740,Sneakers,Apparel,Mushroom Mycelium,0.534,0.001,122,True
P08741,Sneakers,Apparel,Bamboo Fiber,0.503,0.0014,216,True
P08742,Sneakers,Apparel,Bioplastic (PLA),0.98,0.0005,63,True
P08743,Sneakers,Apparel,Recycled Cardboard,0.931,0.0007,403,True
P08744,Sneakers,Apparel,Recycled Cardboard,0.945,0.0011,69,True
P08745,Sneakers,Apparel,Recycled Cardboard,0.666,0.0011,606,True
P08746,Sneakers,Apparel,Bamboo Fiber,0.87,0.0015,427,True
P08747,Sneakers,Apparel,Mushroom Mycelium,0.611,0.0005,469,True
P08748,Sneakers,Apparel,Bioplastic (PLA),0.877,0.0015,578,True
P08749,Sneakers,Apparel,Bamboo Fiber,0.806,0.0011,340,True
P08750,Sneakers,Apparel,Bagasse,0.849,0.0013,419,True
P08751,Sneakers,Apparel,Recycled Cardboard,0.969,0.001,596,True
P08752,Sneakers,Apparel,Bamboo Fiber,0.842,0.001,369,True
P08753,Sneakers,Apparel,Bagasse,0.628,0.0011,573,True
P08754,Sneakers,Apparel,Recycled Cardboard,0.841,0.0012,394,True
P08755,Sneakers,Apparel,Bioplastic (PLA),0.587,0.0007,406,True
P08756,Sneakers,Apparel,Bamboo Fiber,0.733,0.0011,490,True
P08757,Sneakers,Apparel,Recycled Cardboard,0.697,0.0009,486,True
P08758,Sneakers,Apparel,Recycled Cardboard,0.96,0.0013,68,True
P08759,Sneakers,Apparel,Bioplastic (PLA),0.846,0.001,679,True
P08760,Sneakers,Apparel,Mushroom Mycelium,0.941,0.0007,685,True
P08761,Sneakers,Apparel,Bamboo Fiber,0.752,0.0007,317,True
P08762,Sneakers,Apparel,Bagasse,0.709,0.0009,565,True
P08763,Sneakers,Apparel,Bagasse,0.595,0.0008,220,True
P08764,Sneakers,Apparel,Bagasse,0.69,0.0009,693,True
P08765,Sneakers,Apparel,Bioplastic (PLA),0.984,0.0012,621,True
P08766,Sneakers,Apparel,Bagasse,0.841,0.0007,464,True
P08767,Sneakers,Apparel,Mushroom Mycelium,0.558,0.0011,288,True
P08768,Sneakers,Apparel,Bamboo Fiber,0.586,0.0009,95,True
P08769,Sneakers,Apparel,Bamboo Fiber,0.553,0.0007,286,True
P08770,Sneakers,Apparel,Recycled Cardboard,0.595,0.0012,393,True
P08771,Sneakers,Apparel,Bagasse,0.796,0.0009,387,True
P08772,Sneakers,Apparel,Mushroom Mycelium,0.572,0.0007,353,True
P08773,Sneakers,Apparel,Bioplastic (PLA),0.985,0.0012,711,True
P08774,Sneakers,Apparel,Bagasse,0.598,0.0009,163,True
P08775,Sneakers,Apparel,Bamboo Fiber,0.874,0.0013,190,True
P08776,Sneakers,Apparel,Recycled Cardboard,0.69,0.0009,451,True
P08777,Sneakers,Apparel,Bagasse,0.888,0.0013,368,True
P08778,Sneakers,Apparel,Mushroom Mycelium,0.744,0.0006,392,True
P08779,Sneakers,Apparel,Mushroom Mycelium,0.805,0.0011,118,True
P08780,Sneakers,Apparel,Bioplastic (PLA),0.829,0.0012,726,True
P08781,Sneakers,Apparel,Bamboo Fiber,0.639,0.0007,468,True
P08782,Sneakers,Apparel,Bagasse,0.596,0.0007,709,True
P08783,Sneakers,Apparel,Mushroom Mycelium,0.682,0.0007,312,True
P08784,Sneakers,Apparel,Mushroom Mycelium,0.689,0.0011,569,True
P08785,Sneakers,Apparel,Bamboo Fiber,0.555,0.0013,499,True
P08786,Sneakers,Apparel,Mushroom Mycelium,0.613,0.0009,115,True
P08787,Sneakers,Apparel,Bioplastic (PLA),0.542,0.0011,607,True
P08788,Sneakers,Apparel,Recycled Cardboard,0.616,0.0008,590,True
P08789,Sneakers,Apparel,Bamboo Fiber,0.834,0.0005,55,True
P08790,Sneakers,Apparel,Bagasse,0.997,0.0012,387,True
P08791,Sneakers,Apparel,Bamboo Fiber,0.56,0.0008,498,True
P08792,Sneakers,Apparel,Bagasse,0.888,0.0011,345,True
P08793,Sneakers,Apparel,Bagasse,0.647,0.001,298,True
P08794,Sneakers,Apparel,Bioplastic (PLA),0.873,0.001,112,True
P08795,Sneakers,Apparel,Bioplastic (PLA),0.567,0.0014,66,True
P08796,Sneakers,Apparel,Recycled Cardboard,0.783,0.0005,419,True
P08797,Sneakers,Apparel,Bamboo Fiber,0.756,0.0015,538,True
P08798,Sneakers,Apparel,Bamboo Fiber,0.544,0.001,236,True
P08799,Sneakers,Apparel,Bioplastic (PLA),0.592,0.0013,428,True
P08800,Sneakers,Apparel,Recycled Cardboard,0.65,0.0012,635,True
P08801,Sneakers,Apparel,Bioplastic (PLA),0.782,0.0014,352,True
P08802,Sneakers,Apparel,Recycled Cardboard,0.58,0.0015,260,True
P08803,Sneakers,Apparel,Bagasse,0.55,0.0006,650,True
P08804,Sneakers,Apparel,Mushroom Mycelium,0.77,0.0014,536,True
P08805,Sneakers,Apparel,Mushroom Mycelium,0.861,0.0005,84,True
P08806,Sneakers,Apparel,Bioplastic (PLA),0.586,0.0015,447,True
P08807,Sneakers,Apparel,Bamboo Fiber,0.951,0.001,136,True
P08808,Sneakers,Apparel,Bioplastic (PLA),0.602,0.0011,299,True
P08809,Sneakers,Apparel,Bamboo Fiber,0.975,0.0005,601,True
P08810,Sneakers,Apparel,Bioplastic (PLA),0.675,0.0005,425,True
P08811,Sneakers,Apparel,Bamboo Fiber,0.793,0.0013,41,True
P08812,Sneakers,Apparel,Bagasse,0.773,0.0008,140,True
P08813,Sneakers,Apparel,Bagasse,0.912,0.0014,91,True
P08814,Sneakers,Apparel,Bamboo Fiber,0.599,0.0012,268,True
P08815,Sneakers,Apparel,Bamboo Fiber,0.842,0.0009,500,True
P08816,Sneakers,Apparel,Recycled Cardboard,0.524,0.0015,494,True
P08817,Sneakers,Apparel,Mushroom Mycelium,0.817,0.0006,169,True
P08818,Sneakers,Apparel,Bioplastic (PLA),0.669,0.0008,467,True
P08819,Sneakers,Apparel,Bioplastic (PLA),0.552,0.0015,83,True
P08820,Sneakers,Apparel,Bioplastic (PLA),0.766,0.0012,468,True
P08821,Sneakers,Apparel,Mushroom Mycelium,0.642,0.001,528,True
P08822,Sneakers,Apparel,Recycled Cardboard,0.744,0.001,354,True
P08823,Sneakers,Apparel,Bagasse,0.611,0.0012,395,True
P08824,Sneakers,Apparel,Recycled Cardboard,0.953,0.0013,586,True
P08825,Sneakers,Apparel,Bamboo Fiber,0.846,0.0008,412,True
P08826,Sneakers,Apparel,Bagasse,0.833,0.0013,619,True
P08827,Sneakers,Apparel,Bagasse,0.861,0.0007,320,True
P08828,Sneakers,Apparel,Recycled Cardboard,0.57,0.0013,430,True
P08829,Sneakers,Apparel,Recycled Cardboard,0.963,0.0011,392,True
P08830,Sneakers,Apparel,Bioplastic (PLA),0.614,0.0006,397,True
P08831,Sneakers,Apparel,Bagasse,0.91,0.0007,522,True
P08832,Sneakers,Apparel,Mushroom Mycelium,0.991,0.0006,52,True
P08833,Sneakers,Apparel,Bamboo Fiber,0.875,0.0007,489,True
P08834,Sneakers,Apparel,Bagasse,0.728,0.0012,309,True
P08835,Sneakers,Apparel,Recycled Cardboard,0.606,0.0012,466,True
P08836,Sneakers,Apparel,Bagasse,0.535,0.001,263,True
P08837,Sneakers,Apparel,Recycled Cardboard,0.936,0.0014,115,True
P08838,Sneakers,Apparel,Bioplastic (PLA),0.596,0.0014,169,True
P08839,Sneakers,Apparel,Mushroom Mycelium,0.86,0.0008,166,True
P08840,Sneakers,Apparel,Bioplastic (PLA),0.822,0.0006,572,True
P08841,Sneakers,Apparel,Bioplastic (PLA),0.731,0.0008,552,True
P08842,Sneakers,Apparel,Recycled Cardboard,0.53,0.001,546,True
P08843,Sneakers,Apparel,Bioplastic (PLA),0.724,0.0011,498,True
P08844,Sneakers,Apparel,Bioplastic (PLA),0.551,0.0008,41,True
P08845,Sneakers,Apparel,Mushroom Mycelium,0.976,0.0014,177,True
P08846,Sneakers,Apparel,Bagasse,0.537,0.001,312,True
P08847,Sneakers,Apparel,Recycled Cardboard,0.943,0.0008,291,True
P08848,Sneakers,Apparel,Mushroom Mycelium,0.545,0.0015,226,True
P08849,Sneakers,Apparel,Mushroom Mycelium,0.712,0.0006,660,True
P08850,Sneakers,Apparel,Mushroom Mycelium,0.905,0.0015,609,True
P08851,Sneakers,Apparel,Bioplastic (PLA),0.611,0.0014,603,True
P08852,Sneakers,Apparel,Mushroom Mycelium,0.944,0.0008,92,True
P08853,Sneakers,Apparel,Bagasse,0.63,0.0014,653,True
P08854,Sneakers,Apparel,Bagasse,0.707,0.0006,322,True
P08855,Sneakers,Apparel,Bagasse,0.659,0.0006,260,True
P08856,Sneakers,Apparel,Bamboo Fiber,0.788,0.0014,361,True
P08857,Sneakers,Apparel,Bamboo Fiber,0.75,0.0013,371,True
P08858,Sneakers,Apparel,Mushroom Mycelium,0.851,0.0011,542,True
P08859,Sneakers,Apparel,Bioplastic (PLA),0.554,0.001,86,True
P08860,Sneakers,Apparel,Bagasse,0.947,0.0015,119,True
P08861,Sneakers,Apparel,Recycled Cardboard,0.758,0.0014,171,True
P08862,Sneakers,Apparel,Mushroom Mycelium,0.642,0.0005,635,True
P08863,Sneakers,Apparel,Bioplastic (PLA),0.541,0.0005,33,True
P08864,Sneakers,Apparel,Recycled Cardboard,0.539,0.0013,534,True
P08865,Sneakers,Apparel,Mushroom Mycelium,0.858,0.0008,305,True
P08866,Sneakers,Apparel,Bioplastic (PLA),0.839,0.0013,679,True
P08867,Sneakers,Apparel,Bioplastic (PLA),0.622,0.0006,118,True
P08868,Sneakers,Apparel,Mushroom Mycelium,0.54,0.0007,684,True
P08869,Sneakers,Apparel,Mushroom Mycelium,0.784,0.0014,709,True
P08870,Sneakers,Apparel,Bamboo Fiber,0.786,0.0007,708,True
P08871,Sneakers,Apparel,Bamboo Fiber,0.748,0.001,501,True
P08872,Sneakers,Apparel,Mushroom Mycelium,0.784,0.0015,276,True
P08873,Sneakers,Apparel,Bioplastic (PLA),0.822,0.0008,583,True
P08874,Sneakers,Apparel,Mushroom Mycelium,0.768,0.0012,551,True
P08875,Sneakers,Apparel,Bagasse,0.594,0.0013,619,True
P08876,Sneakers,Apparel,Bagasse,0.664,0.0011,138,True
P08877,Sneakers,Apparel,Mushroom Mycelium,0.921,0.0008,693,True
P08878,Sneakers,Apparel,Bioplastic (PLA),0.547,0.0012,145,True
P08879,Sneakers,Apparel,Bagasse,0.765,0.0014,613,True
P08880,Sneakers,Apparel,Bamboo Fiber,0.979,0.0007,192,True
P08881,Sneakers,Apparel,Mushroom Mycelium,0.712,0.001,464,True
P08882,Sneakers,Apparel,Mushroom Mycelium,0.703,0.0006,200,True
P08883,Sneakers,Apparel,Bamboo Fiber,0.588,0.0005,401,True
P08884,Sneakers,Apparel,Recycled Cardboard,0.595,0.0013,207,True
P08885,Sneakers,Apparel,Mushroom Mycelium,0.918,0.0005,492,True
P08886,Sneakers,Apparel,Mushroom Mycelium,0.881,0.0008,658,True
P08887,Sneakers,Apparel,Mushroom Mycelium,0.545,0.0006,155,True
P08888,Sneakers,Apparel,Bioplastic (PLA),0.797,0.0008,255,True
P08889,Sneakers,Apparel,Mushroom Mycelium,0.733,0.0007,534,True
P08890,Sneakers,Apparel,Bioplastic (PLA),0.802,0.001,36,True
P08891,Sneakers,Apparel,Bagasse,0.588,0.0006,593,True
P08892,Sneakers,Apparel,Recycled Cardboard,0.514,0.0013,161,True
P08893,Sneakers,Apparel,Mushroom Mycelium,0.899,0.0009,708,True
P08894,Sneakers,Apparel,Bioplastic (PLA),0.876,0.0005,238,True
P08895,Sneakers,Apparel,Mushroom Mycelium,0.535,0.001,568,True
P08896,Sneakers,Apparel,Bamboo Fiber,0.509,0.0012,707,True
P08897,Sneakers,Apparel,Bioplastic (PLA),0.661,0.0014,153,True
P08898,Sneakers,Apparel,Recycled Cardboard,0.988,0.0006,680,True
P08899,Sneakers,Apparel,Bioplastic (PLA),0.959,0.0005,592,True
P08900,Sneakers,Apparel,Bagasse,0.803,0.0013,387,True
P08901,Sneakers,Apparel,Recycled Cardboard,0.52,0.0005,335,True
P08902,Sneakers,Apparel,Mushroom Mycelium,0.644,0.001,303,True
P08903,Sneakers,Apparel,Recycled Cardboard,0.504,0.0014,39,True
P08904,Sneakers,Apparel,Bamboo Fiber,0.507,0.0013,285,True
P08905,Sneakers,Apparel,Bioplastic (PLA),0.536,0.0005,207,True
P08906,Sneakers,Apparel,Bagasse,0.88,0.0006,631,True
P08907,Sneakers,Apparel,Mushroom Mycelium,0.806,0.0006,579,True
P08908,Sneakers,Apparel,Recycled Cardboard,0.716,0.001,400,True
P08909,Sneakers,Apparel,Bagasse,0.633,0.0014,35,True
P08910,Sneakers,Apparel,Bagasse,0.634,0.0005,344,True
P08911,Sneakers,Apparel,Bagasse,0.624,0.0007,565,True
P08912,Sneakers,Apparel,Mushroom Mycelium,0.977,0.0009,208,True
P08913,Sneakers,Apparel,Bioplastic (PLA),0.727,0.001,283,True
P08914,Sneakers,Apparel,Bagasse,0.883,0.0013,381,True
P08915,Sneakers,Apparel,Recycled Cardboard,0.736,0.0009,551,True
P08916,Sneakers,Apparel,Bioplastic (PLA),0.704,0.0006,120,True
P08917,Sneakers,Apparel,Bioplastic (PLA),0.52,0.0011,185,True
P08918,Sneakers,Apparel,Bioplastic (PLA),0.82,0.0013,601,True
P08919,Sneakers,Apparel,Bioplastic (PLA),0.778,0.001,667,True
P08920,Sneakers,Apparel,Bagasse,0.616,0.0006,140,True
P08921,Sneakers,Apparel,Mushroom Mycelium,0.952,0.001,134,True
P08922,Sneakers,Apparel,Bamboo Fiber,0.578,0.0005,266,True
P08923,Sneakers,Apparel,Mushroom Mycelium,0.561,0.0006,588,True
P08924,Sneakers,Apparel,Recycled Cardboard,0.686,0.0009,79,True
P08925,Sneakers,Apparel,Bamboo Fiber,0.589,0.0006,424,True
P08926,Sneakers,Apparel,Bagasse,0.7,0.001,621,True
P08927,Sneakers,Apparel,Bioplastic (PLA),0.722,0.0007,191,True
P08928,Sneakers,Apparel,Mushroom Mycelium,0.909,0.0007,723,True
P08929,Sneakers,Apparel,Bamboo Fiber,0.968,0.0012,286,True
P08930,Sneakers,Apparel,Mushroom Mycelium,0.741,0.0008,249,True
P08931,Sneakers,Apparel,Recycled Cardboard,0.651,0.0014,710,True
P08932,Sneakers,Apparel,Mushroom Mycelium,0.939,0.0013,529,True
P08933,Sneakers,Apparel,Bagasse,0.973,0.0014,538,True
P08934,Sneakers,Apparel,Recycled Cardboard,0.735,0.0008,294,True
P08935,Sneakers,Apparel,Bamboo Fiber,0.601,0.0008,242,True
P08936,Sneakers,Apparel,Bamboo Fiber,0.737,0.0007,519,True
P08937,Sneakers,Apparel,Recycled Cardboard,0.607,0.0012,167,True
P08938,Sneakers,Apparel,Recycled Cardboard,0.632,0.0014,591,True
P08939,Sneakers,Apparel,Recycled Cardboard,0.71,0.0011,469,True
P08940,Sneakers,Apparel,Recycled Cardboard,0.533,0.0011,602,True
P08941,Sneakers,Apparel,Bagasse,0.942,0.0012,343,True
P08942,Sneakers,Apparel,Bagasse,0.898,0.0008,621,True
P08943,Sneakers,Apparel,Bamboo Fiber,0.693,0.0015,254,True
P08944,Sneakers,Apparel,Bioplastic (PLA),0.749,0.0014,677,True
P08945,Sneakers,Apparel,Bagasse,0.703,0.0013,508,True
P08946,Sneakers,Apparel,Bagasse,0.547,0.0008,396,True
P08947,Sneakers,Apparel,Bioplastic (PLA),0.752,0.0014,667,True
P08948,Sneakers,Apparel,Bamboo Fiber,0.523,0.0006,130,True
P08949,Sneakers,Apparel,Recycled Cardboard,0.892,0.001,548,True
P08950,Sneakers,Apparel,Bioplastic (PLA),0.581,0.0014,375,True
P08951,Sneakers,Apparel,Bagasse,0.569,0.0009,419,True
P08952,Sneakers,Apparel,Bagasse,0.913,0.0012,65,True
P08953,Sneakers,Apparel,Bioplastic (PLA),0.645,0.0005,328,True
P08954,Sneakers,Apparel,Bagasse,0.639,0.0005,321,True
P08955,Sneakers,Apparel,Recycled Cardboard,0.995,0.0005,575,True
P08956,Sneakers,Apparel,Bamboo Fiber,0.83,0.0009,356,True
P08957,Sneakers,Apparel,Recycled Cardboard,0.988,0.001,102,True
P08958,Sneakers,Apparel,Recycled Cardboard,0.565,0.0012,210,True
P08959,Sneakers,Apparel,Recycled Cardboard,0.642,0.0011,343,True
P08960,Sneakers,Apparel,Bagasse,0.958,0.0008,297,True
P08961,Sneakers,Apparel,Bamboo Fiber,0.7,0.0006,617,True
P08962,Sneakers,Apparel,Bagasse,0.687,0.0009,620,True
P08963,Sneakers,Apparel,Mushroom Mycelium,0.992,0.0012,527,True
P08964,Sneakers,Apparel,Mushroom Mycelium,0.7,0.0015,561,True
P08965,Sneakers,Apparel,Recycled Cardboard,0.827,0.0006,162,True
P08966,Sneakers,Apparel,Bagasse,0.753,0.0014,193,True
P08967,Sneakers,Apparel,Recycled Cardboard,0.958,0.0014,160,True
P08968,Sneakers,Apparel,Recycled Cardboard,0.544,0.0012,540,True
P08969,Sneakers,Apparel,Recycled Cardboard,0.744,0.0008,381,True
P08970,Sneakers,Apparel,Bagasse,0.618,0.0009,424,True
P08971,Sneakers,Apparel,Recycled Cardboard,0.842,0.0007,60,True
P08972,Sneakers,Apparel,Bagasse,0.775,0.0013,536,True
P08973,Sneakers,Apparel,Bagasse,0.752,0.0009,41,True
P08974,Sneakers,Apparel,Bamboo Fiber,0.566,0.0011,293,True
P08975,Sneakers,Apparel,Bagasse,0.551,0.0007,337,True
P08976,Sneakers,Apparel,Recycled Cardboard,0.851,0.0006,635,True
P08977,Sneakers,Apparel,Bamboo Fiber,0.861,0.0013,402,True
P08978,Sneakers,Apparel,Recycled Cardboard,0.895,0.0015,255,True
P08979,Sneakers,Apparel,Recycled Cardboard,0.989,0.0007,234,True
P08980,Sneakers,Apparel,Mushroom Mycelium,0.984,0.0009,304,True
P08981,Sneakers,Apparel,Bamboo Fiber,0.527,0.0014,340,True
P08982,Sneakers,Apparel,Bagasse,0.508,0.0013,392,True
P08983,Sneakers,Apparel,Bagasse,0.846,0.0008,244,True
P08984,Sneakers,Apparel,Bagasse,0.872,0.0012,98,True
P08985,Sneakers,Apparel,Recycled Cardboard,0.859,0.0013,701,True
P08986,Sneakers,Apparel,Mushroom Mycelium,0.871,0.0007,608,True
P08987,Sneakers,Apparel,Mushroom Mycelium,0.666,0.0014,719,True
P08988,Sneakers,Apparel,Bamboo Fiber,0.566,0.001,307,True
P08989,Sneakers,Apparel,Bagasse,0.863,0.0013,702,True
P08990,Sneakers,Apparel,Bioplastic (PLA),0.632,0.0008,320,True
P08991,Sneakers,Apparel,Recycled Cardboard,0.766,0.001,667,True
P08992,Sneakers,Apparel,Bioplastic (PLA),0.601,0.0014,617,True
P08993,Sneakers,Apparel,Bamboo Fiber,0.727,0.0014,573,True
P08994,Sneakers,Apparel,Mushroom Mycelium,0.714,0.0012,386,True
P08995,Sneakers,Apparel,Mushroom Mycelium,0.588,0.0005,155,True
P08996,Sneakers,Apparel,Recycled Cardboard,0.813,0.001,341,True
P08997,Sneakers,Apparel,Bioplastic (PLA),0.857,0.001,560,True
P08998,Sneakers,Apparel,Bamboo Fiber,0.886,0.0006,221,True
P08999,Sneakers,Apparel,Bagasse,0.576,0.001,596,True
P09000,Sneakers,Apparel,Bamboo Fiber,0.631,0.0005,480,True
P09001,Jacket,Apparel,Bagasse,1.397,0.0015,616,True
P09002,Jacket,Apparel,Bioplastic (PLA),1.679,0.0012,464,True
P09003,Jacket,Apparel,Bagasse,0.898,0.0012,680,True
P09004,Jacket,Apparel,Bagasse,1.704,0.0009,139,True
P09005,Jacket,Apparel,Mushroom Mycelium,1.368,0.0015,361,True
P09006,Jacket,Apparel,Bioplastic (PLA),0.833,0.001,568,True
P09007,Jacket,Apparel,Bioplastic (PLA),1.102,0.002,701,True
P09008,Jacket,Apparel,Bioplastic (PLA),1.613,0.0012,305,True
P09009,Jacket,Apparel,Recycled Cardboard,1.23,0.0011,675,True
P09010,Jacket,Apparel,Bioplastic (PLA),1.155,0.0019,140,True
P09011,Jacket,Apparel,Recycled Cardboard,1.727,0.0015,292,True
P09012,Jacket,Apparel,Bagasse,1.334,0.0017,553,True
P09013,Jacket,Apparel,Recycled Cardboard,1.969,0.0017,643,True
P09014,Jacket,Apparel,Bamboo Fiber,1.115,0.0016,623,True
P09015,Jacket,Apparel,Bamboo Fiber,1.356,0.0009,441,True
P09016,Jacket,Apparel,Bioplastic (PLA),1.749,0.0018,542,True
P09017,Jacket,Apparel,Mushroom Mycelium,1.051,0.0013,665,True
P09018,Jacket,Apparel,Bioplastic (PLA),1.02,0.0013,373,True
P09019,Jacket,Apparel,Mushroom Mycelium,1.309,0.0016,668,True
P09020,Jacket,Apparel,Recycled Cardboard,1.151,0.0014,507,True
P09021,Jacket,Apparel,Bamboo Fiber,1.001,0.0016,47,True
P09022,Jacket,Apparel,Bagasse,1.931,0.0019,87,True
P09023,Jacket,Apparel,Mushroom Mycelium,1.441,0.0018,234,True
P09024,Jacket,Apparel,Bagasse,1.103,0.001,655,True
P09025,Jacket,Apparel,Bioplastic (PLA),1.188,0.0017,476,True
P09026,Jacket,Apparel,Recycled Cardboard,1.311,0.0017,679,True
P09027,Jacket,Apparel,Bagasse,1.696,0.0009,638,True
P09028,Jacket,Apparel,Bagasse,1.389,0.0013,412,True
P09029,Jacket,Apparel,Mushroom Mycelium,1.908,0.0009,296,True
P09030,Jacket,Apparel,Bagasse,1.28,0.0013,359,True
P09031,Jacket,Apparel,Bioplastic (PLA),1.88,0.0008,538,True
P09032,Jacket,Apparel,Recycled Cardboard,1.762,0.0016,169,True
P09033,Jacket,Apparel,Bioplastic (PLA),1.47,0.0015,91,True
P09034,Jacket,Apparel,Recycled Cardboard,1.414,0.0015,561,True
P09035,Jacket,Apparel,Recycled Cardboard,1.002,0.001,78,True
P09036,Jacket,Apparel,Recycled Cardboard,0.94,0.0015,683,True
P09037,Jacket,Apparel,Recycled Cardboard,1.362,0.0011,636,True
P09038,Jacket,Apparel,Bamboo Fiber,1.457,0.001,333,True
P09039,Jacket,Apparel,Bamboo Fiber,1.458,0.0012,433,True
P09040,Jacket,Apparel,Bamboo Fiber,1.16,0.001,162,True
P09041,Jacket,Apparel,Bamboo Fiber,1.582,0.0017,439,True
P09042,Jacket,Apparel,Mushroom Mycelium,1.707,0.0014,694,True
P09043,Jacket,Apparel,Bioplastic (PLA),1.095,0.0008,588,True
P09044,Jacket,Apparel,Recycled Cardboard,1.147,0.001,359,True
P09045,Jacket,Apparel,Recycled Cardboard,1.21,0.0014,394,True
P09046,Jacket,Apparel,Mushroom Mycelium,1.679,0.0014,662,True
P09047,Jacket,Apparel,Bagasse,1.413,0.0017,529,True
P09048,Jacket,Apparel,Mushroom Mycelium,1.112,0.0009,147,True
P09049,Jacket,Apparel,Mushroom Mycelium,0.963,0.0011,200,True
P09050,Jacket,Apparel,Mushroom Mycelium,1.372,0.0012,99,True
P09051,Jacket,Apparel,Bagasse,1.839,0.0012,263,True
P09052,Jacket,Apparel,Bioplastic (PLA),1.745,0.0011,684,True
P09053,Jacket,Apparel,Bamboo Fiber,1.458,0.0011,292,True
P09054,Jacket,Apparel,Bioplastic (PLA),1.211,0.0011,612,True
P09055,Jacket,Apparel,Bagasse,1.504,0.0012,499,True
P09056,Jacket,Apparel,Mushroom Mycelium,1.127,0.0015,725,True
P09057,Jacket,Apparel,Mushroom Mycelium,1.252,0.0009,311,True
P09058,Jacket,Apparel,Bamboo Fiber,1.033,0.0014,507,True
P09059,Jacket,Apparel,Bamboo Fiber,1.159,0.0009,425,True
P09060,Jacket,Apparel,Mushroom Mycelium,1.894,0.0008,50,True
P09061,Jacket,Apparel,Mushroom Mycelium,1.754,0.0014,321,True
P09062,Jacket,Apparel,Recycled Cardboard,1.186,0.0016,104,True
P09063,Jacket,Apparel,Bioplastic (PLA),1.064,0.001,175,True
P09064,Jacket,Apparel,Mushroom Mycelium,1.44,0.0013,726,True
P09065,Jacket,Apparel,Bioplastic (PLA),1.791,0.002,33,True
P09066,Jacket,Apparel,Bagasse,1.44,0.0013,206,True
P09067,Jacket,Apparel,Bagasse,1.288,0.0011,580,True
P09068,Jacket,Apparel,Bagasse,1.887,0.001,400,True
P09069,Jacket,Apparel,Recycled Cardboard,1.733,0.0014,678,True
P09070,Jacket,Apparel,Recycled Cardboard,0.918,0.002,398,True
P09071,Jacket,Apparel,Bamboo Fiber,1.259,0.0018,174,True
P09072,Jacket,Apparel,Mushroom Mycelium,1.395,0.0017,228,True
P09073,Jacket,Apparel,Mushroom Mycelium,1.192,0.0012,483,True
P09074,Jacket,Apparel,Mushroom Mycelium,1.158,0.0013,472,True
P09075,Jacket,Apparel,Bagasse,1.189,0.0015,458,True
P09076,Jacket,Apparel,Bamboo Fiber,1.215,0.0015,370,True
P09077,Jacket,Apparel,Bagasse,1.965,0.0009,647,True
P09078,Jacket,Apparel,Bamboo Fiber,1.105,0.0016,421,True
P09079,Jacket,Apparel,Bioplastic (PLA),0.871,0.0008,165,True
P09080,Jacket,Apparel,Mushroom Mycelium,1.779,0.0014,706,True
P09081,Jacket,Apparel,Mushroom Mycelium,1.341,0.0018,616,True
P09082,Jacket,Apparel,Bagasse,1.429,0.0013,613,True
P09083,Jacket,Apparel,Bamboo Fiber,1.746,0.0009,499,True
P09084,Jacket,Apparel,Bagasse,1.475,0.0015,98,True
P09085,Jacket,Apparel,Mushroom Mycelium,1.977,0.0014,504,True
P09086,Jacket,Apparel,Bagasse,1.341,0.0017,308,True
P09087,Jacket,Apparel,Recycled Cardboard,1.528,0.0015,34,True
P09088,Jacket,Apparel,Mushroom Mycelium,1.993,0.0011,592,True
P09089,Jacket,Apparel,Bagasse,0.812,0.0014,517,True
P09090,Jacket,Apparel,Bamboo Fiber,1.794,0.0019,534,True
P09091,Jacket,Apparel,Bamboo Fiber,1.99,0.002,348,True
P09092,Jacket,Apparel,Bamboo Fiber,1.222,0.0015,138,True
P09093,Jacket,Apparel,Mushroom Mycelium,1.225,0.0019,632,True
P09094,Jacket,Apparel,Bamboo Fiber,1.954,0.002,361,True
P09095,Jacket,Apparel,Mushroom Mycelium,0.929,0.0016,656,True
P09096,Jacket,Apparel,Bagasse,0.919,0.0016,257,True
P09097,Jacket,Apparel,Bamboo Fiber,1.199,0.0018,314,True
P09098,Jacket,Apparel,Bamboo Fiber,1.293,0.0009,72,True
P09099,Jacket,Apparel,Bioplastic (PLA),1.759,0.001,88,True
P09100,Jacket,Apparel,Recycled Cardboard,1.26,0.001,275,True
P09101,Jacket,Apparel,Bagasse,1.876,0.0012,344,True
P09102,Jacket,Apparel,Bioplastic (PLA),1.932,0.0019,618,True
P09103,Jacket,Apparel,Bamboo Fiber,1.832,0.0008,364,True
P09104,Jacket,Apparel,Recycled Cardboard,1.904,0.0008,67,True
P09105,Jacket,Apparel,Bagasse,1.03,0.0017,561,True
P09106,Jacket,Apparel,Mushroom Mycelium,0.949,0.0013,200,True
P09107,Jacket,Apparel,Bioplastic (PLA),1.147,0.0019,450,True
P09108,Jacket,Apparel,Bamboo Fiber,1.534,0.0012,115,True
P09109,Jacket,Apparel,Recycled Cardboard,1.705,0.0013,503,True
P09110,Jacket,Apparel,Mushroom Mycelium,1.58,0.0018,305,True
P09111,Jacket,Apparel,Mushroom Mycelium,0.87,0.0016,570,True
P09112,Jacket,Apparel,Bamboo Fiber,0.991,0.0017,176,True
P09113,Jacket,Apparel,Recycled Cardboard,1.873,0.0009,210,True
P09114,Jacket,Apparel,Bioplastic (PLA),1.852,0.0011,124,True
P09115,Jacket,Apparel,Mushroom Mycelium,1.802,0.0015,549,True
P09116,Jacket,Apparel,Bamboo Fiber,1.333,0.001,288,True
P09117,Jacket,Apparel,Bagasse,1.052,0.0019,570,True
P09118,Jacket,Apparel,Bamboo Fiber,1.909,0.002,175,True
P09119,Jacket,Apparel,Bagasse,0.885,0.002,647,True
P09120,Jacket,Apparel,Bioplastic (PLA),1.891,0.001,500,True
P09121,Jacket,Apparel,Mushroom Mycelium,1.023,0.0013,82,True
P09122,Jacket,Apparel,Bamboo Fiber,1.078,0.0018,156,True
P09123,Jacket,Apparel,Bioplastic (PLA),1.231,0.0011,267,True
P09124,Jacket,Apparel,Bagasse,1.421,0.0019,143,True
P09125,Jacket,Apparel,Bamboo Fiber,1.566,0.0014,721,True
P09126,Jacket,Apparel,Mushroom Mycelium,1.105,0.0019,630,True
P09127,Jacket,Apparel,Bagasse,1.243,0.002,586,True
P09128,Jacket,Apparel,Recycled Cardboard,1.885,0.0018,207,True
P09129,Jacket,Apparel,Mushroom Mycelium,1.767,0.0011,401,True
P09130,Jacket,Apparel,Bamboo Fiber,1.541,0.0016,146,True
P09131,Jacket,Apparel,Bamboo Fiber,1.293,0.0019,130,True
P09132,Jacket,Apparel,Mushroom Mycelium,1.244,0.0014,532,True
P09133,Jacket,Apparel,Bagasse,1.539,0.001,354,True
P09134,Jacket,Apparel,Bagasse,1.726,0.0018,474,True
P09135,Jacket,Apparel,Bamboo Fiber,1.96,0.0013,349,True
P09136,Jacket,Apparel,Recycled Cardboard,1.774,0.0015,201,True
P09137,Jacket,Apparel,Bioplastic (PLA),1.946,0.0012,43,True
P09138,Jacket,Apparel,Bamboo Fiber,1.612,0.0018,498,True
P09139,Jacket,Apparel,Bamboo Fiber,1.735,0.0008,173,True
P09140,Jacket,Apparel,Bagasse,1.857,0.001,184,True
P09141,Jacket,Apparel,Bamboo Fiber,1.94,0.0013,120,True
P09142,Jacket,Apparel,Mushroom Mycelium,1.206,0.0017,98,True
P09143,Jacket,Apparel,Bamboo Fiber,1.99,0.0017,645,True
P09144,Jacket,Apparel,Bioplastic (PLA),1.876,0.0018,53,True
P09145,Jacket,Apparel,Bagasse,1.07,0.002,458,True
P09146,Jacket,Apparel,Recycled Cardboard,1.673,0.0014,188,True
P09147,Jacket,Apparel,Mushroom Mycelium,1.82,0.0016,698,True
P09148,Jacket,Apparel,Bagasse,1.786,0.0016,609,True
P09149,Jacket,Apparel,Bagasse,1.787,0.0018,430,True
P09150,Jacket,Apparel,Bamboo Fiber,1.313,0.0014,211,True
P09151,Jacket,Apparel,Bioplastic (PLA),0.806,0.0009,476,True
P09152,Jacket,Apparel,Bamboo Fiber,1.612,0.0012,106,True
P09153,Jacket,Apparel,Recycled Cardboard,1.272,0.0013,517,True
P09154,Jacket,Apparel,Bioplastic (PLA),1.346,0.0018,250,True
P09155,Jacket,Apparel,Recycled Cardboard,1.431,0.0016,357,True
P09156,Jacket,Apparel,Recycled Cardboard,1.198,0.0012,579,True
P09157,Jacket,Apparel,Bagasse,0.848,0.0019,457,True
P09158,Jacket,Apparel,Bioplastic (PLA),1.6,0.0016,335,True
P09159,Jacket,Apparel,Mushroom Mycelium,1.758,0.0013,649,True
P09160,Jacket,Apparel,Recycled Cardboard,1.619,0.0013,148,True
P09161,Jacket,Apparel,Bamboo Fiber,1.602,0.0009,199,True
P09162,Jacket,Apparel,Bagasse,1.342,0.002,349,True
P09163,Jacket,Apparel,Bamboo Fiber,1.587,0.0014,283,True
P09164,Jacket,Apparel,Bioplastic (PLA),1.554,0.0013,47,True
P09165,Jacket,Apparel,Mushroom Mycelium,0.97,0.0016,470,True
P09166,Jacket,Apparel,Bioplastic (PLA),1.358,0.0019,632,True
P09167,Jacket,Apparel,Mushroom Mycelium,1.37,0.0015,189,True
P09168,Jacket,Apparel,Bagasse,1.578,0.0015,338,True
P09169,Jacket,Apparel,Bamboo Fiber,1.577,0.0012,638,True
P09170,Jacket,Apparel,Bagasse,1.656,0.0018,554,True
P09171,Jacket,Apparel,Recycled Cardboard,1.49,0.0017,264,True
P09172,Jacket,Apparel,Bagasse,1.987,0.0015,97,True
P09173,Jacket,Apparel,Bamboo Fiber,1.582,0.0011,535,True
P09174,Jacket,Apparel,Bioplastic (PLA),1.59,0.001,551,True
P09175,Jacket,Apparel,Bioplastic (PLA),1.851,0.0019,689,True
P09176,Jacket,Apparel,Recycled Cardboard,1.024,0.0019,424,True
P09177,Jacket,Apparel,Bagasse,1.302,0.0018,707,True
P09178,Jacket,Apparel,Bamboo Fiber,1.777,0.0008,302,True
P09179,Jacket,Apparel,Bagasse,1.743,0.0018,623,True
P09180,Jacket,Apparel,Recycled Cardboard,0.837,0.0008,182,True
P09181,Jacket,Apparel,Mushroom Mycelium,1.739,0.0009,341,True
P09182,Jacket,Apparel,Bioplastic (PLA),1.561,0.0015,415,True
P09183,Jacket,Apparel,Bamboo Fiber,0.949,0.0019,417,True
P09184,Jacket,Apparel,Mushroom Mycelium,1.159,0.0015,92,True
P09185,Jacket,Apparel,Recycled Cardboard,1.02,0.0016,265,True
P09186,Jacket,Apparel,Mushroom Mycelium,1.835,0.0017,163,True
P09187,Jacket,Apparel,Recycled Cardboard,1.489,0.0012,644,True
P09188,Jacket,Apparel,Recycled Cardboard,1.133,0.0008,664,True
P09189,Jacket,Apparel,Recycled Cardboard,1.219,0.0011,83,True
P09190,Jacket,Apparel,Recycled Cardboard,0.892,0.0019,660,True
P09191,Jacket,Apparel,Bagasse,1.99,0.001,728,True
P09192,Jacket,Apparel,Bamboo Fiber,1.723,0.0015,275,True
P09193,Jacket,Apparel,Bioplastic (PLA),1.052,0.0016,569,True
P09194,Jacket,Apparel,Recycled Cardboard,1.934,0.001,190,True
P09195,Jacket,Apparel,Recycled Cardboard,0.929,0.001,730,True
P09196,Jacket,Apparel,Mushroom Mycelium,1.498,0.0018,685,True
P09197,Jacket,Apparel,Bamboo Fiber,1.847,0.0015,133,True
P09198,Jacket,Apparel,Bamboo Fiber,1.885,0.001,280,True
P09199,Jacket,Apparel,Bioplastic (PLA),1.921,0.0009,330,True
P09200,Jacket,Apparel,Recycled Cardboard,1.719,0.002,640,True
P09201,Jacket,Apparel,Mushroom Mycelium,1.362,0.0008,81,True
P09202,Jacket,Apparel,Recycled Cardboard,1.448,0.0015,302,True
P09203,Jacket,Apparel,Bamboo Fiber,0.85,0.0018,511,True
P09204,Jacket,Apparel,Bioplastic (PLA),0.876,0.0015,66,True
P09205,Jacket,Apparel,Bioplastic (PLA),1.779,0.0019,294,True
P09206,Jacket,Apparel,Recycled Cardboard,1.974,0.0011,377,True
P09207,Jacket,Apparel,Bamboo Fiber,1.551,0.0009,515,True
P09208,Jacket,Apparel,Bagasse,1.702,0.0016,328,True
P09209,Jacket,Apparel,Bioplastic (PLA),1.624,0.0011,233,True
P09210,Jacket,Apparel,Recycled Cardboard,1.052,0.0017,514,True
P09211,Jacket,Apparel,Bamboo Fiber,0.801,0.0015,63,True
P09212,Jacket,Apparel,Recycled Cardboard,1.354,0.0012,354,True
P09213,Jacket,Apparel,Bioplastic (PLA),1.624,0.0014,603,True
P09214,Jacket,Apparel,Bagasse,1.812,0.0015,197,True
P09215,Jacket,Apparel,Bagasse,1.272,0.0017,364,True
P09216,Jacket,Apparel,Bamboo Fiber,1.607,0.0012,193,True
P09217,Jacket,Apparel,Bioplastic (PLA),1.537,0.0012,650,True
P09218,Jacket,Apparel,Bagasse,1.794,0.0013,274,True
P09219,Jacket,Apparel,Recycled Cardboard,1.893,0.0018,410,True
P09220,Jacket,Apparel,Mushroom Mycelium,0.911,0.0014,684,True
P09221,Jacket,Apparel,Bagasse,1.471,0.0013,201,True
P09222,Jacket,Apparel,Mushroom Mycelium,1.028,0.0019,621,True
P09223,Jacket,Apparel,Mushroom Mycelium,1.563,0.0015,711,True
P09224,Jacket,Apparel,Bioplastic (PLA),1.055,0.0014,606,True
P09225,Jacket,Apparel,Bioplastic (PLA),1.733,0.0018,61,True
P09226,Jacket,Apparel,Recycled Cardboard,1.622,0.0018,550,True
P09227,Jacket,Apparel,Bioplastic (PLA),1.879,0.0013,630,True
P09228,Jacket,Apparel,Bagasse,1.105,0.002,580,True
P09229,Jacket,Apparel,Mushroom Mycelium,1.3,0.0012,65,True
P09230,Jacket,Apparel,Mushroom Mycelium,1.604,0.0013,380,True
P09231,Jacket,Apparel,Bioplastic (PLA),1.65,0.0015,473,True
P09232,Jacket,Apparel,Mushroom Mycelium,1.241,0.0017,140,True
P09233,Jacket,Apparel,Bioplastic (PLA),1.269,0.0009,240,True
P09234,Jacket,Apparel,Mushroom Mycelium,1.432,0.0009,206,True
P09235,Jacket,Apparel,Bamboo Fiber,1.478,0.0016,303,True
P09236,Jacket,Apparel,Bagasse,1.851,0.0009,96,True
P09237,Jacket,Apparel,Recycled Cardboard,1.561,0.0009,650,True
P09238,Jacket,Apparel,Recycled Cardboard,0.943,0.0019,313,True
P09239,Jacket,Apparel,Bagasse,1.538,0.0016,79,True
P09240,Jacket,Apparel,Mushroom Mycelium,1.958,0.0015,207,True
P09241,Jacket,Apparel,Bagasse,1.914,0.0012,446,True
P09242,Jacket,Apparel,Bioplastic (PLA),1.606,0.0016,361,True
P09243,Jacket,Apparel,Bamboo Fiber,1.678,0.001,262,True
P09244,Jacket,Apparel,Bagasse,1.239,0.0008,502,True
P09245,Jacket,Apparel,Bamboo Fiber,1.655,0.0017,219,True
P09246,Jacket,Apparel,Mushroom Mycelium,0.871,0.001,114,True
P09247,Jacket,Apparel,Recycled Cardboard,1.861,0.0012,134,True
P09248,Jacket,Apparel,Recycled Cardboard,1.141,0.0019,609,True
P09249,Jacket,Apparel,Bioplastic (PLA),1.278,0.001,720,True
P09250,Jacket,Apparel,Bioplastic (PLA),0.903,0.0018,236,True
P09251,Jacket,Apparel,Bagasse,1.132,0.001,205,True
P09252,Jacket,Apparel,Bagasse,1.337,0.0016,436,True
P09253,Jacket,Apparel,Mushroom Mycelium,1.795,0.0015,648,True
P09254,Jacket,Apparel,Bioplastic (PLA),1.629,0.0009,624,True
P09255,Jacket,Apparel,Bioplastic (PLA),1.437,0.0019,316,True
P09256,Jacket,Apparel,Bagasse,1.895,0.0019,261,True
P09257,Jacket,Apparel,Mushroom Mycelium,1.551,0.0016,346,True
P09258,Jacket,Apparel,Recycled Cardboard,0.967,0.0008,380,True
P09259,Jacket,Apparel,Recycled Cardboard,1.152,0.0008,657,True
P09260,Jacket,Apparel,Bamboo Fiber,1.49,0.0017,542,True
P09261,Jacket,Apparel,Mushroom Mycelium,1.74,0.001,285,True
P09262,Jacket,Apparel,Mushroom Mycelium,1.008,0.0013,305,True
P09263,Jacket,Apparel,Mushroom Mycelium,1.501,0.001,388,True
P09264,Jacket,Apparel,Bioplastic (PLA),1.355,0.0014,562,True
P09265,Jacket,Apparel,Bagasse,1.306,0.0016,45,True
P09266,Jacket,Apparel,Bamboo Fiber,1.398,0.001,113,True
P09267,Jacket,Apparel,Bagasse,1.707,0.0009,166,True
P09268,Jacket,Apparel,Recycled Cardboard,1.252,0.0015,600,True
P09269,Jacket,Apparel,Recycled Cardboard,1.528,0.0018,528,True
P09270,Jacket,Apparel,Bagasse,1.79,0.0013,252,True
P09271,Jacket,Apparel,Mushroom Mycelium,1.217,0.0013,333,True
P09272,Jacket,Apparel,Bamboo Fiber,1.366,0.0008,697,True
P09273,Jacket,Apparel,Bamboo Fiber,1.926,0.001,700,True
P09274,Jacket,Apparel,Bioplastic (PLA),1.94,0.0009,685,True
P09275,Jacket,Apparel,Bioplastic (PLA),1.037,0.0014,716,True
P09276,Jacket,Apparel,Bagasse,1.286,0.0009,573,True
P09277,Jacket,Apparel,Bioplastic (PLA),1.479,0.0017,498,True
P09278,Jacket,Apparel,Bioplastic (PLA),1.687,0.0011,391,True
P09279,Jacket,Apparel,Bioplastic (PLA),1.202,0.0016,408,True
P09280,Jacket,Apparel,Bamboo Fiber,1.574,0.0015,638,True
P09281,Jacket,Apparel,Mushroom Mycelium,1.277,0.0019,630,True
P09282,Jacket,Apparel,Bioplastic (PLA),1.433,0.0014,333,True
P09283,Jacket,Apparel,Mushroom Mycelium,1.68,0.0014,176,True
P09284,Jacket,Apparel,Bioplastic (PLA),1.53,0.001,255,True
P09285,Jacket,Apparel,Bioplastic (PLA),1.902,0.0014,415,True
P09286,Jacket,Apparel,Recycled Cardboard,1.959,0.0016,46,True
P09287,Jacket,Apparel,Mushroom Mycelium,1.339,0.0014,640,True
P09288,Jacket,Apparel,Bamboo Fiber,1.934,0.0019,253,True
P09289,Jacket,Apparel,Recycled Cardboard,1.149,0.0019,121,True
P09290,Jacket,Apparel,Bagasse,0.955,0.0012,585,True
P09291,Jacket,Apparel,Bagasse,1.69,0.0019,169,True
P09292,Jacket,Apparel,Bamboo Fiber,1.961,0.0011,585,True
P09293,Jacket,Apparel,Mushroom Mycelium,1.722,0.001,314,True
P09294,Jacket,Apparel,Bamboo Fiber,1.016,0.0016,401,True
P09295,Jacket,Apparel,Bioplastic (PLA),1.148,0.0009,138,True
P09296,Jacket,Apparel,Bioplastic (PLA),1.835,0.002,314,True
P09297,Jacket,Apparel,Bioplastic (PLA),1.427,0.0012,203,True
P09298,Jacket,Apparel,Bamboo Fiber,1.935,0.0011,677,True
P09299,Jacket,Apparel,Bagasse,0.998,0.0017,318,True
P09300,Jacket,Apparel,Mushroom Mycelium,1.881,0.0013,387,True
P09301,Jacket,Apparel,Bioplastic (PLA),1.347,0.0013,445,True
P09302,Jacket,Apparel,Bamboo Fiber,1.546,0.0019,513,True
P09303,Jacket,Apparel,Bagasse,1.568,0.0018,688,True
P09304,Jacket,Apparel,Bagasse,1.362,0.001,157,True
P09305,Jacket,Apparel,Recycled Cardboard,1.077,0.0017,290,True
P09306,Jacket,Apparel,Bagasse,1.798,0.0017,700,True
P09307,Jacket,Apparel,Bamboo Fiber,1.765,0.0017,149,True
P09308,Jacket,Apparel,Bioplastic (PLA),1.406,0.0018,187,True
P09309,Jacket,Apparel,Bamboo Fiber,1.518,0.0019,248,True
P09310,Jacket,Apparel,Bamboo Fiber,1.598,0.002,670,True
P09311,Jacket,Apparel,Recycled Cardboard,1.74,0.0019,311,True
P09312,Jacket,Apparel,Bagasse,1.114,0.0019,347,True
P09313,Jacket,Apparel,Bioplastic (PLA),1.972,0.0018,138,True
P09314,Jacket,Apparel,Bioplastic (PLA),0.934,0.0012,245,True
P09315,Jacket,Apparel,Bagasse,0.936,0.0018,575,True
P09316,Jacket,Apparel,Bagasse,1.047,0.0018,641,True
P09317,Jacket,Apparel,Recycled Cardboard,1.483,0.0008,204,True
P09318,Jacket,Apparel,Recycled Cardboard,1.495,0.0018,705,True
P09319,Jacket,Apparel,Mushroom Mycelium,0.987,0.001,84,True
P09320,Jacket,Apparel,Recycled Cardboard,0.897,0.0015,55,True
P09321,Jacket,Apparel,Bagasse,1.267,0.0013,692,True
P09322,Jacket,Apparel,Mushroom Mycelium,1.414,0.0014,683,True
P09323,Jacket,Apparel,Bamboo Fiber,1.934,0.0016,581,True
P09324,Jacket,Apparel,Bioplastic (PLA),1.981,0.0009,205,True
P09325,Jacket,Apparel,Bagasse,1.919,0.001,703,True
P09326,Jacket,Apparel,Bioplastic (PLA),1.119,0.0009,695,True
P09327,Jacket,Apparel,Bioplastic (PLA),1.857,0.0009,270,True
P09328,Jacket,Apparel,Bioplastic (PLA),0.904,0.0013,729,True
P09329,Jacket,Apparel,Bioplastic (PLA),1.14,0.0018,136,True
P09330,Jacket,Apparel,Bagasse,1.714,0.0014,419,True
P09331,Jacket,Apparel,Bioplastic (PLA),1.954,0.0011,667,True
P09332,Jacket,Apparel,Recycled Cardboard,1.799,0.0016,567,True
P09333,Jacket,Apparel,Bamboo Fiber,1.01,0.0012,332,True
P09334,Jacket,Apparel,Bamboo Fiber,1.783,0.001,149,True
P09335,Jacket,Apparel,Bioplastic (PLA),1.181,0.0011,133,True
P09336,Jacket,Apparel,Bagasse,1.273,0.0017,396,True
P09337,Jacket,Apparel,Recycled Cardboard,1.683,0.0009,287,True
P09338,Jacket,Apparel,Bamboo Fiber,1.398,0.0019,490,True
P09339,Jacket,Apparel,Bioplastic (PLA),1.227,0.0017,549,True
P09340,Jacket,Apparel,Bamboo Fiber,1.83,0.0018,571,True
P09341,Jacket,Apparel,Bioplastic (PLA),1.301,0.0009,136,True
P09342,Jacket,Apparel,Mushroom Mycelium,1.686,0.0014,361,True
P09343,Jacket,Apparel,Mushroom Mycelium,1.955,0.0015,448,True
P09344,Jacket,Apparel,Bioplastic (PLA),1.968,0.002,290,True
P09345,Jacket,Apparel,Recycled Cardboard,0.868,0.0012,458,True
P09346,Jacket,Apparel,Bioplastic (PLA),1.155,0.0017,225,True
P09347,Jacket,Apparel,Recycled Cardboard,1.594,0.0014,165,True
P09348,Jacket,Apparel,Bioplastic (PLA),1.093,0.0011,143,True
P09349,Jacket,Apparel,Bioplastic (PLA),1.34,0.0017,513,True
P09350,Jacket,Apparel,Bamboo Fiber,1.999,0.0012,657,True
P09351,Jacket,Apparel,Mushroom Mycelium,1.698,0.0019,274,True
P09352,Jacket,Apparel,Recycled Cardboard,1.635,0.0008,646,True
P09353,Jacket,Apparel,Recycled Cardboard,0.97,0.0017,168,True
P09354,Jacket,Apparel,Recycled Cardboard,0.954,0.0009,636,True
P09355,Jacket,Apparel,Bamboo Fiber,1.408,0.0013,43,True
P09356,Jacket,Apparel,Mushroom Mycelium,1.273,0.0009,528,True
P09357,Jacket,Apparel,Bamboo Fiber,0.803,0.002,510,True
P09358,Jacket,Apparel,Bagasse,1.57,0.0019,415,True
P09359,Jacket,Apparel,Bioplastic (PLA),1.469,0.0011,114,True
P09360,Jacket,Apparel,Bamboo Fiber,1.706,0.0008,215,True
P09361,Jacket,Apparel,Recycled Cardboard,1.495,0.0017,174,True
P09362,Jacket,Apparel,Recycled Cardboard,0.896,0.0015,689,True
P09363,Jacket,Apparel,Bagasse,1.186,0.0012,519,True
P09364,Jacket,Apparel,Bagasse,1.483,0.0017,572,True
P09365,Jacket,Apparel,Recycled Cardboard,1.996,0.0018,539,True
P09366,Jacket,Apparel,Bamboo Fiber,0.874,0.001,385,True
P09367,Jacket,Apparel,Bioplastic (PLA),1.971,0.0012,286,True
P09368,Jacket,Apparel,Bagasse,1.346,0.0012,153,True
P09369,Jacket,Apparel,Bioplastic (PLA),1.989,0.0017,58,True
P09370,Jacket,Apparel,Mushroom Mycelium,1.475,0.0019,522,True
P09371,Jacket,Apparel,Bioplastic (PLA),1.983,0.0012,167,True
P09372,Jacket,Apparel,Mushroom Mycelium,1.159,0.001,128,True
P09373,Jacket,Apparel,Recycled Cardboard,1.043,0.0015,462,True
P09374,Jacket,Apparel,Bioplastic (PLA),1.047,0.0015,560,True
P09375,Jacket,Apparel,Bagasse,1.857,0.0018,251,True
P09376,Jacket,Apparel,Bamboo Fiber,1.441,0.0013,431,True
P09377,Jacket,Apparel,Mushroom Mycelium,1.733,0.0009,128,True
P09378,Jacket,Apparel,Bamboo Fiber,1.867,0.0009,45,True
P09379,Jacket,Apparel,Recycled Cardboard,1.792,0.002,157,True
P09380,Jacket,Apparel,Mushroom Mycelium,0.882,0.0012,655,True
P09381,Jacket,Apparel,Recycled Cardboard,1.971,0.0016,380,True
P09382,Jacket,Apparel,Recycled Cardboard,1.646,0.0017,444,True
P09383,Jacket,Apparel,Mushroom Mycelium,0.852,0.0019,470,True
P09384,Jacket,Apparel,Bamboo Fiber,0.866,0.0012,271,True
P09385,Jacket,Apparel,Mushroom Mycelium,1.767,0.0013,676,True
P09386,Jacket,Apparel,Recycled Cardboard,1.729,0.0016,129,True
P09387,Jacket,Apparel,Bioplastic (PLA),1.024,0.0011,480,True
P09388,Jacket,Apparel,Mushroom Mycelium,1.218,0.0014,367,True
P09389,Jacket,Apparel,Bioplastic (PLA),1.313,0.0018,357,True
P09390,Jacket,Apparel,Recycled Cardboard,1.383,0.0013,110,True
P09391,Jacket,Apparel,Bioplastic (PLA),1.671,0.0015,666,True
P09392,Jacket,Apparel,Recycled Cardboard,1.534,0.0015,402,True
P09393,Jacket,Apparel,Bioplastic (PLA),0.99,0.0018,421,True
P09394,Jacket,Apparel,Bagasse,0.99,0.001,277,True
P09395,Jacket,Apparel,Recycled Cardboard,0.894,0.0011,722,True
P09396,Jacket,Apparel,Mushroom Mycelium,1.321,0.0019,365,True
P09397,Jacket,Apparel,Bagasse,1.303,0.0019,209,True
P09398,Jacket,Apparel,Bagasse,1.53,0.0017,725,True
P09399,Jacket,Apparel,Bioplastic (PLA),1.614,0.0012,564,True
P09400,Jacket,Apparel,Recycled Cardboard,1.164,0.001,159,True
P09401,Jacket,Apparel,Bamboo Fiber,1.507,0.0009,51,True
P09402,Jacket,Apparel,Bioplastic (PLA),1.567,0.0009,145,True
P09403,Jacket,Apparel,Bioplastic (PLA),1.125,0.0015,192,True
P09404,Jacket,Apparel,Bioplastic (PLA),1.43,0.0015,161,True
P09405,Jacket,Apparel,Mushroom Mycelium,1.485,0.0008,161,True
P09406,Jacket,Apparel,Recycled Cardboard,1.534,0.001,374,True
P09407,Jacket,Apparel,Bioplastic (PLA),1.284,0.0019,88,True
P09408,Jacket,Apparel,Mushroom Mycelium,1.712,0.0011,588,True
P09409,Jacket,Apparel,Bioplastic (PLA),1.836,0.0016,500,True
P09410,Jacket,Apparel,Bioplastic (PLA),1.094,0.0015,70,True
P09411,Jacket,Apparel,Bamboo Fiber,0.828,0.0016,392,True
P09412,Jacket,Apparel,Recycled Cardboard,1.048,0.0008,527,True
P09413,Jacket,Apparel,Bagasse,1.832,0.0018,136,True
P09414,Jacket,Apparel,Bioplastic (PLA),1.695,0.002,690,True
P09415,Jacket,Apparel,Mushroom Mycelium,1.642,0.0013,575,True
P09416,Jacket,Apparel,Recycled Cardboard,1.076,0.0009,632,True
P09417,Jacket,Apparel,Bamboo Fiber,1.842,0.0015,130,True
P09418,Jacket,Apparel,Recycled Cardboard,1.148,0.001,238,True
P09419,Jacket,Apparel,Recycled Cardboard,0.965,0.001,59,True
P09420,Jacket,Apparel,Bioplastic (PLA),1.225,0.0009,434,True
P09421,Jacket,Apparel,Recycled Cardboard,1.558,0.0015,141,True
P09422,Jacket,Apparel,Bagasse,0.893,0.0014,380,True
P09423,Jacket,Apparel,Bamboo Fiber,1.413,0.0009,40,True
P09424,Jacket,Apparel,Mushroom Mycelium,0.921,0.0012,621,True
P09425,Jacket,Apparel,Bagasse,1.464,0.0013,729,True
P09426,Jacket,Apparel,Bamboo Fiber,0.845,0.0009,277,True
P09427,Jacket,Apparel,Bioplastic (PLA),1.731,0.0012,233,True
P09428,Jacket,Apparel,Mushroom Mycelium,1.185,0.0013,516,True
P09429,Jacket,Apparel,Bamboo Fiber,1.636,0.0009,202,True
P09430,Jacket,Apparel,Recycled Cardboard,1.364,0.001,721,True
P09431,Jacket,Apparel,Bagasse,1.872,0.001,361,True
P09432,Jacket,Apparel,Bamboo Fiber,1.894,0.0011,73,True
P09433,Jacket,Apparel,Bioplastic (PLA),1.478,0.0013,649,True
P09434,Jacket,Apparel,Bioplastic (PLA),1.71,0.0019,356,True
P09435,Jacket,Apparel,Bioplastic (PLA),0.966,0.0011,403,True
P09436,Jacket,Apparel,Mushroom Mycelium,0.933,0.0017,668,True
P09437,Jacket,Apparel,Bamboo Fiber,1.687,0.0009,665,True
P09438,Jacket,Apparel,Recycled Cardboard,1.668,0.0016,675,True
P09439,Jacket,Apparel,Recycled Cardboard,1.669,0.0013,189,True
P09440,Jacket,Apparel,Mushroom Mycelium,1.143,0.001,655,True
P09441,Jacket,Apparel,Bioplastic (PLA),1.301,0.0011,543,True
P09442,Jacket,Apparel,Bioplastic (PLA),1.718,0.0014,90,True
P09443,Jacket,Apparel,Mushroom Mycelium,1.139,0.0014,695,True
P09444,Jacket,Apparel,Recycled Cardboard,1.632,0.0015,711,True
P09445,Jacket,Apparel,Bioplastic (PLA),1.801,0.0014,170,True
P09446,Jacket,Apparel,Bamboo Fiber,1.18,0.002,243,True
P09447,Jacket,Apparel,Bamboo Fiber,0.853,0.002,227,True
P09448,Jacket,Apparel,Mushroom Mycelium,1.233,0.0014,283,True
P09449,Jacket,Apparel,Recycled Cardboard,1.506,0.0017,226,True
P09450,Jacket,Apparel,Recycled Cardboard,1.868,0.0015,275,True
P09451,Jacket,Apparel,Mushroom Mycelium,0.826,0.0008,408,True
P09452,Jacket,Apparel,Bagasse,1.368,0.0009,201,True
P09453,Jacket,Apparel,Bioplastic (PLA),1.889,0.0019,263,True
P09454,Jacket,Apparel,Bamboo Fiber,1.166,0.0019,268,True
P09455,Jacket,Apparel,Recycled Cardboard,1.007,0.0016,148,True
P09456,Jacket,Apparel,Bioplastic (PLA),1.147,0.0009,582,True
P09457,Jacket,Apparel,Bioplastic (PLA),1.343,0.0017,702,True
P09458,Jacket,Apparel,Bamboo Fiber,1.806,0.0013,587,True
P09459,Jacket,Apparel,Mushroom Mycelium,0.997,0.0015,54,True
P09460,Jacket,Apparel,Recycled Cardboard,1.096,0.0012,601,True
P09461,Jacket,Apparel,Mushroom Mycelium,1.022,0.0009,104,True
P09462,Jacket,Apparel,Bagasse,1.187,0.0012,354,True
P09463,Jacket,Apparel,Bagasse,1.747,0.001,389,True
P09464,Jacket,Apparel,Bagasse,1.878,0.0013,675,True
P09465,Jacket,Apparel,Bagasse,1.231,0.0009,460,True
P09466,Jacket,Apparel,Bagasse,0.886,0.0011,594,True
P09467,Jacket,Apparel,Bamboo Fiber,1.997,0.0011,267,True
P09468,Jacket,Apparel,Bioplastic (PLA),1.844,0.0013,273,True
P09469,Jacket,Apparel,Bamboo Fiber,1.569,0.0015,119,True
P09470,Jacket,Apparel,Bioplastic (PLA),1.359,0.001,194,True
P09471,Jacket,Apparel,Bioplastic (PLA),1.729,0.0011,347,True
P09472,Jacket,Apparel,Bagasse,1.257,0.0015,261,True
P09473,Jacket,Apparel,Bamboo Fiber,1.755,0.0008,178,True
P09474,Jacket,Apparel,Mushroom Mycelium,1.772,0.0018,317,True
P09475,Jacket,Apparel,Bioplastic (PLA),1.938,0.0009,259,True
P09476,Jacket,Apparel,Bamboo Fiber,1.222,0.001,502,True
P09477,Jacket,Apparel,Mushroom Mycelium,1.135,0.002,339,True
P09478,Jacket,Apparel,Bioplastic (PLA),1.552,0.0014,645,True
P09479,Jacket,Apparel,Bagasse,1.344,0.002,347,True
P09480,Jacket,Apparel,Bagasse,0.943,0.0012,668,True
P09481,Jacket,Apparel,Recycled Cardboard,1.091,0.0013,137,True
P09482,Jacket,Apparel,Bamboo Fiber,1.701,0.0017,600,True
P09483,Jacket,Apparel,Mushroom Mycelium,1.259,0.0012,40,True
P09484,Jacket,Apparel,Bioplastic (PLA),0.913,0.0012,715,True
P09485,Jacket,Apparel,Recycled Cardboard,1.659,0.0017,62,True
P09486,Jacket,Apparel,Mushroom Mycelium,1.276,0.0014,131,True
P09487,Jacket,Apparel,Recycled Cardboard,1.29,0.0012,204,True
P09488,Jacket,Apparel,Bagasse,1.551,0.0011,660,True
P09489,Jacket,Apparel,Recycled Cardboard,1.704,0.001,63,True
P09490,Jacket,Apparel,Bagasse,1.161,0.0018,558,True
P09491,Jacket,Apparel,Bamboo Fiber,1.365,0.0017,545,True
P09492,Jacket,Apparel,Mushroom Mycelium,1.656,0.0014,238,True
P09493,Jacket,Apparel,Recycled Cardboard,1.813,0.0011,345,True
P09494,Jacket,Apparel,Bioplastic (PLA),0.985,0.0009,522,True
P09495,Jacket,Apparel,Mushroom Mycelium,0.801,0.001,253,True
P09496,Jacket,Apparel,Recycled Cardboard,0.889,0.001,126,True
P09497,Jacket,Apparel,Bioplastic (PLA),0.908,0.0011,200,True
P09498,Jacket,Apparel,Bamboo Fiber,1.698,0.0014,235,True
P09499,Jacket,Apparel,Recycled Cardboard,0.913,0.0008,599,True
P09500,Jacket,Apparel,Bagasse,1.472,0.0015,162,True
P09501,Socks,Apparel,Bamboo Fiber,0.058,0.0001,171,True
P09502,Socks,Apparel,Bamboo Fiber,0.091,0.0001,599,True
P09503,Socks,Apparel,Bagasse,0.074,0.0001,299,True
P09504,Socks,Apparel,Bamboo Fiber,0.081,0.0001,363,True
P09505,Socks,Apparel,Bagasse,0.06,0.0001,99,True
P09506,Socks,Apparel,Bamboo Fiber,0.088,0.0001,495,True
P09507,Socks,Apparel,Bamboo Fiber,0.073,0.0001,436,True
P09508,Socks,Apparel,Bioplastic (PLA),0.073,0.0001,204,True
P09509,Socks,Apparel,Bagasse,0.066,0.0001,279,True
P09510,Socks,Apparel,Bamboo Fiber,0.095,0.0001,218,True
P09511,Socks,Apparel,Recycled Cardboard,0.079,0.0001,79,True
P09512,Socks,Apparel,Bagasse,0.085,0.0001,647,True
P09513,Socks,Apparel,Bamboo Fiber,0.085,0.0001,217,True
P09514,Socks,Apparel,Bagasse,0.067,0.0001,606,True
P09515,Socks,Apparel,Mushroom Mycelium,0.093,0.0001,116,True
P09516,Socks,Apparel,Recycled Cardboard,0.072,0.0001,199,True
P09517,Socks,Apparel,Mushroom Mycelium,0.051,0.0001,508,True
P09518,Socks,Apparel,Bamboo Fiber,0.076,0.0001,111,True
P09519,Socks,Apparel,Mushroom Mycelium,0.07,0.0001,193,True
P09520,Socks,Apparel,Mushroom Mycelium,0.081,0.0001,706,True
P09521,Socks,Apparel,Bamboo Fiber,0.076,0.0001,40,True
P09522,Socks,Apparel,Recycled Cardboard,0.073,0.0001,308,True
P09523,Socks,Apparel,Bioplastic (PLA),0.08,0.0001,728,True
P09524,Socks,Apparel,Mushroom Mycelium,0.076,0.0001,549,True
P09525,Socks,Apparel,Mushroom Mycelium,0.091,0.0001,255,True
P09526,Socks,Apparel,Bagasse,0.07,0.0001,174,True
P09527,Socks,Apparel,Bamboo Fiber,0.087,0.0001,572,True
P09528,Socks,Apparel,Bamboo Fiber,0.055,0.0001,562,True
P09529,Socks,Apparel,Recycled Cardboard,0.08,0.0001,643,True
P09530,Socks,Apparel,Recycled Cardboard,0.054,0.0001,157,True
P09531,Socks,Apparel,Bagasse,0.092,0.0001,115,True
P09532,Socks,Apparel,Mushroom Mycelium,0.077,0.0001,405,True
P09533,Socks,Apparel,Mushroom Mycelium,0.085,0.0001,53,True
P09534,Socks,Apparel,Bioplastic (PLA),0.066,0.0001,496,True
P09535,Socks,Apparel,Mushroom Mycelium,0.062,0.0001,167,True
P09536,Socks,Apparel,Bagasse,0.097,0.0001,205,True
P09537,Socks,Apparel,Recycled Cardboard,0.089,0.0001,512,True
P09538,Socks,Apparel,Mushroom Mycelium,0.075,0.0001,468,True
P09539,Socks,Apparel,Recycled Cardboard,0.075,0.0001,63,True
P09540,Socks,Apparel,Bagasse,0.096,0.0001,217,True
P09541,Socks,Apparel,Bagasse,0.091,0.0001,114,True
P09542,Socks,Apparel,Mushroom Mycelium,0.078,0.0001,583,True
P09543,Socks,Apparel,Bamboo Fiber,0.066,0.0001,434,True
P09544,Socks,Apparel,Recycled Cardboard,0.068,0.0001,138,True
P09545,Socks,Apparel,Bioplastic (PLA),0.052,0.0001,517,True
P09546,Socks,Apparel,Recycled Cardboard,0.064,0.0001,332,True
P09547,Socks,Apparel,Mushroom Mycelium,0.098,0.0001,563,True
P09548,Socks,Apparel,Mushroom Mycelium,0.084,0.0001,510,True
P09549,Socks,Apparel,Mushroom Mycelium,0.053,0.0001,108,True
P09550,Socks,Apparel,Bamboo Fiber,0.08,0.0001,724,True
P09551,Socks,Apparel,Bioplastic (PLA),0.055,0.0001,152,True
P09552,Socks,Apparel,Recycled Cardboard,0.057,0.0001,708,True
P09553,Socks,Apparel,Mushroom Mycelium,0.071,0.0001,575,True
P09554,Socks,Apparel,Bamboo Fiber,0.077,0.0001,273,True
P09555,Socks,Apparel,Recycled Cardboard,0.059,0.0001,201,True
P09556,Socks,Apparel,Bioplastic (PLA),0.087,0.0001,68,True
P09557,Socks,Apparel,Recycled Cardboard,0.098,0.0001,214,True
P09558,Socks,Apparel,Mushroom Mycelium,0.098,0.0001,713,True
P09559,Socks,Apparel,Bioplastic (PLA),0.076,0.0001,305,True
P09560,Socks,Apparel,Bioplastic (PLA),0.066,0.0001,641,True
P09561,Socks,Apparel,Bagasse,0.089,0.0001,470,True
P09562,Socks,Apparel,Bioplastic (PLA),0.09,0.0001,203,True
P09563,Socks,Apparel,Mushroom Mycelium,0.086,0.0001,343,True
P09564,Socks,Apparel,Bagasse,0.059,0.0001,389,True
P09565,Socks,Apparel,Recycled Cardboard,0.082,0.0001,331,True
P09566,Socks,Apparel,Mushroom Mycelium,0.064,0.0001,269,True
P09567,Socks,Apparel,Bagasse,0.078,0.0001,668,True
P09568,Socks,Apparel,Mushroom Mycelium,0.073,0.0001,624,True
P09569,Socks,Apparel,Bioplastic (PLA),0.054,0.0001,431,True
P09570,Socks,Apparel,Bioplastic (PLA),0.059,0.0001,304,True
P09571,Socks,Apparel,Recycled Cardboard,0.085,0.0001,728,True
P09572,Socks,Apparel,Bioplastic (PLA),0.09,0.0001,365,True
P09573,Socks,Apparel,Bagasse,0.08,0.0001,583,True
P09574,Socks,Apparel,Mushroom Mycelium,0.094,0.0001,571,True
P09575,Socks,Apparel,Bamboo Fiber,0.055,0.0001,425,True
P09576,Socks,Apparel,Recycled Cardboard,0.074,0.0001,526,True
P09577,Socks,Apparel,Bagasse,0.075,0.0001,201,True
P09578,Socks,Apparel,Bamboo Fiber,0.052,0.0001,242,True
P09579,Socks,Apparel,Bamboo Fiber,0.053,0.0001,369,True
P09580,Socks,Apparel,Mushroom Mycelium,0.07,0.0001,489,True
P09581,Socks,Apparel,Bagasse,0.058,0.0001,361,True
P09582,Socks,Apparel,Recycled Cardboard,0.097,0.0001,305,True
P09583,Socks,Apparel,Recycled Cardboard,0.1,0.0001,626,True
P09584,Socks,Apparel,Recycled Cardboard,0.083,0.0001,121,True
P09585,Socks,Apparel,Bagasse,0.054,0.0001,583,True
P09586,Socks,Apparel,Bagasse,0.062,0.0001,687,True
P09587,Socks,Apparel,Bagasse,0.097,0.0001,321,True
P09588,Socks,Apparel,Bioplastic (PLA),0.083,0.0001,659,True
P09589,Socks,Apparel,Recycled Cardboard,0.096,0.0001,265,True
P09590,Socks,Apparel,Bamboo Fiber,0.096,0.0001,103,True
P09591,Socks,Apparel,Bagasse,0.062,0.0001,333,True
P09592,Socks,Apparel,Bamboo Fiber,0.098,0.0001,272,True
P09593,Socks,Apparel,Bioplastic (PLA),0.068,0.0001,119,True
P09594,Socks,Apparel,Recycled Cardboard,0.094,0.0001,368,True
P09595,Socks,Apparel,Recycled Cardboard,0.062,0.0001,585,True
P09596,Socks,Apparel,Bagasse,0.099,0.0001,562,True
P09597,Socks,Apparel,Bamboo Fiber,0.081,0.0001,327,True
P09598,Socks,Apparel,Bioplastic (PLA),0.058,0.0001,721,True
P09599,Socks,Apparel,Bioplastic (PLA),0.064,0.0001,147,True
P09600,Socks,Apparel,Bioplastic (PLA),0.075,0.0001,259,True
P09601,Socks,Apparel,Mushroom Mycelium,0.077,0.0001,484,True
P09602,Socks,Apparel,Bagasse,0.071,0.0001,709,True
P09603,Socks,Apparel,Recycled Cardboard,0.089,0.0001,404,True
P09604,Socks,Apparel,Bagasse,0.075,0.0001,180,True
P09605,Socks,Apparel,Recycled Cardboard,0.061,0.0001,650,True
P09606,Socks,Apparel,Bamboo Fiber,0.071,0.0001,416,True
P09607,Socks,Apparel,Bioplastic (PLA),0.061,0.0001,617,True
P09608,Socks,Apparel,Recycled Cardboard,0.073,0.0001,319,True
P09609,Socks,Apparel,Mushroom Mycelium,0.085,0.0001,319,True
P09610,Socks,Apparel,Mushroom Mycelium,0.053,0.0001,370,True
P09611,Socks,Apparel,Bamboo Fiber,0.076,0.0001,59,True
P09612,Socks,Apparel,Bagasse,0.089,0.0001,348,True
P09613,Socks,Apparel,Bamboo Fiber,0.097,0.0001,33,True
P09614,Socks,Apparel,Recycled Cardboard,0.056,0.0001,287,True
P09615,Socks,Apparel,Bagasse,0.078,0.0001,238,True
P09616,Socks,Apparel,Bagasse,0.099,0.0001,683,True
P09617,Socks,Apparel,Recycled Cardboard,0.058,0.0001,730,True
P09618,Socks,Apparel,Recycled Cardboard,0.076,0.0001,38,True
P09619,Socks,Apparel,Bamboo Fiber,0.054,0.0001,707,True
P09620,Socks,Apparel,Bagasse,0.079,0.0001,422,True
P09621,Socks,Apparel,Bamboo Fiber,0.082,0.0001,516,True
P09622,Socks,Apparel,Recycled Cardboard,0.091,0.0001,364,True
P09623,Socks,Apparel,Bamboo Fiber,0.065,0.0001,701,True
P09624,Socks,Apparel,Bagasse,0.08,0.0001,688,True
P09625,Socks,Apparel,Bagasse,0.081,0.0001,456,True
P09626,Socks,Apparel,Bamboo Fiber,0.096,0.0001,269,True
P09627,Socks,Apparel,Bioplastic (PLA),0.099,0.0001,239,True
P09628,Socks,Apparel,Bamboo Fiber,0.09,0.0001,485,True
P09629,Socks,Apparel,Bioplastic (PLA),0.095,0.0001,724,True
P09630,Socks,Apparel,Bamboo Fiber,0.061,0.0001,175,True
P09631,Socks,Apparel,Bioplastic (PLA),0.093,0.0001,714,True
P09632,Socks,Apparel,Bamboo Fiber,0.097,0.0001,627,True
P09633,Socks,Apparel,Bioplastic (PLA),0.068,0.0001,504,True
P09634,Socks,Apparel,Bagasse,0.069,0.0001,104,True
P09635,Socks,Apparel,Bagasse,0.089,0.0001,371,True
P09636,Socks,Apparel,Bioplastic (PLA),0.099,0.0001,210,True
P09637,Socks,Apparel,Bamboo Fiber,0.054,0.0001,50,True
P09638,Socks,Apparel,Recycled Cardboard,0.07,0.0001,246,True
P09639,Socks,Apparel,Bioplastic (PLA),0.072,0.0001,87,True
P09640,Socks,Apparel,Bagasse,0.056,0.0001,456,True
P09641,Socks,Apparel,Bamboo Fiber,0.063,0.0001,217,True
P09642,Socks,Apparel,Bioplastic (PLA),0.075,0.0001,224,True
P09643,Socks,Apparel,Bagasse,0.077,0.0001,706,True
P09644,Socks,Apparel,Bioplastic (PLA),0.064,0.0001,416,True
P09645,Socks,Apparel,Mushroom Mycelium,0.085,0.0001,39,True
P09646,Socks,Apparel,Bagasse,0.072,0.0001,522,True
P09647,Socks,Apparel,Mushroom Mycelium,0.081,0.0001,235,True
P09648,Socks,Apparel,Bagasse,0.095,0.0001,88,True
P09649,Socks,Apparel,Recycled Cardboard,0.097,0.0001,540,True
P09650,Socks,Apparel,Mushroom Mycelium,0.092,0.0001,333,True
P09651,Socks,Apparel,Mushroom Mycelium,0.061,0.0001,324,True
P09652,Socks,Apparel,Recycled Cardboard,0.069,0.0001,102,True
P09653,Socks,Apparel,Recycled Cardboard,0.08,0.0001,597,True
P09654,Socks,Apparel,Mushroom Mycelium,0.069,0.0001,406,True
P09655,Socks,Apparel,Bioplastic (PLA),0.083,0.0001,629,True
P09656,Socks,Apparel,Recycled Cardboard,0.055,0.0001,556,True
P09657,Socks,Apparel,Recycled Cardboard,0.092,0.0001,55,True
P09658,Socks,Apparel,Mushroom Mycelium,0.08,0.0001,110,True
P09659,Socks,Apparel,Bagasse,0.063,0.0001,105,True
P09660,Socks,Apparel,Mushroom Mycelium,0.066,0.0001,75,True
P09661,Socks,Apparel,Bagasse,0.076,0.0001,728,True
P09662,Socks,Apparel,Bioplastic (PLA),0.083,0.0001,692,True
P09663,Socks,Apparel,Bioplastic (PLA),0.084,0.0001,534,True
P09664,Socks,Apparel,Bioplastic (PLA),0.068,0.0001,475,True
P09665,Socks,Apparel,Mushroom Mycelium,0.082,0.0001,110,True
P09666,Socks,Apparel,Bamboo Fiber,0.063,0.0001,122,True
P09667,Socks,Apparel,Bagasse,0.097,0.0001,176,True
P09668,Socks,Apparel,Mushroom Mycelium,0.095,0.0001,387,True
P09669,Socks,Apparel,Bioplastic (PLA),0.061,0.0001,494,True
P09670,Socks,Apparel,Bagasse,0.095,0.0001,723,True
P09671,Socks,Apparel,Bagasse,0.065,0.0001,470,True
P09672,Socks,Apparel,Mushroom Mycelium,0.084,0.0001,509,True
P09673,Socks,Apparel,Mushroom Mycelium,0.06,0.0001,94,True
P09674,Socks,Apparel,Bioplastic (PLA),0.054,0.0001,643,True
P09675,Socks,Apparel,Recycled Cardboard,0.064,0.0001,262,True
P09676,Socks,Apparel,Recycled Cardboard,0.082,0.0001,234,True
P09677,Socks,Apparel,Recycled Cardboard,0.053,0.0001,255,True
P09678,Socks,Apparel,Bamboo Fiber,0.081,0.0001,335,True
P09679,Socks,Apparel,Bamboo Fiber,0.064,0.0001,162,True
P09680,Socks,Apparel,Bagasse,0.066,0.0001,493,True
P09681,Socks,Apparel,Bagasse,0.088,0.0001,611,True
P09682,Socks,Apparel,Recycled Cardboard,0.062,0.0001,167,True
P09683,Socks,Apparel,Bioplastic (PLA),0.073,0.0001,294,True
P09684,Socks,Apparel,Bamboo Fiber,0.075,0.0001,122,True
P09685,Socks,Apparel,Bagasse,0.051,0.0001,350,True
P09686,Socks,Apparel,Bagasse,0.073,0.0001,324,True
P09687,Socks,Apparel,Mushroom Mycelium,0.089,0.0001,448,True
P09688,Socks,Apparel,Bagasse,0.067,0.0001,120,True
P09689,Socks,Apparel,Recycled Cardboard,0.089,0.0001,444,True
P09690,Socks,Apparel,Mushroom Mycelium,0.061,0.0001,179,True
P09691,Socks,Apparel,Bamboo Fiber,0.062,0.0001,250,True
P09692,Socks,Apparel,Bamboo Fiber,0.07,0.0001,273,True
P09693,Socks,Apparel,Bioplastic (PLA),0.093,0.0001,589,True
P09694,Socks,Apparel,Mushroom Mycelium,0.077,0.0001,451,True
P09695,Socks,Apparel,Recycled Cardboard,0.099,0.0001,293,True
P09696,Socks,Apparel,Bagasse,0.094,0.0001,600,True
P09697,Socks,Apparel,Mushroom Mycelium,0.072,0.0001,596,True
P09698,Socks,Apparel,Mushroom Mycelium,0.062,0.0001,96,True
P09699,Socks,Apparel,Mushroom Mycelium,0.055,0.0001,679,True
P09700,Socks,Apparel,Recycled Cardboard,0.093,0.0001,451,True
P09701,Socks,Apparel,Recycled Cardboard,0.086,0.0001,554,True
P09702,Socks,Apparel,Bioplastic (PLA),0.093,0.0001,459,True
P09703,Socks,Apparel,Bioplastic (PLA),0.081,0.0001,180,True
P09704,Socks,Apparel,Bioplastic (PLA),0.051,0.0001,657,True
P09705,Socks,Apparel,Bamboo Fiber,0.052,0.0001,86,True
P09706,Socks,Apparel,Bioplastic (PLA),0.071,0.0001,100,True
P09707,Socks,Apparel,Bamboo Fiber,0.068,0.0001,444,True
P09708,Socks,Apparel,Bagasse,0.072,0.0001,561,True
P09709,Socks,Apparel,Bamboo Fiber,0.073,0.0001,328,True
P09710,Socks,Apparel,Mushroom Mycelium,0.052,0.0001,302,True
P09711,Socks,Apparel,Recycled Cardboard,0.051,0.0001,282,True
P09712,Socks,Apparel,Bioplastic (PLA),0.087,0.0001,572,True
P09713,Socks,Apparel,Recycled Cardboard,0.092,0.0001,600,True
P09714,Socks,Apparel,Mushroom Mycelium,0.066,0.0001,83,True
P09715,Socks,Apparel,Mushroom Mycelium,0.056,0.0001,139,True
P09716,Socks,Apparel,Bagasse,0.073,0.0001,630,True
P09717,Socks,Apparel,Bamboo Fiber,0.088,0.0001,678,True
P09718,Socks,Apparel,Mushroom Mycelium,0.067,0.0001,571,True
P09719,Socks,Apparel,Mushroom Mycelium,0.072,0.0001,270,True
P09720,Socks,Apparel,Bamboo Fiber,0.094,0.0001,179,True
P09721,Socks,Apparel,Bioplastic (PLA),0.085,0.0001,118,True
P09722,Socks,Apparel,Bamboo Fiber,0.066,0.0001,33,True
P09723,Socks,Apparel,Recycled Cardboard,0.098,0.0001,237,True
P09724,Socks,Apparel,Recycled Cardboard,0.091,0.0001,173,True
P09725,Socks,Apparel,Bioplastic (PLA),0.057,0.0001,418,True
P09726,Socks,Apparel,Bioplastic (PLA),0.084,0.0001,210,True
P09727,Socks,Apparel,Recycled Cardboard,0.084,0.0001,245,True
P09728,Socks,Apparel,Mushroom Mycelium,0.099,0.0001,558,True
P09729,Socks,Apparel,Bagasse,0.069,0.0001,633,True
P09730,Socks,Apparel,Recycled Cardboard,0.067,0.0001,287,True
P09731,Socks,Apparel,Recycled Cardboard,0.079,0.0001,484,True
P09732,Socks,Apparel,Bamboo Fiber,0.067,0.0001,392,True
P09733,Socks,Apparel,Bagasse,0.1,0.0001,582,True
P09734,Socks,Apparel,Mushroom Mycelium,0.063,0.0001,570,True
P09735,Socks,Apparel,Recycled Cardboard,0.086,0.0001,503,True
P09736,Socks,Apparel,Bioplastic (PLA),0.077,0.0001,213,True
P09737,Socks,Apparel,Bioplastic (PLA),0.096,0.0001,316,True
P09738,Socks,Apparel,Bioplastic (PLA),0.062,0.0001,187,True
P09739,Socks,Apparel,Bioplastic (PLA),0.062,0.0001,457,True
P09740,Socks,Apparel,Bioplastic (PLA),0.083,0.0001,521,True
P09741,Socks,Apparel,Bagasse,0.099,0.0001,186,True
P09742,Socks,Apparel,Bioplastic (PLA),0.084,0.0001,556,True
P09743,Socks,Apparel,Bamboo Fiber,0.075,0.0001,43,True
P09744,Socks,Apparel,Bioplastic (PLA),0.064,0.0001,87,True
P09745,Socks,Apparel,Mushroom Mycelium,0.069,0.0001,497,True
P09746,Socks,Apparel,Bioplastic (PLA),0.063,0.0001,558,True
P09747,Socks,Apparel,Recycled Cardboard,0.056,0.0001,506,True
P09748,Socks,Apparel,Mushroom Mycelium,0.071,0.0001,402,True
P09749,Socks,Apparel,Bioplastic (PLA),0.061,0.0001,307,True
P09750,Socks,Apparel,Recycled Cardboard,0.086,0.0001,306,True
P09751,Socks,Apparel,Bamboo Fiber,0.084,0.0001,96,True
P09752,Socks,Apparel,Mushroom Mycelium,0.064,0.0001,57,True
P09753,Socks,Apparel,Bamboo Fiber,0.083,0.0001,90,True
P09754,Socks,Apparel,Bioplastic (PLA),0.087,0.0001,204,True
P09755,Socks,Apparel,Bagasse,0.069,0.0001,220,True
P09756,Socks,Apparel,Mushroom Mycelium,0.077,0.0001,312,True
P09757,Socks,Apparel,Bioplastic (PLA),0.093,0.0001,416,True
P09758,Socks,Apparel,Bamboo Fiber,0.092,0.0001,391,True
P09759,Socks,Apparel,Bioplastic (PLA),0.071,0.0001,712,True
P09760,Socks,Apparel,Bioplastic (PLA),0.076,0.0001,506,True
P09761,Socks,Apparel,Bamboo Fiber,0.087,0.0001,154,True
P09762,Socks,Apparel,Recycled Cardboard,0.088,0.0001,265,True
P09763,Socks,Apparel,Bagasse,0.094,0.0001,624,True
P09764,Socks,Apparel,Mushroom Mycelium,0.064,0.0001,347,True
P09765,Socks,Apparel,Bioplastic (PLA),0.077,0.0001,473,True
P09766,Socks,Apparel,Bamboo Fiber,0.077,0.0001,40,True
P09767,Socks,Apparel,Recycled Cardboard,0.057,0.0001,599,True
P09768,Socks,Apparel,Bagasse,0.09,0.0001,361,True
P09769,Socks,Apparel,Bagasse,0.055,0.0001,283,True
P09770,Socks,Apparel,Recycled Cardboard,0.054,0.0001,662,True
P09771,Socks,Apparel,Bioplastic (PLA),0.051,0.0001,114,True
P09772,Socks,Apparel,Bamboo Fiber,0.051,0.0001,56,True
P09773,Socks,Apparel,Bagasse,0.068,0.0001,338,True
P09774,Socks,Apparel,Recycled Cardboard,0.087,0.0001,456,True
P09775,Socks,Apparel,Recycled Cardboard,0.064,0.0001,126,True
P09776,Socks,Apparel,Mushroom Mycelium,0.067,0.0001,309,True
P09777,Socks,Apparel,Bamboo Fiber,0.088,0.0001,457,True
P09778,Socks,Apparel,Recycled Cardboard,0.098,0.0001,162,True
P09779,Socks,Apparel,Recycled Cardboard,0.099,0.0001,127,True
P09780,Socks,Apparel,Bagasse,0.065,0.0001,356,True
P09781,Socks,Apparel,Bioplastic (PLA),0.09,0.0001,423,True
P09782,Socks,Apparel,Bioplastic (PLA),0.052,0.0001,706,True
P09783,Socks,Apparel,Bamboo Fiber,0.07,0.0001,677,True
P09784,Socks,Apparel,Mushroom Mycelium,0.093,0.0001,216,True
P09785,Socks,Apparel,Mushroom Mycelium,0.079,0.0001,702,True
P09786,Socks,Apparel,Bamboo Fiber,0.078,0.0001,377,True
P09787,Socks,Apparel,Bioplastic (PLA),0.091,0.0001,717,True
P09788,Socks,Apparel,Bamboo Fiber,0.077,0.0001,652,True
P09789,Socks,Apparel,Recycled Cardboard,0.063,0.0001,669,True
P09790,Socks,Apparel,Recycled Cardboard,0.078,0.0001,722,True
P09791,Socks,Apparel,Bamboo Fiber,0.063,0.0001,579,True
P09792,Socks,Apparel,Bioplastic (PLA),0.067,0.0001,241,True
P09793,Socks,Apparel,Bioplastic (PLA),0.074,0.0001,86,True
P09794,Socks,Apparel,Bamboo Fiber,0.061,0.0001,431,True
P09795,Socks,Apparel,Bagasse,0.08,0.0001,532,True
P09796,Socks,Apparel,Bamboo Fiber,0.075,0.0001,329,True
P09797,Socks,Apparel,Bamboo Fiber,0.078,0.0001,226,True
P09798,Socks,Apparel,Bamboo Fiber,0.098,0.0001,99,True
P09799,Socks,Apparel,Mushroom Mycelium,0.083,0.0001,33,True
P09800,Socks,Apparel,Bagasse,0.079,0.0001,394,True
P09801,Socks,Apparel,Recycled Cardboard,0.066,0.0001,442,True
P09802,Socks,Apparel,Mushroom Mycelium,0.053,0.0001,496,True
P09803,Socks,Apparel,Mushroom Mycelium,0.077,0.0001,245,True
P09804,Socks,Apparel,Mushroom Mycelium,0.097,0.0001,518,True
P09805,Socks,Apparel,Mushroom Mycelium,0.072,0.0001,97,True
P09806,Socks,Apparel,Bamboo Fiber,0.094,0.0001,30,True
P09807,Socks,Apparel,Bagasse,0.065,0.0001,302,True
P09808,Socks,Apparel,Bagasse,0.099,0.0001,257,True
P09809,Socks,Apparel,Bagasse,0.062,0.0001,227,True
P09810,Socks,Apparel,Bagasse,0.099,0.0001,523,True
P09811,Socks,Apparel,Bamboo Fiber,0.066,0.0001,131,True
P09812,Socks,Apparel,Bagasse,0.066,0.0001,69,True
P09813,Socks,Apparel,Recycled Cardboard,0.074,0.0001,304,True
P09814,Socks,Apparel,Bamboo Fiber,0.071,0.0001,680,True
P09815,Socks,Apparel,Mushroom Mycelium,0.091,0.0001,643,True
P09816,Socks,Apparel,Bioplastic (PLA),0.083,0.0001,711,True
P09817,Socks,Apparel,Bioplastic (PLA),0.099,0.0001,683,True
P09818,Socks,Apparel,Recycled Cardboard,0.082,0.0001,184,True
P09819,Socks,Apparel,Mushroom Mycelium,0.077,0.0001,33,True
P09820,Socks,Apparel,Mushroom Mycelium,0.059,0.0001,519,True
P09821,Socks,Apparel,Bamboo Fiber,0.055,0.0001,469,True
P09822,Socks,Apparel,Bagasse,0.09,0.0001,375,True
P09823,Socks,Apparel,Recycled Cardboard,0.08,0.0001,661,True
P09824,Socks,Apparel,Bamboo Fiber,0.094,0.0001,116,True
P09825,Socks,Apparel,Bioplastic (PLA),0.058,0.0001,580,True
P09826,Socks,Apparel,Recycled Cardboard,0.062,0.0001,589,True
P09827,Socks,Apparel,Bagasse,0.093,0.0001,464,True
P09828,Socks,Apparel,Bioplastic (PLA),0.099,0.0001,147,True
P09829,Socks,Apparel,Mushroom Mycelium,0.091,0.0001,562,True
P09830,Socks,Apparel,Bamboo Fiber,0.07,0.0001,206,True
P09831,Socks,Apparel,Bioplastic (PLA),0.093,0.0001,571,True
P09832,Socks,Apparel,Bioplastic (PLA),0.055,0.0001,234,True
P09833,Socks,Apparel,Recycled Cardboard,0.08,0.0001,600,True
P09834,Socks,Apparel,Bioplastic (PLA),0.073,0.0001,725,True
P09835,Socks,Apparel,Bamboo Fiber,0.091,0.0001,305,True
P09836,Socks,Apparel,Bamboo Fiber,0.079,0.0001,521,True
P09837,Socks,Apparel,Bagasse,0.099,0.0001,665,True
P09838,Socks,Apparel,Mushroom Mycelium,0.051,0.0001,374,True
P09839,Socks,Apparel,Bagasse,0.067,0.0001,486,True
P09840,Socks,Apparel,Recycled Cardboard,0.062,0.0001,360,True
P09841,Socks,Apparel,Mushroom Mycelium,0.098,0.0001,161,True
P09842,Socks,Apparel,Mushroom Mycelium,0.09,0.0001,527,True
P09843,Socks,Apparel,Recycled Cardboard,0.075,0.0001,692,True
P09844,Socks,Apparel,Mushroom Mycelium,0.092,0.0001,156,True
P09845,Socks,Apparel,Bamboo Fiber,0.065,0.0001,406,True
P09846,Socks,Apparel,Bamboo Fiber,0.078,0.0001,286,True
P09847,Socks,Apparel,Bamboo Fiber,0.053,0.0001,185,True
P09848,Socks,Apparel,Bamboo Fiber,0.074,0.0001,639,True
P09849,Socks,Apparel,Bamboo Fiber,0.088,0.0001,434,True
P09850,Socks,Apparel,Bagasse,0.065,0.0001,317,True
P09851,Socks,Apparel,Bagasse,0.058,0.0001,698,True
P09852,Socks,Apparel,Mushroom Mycelium,0.093,0.0001,231,True
P09853,Socks,Apparel,Bamboo Fiber,0.069,0.0001,448,True
P09854,Socks,Apparel,Mushroom Mycelium,0.054,0.0001,593,True
P09855,Socks,Apparel,Bioplastic (PLA),0.065,0.0001,336,True
P09856,Socks,Apparel,Mushroom Mycelium,0.072,0.0001,110,True
P09857,Socks,Apparel,Bagasse,0.075,0.0001,324,True
P09858,Socks,Apparel,Mushroom Mycelium,0.053,0.0001,89,True
P09859,Socks,Apparel,Bamboo Fiber,0.074,0.0001,270,True
P09860,Socks,Apparel,Bagasse,0.074,0.0001,669,True
P09861,Socks,Apparel,Mushroom Mycelium,0.069,0.0001,523,True
P09862,Socks,Apparel,Bioplastic (PLA),0.088,0.0001,564,True
P09863,Socks,Apparel,Bamboo Fiber,0.07,0.0001,696,True
P09864,Socks,Apparel,Bioplastic (PLA),0.088,0.0001,696,True
P09865,Socks,Apparel,Bagasse,0.076,0.0001,242,True
P09866,Socks,Apparel,Bamboo Fiber,0.053,0.0001,107,True
P09867,Socks,Apparel,Bamboo Fiber,0.057,0.0001,628,True
P09868,Socks,Apparel,Bamboo Fiber,0.065,0.0001,208,True
P09869,Socks,Apparel,Mushroom Mycelium,0.09,0.0001,91,True
P09870,Socks,Apparel,Mushroom Mycelium,0.099,0.0001,129,True
P09871,Socks,Apparel,Bagasse,0.07,0.0001,231,True
P09872,Socks,Apparel,Recycled Cardboard,0.07,0.0001,232,True
P09873,Socks,Apparel,Recycled Cardboard,0.079,0.0001,509,True
P09874,Socks,Apparel,Recycled Cardboard,0.067,0.0001,451,True
P09875,Socks,Apparel,Mushroom Mycelium,0.052,0.0001,341,True
P09876,Socks,Apparel,Recycled Cardboard,0.064,0.0001,60,True
P09877,Socks,Apparel,Mushroom Mycelium,0.055,0.0001,604,True
P09878,Socks,Apparel,Mushroom Mycelium,0.057,0.0001,151,True
P09879,Socks,Apparel,Mushroom Mycelium,0.073,0.0001,666,True
P09880,Socks,Apparel,Mushroom Mycelium,0.063,0.0001,223,True
P09881,Socks,Apparel,Recycled Cardboard,0.055,0.0001,729,True
P09882,Socks,Apparel,Bioplastic (PLA),0.054,0.0001,35,True
P09883,Socks,Apparel,Bioplastic (PLA),0.097,0.0001,70,True
P09884,Socks,Apparel,Bamboo Fiber,0.1,0.0001,647,True
P09885,Socks,Apparel,Bioplastic (PLA),0.061,0.0001,344,True
P09886,Socks,Apparel,Bioplastic (PLA),0.096,0.0001,183,True
P09887,Socks,Apparel,Bagasse,0.088,0.0001,126,True
P09888,Socks,Apparel,Bagasse,0.084,0.0001,595,True
P09889,Socks,Apparel,Mushroom Mycelium,0.051,0.0001,539,True
P09890,Socks,Apparel,Bagasse,0.074,0.0001,460,True
P09891,Socks,Apparel,Bagasse,0.079,0.0001,325,True
P09892,Socks,Apparel,Bagasse,0.073,0.0001,286,True
P09893,Socks,Apparel,Bagasse,0.081,0.0001,558,True
P09894,Socks,Apparel,Bagasse,0.073,0.0001,409,True
P09895,Socks,Apparel,Bioplastic (PLA),0.091,0.0001,389,True
P09896,Socks,Apparel,Recycled Cardboard,0.062,0.0001,727,True
P09897,Socks,Apparel,Mushroom Mycelium,0.093,0.0001,574,True
P09898,Socks,Apparel,Recycled Cardboard,0.088,0.0001,656,True
P09899,Socks,Apparel,Bamboo Fiber,0.095,0.0001,470,True
P09900,Socks,Apparel,Mushroom Mycelium,0.098,0.0001,692,True
P09901,Socks,Apparel,Bioplastic (PLA),0.078,0.0001,68,True
P09902,Socks,Apparel,Recycled Cardboard,0.061,0.0001,307,True
P09903,Socks,Apparel,Bioplastic (PLA),0.082,0.0001,208,True
P09904,Socks,Apparel,Recycled Cardboard,0.098,0.0001,254,True
P09905,Socks,Apparel,Bagasse,0.067,0.0001,710,True
P09906,Socks,Apparel,Recycled Cardboard,0.071,0.0001,41,True
P09907,Socks,Apparel,Bagasse,0.091,0.0001,220,True
P09908,Socks,Apparel,Mushroom Mycelium,0.097,0.0001,209,True
P09909,Socks,Apparel,Bamboo Fiber,0.086,0.0001,136,True
P09910,Socks,Apparel,Bagasse,0.093,0.0001,347,True
P09911,Socks,Apparel,Bagasse,0.096,0.0001,379,True
P09912,Socks,Apparel,Bagasse,0.058,0.0001,448,True
P09913,Socks,Apparel,Recycled Cardboard,0.065,0.0001,358,True
P09914,Socks,Apparel,Recycled Cardboard,0.059,0.0001,339,True
P09915,Socks,Apparel,Mushroom Mycelium,0.067,0.0001,700,True
P09916,Socks,Apparel,Recycled Cardboard,0.053,0.0001,387,True
P09917,Socks,Apparel,Bamboo Fiber,0.091,0.0001,103,True
P09918,Socks,Apparel,Bamboo Fiber,0.08,0.0001,58,True
P09919,Socks,Apparel,Bamboo Fiber,0.083,0.0001,496,True
P09920,Socks,Apparel,Bioplastic (PLA),0.078,0.0001,507,True
P09921,Socks,Apparel,Bamboo Fiber,0.051,0.0001,278,True
P09922,Socks,Apparel,Bamboo Fiber,0.072,0.0001,239,True
P09923,Socks,Apparel,Bamboo Fiber,0.091,0.0001,301,True
P09924,Socks,Apparel,Bagasse,0.078,0.0001,612,True
P09925,Socks,Apparel,Bioplastic (PLA),0.077,0.0001,113,True
P09926,Socks,Apparel,Bamboo Fiber,0.064,0.0001,274,True
P09927,Socks,Apparel,Mushroom Mycelium,0.05,0.0001,257,True
P09928,Socks,Apparel,Recycled Cardboard,0.064,0.0001,363,True
P09929,Socks,Apparel,Bamboo Fiber,0.073,0.0001,214,True
P09930,Socks,Apparel,Bagasse,0.063,0.0001,569,True
P09931,Socks,Apparel,Bamboo Fiber,0.097,0.0001,563,True
P09932,Socks,Apparel,Mushroom Mycelium,0.068,0.0001,563,True
P09933,Socks,Apparel,Bioplastic (PLA),0.093,0.0001,721,True
P09934,Socks,Apparel,Bioplastic (PLA),0.088,0.0001,387,True
P09935,Socks,Apparel,Bagasse,0.07,0.0001,69,True
P09936,Socks,Apparel,Bagasse,0.065,0.0001,44,True
P09937,Socks,Apparel,Bagasse,0.074,0.0001,436,True
P09938,Socks,Apparel,Bioplastic (PLA),0.089,0.0001,638,True
P09939,Socks,Apparel,Bagasse,0.089,0.0001,715,True
P09940,Socks,Apparel,Bagasse,0.068,0.0001,316,True
P09941,Socks,Apparel,Mushroom Mycelium,0.063,0.0001,525,True
P09942,Socks,Apparel,Bagasse,0.097,0.0001,275,True
P09943,Socks,Apparel,Mushroom Mycelium,0.077,0.0001,547,True
P09944,Socks,Apparel,Bioplastic (PLA),0.099,0.0001,51,True
P09945,Socks,Apparel,Bagasse,0.069,0.0001,303,True
P09946,Socks,Apparel,Bioplastic (PLA),0.082,0.0001,198,True
P09947,Socks,Apparel,Recycled Cardboard,0.098,0.0001,480,True
P09948,Socks,Apparel,Mushroom Mycelium,0.095,0.0001,445,True
P09949,Socks,Apparel,Bamboo Fiber,0.087,0.0001,513,True
P09950,Socks,Apparel,Recycled Cardboard,0.081,0.0001,574,True
P09951,Socks,Apparel,Recycled Cardboard,0.09,0.0001,100,True
P09952,Socks,Apparel,Mushroom Mycelium,0.097,0.0001,139,True
P09953,Socks,Apparel,Bamboo Fiber,0.059,0.0001,374,True
P09954,Socks,Apparel,Recycled Cardboard,0.09,0.0001,463,True
P09955,Socks,Apparel,Bagasse,0.059,0.0001,439,True
P09956,Socks,Apparel,Bagasse,0.069,0.0001,451,True
P09957,Socks,Apparel,Bioplastic (PLA),0.091,0.0001,624,True
P09958,Socks,Apparel,Bioplastic (PLA),0.069,0.0001,39,True
P09959,Socks,Apparel,Recycled Cardboard,0.088,0.0001,413,True
P09960,Socks,Apparel,Mushroom Mycelium,0.1,0.0001,150,True
P09961,Socks,Apparel,Bagasse,0.056,0.0001,30,True
P09962,Socks,Apparel,Bioplastic (PLA),0.074,0.0001,620,True
P09963,Socks,Apparel,Bagasse,0.095,0.0001,659,True
P09964,Socks,Apparel,Mushroom Mycelium,0.075,0.0001,189,True
P09965,Socks,Apparel,Recycled Cardboard,0.095,0.0001,533,True
P09966,Socks,Apparel,Bagasse,0.089,0.0001,493,True
P09967,Socks,Apparel,Bagasse,0.066,0.0001,54,True
P09968,Socks,Apparel,Mushroom Mycelium,0.06,0.0001,629,True
P09969,Socks,Apparel,Bagasse,0.053,0.0001,308,True
P09970,Socks,Apparel,Recycled Cardboard,0.08,0.0001,383,True
P09971,Socks,Apparel,Mushroom Mycelium,0.06,0.0001,411,True
P09972,Socks,Apparel,Bamboo Fiber,0.053,0.0001,267,True
P09973,Socks,Apparel,Bamboo Fiber,0.066,0.0001,673,True
P09974,Socks,Apparel,Mushroom Mycelium,0.068,0.0001,201,True
P09975,Socks,Apparel,Bioplastic (PLA),0.074,0.0001,399,True
P09976,Socks,Apparel,Mushroom Mycelium,0.089,0.0001,551,True
P09977,Socks,Apparel,Bagasse,0.099,0.0001,577,True
P09978,Socks,Apparel,Bioplastic (PLA),0.079,0.0001,667,True
P09979,Socks,Apparel,Recycled Cardboard,0.099,0.0001,259,True
P09980,Socks,Apparel,Bioplastic (PLA),0.06,0.0001,201,True
P09981,Socks,Apparel,Mushroom Mycelium,0.084,0.0001,648,True
P09982,Socks,Apparel,Bagasse,0.053,0.0001,33,True
P09983,Socks,Apparel,Bamboo Fiber,0.057,0.0001,598,True
P09984,Socks,Apparel,Recycled Cardboard,0.088,0.0001,703,True
P09985,Socks,Apparel,Mushroom Mycelium,0.051,0.0001,108,True
P09986,Socks,Apparel,Bagasse,0.05,0.0001,224,True
P09987,Socks,Apparel,Bioplastic (PLA),0.066,0.0001,76,True
P09988,Socks,Apparel,Bamboo Fiber,0.098,0.0001,434,True
P09989,Socks,Apparel,Mushroom Mycelium,0.097,0.0001,684,True
P09990,Socks,Apparel,Bioplastic (PLA),0.061,0.0001,686,True
P09991,Socks,Apparel,Bagasse,0.082,0.0001,201,True
P09992,Socks,Apparel,Recycled Cardboard,0.055,0.0001,80,True
P09993,Socks,Apparel,Mushroom Mycelium,0.054,0.0001,482,True
P09994,Socks,Apparel,Bagasse,0.077,0.0001,523,True
P09995,Socks,Apparel,Bagasse,0.058,0.0001,290,True
P09996,Socks,Apparel,Recycled Cardboard,0.095,0.0001,274,True
P09997,Socks,Apparel,Bamboo Fiber,0.069,0.0001,487,True
P09998,Socks,Apparel,Bagasse,0.076,0.0001,322,True
P09999,Socks,Apparel,Bioplastic (PLA),0.099,0.0001,337,True
P10000,Socks,Apparel,Mushroom Mycelium,0.086,0.0001,131,True
